2026-08-07 20:57:56.660 -06:00 [INF] Executed DbCommand (26ms) [Parameters=[], CommandType='"Text"', CommandTimeout='30']
SELECT 1
2026-08-07 20:57:56.725 -06:00 [INF] Acquiring an exclusive lock for migration application. See https://aka.ms/efcore-docs-migrations-lock for more information if this takes too long.
2026-08-07 20:57:56.776 -06:00 [INF] Executed DbCommand (46ms) [Parameters=[], CommandType='"Text"', CommandTimeout='30']
DECLARE @result int;
EXEC @result = sp_getapplock @Resource = '__EFMigrationsLock', @LockOwner = 'Session', @LockMode = 'Exclusive';
SELECT @result
2026-08-07 20:57:56.852 -06:00 [INF] Executed DbCommand (8ms) [Parameters=[], CommandType='"Text"', CommandTimeout='30']
IF OBJECT_ID(N'[__EFMigrationsHistory]') IS NULL
BEGIN
    CREATE TABLE [__EFMigrationsHistory] (
        [MigrationId] nvarchar(150) NOT NULL,
        [ProductVersion] nvarchar(32) NOT NULL,
        CONSTRAINT [PK___EFMigrationsHistory] PRIMARY KEY ([MigrationId])
    );
END;
2026-08-07 20:57:56.874 -06:00 [INF] Executed DbCommand (1ms) [Parameters=[], CommandType='"Text"', CommandTimeout='30']
SELECT 1
2026-08-07 20:57:56.878 -06:00 [INF] Executed DbCommand (1ms) [Parameters=[], CommandType='"Text"', CommandTimeout='30']
SELECT OBJECT_ID(N'[__EFMigrationsHistory]');
2026-08-07 20:57:56.892 -06:00 [INF] Executed DbCommand (7ms) [Parameters=[], CommandType='"Text"', CommandTimeout='30']
SELECT [MigrationId], [ProductVersion]
FROM [__EFMigrationsHistory]
ORDER BY [MigrationId];
2026-08-07 20:57:56.910 -06:00 [INF] No migrations were applied. The database is already up to date.
2026-08-07 20:57:56.924 -06:00 [INF] Executed DbCommand (5ms) [Parameters=[], CommandType='"Text"', CommandTimeout='30']
DECLARE @result int;
EXEC @result = sp_releaseapplock @Resource = '__EFMigrationsLock', @LockOwner = 'Session';
SELECT @result
2026-08-07 20:57:57.205 -06:00 [INF] Executed DbCommand (6ms) [Parameters=[], CommandType='"Text"', CommandTimeout='30']
SELECT TOP(1) [u].[Id], [u].[Email], [u].[EmpleadoId], [u].[EstaActivo], [u].[FechaActualizacionUtc], [u].[FechaCreacionUtc], [u].[NombreUsuario], [u].[PasswordHash]
FROM [Users] AS [u]
WHERE [u].[NombreUsuario] = N'admin'
2026-08-07 20:57:57.304 -06:00 [WRN] The query uses the 'First'/'FirstOrDefault' operator without 'OrderBy' and filter operators. This may lead to unpredictable results.
2026-08-07 20:57:57.317 -06:00 [INF] Executed DbCommand (4ms) [Parameters=[], CommandType='"Text"', CommandTimeout='30']
SELECT TOP(1) [p].[ImagenUrl], [p].[PiezasPorCaja], [p].[CoberturaM2Caja], [p].[LargoCm], [p].[AltoCm], [p].[AnchoCm], [p].[CantidadInventarioInicial]
FROM [Products] AS [p]
2026-08-07 20:57:57.325 -06:00 [WRN] The query uses the 'First'/'FirstOrDefault' operator without 'OrderBy' and filter operators. This may lead to unpredictable results.
2026-08-07 20:57:57.333 -06:00 [INF] Executed DbCommand (4ms) [Parameters=[], CommandType='"Text"', CommandTimeout='30']
SELECT TOP(1) [i].[EvidenceImageUrl]
FROM [InventoryMovements] AS [i]
2026-08-07 20:57:57.362 -06:00 [INF] Executed DbCommand (5ms) [Parameters=[], CommandType='"Text"', CommandTimeout='30']
SELECT CASE
    WHEN EXISTS (
        SELECT 1
        FROM [Users] AS [u]) THEN CAST(1 AS bit)
    ELSE CAST(0 AS bit)
END
2026-08-07 20:57:57.593 -06:00 [INF] User profile is available. Using 'C:\Users\Aaron Arenas Mtz\AppData\Local\ASP.NET\DataProtection-Keys' as key repository and Windows DPAPI to encrypt keys at rest.
2026-08-07 20:57:57.718 -06:00 [ERR] Hosting failed to start
System.IO.IOException: Failed to bind to address http://127.0.0.1:5000: address already in use.
 ---> Microsoft.AspNetCore.Connections.AddressInUseException: Solo se permite un uso de cada dirección de socket (protocolo/dirección de red/puerto)
 ---> System.Net.Sockets.SocketException (10048): Solo se permite un uso de cada dirección de socket (protocolo/dirección de red/puerto)
   at System.Net.Sockets.Socket.UpdateStatusAfterSocketErrorAndThrowException(SocketError error, Boolean disconnectOnFailure, String callerName)
   at System.Net.Sockets.Socket.DoBind(EndPoint endPointSnapshot, SocketAddress socketAddress)
   at System.Net.Sockets.Socket.Bind(EndPoint localEP)
   at Microsoft.AspNetCore.Server.Kestrel.Transport.Sockets.SocketTransportOptions.CreateDefaultBoundListenSocket(EndPoint endpoint)
   at Microsoft.AspNetCore.Server.Kestrel.Transport.Sockets.SocketConnectionListener.Bind()
   --- End of inner exception stack trace ---
   at Microsoft.AspNetCore.Server.Kestrel.Transport.Sockets.SocketConnectionListener.Bind()
   at Microsoft.AspNetCore.Server.Kestrel.Transport.Sockets.SocketTransportFactory.BindAsync(EndPoint endpoint, CancellationToken cancellationToken)
   at Microsoft.AspNetCore.Server.Kestrel.Core.Internal.Infrastructure.TransportManager.BindAsync(EndPoint endPoint, ConnectionDelegate connectionDelegate, EndpointConfig endpointConfig, CancellationToken cancellationToken)
   at Microsoft.AspNetCore.Server.Kestrel.Core.KestrelServerImpl.<>c__DisplayClass28_0`1.<<StartAsync>g__OnBind|0>d.MoveNext()
--- End of stack trace from previous location ---
   at Microsoft.AspNetCore.Server.Kestrel.Core.Internal.AddressBinder.BindEndpointAsync(ListenOptions endpoint, AddressBindContext context, CancellationToken cancellationToken)
   --- End of inner exception stack trace ---
   at Microsoft.AspNetCore.Server.Kestrel.Core.Internal.AddressBinder.BindEndpointAsync(ListenOptions endpoint, AddressBindContext context, CancellationToken cancellationToken)
   at Microsoft.AspNetCore.Server.Kestrel.Core.LocalhostListenOptions.BindAsync(AddressBindContext context, CancellationToken cancellationToken)
   at Microsoft.AspNetCore.Server.Kestrel.Core.Internal.AddressBinder.DefaultAddressStrategy.BindAsync(AddressBindContext context, CancellationToken cancellationToken)
   at Microsoft.AspNetCore.Server.Kestrel.Core.KestrelServerImpl.BindAsync(CancellationToken cancellationToken)
   at Microsoft.AspNetCore.Server.Kestrel.Core.KestrelServerImpl.StartAsync[TContext](IHttpApplication`1 application, CancellationToken cancellationToken)
   at Microsoft.AspNetCore.Hosting.GenericWebHostService.StartAsync(CancellationToken cancellationToken)
   at Microsoft.Extensions.Hosting.Internal.Host.<StartAsync>b__14_1(IHostedService service, CancellationToken token)
   at Microsoft.Extensions.Hosting.Internal.Host.ForeachService[T](IEnumerable`1 services, CancellationToken token, Boolean concurrent, Boolean abortOnFirstException, List`1 exceptions, Func`3 operation)
2026-08-07 21:03:23.716 -06:00 [INF] Executed DbCommand (26ms) [Parameters=[], CommandType='"Text"', CommandTimeout='30']
SELECT 1
2026-08-07 21:03:23.781 -06:00 [INF] Acquiring an exclusive lock for migration application. See https://aka.ms/efcore-docs-migrations-lock for more information if this takes too long.
2026-08-07 21:03:23.814 -06:00 [INF] Executed DbCommand (28ms) [Parameters=[], CommandType='"Text"', CommandTimeout='30']
DECLARE @result int;
EXEC @result = sp_getapplock @Resource = '__EFMigrationsLock', @LockOwner = 'Session', @LockMode = 'Exclusive';
SELECT @result
2026-08-07 21:03:23.890 -06:00 [INF] Executed DbCommand (4ms) [Parameters=[], CommandType='"Text"', CommandTimeout='30']
IF OBJECT_ID(N'[__EFMigrationsHistory]') IS NULL
BEGIN
    CREATE TABLE [__EFMigrationsHistory] (
        [MigrationId] nvarchar(150) NOT NULL,
        [ProductVersion] nvarchar(32) NOT NULL,
        CONSTRAINT [PK___EFMigrationsHistory] PRIMARY KEY ([MigrationId])
    );
END;
2026-08-07 21:03:23.912 -06:00 [INF] Executed DbCommand (1ms) [Parameters=[], CommandType='"Text"', CommandTimeout='30']
SELECT 1
2026-08-07 21:03:23.916 -06:00 [INF] Executed DbCommand (1ms) [Parameters=[], CommandType='"Text"', CommandTimeout='30']
SELECT OBJECT_ID(N'[__EFMigrationsHistory]');
2026-08-07 21:03:23.950 -06:00 [INF] Executed DbCommand (28ms) [Parameters=[], CommandType='"Text"', CommandTimeout='30']
SELECT [MigrationId], [ProductVersion]
FROM [__EFMigrationsHistory]
ORDER BY [MigrationId];
2026-08-07 21:03:23.970 -06:00 [INF] No migrations were applied. The database is already up to date.
2026-08-07 21:03:23.984 -06:00 [INF] Executed DbCommand (5ms) [Parameters=[], CommandType='"Text"', CommandTimeout='30']
DECLARE @result int;
EXEC @result = sp_releaseapplock @Resource = '__EFMigrationsLock', @LockOwner = 'Session';
SELECT @result
2026-08-07 21:03:24.249 -06:00 [INF] Executed DbCommand (4ms) [Parameters=[], CommandType='"Text"', CommandTimeout='30']
SELECT TOP(1) [u].[Id], [u].[Email], [u].[EmpleadoId], [u].[EstaActivo], [u].[FechaActualizacionUtc], [u].[FechaCreacionUtc], [u].[NombreUsuario], [u].[PasswordHash]
FROM [Users] AS [u]
WHERE [u].[NombreUsuario] = N'admin'
2026-08-07 21:03:24.341 -06:00 [WRN] The query uses the 'First'/'FirstOrDefault' operator without 'OrderBy' and filter operators. This may lead to unpredictable results.
2026-08-07 21:03:24.352 -06:00 [INF] Executed DbCommand (2ms) [Parameters=[], CommandType='"Text"', CommandTimeout='30']
SELECT TOP(1) [p].[ImagenUrl], [p].[PiezasPorCaja], [p].[CoberturaM2Caja], [p].[LargoCm], [p].[AltoCm], [p].[AnchoCm], [p].[CantidadInventarioInicial]
FROM [Products] AS [p]
2026-08-07 21:03:24.358 -06:00 [WRN] The query uses the 'First'/'FirstOrDefault' operator without 'OrderBy' and filter operators. This may lead to unpredictable results.
2026-08-07 21:03:24.365 -06:00 [INF] Executed DbCommand (3ms) [Parameters=[], CommandType='"Text"', CommandTimeout='30']
SELECT TOP(1) [i].[EvidenceImageUrl]
FROM [InventoryMovements] AS [i]
2026-08-07 21:03:24.390 -06:00 [INF] Executed DbCommand (3ms) [Parameters=[], CommandType='"Text"', CommandTimeout='30']
SELECT CASE
    WHEN EXISTS (
        SELECT 1
        FROM [Users] AS [u]) THEN CAST(1 AS bit)
    ELSE CAST(0 AS bit)
END
2026-08-07 21:03:24.580 -06:00 [INF] User profile is available. Using 'C:\Users\Aaron Arenas Mtz\AppData\Local\ASP.NET\DataProtection-Keys' as key repository and Windows DPAPI to encrypt keys at rest.
2026-08-07 21:03:24.690 -06:00 [INF] Now listening on: http://localhost:5000
2026-08-07 21:03:24.693 -06:00 [INF] Application started. Press Ctrl+C to shut down.
2026-08-07 21:03:24.694 -06:00 [INF] Hosting environment: Production
2026-08-07 21:03:24.695 -06:00 [INF] Content root path: D:\Proyecto_PDV-CDC\src\backend\Pos.Api
2026-08-07 21:05:05.025 -06:00 [INF] Request starting HTTP/1.1 POST http://localhost:5000/api/v1/auth/login - application/json 62
2026-08-07 21:05:05.072 -06:00 [WRN] Failed to determine the https port for redirect.
2026-08-07 21:05:05.075 -06:00 [INF] CORS policy execution successful.
2026-08-07 21:05:05.121 -06:00 [INF] Executing endpoint 'Pos.Api.Controllers.v1.AuthController.Login (Pos.Api)'
2026-08-07 21:05:05.144 -06:00 [INF] Route matched with {action = "Login", controller = "Auth"}. Executing controller action with signature System.Threading.Tasks.Task`1[Microsoft.AspNetCore.Mvc.ActionResult`1[Pos.Application.Auth.DTOs.AuthResponseDto]] Login(Pos.Application.Auth.DTOs.LoginRequestDto, System.Threading.CancellationToken) on controller Pos.Api.Controllers.v1.AuthController (Pos.Api).
2026-08-07 21:05:05.351 -06:00 [WRN] Compiling a query which loads related collections for more than one collection navigation, either via 'Include' or through projection, but no 'QuerySplittingBehavior' has been configured. By default, Entity Framework will use 'QuerySplittingBehavior.SingleQuery', which can potentially result in slow query performance. See https://go.microsoft.com/fwlink/?linkid=2134277 for more information. To identify the query that's triggering this warning call 'ConfigureWarnings(w => w.Throw(RelationalEventId.MultipleCollectionIncludeWarning))'.
2026-08-07 21:05:05.428 -06:00 [INF] Executed DbCommand (43ms) [Parameters=[@__request_EmailOrUsername_0='?' (Size = 4000)], CommandType='"Text"', CommandTimeout='30']
SELECT [s].[Id], [s].[Email], [s].[EmpleadoId], [s].[EstaActivo], [s].[FechaActualizacionUtc], [s].[FechaCreacionUtc], [s].[NombreUsuario], [s].[PasswordHash], [s].[Id0], [s].[Apellido], [s].[Email0], [s].[EstaActivo0], [s].[FechaActualizacionUtc0], [s].[FechaCreacionUtc0], [s].[Nombre], [s].[Puesto], [s1].[UsuarioId], [s1].[RolId], [s1].[Id], [s1].[Descripcion], [s1].[EstaActivo], [s1].[FechaActualizacionUtc], [s1].[FechaCreacionUtc], [s1].[Nombre], [s1].[RolId0], [s1].[PermisoId], [s1].[Id0], [s1].[Accion], [s1].[Descripcion0], [s1].[EstaActivo0], [s1].[FechaActualizacionUtc0], [s1].[FechaCreacionUtc0], [s1].[Modulo]
FROM (
    SELECT TOP(1) [u].[Id], [u].[Email], [u].[EmpleadoId], [u].[EstaActivo], [u].[FechaActualizacionUtc], [u].[FechaCreacionUtc], [u].[NombreUsuario], [u].[PasswordHash], [e].[Id] AS [Id0], [e].[Apellido], [e].[Email] AS [Email0], [e].[EstaActivo] AS [EstaActivo0], [e].[FechaActualizacionUtc] AS [FechaActualizacionUtc0], [e].[FechaCreacionUtc] AS [FechaCreacionUtc0], [e].[Nombre], [e].[Puesto]
    FROM [Users] AS [u]
    LEFT JOIN [Employees] AS [e] ON [u].[EmpleadoId] = [e].[Id]
    WHERE ([u].[Email] = @__request_EmailOrUsername_0 OR [u].[NombreUsuario] = @__request_EmailOrUsername_0) AND [u].[EstaActivo] = CAST(1 AS bit)
) AS [s]
LEFT JOIN (
    SELECT [u0].[UsuarioId], [u0].[RolId], [r].[Id], [r].[Descripcion], [r].[EstaActivo], [r].[FechaActualizacionUtc], [r].[FechaCreacionUtc], [r].[Nombre], [s0].[RolId] AS [RolId0], [s0].[PermisoId], [s0].[Id] AS [Id0], [s0].[Accion], [s0].[Descripcion] AS [Descripcion0], [s0].[EstaActivo] AS [EstaActivo0], [s0].[FechaActualizacionUtc] AS [FechaActualizacionUtc0], [s0].[FechaCreacionUtc] AS [FechaCreacionUtc0], [s0].[Modulo]
    FROM [UserRoles] AS [u0]
    INNER JOIN [Roles] AS [r] ON [u0].[RolId] = [r].[Id]
    LEFT JOIN (
        SELECT [r0].[RolId], [r0].[PermisoId], [p].[Id], [p].[Accion], [p].[Descripcion], [p].[EstaActivo], [p].[FechaActualizacionUtc], [p].[FechaCreacionUtc], [p].[Modulo]
        FROM [RolePermissions] AS [r0]
        INNER JOIN [Permissions] AS [p] ON [r0].[PermisoId] = [p].[Id]
    ) AS [s0] ON [r].[Id] = [s0].[RolId]
) AS [s1] ON [s].[Id] = [s1].[UsuarioId]
ORDER BY [s].[Id], [s].[Id0], [s1].[UsuarioId], [s1].[RolId], [s1].[Id], [s1].[RolId0], [s1].[PermisoId]
2026-08-07 21:05:05.751 -06:00 [INF] Executed DbCommand (7ms) [Parameters=[@p0='?' (DbType = Guid), @p1='?' (DbType = Boolean), @p2='?' (DbType = Boolean), @p3='?' (DbType = DateTime2), @p4='?' (DbType = DateTime2), @p5='?' (DbType = DateTime2), @p6='?' (Size = 4000), @p7='?' (DbType = Guid)], CommandType='"Text"', CommandTimeout='30']
SET IMPLICIT_TRANSACTIONS OFF;
SET NOCOUNT ON;
INSERT INTO [RefreshTokens] ([Id], [EsRevocado], [EstaActivo], [FechaActualizacionUtc], [FechaCreacionUtc], [FechaExpiracionUtc], [Token], [UsuarioId])
VALUES (@p0, @p1, @p2, @p3, @p4, @p5, @p6, @p7);
2026-08-07 21:05:05.816 -06:00 [INF] Executed DbCommand (9ms) [Parameters=[@p0='?' (DbType = Guid), @p1='?' (Size = 100), @p2='?' (Size = 4000), @p3='?' (Size = 4000), @p4='?' (DbType = Boolean), @p5='?' (DbType = DateTime2), @p6='?' (DbType = DateTime2), @p7='?' (Size = 100), @p8='?' (Size = 4000), @p9='?' (Size = 4000), @p10='?' (DbType = Guid), @p11='?' (Size = 4000), @p12='?' (Size = 4000)], CommandType='"Text"', CommandTimeout='30']
SET IMPLICIT_TRANSACTIONS OFF;
SET NOCOUNT ON;
INSERT INTO [AuditLogs] ([Id], [Accion], [DireccionIp], [EntidadId], [EstaActivo], [FechaActualizacionUtc], [FechaCreacionUtc], [IdCorrelacion], [Motivo], [NombreEntidad], [UsuarioId], [ValoresAnterioresJson], [ValoresNuevosJson])
VALUES (@p0, @p1, @p2, @p3, @p4, @p5, @p6, @p7, @p8, @p9, @p10, @p11, @p12);
2026-08-07 21:05:05.820 -06:00 [INF] [AUDITORIA WPC BAJIO] CorrelationId: 7f6ac917-df28-4955-bd47-b699e822cabe | Action: LOGIN_SUCCESS | Entity: Usuario (ebc8b858-2837-4bd5-93e1-8b4c1d0bd81b) | User: ebc8b858-2837-4bd5-93e1-8b4c1d0bd81b | IP: ::1 | Reason: Inicio de sesión exitoso WPC Bajío | OldValues: N/A | NewValues: Username=admin
2026-08-07 21:05:05.829 -06:00 [INF] Executing OkObjectResult, writing value of type 'Pos.Application.Auth.DTOs.AuthResponseDto'.
2026-08-07 21:05:05.861 -06:00 [INF] Executed action Pos.Api.Controllers.v1.AuthController.Login (Pos.Api) in 711.3039ms
2026-08-07 21:05:05.867 -06:00 [INF] Executed endpoint 'Pos.Api.Controllers.v1.AuthController.Login (Pos.Api)'
2026-08-07 21:05:05.945 -06:00 [INF] Executed DbCommand (5ms) [Parameters=[@p0='?' (DbType = Guid), @p1='?' (Size = 100), @p2='?' (Size = 4000), @p3='?' (Size = 4000), @p4='?' (DbType = Boolean), @p5='?' (DbType = DateTime2), @p6='?' (DbType = DateTime2), @p7='?' (Size = 100), @p8='?' (Size = 4000), @p9='?' (Size = 4000), @p10='?' (DbType = Guid), @p11='?' (Size = 4000), @p12='?' (Size = 4000)], CommandType='"Text"', CommandTimeout='30']
SET IMPLICIT_TRANSACTIONS OFF;
SET NOCOUNT ON;
INSERT INTO [AuditLogs] ([Id], [Accion], [DireccionIp], [EntidadId], [EstaActivo], [FechaActualizacionUtc], [FechaCreacionUtc], [IdCorrelacion], [Motivo], [NombreEntidad], [UsuarioId], [ValoresAnterioresJson], [ValoresNuevosJson])
VALUES (@p0, @p1, @p2, @p3, @p4, @p5, @p6, @p7, @p8, @p9, @p10, @p11, @p12);
2026-08-07 21:05:05.948 -06:00 [INF] [AUDITORIA WPC BAJIO] CorrelationId: 7f6ac917-df28-4955-bd47-b699e822cabe | Action: POST /api/v1/auth/login | Entity: HttpRequest (200) | User: Anonimo | IP: ::1 | Reason: HTTP Response StatusCode: 200 | OldValues: N/A | NewValues: N/A
2026-08-07 21:05:05.957 -06:00 [INF] Request finished HTTP/1.1 POST http://localhost:5000/api/v1/auth/login - 200 null application/json; charset=utf-8 933.8529ms
2026-08-07 21:05:06.090 -06:00 [INF] Request starting HTTP/1.1 GET http://localhost:5000/api/v1/products? - application/json null
2026-08-07 21:05:06.090 -06:00 [INF] Request starting HTTP/1.1 GET http://localhost:5000/api/v1/sales - application/json null
2026-08-07 21:05:06.090 -06:00 [INF] Request starting HTTP/1.1 GET http://localhost:5000/api/v1/customers? - application/json null
2026-08-07 21:05:06.138 -06:00 [INF] Executing endpoint 'Pos.Api.Controllers.v1.SalesController.GetSales (Pos.Api)'
2026-08-07 21:05:06.139 -06:00 [INF] Executing endpoint 'Pos.Api.Controllers.v1.CustomersController.GetCustomers (Pos.Api)'
2026-08-07 21:05:06.139 -06:00 [INF] Executing endpoint 'Pos.Api.Controllers.v1.ProductsController.GetProducts (Pos.Api)'
2026-08-07 21:05:06.144 -06:00 [INF] Route matched with {action = "GetCustomers", controller = "Customers"}. Executing controller action with signature System.Threading.Tasks.Task`1[Microsoft.AspNetCore.Mvc.ActionResult`1[System.Collections.Generic.List`1[Pos.Application.Catalog.DTOs.CustomerDto]]] GetCustomers(System.String, System.String, System.Threading.CancellationToken) on controller Pos.Api.Controllers.v1.CustomersController (Pos.Api).
2026-08-07 21:05:06.144 -06:00 [INF] Route matched with {action = "GetSales", controller = "Sales"}. Executing controller action with signature System.Threading.Tasks.Task`1[Microsoft.AspNetCore.Mvc.ActionResult`1[System.Collections.Generic.List`1[Pos.Application.Sales.DTOs.SaleDto]]] GetSales(System.String, System.Nullable`1[System.Guid], System.String, System.Threading.CancellationToken) on controller Pos.Api.Controllers.v1.SalesController (Pos.Api).
2026-08-07 21:05:06.145 -06:00 [INF] Route matched with {action = "GetProducts", controller = "Products"}. Executing controller action with signature System.Threading.Tasks.Task`1[Microsoft.AspNetCore.Mvc.ActionResult`1[System.Collections.Generic.List`1[Pos.Application.Catalog.DTOs.ProductDto]]] GetProducts(System.String, System.Nullable`1[System.Guid], System.Nullable`1[System.Boolean], System.Threading.CancellationToken) on controller Pos.Api.Controllers.v1.ProductsController (Pos.Api).
2026-08-07 21:05:06.194 -06:00 [INF] Executed DbCommand (9ms) [Parameters=[@__p_0='?' (DbType = Int32)], CommandType='"Text"', CommandTimeout='30']
SELECT TOP(@__p_0) [c].[Id], [c].[Apellido], [c].[Ciudad], [c].[CodigoPostal], [c].[Direccion], [c].[Email], [c].[EstaActivo], [c].[Estado], [c].[FechaActualizacionUtc], [c].[FechaCreacionUtc], [c].[Nombre], [c].[NombreEmpresa], [c].[Notas], [c].[PorcentajeDescuentoEspecial], [c].[Rfc], [c].[Telefono], [c].[TipoCliente]
FROM [Customers] AS [c]
WHERE [c].[EstaActivo] = CAST(1 AS bit)
ORDER BY COALESCE([c].[NombreEmpresa], [c].[Nombre])
2026-08-07 21:05:06.201 -06:00 [INF] Executing OkObjectResult, writing value of type 'System.Collections.Generic.List`1[[Pos.Application.Catalog.DTOs.CustomerDto, Pos.Application, Version=1.0.0.0, Culture=neutral, PublicKeyToken=null]]'.
2026-08-07 21:05:06.207 -06:00 [INF] Executed DbCommand (8ms) [Parameters=[], CommandType='"Text"', CommandTimeout='30']
SELECT [p].[Id], [p].[AltoCm], [p].[AnchoCm], [p].[AnchoMm], [p].[Barcode], [p].[CantidadInventarioInicial], [p].[CantidadMinimaMayoreo], [p].[CategoriaId], [p].[CoberturaM2Caja], [p].[CoberturaPorUnidadM2], [p].[Descripcion], [p].[EspesorMm], [p].[EstaActivo], [p].[FechaActualizacionUtc], [p].[FechaCreacionUtc], [p].[ImagenUrl], [p].[LargoCm], [p].[LargoMm], [p].[Material], [p].[Nombre], [p].[PiezasPorCaja], [p].[PrecioMayoreo], [p].[PrecioUnitario], [p].[Sku], [p].[SoloCotizacion], [p].[UnidadMedida], [p].[VisibleMasVendido], [c].[Id], [c].[CategoriaPadreId], [c].[Descripcion], [c].[EstaActivo], [c].[FechaActualizacionUtc], [c].[FechaCreacionUtc], [c].[Nombre], [c].[Slug], [p0].[Id], [p0].[EsPrincipal], [p0].[EstaActivo], [p0].[FechaActualizacionUtc], [p0].[FechaCreacionUtc], [p0].[ProductoId], [p0].[UrlImagen]
FROM [Products] AS [p]
INNER JOIN [Categories] AS [c] ON [p].[CategoriaId] = [c].[Id]
LEFT JOIN [ProductImages] AS [p0] ON [p].[Id] = [p0].[ProductoId]
ORDER BY [p].[Id], [c].[Id]
2026-08-07 21:05:06.214 -06:00 [INF] Executed action Pos.Api.Controllers.v1.CustomersController.GetCustomers (Pos.Api) in 67.2645ms
2026-08-07 21:05:06.215 -06:00 [INF] Executed endpoint 'Pos.Api.Controllers.v1.CustomersController.GetCustomers (Pos.Api)'
2026-08-07 21:05:06.218 -06:00 [INF] Request starting HTTP/1.1 GET http://localhost:5000/api/v1/customers? - application/json null
2026-08-07 21:05:06.239 -06:00 [INF] Executing endpoint 'Pos.Api.Controllers.v1.CustomersController.GetCustomers (Pos.Api)'
2026-08-07 21:05:06.252 -06:00 [INF] Executed DbCommand (42ms) [Parameters=[@__p_0='?' (DbType = Int32)], CommandType='"Text"', CommandTimeout='30']
SELECT [s0].[Id], [s0].[ClienteId], [s0].[EstaActivo], [s0].[Estado], [s0].[FechaActualizacionUtc], [s0].[FechaCreacionUtc], [s0].[MontoAnticipo], [s0].[MontoDescuento], [s0].[MontoEfectivo], [s0].[MontoIva], [s0].[MontoTarjeta], [s0].[MontoTotal], [s0].[MontoTransferencia], [s0].[Notas], [s0].[NumeroFolio], [s0].[SaldoPendiente], [s0].[SubTotal], [s0].[TipoPago], [s0].[UsuarioId], [c].[Id], [c].[Apellido], [c].[Ciudad], [c].[CodigoPostal], [c].[Direccion], [c].[Email], [c].[EstaActivo], [c].[Estado], [c].[FechaActualizacionUtc], [c].[FechaCreacionUtc], [c].[Nombre], [c].[NombreEmpresa], [c].[Notas], [c].[PorcentajeDescuentoEspecial], [c].[Rfc], [c].[Telefono], [c].[TipoCliente], [u].[Id], [u].[Email], [u].[EmpleadoId], [u].[EstaActivo], [u].[FechaActualizacionUtc], [u].[FechaCreacionUtc], [u].[NombreUsuario], [u].[PasswordHash], [s2].[Id], [s2].[Cantidad], [s2].[EstaActivo], [s2].[FechaActualizacionUtc], [s2].[FechaCreacionUtc], [s2].[MontoDescuento], [s2].[PrecioTotal], [s2].[PrecioUnitario], [s2].[ProductoId], [s2].[VentaId], [s2].[Id0], [s2].[AltoCm], [s2].[AnchoCm], [s2].[AnchoMm], [s2].[Barcode], [s2].[CantidadInventarioInicial], [s2].[CantidadMinimaMayoreo], [s2].[CategoriaId], [s2].[CoberturaM2Caja], [s2].[CoberturaPorUnidadM2], [s2].[Descripcion], [s2].[EspesorMm], [s2].[EstaActivo0], [s2].[FechaActualizacionUtc0], [s2].[FechaCreacionUtc0], [s2].[ImagenUrl], [s2].[LargoCm], [s2].[LargoMm], [s2].[Material], [s2].[Nombre], [s2].[PiezasPorCaja], [s2].[PrecioMayoreo], [s2].[PrecioUnitario0], [s2].[Sku], [s2].[SoloCotizacion], [s2].[UnidadMedida], [s2].[VisibleMasVendido]
FROM (
    SELECT TOP(@__p_0) [s].[Id], [s].[ClienteId], [s].[EstaActivo], [s].[Estado], [s].[FechaActualizacionUtc], [s].[FechaCreacionUtc], [s].[MontoAnticipo], [s].[MontoDescuento], [s].[MontoEfectivo], [s].[MontoIva], [s].[MontoTarjeta], [s].[MontoTotal], [s].[MontoTransferencia], [s].[Notas], [s].[NumeroFolio], [s].[SaldoPendiente], [s].[SubTotal], [s].[TipoPago], [s].[UsuarioId]
    FROM [Sales] AS [s]
    WHERE [s].[EstaActivo] = CAST(1 AS bit)
    ORDER BY [s].[FechaCreacionUtc] DESC
) AS [s0]
LEFT JOIN [Customers] AS [c] ON [s0].[ClienteId] = [c].[Id]
LEFT JOIN [Users] AS [u] ON [s0].[UsuarioId] = [u].[Id]
LEFT JOIN (
    SELECT [s1].[Id], [s1].[Cantidad], [s1].[EstaActivo], [s1].[FechaActualizacionUtc], [s1].[FechaCreacionUtc], [s1].[MontoDescuento], [s1].[PrecioTotal], [s1].[PrecioUnitario], [s1].[ProductoId], [s1].[VentaId], [p].[Id] AS [Id0], [p].[AltoCm], [p].[AnchoCm], [p].[AnchoMm], [p].[Barcode], [p].[CantidadInventarioInicial], [p].[CantidadMinimaMayoreo], [p].[CategoriaId], [p].[CoberturaM2Caja], [p].[CoberturaPorUnidadM2], [p].[Descripcion], [p].[EspesorMm], [p].[EstaActivo] AS [EstaActivo0], [p].[FechaActualizacionUtc] AS [FechaActualizacionUtc0], [p].[FechaCreacionUtc] AS [FechaCreacionUtc0], [p].[ImagenUrl], [p].[LargoCm], [p].[LargoMm], [p].[Material], [p].[Nombre], [p].[PiezasPorCaja], [p].[PrecioMayoreo], [p].[PrecioUnitario] AS [PrecioUnitario0], [p].[Sku], [p].[SoloCotizacion], [p].[UnidadMedida], [p].[VisibleMasVendido]
    FROM [SaleItems] AS [s1]
    INNER JOIN [Products] AS [p] ON [s1].[ProductoId] = [p].[Id]
) AS [s2] ON [s0].[Id] = [s2].[VentaId]
ORDER BY [s0].[FechaCreacionUtc] DESC, [s0].[Id], [c].[Id], [u].[Id], [s2].[Id]
2026-08-07 21:05:06.263 -06:00 [INF] Route matched with {action = "GetCustomers", controller = "Customers"}. Executing controller action with signature System.Threading.Tasks.Task`1[Microsoft.AspNetCore.Mvc.ActionResult`1[System.Collections.Generic.List`1[Pos.Application.Catalog.DTOs.CustomerDto]]] GetCustomers(System.String, System.String, System.Threading.CancellationToken) on controller Pos.Api.Controllers.v1.CustomersController (Pos.Api).
2026-08-07 21:05:06.269 -06:00 [INF] Executed DbCommand (9ms) [Parameters=[@p0='?' (DbType = Guid), @p1='?' (Size = 100), @p2='?' (Size = 4000), @p3='?' (Size = 4000), @p4='?' (DbType = Boolean), @p5='?' (DbType = DateTime2), @p6='?' (DbType = DateTime2), @p7='?' (Size = 100), @p8='?' (Size = 4000), @p9='?' (Size = 4000), @p10='?' (DbType = Guid), @p11='?' (Size = 4000), @p12='?' (Size = 4000)], CommandType='"Text"', CommandTimeout='30']
SET IMPLICIT_TRANSACTIONS OFF;
SET NOCOUNT ON;
INSERT INTO [AuditLogs] ([Id], [Accion], [DireccionIp], [EntidadId], [EstaActivo], [FechaActualizacionUtc], [FechaCreacionUtc], [IdCorrelacion], [Motivo], [NombreEntidad], [UsuarioId], [ValoresAnterioresJson], [ValoresNuevosJson])
VALUES (@p0, @p1, @p2, @p3, @p4, @p5, @p6, @p7, @p8, @p9, @p10, @p11, @p12);
2026-08-07 21:05:06.275 -06:00 [INF] [AUDITORIA WPC BAJIO] CorrelationId: 000904b7-9ab0-410b-84dd-ea175432e1e9 | Action: GET /api/v1/customers | Entity: HttpRequest (200) | User: ebc8b858-2837-4bd5-93e1-8b4c1d0bd81b | IP: ::1 | Reason: HTTP Response StatusCode: 200 | OldValues: N/A | NewValues: N/A
2026-08-07 21:05:06.282 -06:00 [INF] Request finished HTTP/1.1 GET http://localhost:5000/api/v1/customers? - 200 null application/json; charset=utf-8 191.2274ms
2026-08-07 21:05:06.293 -06:00 [INF] Executed DbCommand (10ms) [Parameters=[@__p_0='?' (DbType = Int32)], CommandType='"Text"', CommandTimeout='30']
SELECT TOP(@__p_0) [c].[Id], [c].[Apellido], [c].[Ciudad], [c].[CodigoPostal], [c].[Direccion], [c].[Email], [c].[EstaActivo], [c].[Estado], [c].[FechaActualizacionUtc], [c].[FechaCreacionUtc], [c].[Nombre], [c].[NombreEmpresa], [c].[Notas], [c].[PorcentajeDescuentoEspecial], [c].[Rfc], [c].[Telefono], [c].[TipoCliente]
FROM [Customers] AS [c]
WHERE [c].[EstaActivo] = CAST(1 AS bit)
ORDER BY COALESCE([c].[NombreEmpresa], [c].[Nombre])
2026-08-07 21:05:06.300 -06:00 [INF] Executing OkObjectResult, writing value of type 'System.Collections.Generic.List`1[[Pos.Application.Catalog.DTOs.CustomerDto, Pos.Application, Version=1.0.0.0, Culture=neutral, PublicKeyToken=null]]'.
2026-08-07 21:05:06.307 -06:00 [INF] Executed action Pos.Api.Controllers.v1.CustomersController.GetCustomers (Pos.Api) in 35.307ms
2026-08-07 21:05:06.311 -06:00 [INF] Executed endpoint 'Pos.Api.Controllers.v1.CustomersController.GetCustomers (Pos.Api)'
2026-08-07 21:05:06.328 -06:00 [INF] Executed DbCommand (8ms) [Parameters=[@p0='?' (DbType = Guid), @p1='?' (Size = 100), @p2='?' (Size = 4000), @p3='?' (Size = 4000), @p4='?' (DbType = Boolean), @p5='?' (DbType = DateTime2), @p6='?' (DbType = DateTime2), @p7='?' (Size = 100), @p8='?' (Size = 4000), @p9='?' (Size = 4000), @p10='?' (DbType = Guid), @p11='?' (Size = 4000), @p12='?' (Size = 4000)], CommandType='"Text"', CommandTimeout='30']
SET IMPLICIT_TRANSACTIONS OFF;
SET NOCOUNT ON;
INSERT INTO [AuditLogs] ([Id], [Accion], [DireccionIp], [EntidadId], [EstaActivo], [FechaActualizacionUtc], [FechaCreacionUtc], [IdCorrelacion], [Motivo], [NombreEntidad], [UsuarioId], [ValoresAnterioresJson], [ValoresNuevosJson])
VALUES (@p0, @p1, @p2, @p3, @p4, @p5, @p6, @p7, @p8, @p9, @p10, @p11, @p12);
2026-08-07 21:05:06.332 -06:00 [INF] [AUDITORIA WPC BAJIO] CorrelationId: ada3441d-f9d5-4100-b63e-d0c5ddc667ad | Action: GET /api/v1/customers | Entity: HttpRequest (200) | User: ebc8b858-2837-4bd5-93e1-8b4c1d0bd81b | IP: ::1 | Reason: HTTP Response StatusCode: 200 | OldValues: N/A | NewValues: N/A
2026-08-07 21:05:06.337 -06:00 [INF] Request finished HTTP/1.1 GET http://localhost:5000/api/v1/customers? - 200 null application/json; charset=utf-8 118.7907ms
2026-08-07 21:05:06.453 -06:00 [INF] Executed DbCommand (2ms) [Parameters=[@__productIds_0='?' (Size = 4000)], CommandType='"Text"', CommandTimeout='30']
SELECT [s].[Id], [s].[CantidadDisponible], [s].[CantidadReorden], [s].[EstaActivo], [s].[FechaActualizacionUtc], [s].[FechaCreacionUtc], [s].[ProductoId], [s].[Ubicacion], [s].[UmbralMinimoAlerta], [s].[VersionFila]
FROM [Stocks] AS [s]
WHERE [s].[ProductoId] IN (
    SELECT [p].[value]
    FROM OPENJSON(@__productIds_0) WITH ([value] uniqueidentifier '$') AS [p]
)
2026-08-07 21:05:06.466 -06:00 [INF] Executing OkObjectResult, writing value of type 'System.Collections.Generic.List`1[[Pos.Application.Sales.DTOs.SaleDto, Pos.Application, Version=1.0.0.0, Culture=neutral, PublicKeyToken=null]]'.
2026-08-07 21:05:06.479 -06:00 [INF] Executed action Pos.Api.Controllers.v1.SalesController.GetSales (Pos.Api) in 331.0885ms
2026-08-07 21:05:06.482 -06:00 [INF] Executed endpoint 'Pos.Api.Controllers.v1.SalesController.GetSales (Pos.Api)'
2026-08-07 21:05:06.485 -06:00 [INF] Request starting HTTP/1.1 GET http://localhost:5000/api/v1/sales - application/json null
2026-08-07 21:05:06.489 -06:00 [INF] Executing endpoint 'Pos.Api.Controllers.v1.SalesController.GetSales (Pos.Api)'
2026-08-07 21:05:06.490 -06:00 [INF] Executing OkObjectResult, writing value of type 'System.Collections.Generic.List`1[[Pos.Application.Catalog.DTOs.ProductDto, Pos.Application, Version=1.0.0.0, Culture=neutral, PublicKeyToken=null]]'.
2026-08-07 21:05:06.490 -06:00 [INF] Route matched with {action = "GetSales", controller = "Sales"}. Executing controller action with signature System.Threading.Tasks.Task`1[Microsoft.AspNetCore.Mvc.ActionResult`1[System.Collections.Generic.List`1[Pos.Application.Sales.DTOs.SaleDto]]] GetSales(System.String, System.Nullable`1[System.Guid], System.String, System.Threading.CancellationToken) on controller Pos.Api.Controllers.v1.SalesController (Pos.Api).
2026-08-07 21:05:06.491 -06:00 [INF] Executed DbCommand (5ms) [Parameters=[@p0='?' (DbType = Guid), @p1='?' (Size = 100), @p2='?' (Size = 4000), @p3='?' (Size = 4000), @p4='?' (DbType = Boolean), @p5='?' (DbType = DateTime2), @p6='?' (DbType = DateTime2), @p7='?' (Size = 100), @p8='?' (Size = 4000), @p9='?' (Size = 4000), @p10='?' (DbType = Guid), @p11='?' (Size = 4000), @p12='?' (Size = 4000)], CommandType='"Text"', CommandTimeout='30']
SET IMPLICIT_TRANSACTIONS OFF;
SET NOCOUNT ON;
INSERT INTO [AuditLogs] ([Id], [Accion], [DireccionIp], [EntidadId], [EstaActivo], [FechaActualizacionUtc], [FechaCreacionUtc], [IdCorrelacion], [Motivo], [NombreEntidad], [UsuarioId], [ValoresAnterioresJson], [ValoresNuevosJson])
VALUES (@p0, @p1, @p2, @p3, @p4, @p5, @p6, @p7, @p8, @p9, @p10, @p11, @p12);
2026-08-07 21:05:06.496 -06:00 [INF] [AUDITORIA WPC BAJIO] CorrelationId: e653d5e3-1d27-4788-b318-301f0e99ba9a | Action: GET /api/v1/sales | Entity: HttpRequest (200) | User: ebc8b858-2837-4bd5-93e1-8b4c1d0bd81b | IP: ::1 | Reason: HTTP Response StatusCode: 200 | OldValues: N/A | NewValues: N/A
2026-08-07 21:05:06.500 -06:00 [INF] Request finished HTTP/1.1 GET http://localhost:5000/api/v1/sales - 200 null application/json; charset=utf-8 409.9907ms
2026-08-07 21:05:06.502 -06:00 [INF] Executed action Pos.Api.Controllers.v1.ProductsController.GetProducts (Pos.Api) in 351.6021ms
2026-08-07 21:05:06.506 -06:00 [INF] Executed endpoint 'Pos.Api.Controllers.v1.ProductsController.GetProducts (Pos.Api)'
2026-08-07 21:05:06.507 -06:00 [INF] Request starting HTTP/1.1 GET http://localhost:5000/api/v1/products? - application/json null
2026-08-07 21:05:06.511 -06:00 [INF] Executing endpoint 'Pos.Api.Controllers.v1.ProductsController.GetProducts (Pos.Api)'
2026-08-07 21:05:06.513 -06:00 [INF] Route matched with {action = "GetProducts", controller = "Products"}. Executing controller action with signature System.Threading.Tasks.Task`1[Microsoft.AspNetCore.Mvc.ActionResult`1[System.Collections.Generic.List`1[Pos.Application.Catalog.DTOs.ProductDto]]] GetProducts(System.String, System.Nullable`1[System.Guid], System.Nullable`1[System.Boolean], System.Threading.CancellationToken) on controller Pos.Api.Controllers.v1.ProductsController (Pos.Api).
2026-08-07 21:05:06.514 -06:00 [INF] Executed DbCommand (5ms) [Parameters=[@p0='?' (DbType = Guid), @p1='?' (Size = 100), @p2='?' (Size = 4000), @p3='?' (Size = 4000), @p4='?' (DbType = Boolean), @p5='?' (DbType = DateTime2), @p6='?' (DbType = DateTime2), @p7='?' (Size = 100), @p8='?' (Size = 4000), @p9='?' (Size = 4000), @p10='?' (DbType = Guid), @p11='?' (Size = 4000), @p12='?' (Size = 4000)], CommandType='"Text"', CommandTimeout='30']
SET IMPLICIT_TRANSACTIONS OFF;
SET NOCOUNT ON;
INSERT INTO [AuditLogs] ([Id], [Accion], [DireccionIp], [EntidadId], [EstaActivo], [FechaActualizacionUtc], [FechaCreacionUtc], [IdCorrelacion], [Motivo], [NombreEntidad], [UsuarioId], [ValoresAnterioresJson], [ValoresNuevosJson])
VALUES (@p0, @p1, @p2, @p3, @p4, @p5, @p6, @p7, @p8, @p9, @p10, @p11, @p12);
2026-08-07 21:05:06.517 -06:00 [INF] Executed DbCommand (21ms) [Parameters=[@__p_0='?' (DbType = Int32)], CommandType='"Text"', CommandTimeout='30']
SELECT [s0].[Id], [s0].[ClienteId], [s0].[EstaActivo], [s0].[Estado], [s0].[FechaActualizacionUtc], [s0].[FechaCreacionUtc], [s0].[MontoAnticipo], [s0].[MontoDescuento], [s0].[MontoEfectivo], [s0].[MontoIva], [s0].[MontoTarjeta], [s0].[MontoTotal], [s0].[MontoTransferencia], [s0].[Notas], [s0].[NumeroFolio], [s0].[SaldoPendiente], [s0].[SubTotal], [s0].[TipoPago], [s0].[UsuarioId], [c].[Id], [c].[Apellido], [c].[Ciudad], [c].[CodigoPostal], [c].[Direccion], [c].[Email], [c].[EstaActivo], [c].[Estado], [c].[FechaActualizacionUtc], [c].[FechaCreacionUtc], [c].[Nombre], [c].[NombreEmpresa], [c].[Notas], [c].[PorcentajeDescuentoEspecial], [c].[Rfc], [c].[Telefono], [c].[TipoCliente], [u].[Id], [u].[Email], [u].[EmpleadoId], [u].[EstaActivo], [u].[FechaActualizacionUtc], [u].[FechaCreacionUtc], [u].[NombreUsuario], [u].[PasswordHash], [s2].[Id], [s2].[Cantidad], [s2].[EstaActivo], [s2].[FechaActualizacionUtc], [s2].[FechaCreacionUtc], [s2].[MontoDescuento], [s2].[PrecioTotal], [s2].[PrecioUnitario], [s2].[ProductoId], [s2].[VentaId], [s2].[Id0], [s2].[AltoCm], [s2].[AnchoCm], [s2].[AnchoMm], [s2].[Barcode], [s2].[CantidadInventarioInicial], [s2].[CantidadMinimaMayoreo], [s2].[CategoriaId], [s2].[CoberturaM2Caja], [s2].[CoberturaPorUnidadM2], [s2].[Descripcion], [s2].[EspesorMm], [s2].[EstaActivo0], [s2].[FechaActualizacionUtc0], [s2].[FechaCreacionUtc0], [s2].[ImagenUrl], [s2].[LargoCm], [s2].[LargoMm], [s2].[Material], [s2].[Nombre], [s2].[PiezasPorCaja], [s2].[PrecioMayoreo], [s2].[PrecioUnitario0], [s2].[Sku], [s2].[SoloCotizacion], [s2].[UnidadMedida], [s2].[VisibleMasVendido]
FROM (
    SELECT TOP(@__p_0) [s].[Id], [s].[ClienteId], [s].[EstaActivo], [s].[Estado], [s].[FechaActualizacionUtc], [s].[FechaCreacionUtc], [s].[MontoAnticipo], [s].[MontoDescuento], [s].[MontoEfectivo], [s].[MontoIva], [s].[MontoTarjeta], [s].[MontoTotal], [s].[MontoTransferencia], [s].[Notas], [s].[NumeroFolio], [s].[SaldoPendiente], [s].[SubTotal], [s].[TipoPago], [s].[UsuarioId]
    FROM [Sales] AS [s]
    WHERE [s].[EstaActivo] = CAST(1 AS bit)
    ORDER BY [s].[FechaCreacionUtc] DESC
) AS [s0]
LEFT JOIN [Customers] AS [c] ON [s0].[ClienteId] = [c].[Id]
LEFT JOIN [Users] AS [u] ON [s0].[UsuarioId] = [u].[Id]
LEFT JOIN (
    SELECT [s1].[Id], [s1].[Cantidad], [s1].[EstaActivo], [s1].[FechaActualizacionUtc], [s1].[FechaCreacionUtc], [s1].[MontoDescuento], [s1].[PrecioTotal], [s1].[PrecioUnitario], [s1].[ProductoId], [s1].[VentaId], [p].[Id] AS [Id0], [p].[AltoCm], [p].[AnchoCm], [p].[AnchoMm], [p].[Barcode], [p].[CantidadInventarioInicial], [p].[CantidadMinimaMayoreo], [p].[CategoriaId], [p].[CoberturaM2Caja], [p].[CoberturaPorUnidadM2], [p].[Descripcion], [p].[EspesorMm], [p].[EstaActivo] AS [EstaActivo0], [p].[FechaActualizacionUtc] AS [FechaActualizacionUtc0], [p].[FechaCreacionUtc] AS [FechaCreacionUtc0], [p].[ImagenUrl], [p].[LargoCm], [p].[LargoMm], [p].[Material], [p].[Nombre], [p].[PiezasPorCaja], [p].[PrecioMayoreo], [p].[PrecioUnitario] AS [PrecioUnitario0], [p].[Sku], [p].[SoloCotizacion], [p].[UnidadMedida], [p].[VisibleMasVendido]
    FROM [SaleItems] AS [s1]
    INNER JOIN [Products] AS [p] ON [s1].[ProductoId] = [p].[Id]
) AS [s2] ON [s0].[Id] = [s2].[VentaId]
ORDER BY [s0].[FechaCreacionUtc] DESC, [s0].[Id], [c].[Id], [u].[Id], [s2].[Id]
2026-08-07 21:05:06.518 -06:00 [INF] [AUDITORIA WPC BAJIO] CorrelationId: 26857093-926c-4849-9040-b08b94a10679 | Action: GET /api/v1/products | Entity: HttpRequest (200) | User: ebc8b858-2837-4bd5-93e1-8b4c1d0bd81b | IP: ::1 | Reason: HTTP Response StatusCode: 200 | OldValues: N/A | NewValues: N/A
2026-08-07 21:05:06.522 -06:00 [INF] Executed DbCommand (5ms) [Parameters=[], CommandType='"Text"', CommandTimeout='30']
SELECT [p].[Id], [p].[AltoCm], [p].[AnchoCm], [p].[AnchoMm], [p].[Barcode], [p].[CantidadInventarioInicial], [p].[CantidadMinimaMayoreo], [p].[CategoriaId], [p].[CoberturaM2Caja], [p].[CoberturaPorUnidadM2], [p].[Descripcion], [p].[EspesorMm], [p].[EstaActivo], [p].[FechaActualizacionUtc], [p].[FechaCreacionUtc], [p].[ImagenUrl], [p].[LargoCm], [p].[LargoMm], [p].[Material], [p].[Nombre], [p].[PiezasPorCaja], [p].[PrecioMayoreo], [p].[PrecioUnitario], [p].[Sku], [p].[SoloCotizacion], [p].[UnidadMedida], [p].[VisibleMasVendido], [c].[Id], [c].[CategoriaPadreId], [c].[Descripcion], [c].[EstaActivo], [c].[FechaActualizacionUtc], [c].[FechaCreacionUtc], [c].[Nombre], [c].[Slug], [p0].[Id], [p0].[EsPrincipal], [p0].[EstaActivo], [p0].[FechaActualizacionUtc], [p0].[FechaCreacionUtc], [p0].[ProductoId], [p0].[UrlImagen]
FROM [Products] AS [p]
INNER JOIN [Categories] AS [c] ON [p].[CategoriaId] = [c].[Id]
LEFT JOIN [ProductImages] AS [p0] ON [p].[Id] = [p0].[ProductoId]
ORDER BY [p].[Id], [c].[Id]
2026-08-07 21:05:06.524 -06:00 [INF] Request finished HTTP/1.1 GET http://localhost:5000/api/v1/products? - 200 null application/json; charset=utf-8 433.7779ms
2026-08-07 21:05:06.600 -06:00 [INF] Executed DbCommand (2ms) [Parameters=[@__productIds_0='?' (Size = 4000)], CommandType='"Text"', CommandTimeout='30']
SELECT [s].[Id], [s].[CantidadDisponible], [s].[CantidadReorden], [s].[EstaActivo], [s].[FechaActualizacionUtc], [s].[FechaCreacionUtc], [s].[ProductoId], [s].[Ubicacion], [s].[UmbralMinimoAlerta], [s].[VersionFila]
FROM [Stocks] AS [s]
WHERE [s].[ProductoId] IN (
    SELECT [p].[value]
    FROM OPENJSON(@__productIds_0) WITH ([value] uniqueidentifier '$') AS [p]
)
2026-08-07 21:05:06.604 -06:00 [INF] Executing OkObjectResult, writing value of type 'System.Collections.Generic.List`1[[Pos.Application.Catalog.DTOs.ProductDto, Pos.Application, Version=1.0.0.0, Culture=neutral, PublicKeyToken=null]]'.
2026-08-07 21:05:06.613 -06:00 [INF] Executed action Pos.Api.Controllers.v1.ProductsController.GetProducts (Pos.Api) in 98.2812ms
2026-08-07 21:05:06.615 -06:00 [INF] Executed endpoint 'Pos.Api.Controllers.v1.ProductsController.GetProducts (Pos.Api)'
2026-08-07 21:05:06.623 -06:00 [INF] Executed DbCommand (5ms) [Parameters=[@p0='?' (DbType = Guid), @p1='?' (Size = 100), @p2='?' (Size = 4000), @p3='?' (Size = 4000), @p4='?' (DbType = Boolean), @p5='?' (DbType = DateTime2), @p6='?' (DbType = DateTime2), @p7='?' (Size = 100), @p8='?' (Size = 4000), @p9='?' (Size = 4000), @p10='?' (DbType = Guid), @p11='?' (Size = 4000), @p12='?' (Size = 4000)], CommandType='"Text"', CommandTimeout='30']
SET IMPLICIT_TRANSACTIONS OFF;
SET NOCOUNT ON;
INSERT INTO [AuditLogs] ([Id], [Accion], [DireccionIp], [EntidadId], [EstaActivo], [FechaActualizacionUtc], [FechaCreacionUtc], [IdCorrelacion], [Motivo], [NombreEntidad], [UsuarioId], [ValoresAnterioresJson], [ValoresNuevosJson])
VALUES (@p0, @p1, @p2, @p3, @p4, @p5, @p6, @p7, @p8, @p9, @p10, @p11, @p12);
2026-08-07 21:05:06.626 -06:00 [INF] [AUDITORIA WPC BAJIO] CorrelationId: 5d3cb03d-295a-4a37-8b33-735b738fbbf5 | Action: GET /api/v1/products | Entity: HttpRequest (200) | User: ebc8b858-2837-4bd5-93e1-8b4c1d0bd81b | IP: ::1 | Reason: HTTP Response StatusCode: 200 | OldValues: N/A | NewValues: N/A
2026-08-07 21:05:06.630 -06:00 [INF] Request finished HTTP/1.1 GET http://localhost:5000/api/v1/products? - 200 null application/json; charset=utf-8 122.7309ms
2026-08-07 21:05:06.687 -06:00 [INF] Executing OkObjectResult, writing value of type 'System.Collections.Generic.List`1[[Pos.Application.Sales.DTOs.SaleDto, Pos.Application, Version=1.0.0.0, Culture=neutral, PublicKeyToken=null]]'.
2026-08-07 21:05:06.689 -06:00 [INF] Executed action Pos.Api.Controllers.v1.SalesController.GetSales (Pos.Api) in 194.9994ms
2026-08-07 21:05:06.690 -06:00 [INF] Executed endpoint 'Pos.Api.Controllers.v1.SalesController.GetSales (Pos.Api)'
2026-08-07 21:05:06.695 -06:00 [INF] Executed DbCommand (1ms) [Parameters=[@p0='?' (DbType = Guid), @p1='?' (Size = 100), @p2='?' (Size = 4000), @p3='?' (Size = 4000), @p4='?' (DbType = Boolean), @p5='?' (DbType = DateTime2), @p6='?' (DbType = DateTime2), @p7='?' (Size = 100), @p8='?' (Size = 4000), @p9='?' (Size = 4000), @p10='?' (DbType = Guid), @p11='?' (Size = 4000), @p12='?' (Size = 4000)], CommandType='"Text"', CommandTimeout='30']
SET IMPLICIT_TRANSACTIONS OFF;
SET NOCOUNT ON;
INSERT INTO [AuditLogs] ([Id], [Accion], [DireccionIp], [EntidadId], [EstaActivo], [FechaActualizacionUtc], [FechaCreacionUtc], [IdCorrelacion], [Motivo], [NombreEntidad], [UsuarioId], [ValoresAnterioresJson], [ValoresNuevosJson])
VALUES (@p0, @p1, @p2, @p3, @p4, @p5, @p6, @p7, @p8, @p9, @p10, @p11, @p12);
2026-08-07 21:05:06.697 -06:00 [INF] [AUDITORIA WPC BAJIO] CorrelationId: df95d781-bd54-4415-b635-e82ded7a7d8b | Action: GET /api/v1/sales | Entity: HttpRequest (200) | User: ebc8b858-2837-4bd5-93e1-8b4c1d0bd81b | IP: ::1 | Reason: HTTP Response StatusCode: 200 | OldValues: N/A | NewValues: N/A
2026-08-07 21:05:06.701 -06:00 [INF] Request finished HTTP/1.1 GET http://localhost:5000/api/v1/sales - 200 null application/json; charset=utf-8 215.6427ms
2026-08-07 21:05:32.886 -06:00 [INF] Request starting HTTP/1.1 GET http://localhost:5000/api/v1/cashshifts/current - application/json null
2026-08-07 21:05:32.887 -06:00 [INF] Request starting HTTP/1.1 GET http://localhost:5000/api/v1/cashshifts/history - application/json null
2026-08-07 21:05:32.893 -06:00 [INF] Executing endpoint 'Pos.Api.Controllers.v1.CashShiftController.GetCurrentShift (Pos.Api)'
2026-08-07 21:05:32.894 -06:00 [INF] Executing endpoint 'Pos.Api.Controllers.v1.CashShiftController.GetShiftHistory (Pos.Api)'
2026-08-07 21:05:32.899 -06:00 [INF] Route matched with {action = "GetCurrentShift", controller = "CashShift"}. Executing controller action with signature System.Threading.Tasks.Task`1[Microsoft.AspNetCore.Mvc.ActionResult`1[Pos.Application.CashShift.DTOs.CashShiftDto]] GetCurrentShift(System.Threading.CancellationToken) on controller Pos.Api.Controllers.v1.CashShiftController (Pos.Api).
2026-08-07 21:05:32.899 -06:00 [INF] Route matched with {action = "GetShiftHistory", controller = "CashShift"}. Executing controller action with signature System.Threading.Tasks.Task`1[Microsoft.AspNetCore.Mvc.ActionResult`1[System.Collections.Generic.List`1[Pos.Application.CashShift.DTOs.CashShiftDto]]] GetShiftHistory(System.Threading.CancellationToken) on controller Pos.Api.Controllers.v1.CashShiftController (Pos.Api).
2026-08-07 21:05:32.961 -06:00 [INF] Executed DbCommand (12ms) [Parameters=[@__userId_0='?' (DbType = Guid)], CommandType='"Text"', CommandTimeout='30']
SELECT [s].[Id], [s].[EstaActivo], [s].[Estado], [s].[FechaActualizacionUtc], [s].[FechaAperturaUtc], [s].[FechaCierreUtc], [s].[FechaCreacionUtc], [s].[MontoApertura], [s].[MontoCierreEsperado], [s].[MontoCierreReal], [s].[MontoDiferencia], [s].[Notas], [s].[NumeroTurno], [s].[TotalRetiros], [s].[TotalVentasEfectivo], [s].[TotalVentasTarjeta], [s].[TotalVentasTransferencia], [s].[UsuarioId], [s].[Id0], [s].[Email], [s].[EmpleadoId], [s].[EstaActivo0], [s].[FechaActualizacionUtc0], [s].[FechaCreacionUtc0], [s].[NombreUsuario], [s].[PasswordHash], [s0].[Id], [s0].[EstaActivo], [s0].[FechaActualizacionUtc], [s0].[FechaCreacionUtc], [s0].[Monto], [s0].[Motivo], [s0].[TipoTransaccion], [s0].[TurnoCajaId], [s0].[UsuarioId], [s0].[Id0], [s0].[Email], [s0].[EmpleadoId], [s0].[EstaActivo0], [s0].[FechaActualizacionUtc0], [s0].[FechaCreacionUtc0], [s0].[NombreUsuario], [s0].[PasswordHash]
FROM (
    SELECT TOP(1) [c].[Id], [c].[EstaActivo], [c].[Estado], [c].[FechaActualizacionUtc], [c].[FechaAperturaUtc], [c].[FechaCierreUtc], [c].[FechaCreacionUtc], [c].[MontoApertura], [c].[MontoCierreEsperado], [c].[MontoCierreReal], [c].[MontoDiferencia], [c].[Notas], [c].[NumeroTurno], [c].[TotalRetiros], [c].[TotalVentasEfectivo], [c].[TotalVentasTarjeta], [c].[TotalVentasTransferencia], [c].[UsuarioId], [u].[Id] AS [Id0], [u].[Email], [u].[EmpleadoId], [u].[EstaActivo] AS [EstaActivo0], [u].[FechaActualizacionUtc] AS [FechaActualizacionUtc0], [u].[FechaCreacionUtc] AS [FechaCreacionUtc0], [u].[NombreUsuario], [u].[PasswordHash]
    FROM [CashShifts] AS [c]
    INNER JOIN [Users] AS [u] ON [c].[UsuarioId] = [u].[Id]
    WHERE [c].[UsuarioId] = @__userId_0 AND [c].[Estado] = N'Abierto'
) AS [s]
LEFT JOIN (
    SELECT [c0].[Id], [c0].[EstaActivo], [c0].[FechaActualizacionUtc], [c0].[FechaCreacionUtc], [c0].[Monto], [c0].[Motivo], [c0].[TipoTransaccion], [c0].[TurnoCajaId], [c0].[UsuarioId], [u0].[Id] AS [Id0], [u0].[Email], [u0].[EmpleadoId], [u0].[EstaActivo] AS [EstaActivo0], [u0].[FechaActualizacionUtc] AS [FechaActualizacionUtc0], [u0].[FechaCreacionUtc] AS [FechaCreacionUtc0], [u0].[NombreUsuario], [u0].[PasswordHash]
    FROM [CashTransactions] AS [c0]
    LEFT JOIN [Users] AS [u0] ON [c0].[UsuarioId] = [u0].[Id]
) AS [s0] ON [s].[Id] = [s0].[TurnoCajaId]
ORDER BY [s].[Id], [s].[Id0], [s0].[Id]
2026-08-07 21:05:32.966 -06:00 [INF] Executed DbCommand (18ms) [Parameters=[@__p_0='?' (DbType = Int32)], CommandType='"Text"', CommandTimeout='30']
SELECT [c0].[Id], [c0].[EstaActivo], [c0].[Estado], [c0].[FechaActualizacionUtc], [c0].[FechaAperturaUtc], [c0].[FechaCierreUtc], [c0].[FechaCreacionUtc], [c0].[MontoApertura], [c0].[MontoCierreEsperado], [c0].[MontoCierreReal], [c0].[MontoDiferencia], [c0].[Notas], [c0].[NumeroTurno], [c0].[TotalRetiros], [c0].[TotalVentasEfectivo], [c0].[TotalVentasTarjeta], [c0].[TotalVentasTransferencia], [c0].[UsuarioId], [u].[Id], [u].[Email], [u].[EmpleadoId], [u].[EstaActivo], [u].[FechaActualizacionUtc], [u].[FechaCreacionUtc], [u].[NombreUsuario], [u].[PasswordHash], [s].[Id], [s].[EstaActivo], [s].[FechaActualizacionUtc], [s].[FechaCreacionUtc], [s].[Monto], [s].[Motivo], [s].[TipoTransaccion], [s].[TurnoCajaId], [s].[UsuarioId], [s].[Id0], [s].[Email], [s].[EmpleadoId], [s].[EstaActivo0], [s].[FechaActualizacionUtc0], [s].[FechaCreacionUtc0], [s].[NombreUsuario], [s].[PasswordHash]
FROM (
    SELECT TOP(@__p_0) [c].[Id], [c].[EstaActivo], [c].[Estado], [c].[FechaActualizacionUtc], [c].[FechaAperturaUtc], [c].[FechaCierreUtc], [c].[FechaCreacionUtc], [c].[MontoApertura], [c].[MontoCierreEsperado], [c].[MontoCierreReal], [c].[MontoDiferencia], [c].[Notas], [c].[NumeroTurno], [c].[TotalRetiros], [c].[TotalVentasEfectivo], [c].[TotalVentasTarjeta], [c].[TotalVentasTransferencia], [c].[UsuarioId]
    FROM [CashShifts] AS [c]
    ORDER BY [c].[FechaAperturaUtc] DESC
) AS [c0]
INNER JOIN [Users] AS [u] ON [c0].[UsuarioId] = [u].[Id]
LEFT JOIN (
    SELECT [c1].[Id], [c1].[EstaActivo], [c1].[FechaActualizacionUtc], [c1].[FechaCreacionUtc], [c1].[Monto], [c1].[Motivo], [c1].[TipoTransaccion], [c1].[TurnoCajaId], [c1].[UsuarioId], [u0].[Id] AS [Id0], [u0].[Email], [u0].[EmpleadoId], [u0].[EstaActivo] AS [EstaActivo0], [u0].[FechaActualizacionUtc] AS [FechaActualizacionUtc0], [u0].[FechaCreacionUtc] AS [FechaCreacionUtc0], [u0].[NombreUsuario], [u0].[PasswordHash]
    FROM [CashTransactions] AS [c1]
    LEFT JOIN [Users] AS [u0] ON [c1].[UsuarioId] = [u0].[Id]
) AS [s] ON [c0].[Id] = [s].[TurnoCajaId]
ORDER BY [c0].[FechaAperturaUtc] DESC, [c0].[Id], [u].[Id], [s].[Id]
2026-08-07 21:05:32.980 -06:00 [INF] Executing OkObjectResult, writing value of type 'System.Collections.Generic.List`1[[Pos.Application.CashShift.DTOs.CashShiftDto, Pos.Application, Version=1.0.0.0, Culture=neutral, PublicKeyToken=null]]'.
2026-08-07 21:05:32.992 -06:00 [INF] Executed DbCommand (4ms) [Parameters=[@__shift_UsuarioId_0='?' (DbType = Guid), @__shift_FechaAperturaUtc_1='?' (DbType = DateTime2), @__endAtUtc_2='?' (DbType = DateTime2)], CommandType='"Text"', CommandTimeout='30']
SELECT [s].[MontoEfectivo], [s].[MontoTarjeta], [s].[MontoTransferencia]
FROM [Sales] AS [s]
WHERE [s].[UsuarioId] = @__shift_UsuarioId_0 AND [s].[FechaCreacionUtc] >= @__shift_FechaAperturaUtc_1 AND [s].[FechaCreacionUtc] <= @__endAtUtc_2 AND [s].[EstaActivo] = CAST(1 AS bit) AND [s].[Estado] <> N'Cancelada'
2026-08-07 21:05:32.994 -06:00 [INF] Executed action Pos.Api.Controllers.v1.CashShiftController.GetShiftHistory (Pos.Api) in 90.518ms
2026-08-07 21:05:32.996 -06:00 [INF] Executed endpoint 'Pos.Api.Controllers.v1.CashShiftController.GetShiftHistory (Pos.Api)'
2026-08-07 21:05:32.999 -06:00 [INF] Request starting HTTP/1.1 GET http://localhost:5000/api/v1/cashshifts/history - application/json null
2026-08-07 21:05:33.003 -06:00 [INF] Executing endpoint 'Pos.Api.Controllers.v1.CashShiftController.GetShiftHistory (Pos.Api)'
2026-08-07 21:05:33.004 -06:00 [INF] Executed DbCommand (4ms) [Parameters=[@p0='?' (DbType = Guid), @p1='?' (Size = 100), @p2='?' (Size = 4000), @p3='?' (Size = 4000), @p4='?' (DbType = Boolean), @p5='?' (DbType = DateTime2), @p6='?' (DbType = DateTime2), @p7='?' (Size = 100), @p8='?' (Size = 4000), @p9='?' (Size = 4000), @p10='?' (DbType = Guid), @p11='?' (Size = 4000), @p12='?' (Size = 4000)], CommandType='"Text"', CommandTimeout='30']
SET IMPLICIT_TRANSACTIONS OFF;
SET NOCOUNT ON;
INSERT INTO [AuditLogs] ([Id], [Accion], [DireccionIp], [EntidadId], [EstaActivo], [FechaActualizacionUtc], [FechaCreacionUtc], [IdCorrelacion], [Motivo], [NombreEntidad], [UsuarioId], [ValoresAnterioresJson], [ValoresNuevosJson])
VALUES (@p0, @p1, @p2, @p3, @p4, @p5, @p6, @p7, @p8, @p9, @p10, @p11, @p12);
2026-08-07 21:05:33.004 -06:00 [INF] Route matched with {action = "GetShiftHistory", controller = "CashShift"}. Executing controller action with signature System.Threading.Tasks.Task`1[Microsoft.AspNetCore.Mvc.ActionResult`1[System.Collections.Generic.List`1[Pos.Application.CashShift.DTOs.CashShiftDto]]] GetShiftHistory(System.Threading.CancellationToken) on controller Pos.Api.Controllers.v1.CashShiftController (Pos.Api).
2026-08-07 21:05:33.007 -06:00 [INF] Executed DbCommand (4ms) [Parameters=[@__shift_UsuarioId_0='?' (DbType = Guid), @__shift_FechaAperturaUtc_1='?' (DbType = DateTime2), @__endAtUtc_2='?' (DbType = DateTime2)], CommandType='"Text"', CommandTimeout='30']
SELECT [p].[MontoAbonado], [p].[FormaPago]
FROM [PaymentInstallments] AS [p]
WHERE [p].[UsuarioId] = @__shift_UsuarioId_0 AND [p].[FechaCreacionUtc] >= @__shift_FechaAperturaUtc_1 AND [p].[FechaCreacionUtc] <= @__endAtUtc_2 AND [p].[EstaActivo] = CAST(1 AS bit)
2026-08-07 21:05:33.008 -06:00 [INF] [AUDITORIA WPC BAJIO] CorrelationId: 270dc050-4dbb-43a4-9840-2176a6c6aaaa | Action: GET /api/v1/cashshifts/history | Entity: HttpRequest (200) | User: ebc8b858-2837-4bd5-93e1-8b4c1d0bd81b | IP: ::1 | Reason: HTTP Response StatusCode: 200 | OldValues: N/A | NewValues: N/A
2026-08-07 21:05:33.014 -06:00 [INF] Executed DbCommand (1ms) [Parameters=[@__p_0='?' (DbType = Int32)], CommandType='"Text"', CommandTimeout='30']
SELECT [c0].[Id], [c0].[EstaActivo], [c0].[Estado], [c0].[FechaActualizacionUtc], [c0].[FechaAperturaUtc], [c0].[FechaCierreUtc], [c0].[FechaCreacionUtc], [c0].[MontoApertura], [c0].[MontoCierreEsperado], [c0].[MontoCierreReal], [c0].[MontoDiferencia], [c0].[Notas], [c0].[NumeroTurno], [c0].[TotalRetiros], [c0].[TotalVentasEfectivo], [c0].[TotalVentasTarjeta], [c0].[TotalVentasTransferencia], [c0].[UsuarioId], [u].[Id], [u].[Email], [u].[EmpleadoId], [u].[EstaActivo], [u].[FechaActualizacionUtc], [u].[FechaCreacionUtc], [u].[NombreUsuario], [u].[PasswordHash], [s].[Id], [s].[EstaActivo], [s].[FechaActualizacionUtc], [s].[FechaCreacionUtc], [s].[Monto], [s].[Motivo], [s].[TipoTransaccion], [s].[TurnoCajaId], [s].[UsuarioId], [s].[Id0], [s].[Email], [s].[EmpleadoId], [s].[EstaActivo0], [s].[FechaActualizacionUtc0], [s].[FechaCreacionUtc0], [s].[NombreUsuario], [s].[PasswordHash]
FROM (
    SELECT TOP(@__p_0) [c].[Id], [c].[EstaActivo], [c].[Estado], [c].[FechaActualizacionUtc], [c].[FechaAperturaUtc], [c].[FechaCierreUtc], [c].[FechaCreacionUtc], [c].[MontoApertura], [c].[MontoCierreEsperado], [c].[MontoCierreReal], [c].[MontoDiferencia], [c].[Notas], [c].[NumeroTurno], [c].[TotalRetiros], [c].[TotalVentasEfectivo], [c].[TotalVentasTarjeta], [c].[TotalVentasTransferencia], [c].[UsuarioId]
    FROM [CashShifts] AS [c]
    ORDER BY [c].[FechaAperturaUtc] DESC
) AS [c0]
INNER JOIN [Users] AS [u] ON [c0].[UsuarioId] = [u].[Id]
LEFT JOIN (
    SELECT [c1].[Id], [c1].[EstaActivo], [c1].[FechaActualizacionUtc], [c1].[FechaCreacionUtc], [c1].[Monto], [c1].[Motivo], [c1].[TipoTransaccion], [c1].[TurnoCajaId], [c1].[UsuarioId], [u0].[Id] AS [Id0], [u0].[Email], [u0].[EmpleadoId], [u0].[EstaActivo] AS [EstaActivo0], [u0].[FechaActualizacionUtc] AS [FechaActualizacionUtc0], [u0].[FechaCreacionUtc] AS [FechaCreacionUtc0], [u0].[NombreUsuario], [u0].[PasswordHash]
    FROM [CashTransactions] AS [c1]
    LEFT JOIN [Users] AS [u0] ON [c1].[UsuarioId] = [u0].[Id]
) AS [s] ON [c0].[Id] = [s].[TurnoCajaId]
ORDER BY [c0].[FechaAperturaUtc] DESC, [c0].[Id], [u].[Id], [s].[Id]
2026-08-07 21:05:33.016 -06:00 [INF] Request finished HTTP/1.1 GET http://localhost:5000/api/v1/cashshifts/history - 200 null application/json; charset=utf-8 129.0244ms
2026-08-07 21:05:33.026 -06:00 [INF] Executed DbCommand (6ms) [Parameters=[@__shift_UsuarioId_0='?' (DbType = Guid), @__shift_FechaAperturaUtc_1='?' (DbType = DateTime2), @__endAtUtc_2='?' (DbType = DateTime2)], CommandType='"Text"', CommandTimeout='30']
SELECT [r].[MontoReembolsado], [r].[FormaReembolso]
FROM [ReturnHeaders] AS [r]
WHERE [r].[UsuarioId] = @__shift_UsuarioId_0 AND [r].[FechaCreacionUtc] >= @__shift_FechaAperturaUtc_1 AND [r].[FechaCreacionUtc] <= @__endAtUtc_2 AND [r].[EstaActivo] = CAST(1 AS bit) AND [r].[Estado] = N'Completada'
2026-08-07 21:05:33.019 -06:00 [INF] Executing OkObjectResult, writing value of type 'System.Collections.Generic.List`1[[Pos.Application.CashShift.DTOs.CashShiftDto, Pos.Application, Version=1.0.0.0, Culture=neutral, PublicKeyToken=null]]'.
2026-08-07 21:05:33.031 -06:00 [INF] Executed action Pos.Api.Controllers.v1.CashShiftController.GetShiftHistory (Pos.Api) in 21.7866ms
2026-08-07 21:05:33.033 -06:00 [INF] Executed endpoint 'Pos.Api.Controllers.v1.CashShiftController.GetShiftHistory (Pos.Api)'
2026-08-07 21:05:33.034 -06:00 [INF] Executing OkObjectResult, writing value of type 'Pos.Application.CashShift.DTOs.CashShiftDto'.
2026-08-07 21:05:33.037 -06:00 [INF] Executed action Pos.Api.Controllers.v1.CashShiftController.GetCurrentShift (Pos.Api) in 134.7838ms
2026-08-07 21:05:33.038 -06:00 [INF] Executed DbCommand (2ms) [Parameters=[@p0='?' (DbType = Guid), @p1='?' (Size = 100), @p2='?' (Size = 4000), @p3='?' (Size = 4000), @p4='?' (DbType = Boolean), @p5='?' (DbType = DateTime2), @p6='?' (DbType = DateTime2), @p7='?' (Size = 100), @p8='?' (Size = 4000), @p9='?' (Size = 4000), @p10='?' (DbType = Guid), @p11='?' (Size = 4000), @p12='?' (Size = 4000)], CommandType='"Text"', CommandTimeout='30']
SET IMPLICIT_TRANSACTIONS OFF;
SET NOCOUNT ON;
INSERT INTO [AuditLogs] ([Id], [Accion], [DireccionIp], [EntidadId], [EstaActivo], [FechaActualizacionUtc], [FechaCreacionUtc], [IdCorrelacion], [Motivo], [NombreEntidad], [UsuarioId], [ValoresAnterioresJson], [ValoresNuevosJson])
VALUES (@p0, @p1, @p2, @p3, @p4, @p5, @p6, @p7, @p8, @p9, @p10, @p11, @p12);
2026-08-07 21:05:33.038 -06:00 [INF] Executed endpoint 'Pos.Api.Controllers.v1.CashShiftController.GetCurrentShift (Pos.Api)'
2026-08-07 21:05:33.041 -06:00 [INF] Request starting HTTP/1.1 GET http://localhost:5000/api/v1/cashshifts/current - application/json null
2026-08-07 21:05:33.041 -06:00 [INF] [AUDITORIA WPC BAJIO] CorrelationId: 337e598e-ee12-44b9-a9bd-265925613138 | Action: GET /api/v1/cashshifts/history | Entity: HttpRequest (200) | User: ebc8b858-2837-4bd5-93e1-8b4c1d0bd81b | IP: ::1 | Reason: HTTP Response StatusCode: 200 | OldValues: N/A | NewValues: N/A
2026-08-07 21:05:33.045 -06:00 [INF] Executing endpoint 'Pos.Api.Controllers.v1.CashShiftController.GetCurrentShift (Pos.Api)'
2026-08-07 21:05:33.046 -06:00 [INF] Executed DbCommand (2ms) [Parameters=[@p0='?' (DbType = Guid), @p1='?' (Size = 100), @p2='?' (Size = 4000), @p3='?' (Size = 4000), @p4='?' (DbType = Boolean), @p5='?' (DbType = DateTime2), @p6='?' (DbType = DateTime2), @p7='?' (Size = 100), @p8='?' (Size = 4000), @p9='?' (Size = 4000), @p10='?' (DbType = Guid), @p11='?' (Size = 4000), @p12='?' (Size = 4000)], CommandType='"Text"', CommandTimeout='30']
SET IMPLICIT_TRANSACTIONS OFF;
SET NOCOUNT ON;
INSERT INTO [AuditLogs] ([Id], [Accion], [DireccionIp], [EntidadId], [EstaActivo], [FechaActualizacionUtc], [FechaCreacionUtc], [IdCorrelacion], [Motivo], [NombreEntidad], [UsuarioId], [ValoresAnterioresJson], [ValoresNuevosJson])
VALUES (@p0, @p1, @p2, @p3, @p4, @p5, @p6, @p7, @p8, @p9, @p10, @p11, @p12);
2026-08-07 21:05:33.047 -06:00 [INF] Request finished HTTP/1.1 GET http://localhost:5000/api/v1/cashshifts/history - 200 null application/json; charset=utf-8 48.0268ms
2026-08-07 21:05:33.048 -06:00 [INF] Route matched with {action = "GetCurrentShift", controller = "CashShift"}. Executing controller action with signature System.Threading.Tasks.Task`1[Microsoft.AspNetCore.Mvc.ActionResult`1[Pos.Application.CashShift.DTOs.CashShiftDto]] GetCurrentShift(System.Threading.CancellationToken) on controller Pos.Api.Controllers.v1.CashShiftController (Pos.Api).
2026-08-07 21:05:33.051 -06:00 [INF] [AUDITORIA WPC BAJIO] CorrelationId: 67454178-9f92-4d38-8905-587b943677ae | Action: GET /api/v1/cashshifts/current | Entity: HttpRequest (200) | User: ebc8b858-2837-4bd5-93e1-8b4c1d0bd81b | IP: ::1 | Reason: HTTP Response StatusCode: 200 | OldValues: N/A | NewValues: N/A
2026-08-07 21:05:33.060 -06:00 [INF] Executed DbCommand (1ms) [Parameters=[@__userId_0='?' (DbType = Guid)], CommandType='"Text"', CommandTimeout='30']
SELECT [s].[Id], [s].[EstaActivo], [s].[Estado], [s].[FechaActualizacionUtc], [s].[FechaAperturaUtc], [s].[FechaCierreUtc], [s].[FechaCreacionUtc], [s].[MontoApertura], [s].[MontoCierreEsperado], [s].[MontoCierreReal], [s].[MontoDiferencia], [s].[Notas], [s].[NumeroTurno], [s].[TotalRetiros], [s].[TotalVentasEfectivo], [s].[TotalVentasTarjeta], [s].[TotalVentasTransferencia], [s].[UsuarioId], [s].[Id0], [s].[Email], [s].[EmpleadoId], [s].[EstaActivo0], [s].[FechaActualizacionUtc0], [s].[FechaCreacionUtc0], [s].[NombreUsuario], [s].[PasswordHash], [s0].[Id], [s0].[EstaActivo], [s0].[FechaActualizacionUtc], [s0].[FechaCreacionUtc], [s0].[Monto], [s0].[Motivo], [s0].[TipoTransaccion], [s0].[TurnoCajaId], [s0].[UsuarioId], [s0].[Id0], [s0].[Email], [s0].[EmpleadoId], [s0].[EstaActivo0], [s0].[FechaActualizacionUtc0], [s0].[FechaCreacionUtc0], [s0].[NombreUsuario], [s0].[PasswordHash]
FROM (
    SELECT TOP(1) [c].[Id], [c].[EstaActivo], [c].[Estado], [c].[FechaActualizacionUtc], [c].[FechaAperturaUtc], [c].[FechaCierreUtc], [c].[FechaCreacionUtc], [c].[MontoApertura], [c].[MontoCierreEsperado], [c].[MontoCierreReal], [c].[MontoDiferencia], [c].[Notas], [c].[NumeroTurno], [c].[TotalRetiros], [c].[TotalVentasEfectivo], [c].[TotalVentasTarjeta], [c].[TotalVentasTransferencia], [c].[UsuarioId], [u].[Id] AS [Id0], [u].[Email], [u].[EmpleadoId], [u].[EstaActivo] AS [EstaActivo0], [u].[FechaActualizacionUtc] AS [FechaActualizacionUtc0], [u].[FechaCreacionUtc] AS [FechaCreacionUtc0], [u].[NombreUsuario], [u].[PasswordHash]
    FROM [CashShifts] AS [c]
    INNER JOIN [Users] AS [u] ON [c].[UsuarioId] = [u].[Id]
    WHERE [c].[UsuarioId] = @__userId_0 AND [c].[Estado] = N'Abierto'
) AS [s]
LEFT JOIN (
    SELECT [c0].[Id], [c0].[EstaActivo], [c0].[FechaActualizacionUtc], [c0].[FechaCreacionUtc], [c0].[Monto], [c0].[Motivo], [c0].[TipoTransaccion], [c0].[TurnoCajaId], [c0].[UsuarioId], [u0].[Id] AS [Id0], [u0].[Email], [u0].[EmpleadoId], [u0].[EstaActivo] AS [EstaActivo0], [u0].[FechaActualizacionUtc] AS [FechaActualizacionUtc0], [u0].[FechaCreacionUtc] AS [FechaCreacionUtc0], [u0].[NombreUsuario], [u0].[PasswordHash]
    FROM [CashTransactions] AS [c0]
    LEFT JOIN [Users] AS [u0] ON [c0].[UsuarioId] = [u0].[Id]
) AS [s0] ON [s].[Id] = [s0].[TurnoCajaId]
ORDER BY [s].[Id], [s].[Id0], [s0].[Id]
2026-08-07 21:05:33.060 -06:00 [INF] Request finished HTTP/1.1 GET http://localhost:5000/api/v1/cashshifts/current - 200 null application/json; charset=utf-8 174.7237ms
2026-08-07 21:05:33.067 -06:00 [INF] Executed DbCommand (1ms) [Parameters=[@__shift_UsuarioId_0='?' (DbType = Guid), @__shift_FechaAperturaUtc_1='?' (DbType = DateTime2), @__endAtUtc_2='?' (DbType = DateTime2)], CommandType='"Text"', CommandTimeout='30']
SELECT [s].[MontoEfectivo], [s].[MontoTarjeta], [s].[MontoTransferencia]
FROM [Sales] AS [s]
WHERE [s].[UsuarioId] = @__shift_UsuarioId_0 AND [s].[FechaCreacionUtc] >= @__shift_FechaAperturaUtc_1 AND [s].[FechaCreacionUtc] <= @__endAtUtc_2 AND [s].[EstaActivo] = CAST(1 AS bit) AND [s].[Estado] <> N'Cancelada'
2026-08-07 21:05:33.072 -06:00 [INF] Executed DbCommand (1ms) [Parameters=[@__shift_UsuarioId_0='?' (DbType = Guid), @__shift_FechaAperturaUtc_1='?' (DbType = DateTime2), @__endAtUtc_2='?' (DbType = DateTime2)], CommandType='"Text"', CommandTimeout='30']
SELECT [p].[MontoAbonado], [p].[FormaPago]
FROM [PaymentInstallments] AS [p]
WHERE [p].[UsuarioId] = @__shift_UsuarioId_0 AND [p].[FechaCreacionUtc] >= @__shift_FechaAperturaUtc_1 AND [p].[FechaCreacionUtc] <= @__endAtUtc_2 AND [p].[EstaActivo] = CAST(1 AS bit)
2026-08-07 21:05:33.077 -06:00 [INF] Executed DbCommand (1ms) [Parameters=[@__shift_UsuarioId_0='?' (DbType = Guid), @__shift_FechaAperturaUtc_1='?' (DbType = DateTime2), @__endAtUtc_2='?' (DbType = DateTime2)], CommandType='"Text"', CommandTimeout='30']
SELECT [r].[MontoReembolsado], [r].[FormaReembolso]
FROM [ReturnHeaders] AS [r]
WHERE [r].[UsuarioId] = @__shift_UsuarioId_0 AND [r].[FechaCreacionUtc] >= @__shift_FechaAperturaUtc_1 AND [r].[FechaCreacionUtc] <= @__endAtUtc_2 AND [r].[EstaActivo] = CAST(1 AS bit) AND [r].[Estado] = N'Completada'
2026-08-07 21:05:33.080 -06:00 [INF] Executing OkObjectResult, writing value of type 'Pos.Application.CashShift.DTOs.CashShiftDto'.
2026-08-07 21:05:33.082 -06:00 [INF] Executed action Pos.Api.Controllers.v1.CashShiftController.GetCurrentShift (Pos.Api) in 25.3404ms
2026-08-07 21:05:33.084 -06:00 [INF] Executed endpoint 'Pos.Api.Controllers.v1.CashShiftController.GetCurrentShift (Pos.Api)'
2026-08-07 21:05:33.089 -06:00 [INF] Executed DbCommand (1ms) [Parameters=[@p0='?' (DbType = Guid), @p1='?' (Size = 100), @p2='?' (Size = 4000), @p3='?' (Size = 4000), @p4='?' (DbType = Boolean), @p5='?' (DbType = DateTime2), @p6='?' (DbType = DateTime2), @p7='?' (Size = 100), @p8='?' (Size = 4000), @p9='?' (Size = 4000), @p10='?' (DbType = Guid), @p11='?' (Size = 4000), @p12='?' (Size = 4000)], CommandType='"Text"', CommandTimeout='30']
SET IMPLICIT_TRANSACTIONS OFF;
SET NOCOUNT ON;
INSERT INTO [AuditLogs] ([Id], [Accion], [DireccionIp], [EntidadId], [EstaActivo], [FechaActualizacionUtc], [FechaCreacionUtc], [IdCorrelacion], [Motivo], [NombreEntidad], [UsuarioId], [ValoresAnterioresJson], [ValoresNuevosJson])
VALUES (@p0, @p1, @p2, @p3, @p4, @p5, @p6, @p7, @p8, @p9, @p10, @p11, @p12);
2026-08-07 21:05:33.091 -06:00 [INF] [AUDITORIA WPC BAJIO] CorrelationId: 43bdf2c1-c5e0-455a-ae83-4e49b1887bff | Action: GET /api/v1/cashshifts/current | Entity: HttpRequest (200) | User: ebc8b858-2837-4bd5-93e1-8b4c1d0bd81b | IP: ::1 | Reason: HTTP Response StatusCode: 200 | OldValues: N/A | NewValues: N/A
2026-08-07 21:05:33.095 -06:00 [INF] Request finished HTTP/1.1 GET http://localhost:5000/api/v1/cashshifts/current - 200 null application/json; charset=utf-8 54.0783ms
2026-08-07 21:05:35.405 -06:00 [INF] Request starting HTTP/1.1 GET http://localhost:5000/api/v1/reports/sales-summary - application/json null
2026-08-07 21:05:35.408 -06:00 [INF] Executing endpoint 'Pos.Api.Controllers.v1.ReportsController.GetSalesSummary (Pos.Api)'
2026-08-07 21:05:35.409 -06:00 [INF] Request starting HTTP/1.1 GET http://localhost:5000/api/v1/reports/inventory-summary - application/json null
2026-08-07 21:05:35.409 -06:00 [INF] Request starting HTTP/1.1 GET http://localhost:5000/api/v1/audit/logs - application/json null
2026-08-07 21:05:35.409 -06:00 [INF] Request starting HTTP/1.1 GET http://localhost:5000/api/v1/reports/top-products?top=10 - application/json null
2026-08-07 21:05:35.413 -06:00 [INF] Executing endpoint 'Pos.Api.Controllers.v1.ReportsController.GetInventorySummary (Pos.Api)'
2026-08-07 21:05:35.413 -06:00 [INF] Route matched with {action = "GetSalesSummary", controller = "Reports"}. Executing controller action with signature System.Threading.Tasks.Task`1[Microsoft.AspNetCore.Mvc.ActionResult`1[Pos.Application.Reporting.DTOs.SalesSummaryReportDto]] GetSalesSummary(System.Nullable`1[System.DateTime], System.Nullable`1[System.DateTime], System.Threading.CancellationToken) on controller Pos.Api.Controllers.v1.ReportsController (Pos.Api).
2026-08-07 21:05:35.414 -06:00 [INF] Executing endpoint 'Pos.Api.Controllers.v1.AuditController.GetLogs (Pos.Api)'
2026-08-07 21:05:35.416 -06:00 [INF] Executing endpoint 'Pos.Api.Controllers.v1.ReportsController.GetTopProducts (Pos.Api)'
2026-08-07 21:05:35.420 -06:00 [INF] Route matched with {action = "GetInventorySummary", controller = "Reports"}. Executing controller action with signature System.Threading.Tasks.Task`1[Microsoft.AspNetCore.Mvc.ActionResult`1[Pos.Application.Reporting.DTOs.InventorySummaryReportDto]] GetInventorySummary(System.Threading.CancellationToken) on controller Pos.Api.Controllers.v1.ReportsController (Pos.Api).
2026-08-07 21:05:35.423 -06:00 [INF] Route matched with {action = "GetLogs", controller = "Audit"}. Executing controller action with signature System.Threading.Tasks.Task`1[Microsoft.AspNetCore.Mvc.ActionResult`1[System.Collections.Generic.List`1[Pos.Application.Reporting.DTOs.AuditLogDto]]] GetLogs(System.String, System.String, System.String, System.Nullable`1[System.DateTime], System.Nullable`1[System.DateTime], System.Threading.CancellationToken) on controller Pos.Api.Controllers.v1.AuditController (Pos.Api).
2026-08-07 21:05:35.424 -06:00 [INF] Route matched with {action = "GetTopProducts", controller = "Reports"}. Executing controller action with signature System.Threading.Tasks.Task`1[Microsoft.AspNetCore.Mvc.ActionResult`1[System.Collections.Generic.List`1[Pos.Application.Reporting.DTOs.TopProductReportDto]]] GetTopProducts(System.Nullable`1[System.DateTime], System.Nullable`1[System.DateTime], Int32, System.Threading.CancellationToken) on controller Pos.Api.Controllers.v1.ReportsController (Pos.Api).
2026-08-07 21:05:35.436 -06:00 [INF] Executed DbCommand (3ms) [Parameters=[], CommandType='"Text"', CommandTimeout='30']
SELECT [s].[Id], [s].[MontoTotal], [s].[MontoIva], [s].[MontoDescuento], [s].[MontoEfectivo], [s].[MontoTarjeta], [s].[MontoTransferencia], [s].[MontoAnticipo]
FROM [Sales] AS [s]
WHERE [s].[EstaActivo] = CAST(1 AS bit) AND [s].[Estado] <> N'Cancelada'
2026-08-07 21:05:35.437 -06:00 [INF] Executed DbCommand (4ms) [Parameters=[], CommandType='"Text"', CommandTimeout='30']
SELECT [s].[CantidadDisponible], [s].[UmbralMinimoAlerta], [s].[CantidadReorden], [p].[PrecioUnitario]
FROM [Stocks] AS [s]
INNER JOIN [Products] AS [p] ON [s].[ProductoId] = [p].[Id]
WHERE [s].[EstaActivo] = CAST(1 AS bit) AND [p].[EstaActivo] = CAST(1 AS bit)
2026-08-07 21:05:35.442 -06:00 [INF] Executing OkObjectResult, writing value of type 'Pos.Application.Reporting.DTOs.InventorySummaryReportDto'.
2026-08-07 21:05:35.445 -06:00 [INF] Executed action Pos.Api.Controllers.v1.ReportsController.GetInventorySummary (Pos.Api) in 22.814ms
2026-08-07 21:05:35.447 -06:00 [INF] Executed DbCommand (2ms) [Parameters=[], CommandType='"Text"', CommandTimeout='30']
SELECT [s].[Id]
FROM [Sales] AS [s]
WHERE [s].[EstaActivo] = CAST(1 AS bit) AND [s].[Estado] <> N'Cancelada'
2026-08-07 21:05:35.447 -06:00 [INF] Executed endpoint 'Pos.Api.Controllers.v1.ReportsController.GetInventorySummary (Pos.Api)'
2026-08-07 21:05:35.450 -06:00 [INF] Request starting HTTP/1.1 GET http://localhost:5000/api/v1/reports/inventory-summary - application/json null
2026-08-07 21:05:35.451 -06:00 [INF] Executed DbCommand (7ms) [Parameters=[@__saleIds_0='?' (Size = 4000)], CommandType='"Text"', CommandTimeout='30']
SELECT [p].[MontoAbonado], [p].[FormaPago]
FROM [PaymentInstallments] AS [p]
WHERE [p].[EstaActivo] = CAST(1 AS bit) AND [p].[VentaId] IN (
    SELECT [s].[value]
    FROM OPENJSON(@__saleIds_0) WITH ([value] uniqueidentifier '$') AS [s]
)
2026-08-07 21:05:35.453 -06:00 [INF] Executing endpoint 'Pos.Api.Controllers.v1.ReportsController.GetInventorySummary (Pos.Api)'
2026-08-07 21:05:35.456 -06:00 [INF] Route matched with {action = "GetInventorySummary", controller = "Reports"}. Executing controller action with signature System.Threading.Tasks.Task`1[Microsoft.AspNetCore.Mvc.ActionResult`1[Pos.Application.Reporting.DTOs.InventorySummaryReportDto]] GetInventorySummary(System.Threading.CancellationToken) on controller Pos.Api.Controllers.v1.ReportsController (Pos.Api).
2026-08-07 21:05:35.457 -06:00 [INF] Executed DbCommand (4ms) [Parameters=[@p0='?' (DbType = Guid), @p1='?' (Size = 100), @p2='?' (Size = 4000), @p3='?' (Size = 4000), @p4='?' (DbType = Boolean), @p5='?' (DbType = DateTime2), @p6='?' (DbType = DateTime2), @p7='?' (Size = 100), @p8='?' (Size = 4000), @p9='?' (Size = 4000), @p10='?' (DbType = Guid), @p11='?' (Size = 4000), @p12='?' (Size = 4000)], CommandType='"Text"', CommandTimeout='30']
SET IMPLICIT_TRANSACTIONS OFF;
SET NOCOUNT ON;
INSERT INTO [AuditLogs] ([Id], [Accion], [DireccionIp], [EntidadId], [EstaActivo], [FechaActualizacionUtc], [FechaCreacionUtc], [IdCorrelacion], [Motivo], [NombreEntidad], [UsuarioId], [ValoresAnterioresJson], [ValoresNuevosJson])
VALUES (@p0, @p1, @p2, @p3, @p4, @p5, @p6, @p7, @p8, @p9, @p10, @p11, @p12);
2026-08-07 21:05:35.459 -06:00 [INF] Executed DbCommand (18ms) [Parameters=[@__p_0='?' (DbType = Int32)], CommandType='"Text"', CommandTimeout='30']
SELECT [a0].[Id], [a0].[IdCorrelacion], [u].[NombreUsuario], [a0].[Accion], [a0].[NombreEntidad], [a0].[EntidadId], [a0].[ValoresAnterioresJson], [a0].[ValoresNuevosJson], [a0].[DireccionIp], COALESCE([a0].[Motivo], N''), [a0].[FechaCreacionUtc]
FROM (
    SELECT TOP(@__p_0) [a].[Id], [a].[Accion], [a].[DireccionIp], [a].[EntidadId], [a].[FechaCreacionUtc], [a].[IdCorrelacion], [a].[Motivo], [a].[NombreEntidad], [a].[UsuarioId], [a].[ValoresAnterioresJson], [a].[ValoresNuevosJson]
    FROM [AuditLogs] AS [a]
    ORDER BY [a].[FechaCreacionUtc] DESC
) AS [a0]
LEFT JOIN [Users] AS [u] ON [a0].[UsuarioId] = [u].[Id]
ORDER BY [a0].[FechaCreacionUtc] DESC
2026-08-07 21:05:35.460 -06:00 [INF] Executed DbCommand (0ms) [Parameters=[], CommandType='"Text"', CommandTimeout='30']
SELECT [s].[CantidadDisponible], [s].[UmbralMinimoAlerta], [s].[CantidadReorden], [p].[PrecioUnitario]
FROM [Stocks] AS [s]
INNER JOIN [Products] AS [p] ON [s].[ProductoId] = [p].[Id]
WHERE [s].[EstaActivo] = CAST(1 AS bit) AND [p].[EstaActivo] = CAST(1 AS bit)
2026-08-07 21:05:35.461 -06:00 [INF] [AUDITORIA WPC BAJIO] CorrelationId: d88fb19f-9fc9-4dfe-910f-305d9cb3d529 | Action: GET /api/v1/reports/inventory-summary | Entity: HttpRequest (200) | User: ebc8b858-2837-4bd5-93e1-8b4c1d0bd81b | IP: ::1 | Reason: HTTP Response StatusCode: 200 | OldValues: N/A | NewValues: N/A
2026-08-07 21:05:35.466 -06:00 [INF] Executing OkObjectResult, writing value of type 'System.Collections.Generic.List`1[[Pos.Application.Reporting.DTOs.AuditLogDto, Pos.Application, Version=1.0.0.0, Culture=neutral, PublicKeyToken=null]]'.
2026-08-07 21:05:35.466 -06:00 [INF] Executing OkObjectResult, writing value of type 'Pos.Application.Reporting.DTOs.InventorySummaryReportDto'.
2026-08-07 21:05:35.469 -06:00 [INF] Request finished HTTP/1.1 GET http://localhost:5000/api/v1/reports/inventory-summary - 200 null application/json; charset=utf-8 60.0743ms
2026-08-07 21:05:35.473 -06:00 [INF] Executed action Pos.Api.Controllers.v1.ReportsController.GetInventorySummary (Pos.Api) in 14.6271ms
2026-08-07 21:05:35.475 -06:00 [INF] Executed action Pos.Api.Controllers.v1.AuditController.GetLogs (Pos.Api) in 50.0163ms
2026-08-07 21:05:35.478 -06:00 [INF] Executed endpoint 'Pos.Api.Controllers.v1.ReportsController.GetInventorySummary (Pos.Api)'
2026-08-07 21:05:35.479 -06:00 [INF] Request starting HTTP/1.1 GET http://localhost:5000/api/v1/audit/logs - application/json null
2026-08-07 21:05:35.479 -06:00 [INF] Executed endpoint 'Pos.Api.Controllers.v1.AuditController.GetLogs (Pos.Api)'
2026-08-07 21:05:35.483 -06:00 [INF] Executing endpoint 'Pos.Api.Controllers.v1.AuditController.GetLogs (Pos.Api)'
2026-08-07 21:05:35.487 -06:00 [INF] Route matched with {action = "GetLogs", controller = "Audit"}. Executing controller action with signature System.Threading.Tasks.Task`1[Microsoft.AspNetCore.Mvc.ActionResult`1[System.Collections.Generic.List`1[Pos.Application.Reporting.DTOs.AuditLogDto]]] GetLogs(System.String, System.String, System.String, System.Nullable`1[System.DateTime], System.Nullable`1[System.DateTime], System.Threading.CancellationToken) on controller Pos.Api.Controllers.v1.AuditController (Pos.Api).
2026-08-07 21:05:35.488 -06:00 [INF] Executed DbCommand (2ms) [Parameters=[@p0='?' (DbType = Guid), @p1='?' (Size = 100), @p2='?' (Size = 4000), @p3='?' (Size = 4000), @p4='?' (DbType = Boolean), @p5='?' (DbType = DateTime2), @p6='?' (DbType = DateTime2), @p7='?' (Size = 100), @p8='?' (Size = 4000), @p9='?' (Size = 4000), @p10='?' (DbType = Guid), @p11='?' (Size = 4000), @p12='?' (Size = 4000)], CommandType='"Text"', CommandTimeout='30']
SET IMPLICIT_TRANSACTIONS OFF;
SET NOCOUNT ON;
INSERT INTO [AuditLogs] ([Id], [Accion], [DireccionIp], [EntidadId], [EstaActivo], [FechaActualizacionUtc], [FechaCreacionUtc], [IdCorrelacion], [Motivo], [NombreEntidad], [UsuarioId], [ValoresAnterioresJson], [ValoresNuevosJson])
VALUES (@p0, @p1, @p2, @p3, @p4, @p5, @p6, @p7, @p8, @p9, @p10, @p11, @p12);
2026-08-07 21:05:35.489 -06:00 [INF] Executed DbCommand (7ms) [Parameters=[@p0='?' (DbType = Guid), @p1='?' (Size = 100), @p2='?' (Size = 4000), @p3='?' (Size = 4000), @p4='?' (DbType = Boolean), @p5='?' (DbType = DateTime2), @p6='?' (DbType = DateTime2), @p7='?' (Size = 100), @p8='?' (Size = 4000), @p9='?' (Size = 4000), @p10='?' (DbType = Guid), @p11='?' (Size = 4000), @p12='?' (Size = 4000)], CommandType='"Text"', CommandTimeout='30']
SET IMPLICIT_TRANSACTIONS OFF;
SET NOCOUNT ON;
INSERT INTO [AuditLogs] ([Id], [Accion], [DireccionIp], [EntidadId], [EstaActivo], [FechaActualizacionUtc], [FechaCreacionUtc], [IdCorrelacion], [Motivo], [NombreEntidad], [UsuarioId], [ValoresAnterioresJson], [ValoresNuevosJson])
VALUES (@p0, @p1, @p2, @p3, @p4, @p5, @p6, @p7, @p8, @p9, @p10, @p11, @p12);
2026-08-07 21:05:35.492 -06:00 [INF] Executed DbCommand (30ms) [Parameters=[@__saleIds_0='?' (Size = 4000)], CommandType='"Text"', CommandTimeout='30']
SELECT [s].[ProductoId], [p].[Sku], [p].[Nombre], [c].[Nombre] AS [CategoryName], [s].[Cantidad], [s].[PrecioTotal], [s1].[SubTotal] AS [SaleSubTotal], [s1].[MontoTotal] AS [SaleTotal]
FROM [SaleItems] AS [s]
INNER JOIN [Products] AS [p] ON [s].[ProductoId] = [p].[Id]
INNER JOIN [Categories] AS [c] ON [p].[CategoriaId] = [c].[Id]
INNER JOIN [Sales] AS [s1] ON [s].[VentaId] = [s1].[Id]
WHERE [s].[EstaActivo] = CAST(1 AS bit) AND [s].[VentaId] IN (
    SELECT [s0].[value]
    FROM OPENJSON(@__saleIds_0) WITH ([value] uniqueidentifier '$') AS [s0]
)
2026-08-07 21:05:35.493 -06:00 [INF] Executed DbCommand (26ms) [Parameters=[@__saleIds_0='?' (Size = 4000)], CommandType='"Text"', CommandTimeout='30']
SELECT [r].[MontoTotalDevuelto], [r].[MontoReembolsado], [r].[FormaReembolso]
FROM [ReturnHeaders] AS [r]
WHERE [r].[EstaActivo] = CAST(1 AS bit) AND [r].[Estado] = N'Completada' AND [r].[VentaId] IN (
    SELECT [s].[value]
    FROM OPENJSON(@__saleIds_0) WITH ([value] uniqueidentifier '$') AS [s]
)
2026-08-07 21:05:35.493 -06:00 [INF] [AUDITORIA WPC BAJIO] CorrelationId: 0a0d3679-5a84-4bbd-8c3b-deac0901498f | Action: GET /api/v1/audit/logs | Entity: HttpRequest (200) | User: ebc8b858-2837-4bd5-93e1-8b4c1d0bd81b | IP: ::1 | Reason: HTTP Response StatusCode: 200 | OldValues: N/A | NewValues: N/A
2026-08-07 21:05:35.496 -06:00 [INF] [AUDITORIA WPC BAJIO] CorrelationId: ce88c42b-740d-4218-98ef-7a95eb20d9d4 | Action: GET /api/v1/reports/inventory-summary | Entity: HttpRequest (200) | User: ebc8b858-2837-4bd5-93e1-8b4c1d0bd81b | IP: ::1 | Reason: HTTP Response StatusCode: 200 | OldValues: N/A | NewValues: N/A
2026-08-07 21:05:35.503 -06:00 [INF] Executing OkObjectResult, writing value of type 'Pos.Application.Reporting.DTOs.SalesSummaryReportDto'.
2026-08-07 21:05:35.504 -06:00 [INF] Request finished HTTP/1.1 GET http://localhost:5000/api/v1/audit/logs - 200 null application/json; charset=utf-8 94.4867ms
2026-08-07 21:05:35.509 -06:00 [INF] Request finished HTTP/1.1 GET http://localhost:5000/api/v1/reports/inventory-summary - 200 null application/json; charset=utf-8 59.0469ms
2026-08-07 21:05:35.512 -06:00 [INF] Executed action Pos.Api.Controllers.v1.ReportsController.GetSalesSummary (Pos.Api) in 94.3759ms
2026-08-07 21:05:35.516 -06:00 [INF] Request starting HTTP/1.1 GET http://localhost:5000/api/v1/reports/sales-summary - application/json null
2026-08-07 21:05:35.518 -06:00 [INF] Executed endpoint 'Pos.Api.Controllers.v1.ReportsController.GetSalesSummary (Pos.Api)'
2026-08-07 21:05:35.521 -06:00 [INF] Executing endpoint 'Pos.Api.Controllers.v1.ReportsController.GetSalesSummary (Pos.Api)'
2026-08-07 21:05:35.523 -06:00 [INF] Route matched with {action = "GetSalesSummary", controller = "Reports"}. Executing controller action with signature System.Threading.Tasks.Task`1[Microsoft.AspNetCore.Mvc.ActionResult`1[Pos.Application.Reporting.DTOs.SalesSummaryReportDto]] GetSalesSummary(System.Nullable`1[System.DateTime], System.Nullable`1[System.DateTime], System.Threading.CancellationToken) on controller Pos.Api.Controllers.v1.ReportsController (Pos.Api).
2026-08-07 21:05:35.554 -06:00 [INF] Executed DbCommand (56ms) [Parameters=[@__p_0='?' (DbType = Int32)], CommandType='"Text"', CommandTimeout='30']
SELECT [a0].[Id], [a0].[IdCorrelacion], [u].[NombreUsuario], [a0].[Accion], [a0].[NombreEntidad], [a0].[EntidadId], [a0].[ValoresAnterioresJson], [a0].[ValoresNuevosJson], [a0].[DireccionIp], COALESCE([a0].[Motivo], N''), [a0].[FechaCreacionUtc]
FROM (
    SELECT TOP(@__p_0) [a].[Id], [a].[Accion], [a].[DireccionIp], [a].[EntidadId], [a].[FechaCreacionUtc], [a].[IdCorrelacion], [a].[Motivo], [a].[NombreEntidad], [a].[UsuarioId], [a].[ValoresAnterioresJson], [a].[ValoresNuevosJson]
    FROM [AuditLogs] AS [a]
    ORDER BY [a].[FechaCreacionUtc] DESC
) AS [a0]
LEFT JOIN [Users] AS [u] ON [a0].[UsuarioId] = [u].[Id]
ORDER BY [a0].[FechaCreacionUtc] DESC
2026-08-07 21:05:35.556 -06:00 [INF] Executed DbCommand (48ms) [Parameters=[@__saleIds_0='?' (Size = 4000)], CommandType='"Text"', CommandTimeout='30']
SELECT [r].[ProductoId], [r].[Cantidad], [r].[PrecioTotalDevolucion]
FROM [ReturnItems] AS [r]
INNER JOIN [ReturnHeaders] AS [r0] ON [r].[DevolucionCabeceraId] = [r0].[Id]
WHERE [r].[EstaActivo] = CAST(1 AS bit) AND [r0].[EstaActivo] = CAST(1 AS bit) AND [r0].[Estado] = N'Completada' AND [r0].[VentaId] IN (
    SELECT [s].[value]
    FROM OPENJSON(@__saleIds_0) WITH ([value] uniqueidentifier '$') AS [s]
)
2026-08-07 21:05:35.558 -06:00 [INF] Executed DbCommand (35ms) [Parameters=[@p0='?' (DbType = Guid), @p1='?' (Size = 100), @p2='?' (Size = 4000), @p3='?' (Size = 4000), @p4='?' (DbType = Boolean), @p5='?' (DbType = DateTime2), @p6='?' (DbType = DateTime2), @p7='?' (Size = 100), @p8='?' (Size = 4000), @p9='?' (Size = 4000), @p10='?' (DbType = Guid), @p11='?' (Size = 4000), @p12='?' (Size = 4000)], CommandType='"Text"', CommandTimeout='30']
SET IMPLICIT_TRANSACTIONS OFF;
SET NOCOUNT ON;
INSERT INTO [AuditLogs] ([Id], [Accion], [DireccionIp], [EntidadId], [EstaActivo], [FechaActualizacionUtc], [FechaCreacionUtc], [IdCorrelacion], [Motivo], [NombreEntidad], [UsuarioId], [ValoresAnterioresJson], [ValoresNuevosJson])
VALUES (@p0, @p1, @p2, @p3, @p4, @p5, @p6, @p7, @p8, @p9, @p10, @p11, @p12);
2026-08-07 21:05:35.558 -06:00 [INF] Executed DbCommand (31ms) [Parameters=[], CommandType='"Text"', CommandTimeout='30']
SELECT [s].[Id], [s].[MontoTotal], [s].[MontoIva], [s].[MontoDescuento], [s].[MontoEfectivo], [s].[MontoTarjeta], [s].[MontoTransferencia], [s].[MontoAnticipo]
FROM [Sales] AS [s]
WHERE [s].[EstaActivo] = CAST(1 AS bit) AND [s].[Estado] <> N'Cancelada'
2026-08-07 21:05:35.561 -06:00 [INF] Executing OkObjectResult, writing value of type 'System.Collections.Generic.List`1[[Pos.Application.Reporting.DTOs.AuditLogDto, Pos.Application, Version=1.0.0.0, Culture=neutral, PublicKeyToken=null]]'.
2026-08-07 21:05:35.562 -06:00 [INF] [AUDITORIA WPC BAJIO] CorrelationId: cf34afe6-c38f-4bd2-b787-bd75545e7f81 | Action: GET /api/v1/reports/sales-summary | Entity: HttpRequest (200) | User: ebc8b858-2837-4bd5-93e1-8b4c1d0bd81b | IP: ::1 | Reason: HTTP Response StatusCode: 200 | OldValues: N/A | NewValues: N/A
2026-08-07 21:05:35.566 -06:00 [INF] Executed action Pos.Api.Controllers.v1.AuditController.GetLogs (Pos.Api) in 75.3182ms
2026-08-07 21:05:35.568 -06:00 [INF] Executing OkObjectResult, writing value of type 'System.Collections.Generic.List`1[[Pos.Application.Reporting.DTOs.TopProductReportDto, Pos.Application, Version=1.0.0.0, Culture=neutral, PublicKeyToken=null]]'.
2026-08-07 21:05:35.569 -06:00 [INF] Request finished HTTP/1.1 GET http://localhost:5000/api/v1/reports/sales-summary - 200 null application/json; charset=utf-8 164.2613ms
2026-08-07 21:05:35.570 -06:00 [INF] Executed DbCommand (6ms) [Parameters=[@__saleIds_0='?' (Size = 4000)], CommandType='"Text"', CommandTimeout='30']
SELECT [p].[MontoAbonado], [p].[FormaPago]
FROM [PaymentInstallments] AS [p]
WHERE [p].[EstaActivo] = CAST(1 AS bit) AND [p].[VentaId] IN (
    SELECT [s].[value]
    FROM OPENJSON(@__saleIds_0) WITH ([value] uniqueidentifier '$') AS [s]
)
2026-08-07 21:05:35.571 -06:00 [INF] Executed endpoint 'Pos.Api.Controllers.v1.AuditController.GetLogs (Pos.Api)'
2026-08-07 21:05:35.575 -06:00 [INF] Executed action Pos.Api.Controllers.v1.ReportsController.GetTopProducts (Pos.Api) in 148.1146ms
2026-08-07 21:05:35.579 -06:00 [INF] Request starting HTTP/1.1 GET http://localhost:5000/api/v1/reports/top-products?top=10 - application/json null
2026-08-07 21:05:35.580 -06:00 [INF] Executed endpoint 'Pos.Api.Controllers.v1.ReportsController.GetTopProducts (Pos.Api)'
2026-08-07 21:05:35.583 -06:00 [INF] Executing endpoint 'Pos.Api.Controllers.v1.ReportsController.GetTopProducts (Pos.Api)'
2026-08-07 21:05:35.585 -06:00 [INF] Executed DbCommand (4ms) [Parameters=[@p0='?' (DbType = Guid), @p1='?' (Size = 100), @p2='?' (Size = 4000), @p3='?' (Size = 4000), @p4='?' (DbType = Boolean), @p5='?' (DbType = DateTime2), @p6='?' (DbType = DateTime2), @p7='?' (Size = 100), @p8='?' (Size = 4000), @p9='?' (Size = 4000), @p10='?' (DbType = Guid), @p11='?' (Size = 4000), @p12='?' (Size = 4000)], CommandType='"Text"', CommandTimeout='30']
SET IMPLICIT_TRANSACTIONS OFF;
SET NOCOUNT ON;
INSERT INTO [AuditLogs] ([Id], [Accion], [DireccionIp], [EntidadId], [EstaActivo], [FechaActualizacionUtc], [FechaCreacionUtc], [IdCorrelacion], [Motivo], [NombreEntidad], [UsuarioId], [ValoresAnterioresJson], [ValoresNuevosJson])
VALUES (@p0, @p1, @p2, @p3, @p4, @p5, @p6, @p7, @p8, @p9, @p10, @p11, @p12);
2026-08-07 21:05:35.585 -06:00 [INF] Executed DbCommand (6ms) [Parameters=[@__saleIds_0='?' (Size = 4000)], CommandType='"Text"', CommandTimeout='30']
SELECT [r].[MontoTotalDevuelto], [r].[MontoReembolsado], [r].[FormaReembolso]
FROM [ReturnHeaders] AS [r]
WHERE [r].[EstaActivo] = CAST(1 AS bit) AND [r].[Estado] = N'Completada' AND [r].[VentaId] IN (
    SELECT [s].[value]
    FROM OPENJSON(@__saleIds_0) WITH ([value] uniqueidentifier '$') AS [s]
)
2026-08-07 21:05:35.585 -06:00 [INF] Route matched with {action = "GetTopProducts", controller = "Reports"}. Executing controller action with signature System.Threading.Tasks.Task`1[Microsoft.AspNetCore.Mvc.ActionResult`1[System.Collections.Generic.List`1[Pos.Application.Reporting.DTOs.TopProductReportDto]]] GetTopProducts(System.Nullable`1[System.DateTime], System.Nullable`1[System.DateTime], Int32, System.Threading.CancellationToken) on controller Pos.Api.Controllers.v1.ReportsController (Pos.Api).
2026-08-07 21:05:35.589 -06:00 [INF] [AUDITORIA WPC BAJIO] CorrelationId: a43b4529-f018-4782-bf20-a7f5ff1fa100 | Action: GET /api/v1/audit/logs | Entity: HttpRequest (200) | User: ebc8b858-2837-4bd5-93e1-8b4c1d0bd81b | IP: ::1 | Reason: HTTP Response StatusCode: 200 | OldValues: N/A | NewValues: N/A
2026-08-07 21:05:35.591 -06:00 [INF] Executed DbCommand (5ms) [Parameters=[@p0='?' (DbType = Guid), @p1='?' (Size = 100), @p2='?' (Size = 4000), @p3='?' (Size = 4000), @p4='?' (DbType = Boolean), @p5='?' (DbType = DateTime2), @p6='?' (DbType = DateTime2), @p7='?' (Size = 100), @p8='?' (Size = 4000), @p9='?' (Size = 4000), @p10='?' (DbType = Guid), @p11='?' (Size = 4000), @p12='?' (Size = 4000)], CommandType='"Text"', CommandTimeout='30']
SET IMPLICIT_TRANSACTIONS OFF;
SET NOCOUNT ON;
INSERT INTO [AuditLogs] ([Id], [Accion], [DireccionIp], [EntidadId], [EstaActivo], [FechaActualizacionUtc], [FechaCreacionUtc], [IdCorrelacion], [Motivo], [NombreEntidad], [UsuarioId], [ValoresAnterioresJson], [ValoresNuevosJson])
VALUES (@p0, @p1, @p2, @p3, @p4, @p5, @p6, @p7, @p8, @p9, @p10, @p11, @p12);
2026-08-07 21:05:35.591 -06:00 [INF] Executing OkObjectResult, writing value of type 'Pos.Application.Reporting.DTOs.SalesSummaryReportDto'.
2026-08-07 21:05:35.596 -06:00 [INF] Request finished HTTP/1.1 GET http://localhost:5000/api/v1/audit/logs - 200 null application/json; charset=utf-8 117.5612ms
2026-08-07 21:05:35.599 -06:00 [INF] Executed DbCommand (4ms) [Parameters=[], CommandType='"Text"', CommandTimeout='30']
SELECT [s].[Id]
FROM [Sales] AS [s]
WHERE [s].[EstaActivo] = CAST(1 AS bit) AND [s].[Estado] <> N'Cancelada'
2026-08-07 21:05:35.599 -06:00 [INF] [AUDITORIA WPC BAJIO] CorrelationId: 5947af95-e843-4c65-bd11-13f5cd5187f0 | Action: GET /api/v1/reports/top-products | Entity: HttpRequest (200) | User: ebc8b858-2837-4bd5-93e1-8b4c1d0bd81b | IP: ::1 | Reason: HTTP Response StatusCode: 200 | OldValues: N/A | NewValues: N/A
2026-08-07 21:05:35.600 -06:00 [INF] Executed action Pos.Api.Controllers.v1.ReportsController.GetSalesSummary (Pos.Api) in 74.219ms
2026-08-07 21:05:35.609 -06:00 [INF] Request finished HTTP/1.1 GET http://localhost:5000/api/v1/reports/top-products?top=10 - 200 null application/json; charset=utf-8 199.6142ms
2026-08-07 21:05:35.610 -06:00 [INF] Executed endpoint 'Pos.Api.Controllers.v1.ReportsController.GetSalesSummary (Pos.Api)'
2026-08-07 21:05:35.621 -06:00 [INF] Executed DbCommand (5ms) [Parameters=[@p0='?' (DbType = Guid), @p1='?' (Size = 100), @p2='?' (Size = 4000), @p3='?' (Size = 4000), @p4='?' (DbType = Boolean), @p5='?' (DbType = DateTime2), @p6='?' (DbType = DateTime2), @p7='?' (Size = 100), @p8='?' (Size = 4000), @p9='?' (Size = 4000), @p10='?' (DbType = Guid), @p11='?' (Size = 4000), @p12='?' (Size = 4000)], CommandType='"Text"', CommandTimeout='30']
SET IMPLICIT_TRANSACTIONS OFF;
SET NOCOUNT ON;
INSERT INTO [AuditLogs] ([Id], [Accion], [DireccionIp], [EntidadId], [EstaActivo], [FechaActualizacionUtc], [FechaCreacionUtc], [IdCorrelacion], [Motivo], [NombreEntidad], [UsuarioId], [ValoresAnterioresJson], [ValoresNuevosJson])
VALUES (@p0, @p1, @p2, @p3, @p4, @p5, @p6, @p7, @p8, @p9, @p10, @p11, @p12);
2026-08-07 21:05:35.624 -06:00 [INF] [AUDITORIA WPC BAJIO] CorrelationId: 4248d3c1-5381-40d4-b01c-5fc2bb02d40b | Action: GET /api/v1/reports/sales-summary | Entity: HttpRequest (200) | User: ebc8b858-2837-4bd5-93e1-8b4c1d0bd81b | IP: ::1 | Reason: HTTP Response StatusCode: 200 | OldValues: N/A | NewValues: N/A
2026-08-07 21:05:35.628 -06:00 [INF] Request finished HTTP/1.1 GET http://localhost:5000/api/v1/reports/sales-summary - 200 null application/json; charset=utf-8 111.5465ms
2026-08-07 21:05:35.638 -06:00 [INF] Executed DbCommand (31ms) [Parameters=[@__saleIds_0='?' (Size = 4000)], CommandType='"Text"', CommandTimeout='30']
SELECT [s].[ProductoId], [p].[Sku], [p].[Nombre], [c].[Nombre] AS [CategoryName], [s].[Cantidad], [s].[PrecioTotal], [s1].[SubTotal] AS [SaleSubTotal], [s1].[MontoTotal] AS [SaleTotal]
FROM [SaleItems] AS [s]
INNER JOIN [Products] AS [p] ON [s].[ProductoId] = [p].[Id]
INNER JOIN [Categories] AS [c] ON [p].[CategoriaId] = [c].[Id]
INNER JOIN [Sales] AS [s1] ON [s].[VentaId] = [s1].[Id]
WHERE [s].[EstaActivo] = CAST(1 AS bit) AND [s].[VentaId] IN (
    SELECT [s0].[value]
    FROM OPENJSON(@__saleIds_0) WITH ([value] uniqueidentifier '$') AS [s0]
)
2026-08-07 21:05:35.651 -06:00 [INF] Executed DbCommand (11ms) [Parameters=[@__saleIds_0='?' (Size = 4000)], CommandType='"Text"', CommandTimeout='30']
SELECT [r].[ProductoId], [r].[Cantidad], [r].[PrecioTotalDevolucion]
FROM [ReturnItems] AS [r]
INNER JOIN [ReturnHeaders] AS [r0] ON [r].[DevolucionCabeceraId] = [r0].[Id]
WHERE [r].[EstaActivo] = CAST(1 AS bit) AND [r0].[EstaActivo] = CAST(1 AS bit) AND [r0].[Estado] = N'Completada' AND [r0].[VentaId] IN (
    SELECT [s].[value]
    FROM OPENJSON(@__saleIds_0) WITH ([value] uniqueidentifier '$') AS [s]
)
2026-08-07 21:05:35.654 -06:00 [INF] Executing OkObjectResult, writing value of type 'System.Collections.Generic.List`1[[Pos.Application.Reporting.DTOs.TopProductReportDto, Pos.Application, Version=1.0.0.0, Culture=neutral, PublicKeyToken=null]]'.
2026-08-07 21:05:35.655 -06:00 [INF] Executed action Pos.Api.Controllers.v1.ReportsController.GetTopProducts (Pos.Api) in 62.0342ms
2026-08-07 21:05:35.657 -06:00 [INF] Executed endpoint 'Pos.Api.Controllers.v1.ReportsController.GetTopProducts (Pos.Api)'
2026-08-07 21:05:35.662 -06:00 [INF] Executed DbCommand (3ms) [Parameters=[@p0='?' (DbType = Guid), @p1='?' (Size = 100), @p2='?' (Size = 4000), @p3='?' (Size = 4000), @p4='?' (DbType = Boolean), @p5='?' (DbType = DateTime2), @p6='?' (DbType = DateTime2), @p7='?' (Size = 100), @p8='?' (Size = 4000), @p9='?' (Size = 4000), @p10='?' (DbType = Guid), @p11='?' (Size = 4000), @p12='?' (Size = 4000)], CommandType='"Text"', CommandTimeout='30']
SET IMPLICIT_TRANSACTIONS OFF;
SET NOCOUNT ON;
INSERT INTO [AuditLogs] ([Id], [Accion], [DireccionIp], [EntidadId], [EstaActivo], [FechaActualizacionUtc], [FechaCreacionUtc], [IdCorrelacion], [Motivo], [NombreEntidad], [UsuarioId], [ValoresAnterioresJson], [ValoresNuevosJson])
VALUES (@p0, @p1, @p2, @p3, @p4, @p5, @p6, @p7, @p8, @p9, @p10, @p11, @p12);
2026-08-07 21:05:35.666 -06:00 [INF] [AUDITORIA WPC BAJIO] CorrelationId: 9c3b9699-255f-4d32-8993-79809d372ff0 | Action: GET /api/v1/reports/top-products | Entity: HttpRequest (200) | User: ebc8b858-2837-4bd5-93e1-8b4c1d0bd81b | IP: ::1 | Reason: HTTP Response StatusCode: 200 | OldValues: N/A | NewValues: N/A
2026-08-07 21:05:35.669 -06:00 [INF] Request finished HTTP/1.1 GET http://localhost:5000/api/v1/reports/top-products?top=10 - 200 null application/json; charset=utf-8 89.5405ms
2026-08-07 21:05:41.020 -06:00 [INF] Request starting HTTP/1.1 GET http://localhost:5000/api/v1/quotes/options - application/json null
2026-08-07 21:05:41.022 -06:00 [INF] Request starting HTTP/1.1 GET http://localhost:5000/api/v1/quotes - application/json null
2026-08-07 21:05:41.026 -06:00 [INF] Executing endpoint 'Pos.Api.Controllers.v1.QuotesController.GetOptions (Pos.Api)'
2026-08-07 21:05:41.029 -06:00 [INF] Executing endpoint 'Pos.Api.Controllers.v1.QuotesController.GetQuotes (Pos.Api)'
2026-08-07 21:05:41.034 -06:00 [INF] Route matched with {action = "GetQuotes", controller = "Quotes"}. Executing controller action with signature System.Threading.Tasks.Task`1[Microsoft.AspNetCore.Mvc.ActionResult`1[System.Collections.Generic.List`1[Pos.Application.Commercial.DTOs.QuoteDto]]] GetQuotes(System.String, System.String, System.Threading.CancellationToken) on controller Pos.Api.Controllers.v1.QuotesController (Pos.Api).
2026-08-07 21:05:41.034 -06:00 [INF] Route matched with {action = "GetOptions", controller = "Quotes"}. Executing controller action with signature System.Threading.Tasks.Task`1[Microsoft.AspNetCore.Mvc.ActionResult`1[Pos.Application.Commercial.DTOs.QuoteOptionsDto]] GetOptions(System.Threading.CancellationToken) on controller Pos.Api.Controllers.v1.QuotesController (Pos.Api).
2026-08-07 21:05:41.048 -06:00 [INF] Executed DbCommand (5ms) [Parameters=[], CommandType='"Text"', CommandTimeout='30']
SELECT [p].[Id], [p].[AltoCm], [p].[AnchoCm], [p].[AnchoMm], [p].[Barcode], [p].[CantidadInventarioInicial], [p].[CantidadMinimaMayoreo], [p].[CategoriaId], [p].[CoberturaM2Caja], [p].[CoberturaPorUnidadM2], [p].[Descripcion], [p].[EspesorMm], [p].[EstaActivo], [p].[FechaActualizacionUtc], [p].[FechaCreacionUtc], [p].[ImagenUrl], [p].[LargoCm], [p].[LargoMm], [p].[Material], [p].[Nombre], [p].[PiezasPorCaja], [p].[PrecioMayoreo], [p].[PrecioUnitario], [p].[Sku], [p].[SoloCotizacion], [p].[UnidadMedida], [p].[VisibleMasVendido], [c].[Id], [c].[CategoriaPadreId], [c].[Descripcion], [c].[EstaActivo], [c].[FechaActualizacionUtc], [c].[FechaCreacionUtc], [c].[Nombre], [c].[Slug], [p0].[Id], [p0].[EsPrincipal], [p0].[EstaActivo], [p0].[FechaActualizacionUtc], [p0].[FechaCreacionUtc], [p0].[ProductoId], [p0].[UrlImagen]
FROM [Products] AS [p]
INNER JOIN [Categories] AS [c] ON [p].[CategoriaId] = [c].[Id]
LEFT JOIN [ProductImages] AS [p0] ON [p].[Id] = [p0].[ProductoId]
ORDER BY [p].[Id], [c].[Id]
2026-08-07 21:05:41.063 -06:00 [INF] Executed DbCommand (1ms) [Parameters=[@__productIds_0='?' (Size = 4000)], CommandType='"Text"', CommandTimeout='30']
SELECT [s].[Id], [s].[CantidadDisponible], [s].[CantidadReorden], [s].[EstaActivo], [s].[FechaActualizacionUtc], [s].[FechaCreacionUtc], [s].[ProductoId], [s].[Ubicacion], [s].[UmbralMinimoAlerta], [s].[VersionFila]
FROM [Stocks] AS [s]
WHERE [s].[ProductoId] IN (
    SELECT [p].[value]
    FROM OPENJSON(@__productIds_0) WITH ([value] uniqueidentifier '$') AS [p]
)
2026-08-07 21:05:41.073 -06:00 [INF] Executed DbCommand (5ms) [Parameters=[@__p_0='?' (DbType = Int32)], CommandType='"Text"', CommandTimeout='30']
SELECT TOP(@__p_0) [c].[Id], [c].[Apellido], [c].[Ciudad], [c].[CodigoPostal], [c].[Direccion], [c].[Email], [c].[EstaActivo], [c].[Estado], [c].[FechaActualizacionUtc], [c].[FechaCreacionUtc], [c].[Nombre], [c].[NombreEmpresa], [c].[Notas], [c].[PorcentajeDescuentoEspecial], [c].[Rfc], [c].[Telefono], [c].[TipoCliente]
FROM [Customers] AS [c]
WHERE [c].[EstaActivo] = CAST(1 AS bit)
ORDER BY COALESCE([c].[NombreEmpresa], [c].[Nombre])
2026-08-07 21:05:41.077 -06:00 [INF] Executing OkObjectResult, writing value of type 'Pos.Application.Commercial.DTOs.QuoteOptionsDto'.
2026-08-07 21:05:41.081 -06:00 [INF] Executed action Pos.Api.Controllers.v1.QuotesController.GetOptions (Pos.Api) in 41.5207ms
2026-08-07 21:05:41.082 -06:00 [INF] Executed endpoint 'Pos.Api.Controllers.v1.QuotesController.GetOptions (Pos.Api)'
2026-08-07 21:05:41.087 -06:00 [INF] Request starting HTTP/1.1 GET http://localhost:5000/api/v1/quotes/options - application/json null
2026-08-07 21:05:41.092 -06:00 [INF] Executing endpoint 'Pos.Api.Controllers.v1.QuotesController.GetOptions (Pos.Api)'
2026-08-07 21:05:41.093 -06:00 [INF] Route matched with {action = "GetOptions", controller = "Quotes"}. Executing controller action with signature System.Threading.Tasks.Task`1[Microsoft.AspNetCore.Mvc.ActionResult`1[Pos.Application.Commercial.DTOs.QuoteOptionsDto]] GetOptions(System.Threading.CancellationToken) on controller Pos.Api.Controllers.v1.QuotesController (Pos.Api).
2026-08-07 21:05:41.129 -06:00 [INF] Executed DbCommand (44ms) [Parameters=[@p0='?' (DbType = Guid), @p1='?' (Size = 100), @p2='?' (Size = 4000), @p3='?' (Size = 4000), @p4='?' (DbType = Boolean), @p5='?' (DbType = DateTime2), @p6='?' (DbType = DateTime2), @p7='?' (Size = 100), @p8='?' (Size = 4000), @p9='?' (Size = 4000), @p10='?' (DbType = Guid), @p11='?' (Size = 4000), @p12='?' (Size = 4000)], CommandType='"Text"', CommandTimeout='30']
SET IMPLICIT_TRANSACTIONS OFF;
SET NOCOUNT ON;
INSERT INTO [AuditLogs] ([Id], [Accion], [DireccionIp], [EntidadId], [EstaActivo], [FechaActualizacionUtc], [FechaCreacionUtc], [IdCorrelacion], [Motivo], [NombreEntidad], [UsuarioId], [ValoresAnterioresJson], [ValoresNuevosJson])
VALUES (@p0, @p1, @p2, @p3, @p4, @p5, @p6, @p7, @p8, @p9, @p10, @p11, @p12);
2026-08-07 21:05:41.129 -06:00 [INF] Executed DbCommand (47ms) [Parameters=[@__p_0='?' (DbType = Int32)], CommandType='"Text"', CommandTimeout='30']
SELECT [q0].[Id], [q0].[ClienteId], [q0].[EstaActivo], [q0].[Estado], [q0].[FechaActualizacionUtc], [q0].[FechaCreacionUtc], [q0].[FechaVigenciaUtc], [q0].[MontoDescuento], [q0].[MontoIva], [q0].[MontoTotal], [q0].[Notas], [q0].[NumeroCotizacion], [q0].[SubTotal], [q0].[UsuarioId], [c].[Id], [c].[Apellido], [c].[Ciudad], [c].[CodigoPostal], [c].[Direccion], [c].[Email], [c].[EstaActivo], [c].[Estado], [c].[FechaActualizacionUtc], [c].[FechaCreacionUtc], [c].[Nombre], [c].[NombreEmpresa], [c].[Notas], [c].[PorcentajeDescuentoEspecial], [c].[Rfc], [c].[Telefono], [c].[TipoCliente], [u].[Id], [u].[Email], [u].[EmpleadoId], [u].[EstaActivo], [u].[FechaActualizacionUtc], [u].[FechaCreacionUtc], [u].[NombreUsuario], [u].[PasswordHash], [s].[Id], [s].[Cantidad], [s].[CotizacionId], [s].[EstaActivo], [s].[FechaActualizacionUtc], [s].[FechaCreacionUtc], [s].[MontoDescuento], [s].[PrecioTotal], [s].[PrecioUnitario], [s].[ProductoId], [s].[Id0], [s].[AltoCm], [s].[AnchoCm], [s].[AnchoMm], [s].[Barcode], [s].[CantidadInventarioInicial], [s].[CantidadMinimaMayoreo], [s].[CategoriaId], [s].[CoberturaM2Caja], [s].[CoberturaPorUnidadM2], [s].[Descripcion], [s].[EspesorMm], [s].[EstaActivo0], [s].[FechaActualizacionUtc0], [s].[FechaCreacionUtc0], [s].[ImagenUrl], [s].[LargoCm], [s].[LargoMm], [s].[Material], [s].[Nombre], [s].[PiezasPorCaja], [s].[PrecioMayoreo], [s].[PrecioUnitario0], [s].[Sku], [s].[SoloCotizacion], [s].[UnidadMedida], [s].[VisibleMasVendido]
FROM (
    SELECT TOP(@__p_0) [q].[Id], [q].[ClienteId], [q].[EstaActivo], [q].[Estado], [q].[FechaActualizacionUtc], [q].[FechaCreacionUtc], [q].[FechaVigenciaUtc], [q].[MontoDescuento], [q].[MontoIva], [q].[MontoTotal], [q].[Notas], [q].[NumeroCotizacion], [q].[SubTotal], [q].[UsuarioId]
    FROM [Quotes] AS [q]
    WHERE [q].[EstaActivo] = CAST(1 AS bit)
    ORDER BY [q].[FechaCreacionUtc] DESC
) AS [q0]
LEFT JOIN [Customers] AS [c] ON [q0].[ClienteId] = [c].[Id]
LEFT JOIN [Users] AS [u] ON [q0].[UsuarioId] = [u].[Id]
LEFT JOIN (
    SELECT [q1].[Id], [q1].[Cantidad], [q1].[CotizacionId], [q1].[EstaActivo], [q1].[FechaActualizacionUtc], [q1].[FechaCreacionUtc], [q1].[MontoDescuento], [q1].[PrecioTotal], [q1].[PrecioUnitario], [q1].[ProductoId], [p].[Id] AS [Id0], [p].[AltoCm], [p].[AnchoCm], [p].[AnchoMm], [p].[Barcode], [p].[CantidadInventarioInicial], [p].[CantidadMinimaMayoreo], [p].[CategoriaId], [p].[CoberturaM2Caja], [p].[CoberturaPorUnidadM2], [p].[Descripcion], [p].[EspesorMm], [p].[EstaActivo] AS [EstaActivo0], [p].[FechaActualizacionUtc] AS [FechaActualizacionUtc0], [p].[FechaCreacionUtc] AS [FechaCreacionUtc0], [p].[ImagenUrl], [p].[LargoCm], [p].[LargoMm], [p].[Material], [p].[Nombre], [p].[PiezasPorCaja], [p].[PrecioMayoreo], [p].[PrecioUnitario] AS [PrecioUnitario0], [p].[Sku], [p].[SoloCotizacion], [p].[UnidadMedida], [p].[VisibleMasVendido]
    FROM [QuoteItems] AS [q1]
    INNER JOIN [Products] AS [p] ON [q1].[ProductoId] = [p].[Id]
) AS [s] ON [q0].[Id] = [s].[CotizacionId]
ORDER BY [q0].[FechaCreacionUtc] DESC, [q0].[Id], [c].[Id], [u].[Id], [s].[Id]
2026-08-07 21:05:41.131 -06:00 [INF] Executed DbCommand (33ms) [Parameters=[], CommandType='"Text"', CommandTimeout='30']
SELECT [p].[Id], [p].[AltoCm], [p].[AnchoCm], [p].[AnchoMm], [p].[Barcode], [p].[CantidadInventarioInicial], [p].[CantidadMinimaMayoreo], [p].[CategoriaId], [p].[CoberturaM2Caja], [p].[CoberturaPorUnidadM2], [p].[Descripcion], [p].[EspesorMm], [p].[EstaActivo], [p].[FechaActualizacionUtc], [p].[FechaCreacionUtc], [p].[ImagenUrl], [p].[LargoCm], [p].[LargoMm], [p].[Material], [p].[Nombre], [p].[PiezasPorCaja], [p].[PrecioMayoreo], [p].[PrecioUnitario], [p].[Sku], [p].[SoloCotizacion], [p].[UnidadMedida], [p].[VisibleMasVendido], [c].[Id], [c].[CategoriaPadreId], [c].[Descripcion], [c].[EstaActivo], [c].[FechaActualizacionUtc], [c].[FechaCreacionUtc], [c].[Nombre], [c].[Slug], [p0].[Id], [p0].[EsPrincipal], [p0].[EstaActivo], [p0].[FechaActualizacionUtc], [p0].[FechaCreacionUtc], [p0].[ProductoId], [p0].[UrlImagen]
FROM [Products] AS [p]
INNER JOIN [Categories] AS [c] ON [p].[CategoriaId] = [c].[Id]
LEFT JOIN [ProductImages] AS [p0] ON [p].[Id] = [p0].[ProductoId]
ORDER BY [p].[Id], [c].[Id]
2026-08-07 21:05:41.132 -06:00 [INF] [AUDITORIA WPC BAJIO] CorrelationId: 427e563f-02f5-4781-a294-d5f8c46a868b | Action: GET /api/v1/quotes/options | Entity: HttpRequest (200) | User: ebc8b858-2837-4bd5-93e1-8b4c1d0bd81b | IP: ::1 | Reason: HTTP Response StatusCode: 200 | OldValues: N/A | NewValues: N/A
2026-08-07 21:05:41.140 -06:00 [INF] Request finished HTTP/1.1 GET http://localhost:5000/api/v1/quotes/options - 200 null application/json; charset=utf-8 120.2868ms
2026-08-07 21:05:41.147 -06:00 [INF] Executing OkObjectResult, writing value of type 'System.Collections.Generic.List`1[[Pos.Application.Commercial.DTOs.QuoteDto, Pos.Application, Version=1.0.0.0, Culture=neutral, PublicKeyToken=null]]'.
2026-08-07 21:05:41.154 -06:00 [INF] Executed action Pos.Api.Controllers.v1.QuotesController.GetQuotes (Pos.Api) in 117.6225ms
2026-08-07 21:05:41.155 -06:00 [INF] Executed endpoint 'Pos.Api.Controllers.v1.QuotesController.GetQuotes (Pos.Api)'
2026-08-07 21:05:41.157 -06:00 [INF] Executed DbCommand (1ms) [Parameters=[@__productIds_0='?' (Size = 4000)], CommandType='"Text"', CommandTimeout='30']
SELECT [s].[Id], [s].[CantidadDisponible], [s].[CantidadReorden], [s].[EstaActivo], [s].[FechaActualizacionUtc], [s].[FechaCreacionUtc], [s].[ProductoId], [s].[Ubicacion], [s].[UmbralMinimoAlerta], [s].[VersionFila]
FROM [Stocks] AS [s]
WHERE [s].[ProductoId] IN (
    SELECT [p].[value]
    FROM OPENJSON(@__productIds_0) WITH ([value] uniqueidentifier '$') AS [p]
)
2026-08-07 21:05:41.159 -06:00 [INF] Request starting HTTP/1.1 GET http://localhost:5000/api/v1/quotes - application/json null
2026-08-07 21:05:41.159 -06:00 [INF] Executed DbCommand (1ms) [Parameters=[@p0='?' (DbType = Guid), @p1='?' (Size = 100), @p2='?' (Size = 4000), @p3='?' (Size = 4000), @p4='?' (DbType = Boolean), @p5='?' (DbType = DateTime2), @p6='?' (DbType = DateTime2), @p7='?' (Size = 100), @p8='?' (Size = 4000), @p9='?' (Size = 4000), @p10='?' (DbType = Guid), @p11='?' (Size = 4000), @p12='?' (Size = 4000)], CommandType='"Text"', CommandTimeout='30']
SET IMPLICIT_TRANSACTIONS OFF;
SET NOCOUNT ON;
INSERT INTO [AuditLogs] ([Id], [Accion], [DireccionIp], [EntidadId], [EstaActivo], [FechaActualizacionUtc], [FechaCreacionUtc], [IdCorrelacion], [Motivo], [NombreEntidad], [UsuarioId], [ValoresAnterioresJson], [ValoresNuevosJson])
VALUES (@p0, @p1, @p2, @p3, @p4, @p5, @p6, @p7, @p8, @p9, @p10, @p11, @p12);
2026-08-07 21:05:41.162 -06:00 [INF] Executing endpoint 'Pos.Api.Controllers.v1.QuotesController.GetQuotes (Pos.Api)'
2026-08-07 21:05:41.164 -06:00 [INF] [AUDITORIA WPC BAJIO] CorrelationId: 146600f6-4fce-47c6-9b58-b919df7a7311 | Action: GET /api/v1/quotes | Entity: HttpRequest (200) | User: ebc8b858-2837-4bd5-93e1-8b4c1d0bd81b | IP: ::1 | Reason: HTTP Response StatusCode: 200 | OldValues: N/A | NewValues: N/A
2026-08-07 21:05:41.164 -06:00 [INF] Executed DbCommand (4ms) [Parameters=[@__p_0='?' (DbType = Int32)], CommandType='"Text"', CommandTimeout='30']
SELECT TOP(@__p_0) [c].[Id], [c].[Apellido], [c].[Ciudad], [c].[CodigoPostal], [c].[Direccion], [c].[Email], [c].[EstaActivo], [c].[Estado], [c].[FechaActualizacionUtc], [c].[FechaCreacionUtc], [c].[Nombre], [c].[NombreEmpresa], [c].[Notas], [c].[PorcentajeDescuentoEspecial], [c].[Rfc], [c].[Telefono], [c].[TipoCliente]
FROM [Customers] AS [c]
WHERE [c].[EstaActivo] = CAST(1 AS bit)
ORDER BY COALESCE([c].[NombreEmpresa], [c].[Nombre])
2026-08-07 21:05:41.165 -06:00 [INF] Route matched with {action = "GetQuotes", controller = "Quotes"}. Executing controller action with signature System.Threading.Tasks.Task`1[Microsoft.AspNetCore.Mvc.ActionResult`1[System.Collections.Generic.List`1[Pos.Application.Commercial.DTOs.QuoteDto]]] GetQuotes(System.String, System.String, System.Threading.CancellationToken) on controller Pos.Api.Controllers.v1.QuotesController (Pos.Api).
2026-08-07 21:05:41.167 -06:00 [INF] Request finished HTTP/1.1 GET http://localhost:5000/api/v1/quotes - 200 null application/json; charset=utf-8 145.7082ms
2026-08-07 21:05:41.170 -06:00 [INF] Executing OkObjectResult, writing value of type 'Pos.Application.Commercial.DTOs.QuoteOptionsDto'.
2026-08-07 21:05:41.177 -06:00 [INF] Executed action Pos.Api.Controllers.v1.QuotesController.GetOptions (Pos.Api) in 81.807ms
2026-08-07 21:05:41.177 -06:00 [INF] Executed DbCommand (4ms) [Parameters=[@__p_0='?' (DbType = Int32)], CommandType='"Text"', CommandTimeout='30']
SELECT [q0].[Id], [q0].[ClienteId], [q0].[EstaActivo], [q0].[Estado], [q0].[FechaActualizacionUtc], [q0].[FechaCreacionUtc], [q0].[FechaVigenciaUtc], [q0].[MontoDescuento], [q0].[MontoIva], [q0].[MontoTotal], [q0].[Notas], [q0].[NumeroCotizacion], [q0].[SubTotal], [q0].[UsuarioId], [c].[Id], [c].[Apellido], [c].[Ciudad], [c].[CodigoPostal], [c].[Direccion], [c].[Email], [c].[EstaActivo], [c].[Estado], [c].[FechaActualizacionUtc], [c].[FechaCreacionUtc], [c].[Nombre], [c].[NombreEmpresa], [c].[Notas], [c].[PorcentajeDescuentoEspecial], [c].[Rfc], [c].[Telefono], [c].[TipoCliente], [u].[Id], [u].[Email], [u].[EmpleadoId], [u].[EstaActivo], [u].[FechaActualizacionUtc], [u].[FechaCreacionUtc], [u].[NombreUsuario], [u].[PasswordHash], [s].[Id], [s].[Cantidad], [s].[CotizacionId], [s].[EstaActivo], [s].[FechaActualizacionUtc], [s].[FechaCreacionUtc], [s].[MontoDescuento], [s].[PrecioTotal], [s].[PrecioUnitario], [s].[ProductoId], [s].[Id0], [s].[AltoCm], [s].[AnchoCm], [s].[AnchoMm], [s].[Barcode], [s].[CantidadInventarioInicial], [s].[CantidadMinimaMayoreo], [s].[CategoriaId], [s].[CoberturaM2Caja], [s].[CoberturaPorUnidadM2], [s].[Descripcion], [s].[EspesorMm], [s].[EstaActivo0], [s].[FechaActualizacionUtc0], [s].[FechaCreacionUtc0], [s].[ImagenUrl], [s].[LargoCm], [s].[LargoMm], [s].[Material], [s].[Nombre], [s].[PiezasPorCaja], [s].[PrecioMayoreo], [s].[PrecioUnitario0], [s].[Sku], [s].[SoloCotizacion], [s].[UnidadMedida], [s].[VisibleMasVendido]
FROM (
    SELECT TOP(@__p_0) [q].[Id], [q].[ClienteId], [q].[EstaActivo], [q].[Estado], [q].[FechaActualizacionUtc], [q].[FechaCreacionUtc], [q].[FechaVigenciaUtc], [q].[MontoDescuento], [q].[MontoIva], [q].[MontoTotal], [q].[Notas], [q].[NumeroCotizacion], [q].[SubTotal], [q].[UsuarioId]
    FROM [Quotes] AS [q]
    WHERE [q].[EstaActivo] = CAST(1 AS bit)
    ORDER BY [q].[FechaCreacionUtc] DESC
) AS [q0]
LEFT JOIN [Customers] AS [c] ON [q0].[ClienteId] = [c].[Id]
LEFT JOIN [Users] AS [u] ON [q0].[UsuarioId] = [u].[Id]
LEFT JOIN (
    SELECT [q1].[Id], [q1].[Cantidad], [q1].[CotizacionId], [q1].[EstaActivo], [q1].[FechaActualizacionUtc], [q1].[FechaCreacionUtc], [q1].[MontoDescuento], [q1].[PrecioTotal], [q1].[PrecioUnitario], [q1].[ProductoId], [p].[Id] AS [Id0], [p].[AltoCm], [p].[AnchoCm], [p].[AnchoMm], [p].[Barcode], [p].[CantidadInventarioInicial], [p].[CantidadMinimaMayoreo], [p].[CategoriaId], [p].[CoberturaM2Caja], [p].[CoberturaPorUnidadM2], [p].[Descripcion], [p].[EspesorMm], [p].[EstaActivo] AS [EstaActivo0], [p].[FechaActualizacionUtc] AS [FechaActualizacionUtc0], [p].[FechaCreacionUtc] AS [FechaCreacionUtc0], [p].[ImagenUrl], [p].[LargoCm], [p].[LargoMm], [p].[Material], [p].[Nombre], [p].[PiezasPorCaja], [p].[PrecioMayoreo], [p].[PrecioUnitario] AS [PrecioUnitario0], [p].[Sku], [p].[SoloCotizacion], [p].[UnidadMedida], [p].[VisibleMasVendido]
    FROM [QuoteItems] AS [q1]
    INNER JOIN [Products] AS [p] ON [q1].[ProductoId] = [p].[Id]
) AS [s] ON [q0].[Id] = [s].[CotizacionId]
ORDER BY [q0].[FechaCreacionUtc] DESC, [q0].[Id], [c].[Id], [u].[Id], [s].[Id]
2026-08-07 21:05:41.178 -06:00 [INF] Executed endpoint 'Pos.Api.Controllers.v1.QuotesController.GetOptions (Pos.Api)'
2026-08-07 21:05:41.182 -06:00 [INF] Executing OkObjectResult, writing value of type 'System.Collections.Generic.List`1[[Pos.Application.Commercial.DTOs.QuoteDto, Pos.Application, Version=1.0.0.0, Culture=neutral, PublicKeyToken=null]]'.
2026-08-07 21:05:41.184 -06:00 [INF] Executed action Pos.Api.Controllers.v1.QuotesController.GetQuotes (Pos.Api) in 12.2431ms
2026-08-07 21:05:41.185 -06:00 [INF] Executed endpoint 'Pos.Api.Controllers.v1.QuotesController.GetQuotes (Pos.Api)'
2026-08-07 21:05:41.185 -06:00 [INF] Executed DbCommand (2ms) [Parameters=[@p0='?' (DbType = Guid), @p1='?' (Size = 100), @p2='?' (Size = 4000), @p3='?' (Size = 4000), @p4='?' (DbType = Boolean), @p5='?' (DbType = DateTime2), @p6='?' (DbType = DateTime2), @p7='?' (Size = 100), @p8='?' (Size = 4000), @p9='?' (Size = 4000), @p10='?' (DbType = Guid), @p11='?' (Size = 4000), @p12='?' (Size = 4000)], CommandType='"Text"', CommandTimeout='30']
SET IMPLICIT_TRANSACTIONS OFF;
SET NOCOUNT ON;
INSERT INTO [AuditLogs] ([Id], [Accion], [DireccionIp], [EntidadId], [EstaActivo], [FechaActualizacionUtc], [FechaCreacionUtc], [IdCorrelacion], [Motivo], [NombreEntidad], [UsuarioId], [ValoresAnterioresJson], [ValoresNuevosJson])
VALUES (@p0, @p1, @p2, @p3, @p4, @p5, @p6, @p7, @p8, @p9, @p10, @p11, @p12);
2026-08-07 21:05:41.190 -06:00 [INF] Executed DbCommand (1ms) [Parameters=[@p0='?' (DbType = Guid), @p1='?' (Size = 100), @p2='?' (Size = 4000), @p3='?' (Size = 4000), @p4='?' (DbType = Boolean), @p5='?' (DbType = DateTime2), @p6='?' (DbType = DateTime2), @p7='?' (Size = 100), @p8='?' (Size = 4000), @p9='?' (Size = 4000), @p10='?' (DbType = Guid), @p11='?' (Size = 4000), @p12='?' (Size = 4000)], CommandType='"Text"', CommandTimeout='30']
SET IMPLICIT_TRANSACTIONS OFF;
SET NOCOUNT ON;
INSERT INTO [AuditLogs] ([Id], [Accion], [DireccionIp], [EntidadId], [EstaActivo], [FechaActualizacionUtc], [FechaCreacionUtc], [IdCorrelacion], [Motivo], [NombreEntidad], [UsuarioId], [ValoresAnterioresJson], [ValoresNuevosJson])
VALUES (@p0, @p1, @p2, @p3, @p4, @p5, @p6, @p7, @p8, @p9, @p10, @p11, @p12);
2026-08-07 21:05:41.191 -06:00 [INF] [AUDITORIA WPC BAJIO] CorrelationId: b526b15a-9e57-43fe-b240-5ca9e48eb14d | Action: GET /api/v1/quotes/options | Entity: HttpRequest (200) | User: ebc8b858-2837-4bd5-93e1-8b4c1d0bd81b | IP: ::1 | Reason: HTTP Response StatusCode: 200 | OldValues: N/A | NewValues: N/A
2026-08-07 21:05:41.192 -06:00 [INF] [AUDITORIA WPC BAJIO] CorrelationId: 3631c55a-66fa-4e91-899c-1dbe1bc7bfd2 | Action: GET /api/v1/quotes | Entity: HttpRequest (200) | User: ebc8b858-2837-4bd5-93e1-8b4c1d0bd81b | IP: ::1 | Reason: HTTP Response StatusCode: 200 | OldValues: N/A | NewValues: N/A
2026-08-07 21:05:41.195 -06:00 [INF] Request finished HTTP/1.1 GET http://localhost:5000/api/v1/quotes/options - 200 null application/json; charset=utf-8 108.7856ms
2026-08-07 21:05:41.199 -06:00 [INF] Request finished HTTP/1.1 GET http://localhost:5000/api/v1/quotes - 200 null application/json; charset=utf-8 39.6994ms
2026-08-07 21:05:42.592 -06:00 [INF] Request starting HTTP/1.1 GET http://localhost:5000/api/v1/payments/pending-sales - application/json null
2026-08-07 21:05:42.596 -06:00 [INF] Executing endpoint 'Pos.Api.Controllers.v1.PaymentsController.GetPendingSales (Pos.Api)'
2026-08-07 21:05:42.596 -06:00 [INF] Request starting HTTP/1.1 GET http://localhost:5000/api/v1/returns/eligible-sales - application/json null
2026-08-07 21:05:42.596 -06:00 [INF] Request starting HTTP/1.1 GET http://localhost:5000/api/v1/returns - application/json null
2026-08-07 21:05:42.596 -06:00 [INF] Request starting HTTP/1.1 GET http://localhost:5000/api/v1/documents/templates - application/json null
2026-08-07 21:05:42.600 -06:00 [INF] Executing endpoint 'Pos.Api.Controllers.v1.ReturnsController.GetEligibleSales (Pos.Api)'
2026-08-07 21:05:42.600 -06:00 [INF] Route matched with {action = "GetPendingSales", controller = "Payments"}. Executing controller action with signature System.Threading.Tasks.Task`1[Microsoft.AspNetCore.Mvc.ActionResult`1[System.Collections.Generic.List`1[Pos.Application.Sales.DTOs.SaleDto]]] GetPendingSales(System.Threading.CancellationToken) on controller Pos.Api.Controllers.v1.PaymentsController (Pos.Api).
2026-08-07 21:05:42.602 -06:00 [INF] Executing endpoint 'Pos.Api.Controllers.v1.ReturnsController.GetReturns (Pos.Api)'
2026-08-07 21:05:42.606 -06:00 [INF] Executing endpoint 'Pos.Api.Controllers.v1.DocumentsController.GetTemplates (Pos.Api)'
2026-08-07 21:05:42.609 -06:00 [INF] Route matched with {action = "GetEligibleSales", controller = "Returns"}. Executing controller action with signature System.Threading.Tasks.Task`1[Microsoft.AspNetCore.Mvc.ActionResult`1[System.Collections.Generic.List`1[Pos.Application.Sales.DTOs.SaleDto]]] GetEligibleSales(System.Threading.CancellationToken) on controller Pos.Api.Controllers.v1.ReturnsController (Pos.Api).
2026-08-07 21:05:42.612 -06:00 [INF] Route matched with {action = "GetReturns", controller = "Returns"}. Executing controller action with signature System.Threading.Tasks.Task`1[Microsoft.AspNetCore.Mvc.ActionResult`1[System.Collections.Generic.List`1[Pos.Application.Commercial.DTOs.ReturnHeaderDto]]] GetReturns(System.Nullable`1[System.Guid], System.Threading.CancellationToken) on controller Pos.Api.Controllers.v1.ReturnsController (Pos.Api).
2026-08-07 21:05:42.613 -06:00 [INF] Route matched with {action = "GetTemplates", controller = "Documents"}. Executing controller action with signature System.Threading.Tasks.Task`1[Microsoft.AspNetCore.Mvc.ActionResult`1[System.Collections.Generic.List`1[Pos.Application.Commercial.DTOs.DocumentTemplateDto]]] GetTemplates(System.Threading.CancellationToken) on controller Pos.Api.Controllers.v1.DocumentsController (Pos.Api).
2026-08-07 21:05:42.628 -06:00 [INF] Executed DbCommand (17ms) [Parameters=[@__p_0='?' (DbType = Int32)], CommandType='"Text"', CommandTimeout='30']
SELECT [s0].[Id], [s0].[ClienteId], [s0].[EstaActivo], [s0].[Estado], [s0].[FechaActualizacionUtc], [s0].[FechaCreacionUtc], [s0].[MontoAnticipo], [s0].[MontoDescuento], [s0].[MontoEfectivo], [s0].[MontoIva], [s0].[MontoTarjeta], [s0].[MontoTotal], [s0].[MontoTransferencia], [s0].[Notas], [s0].[NumeroFolio], [s0].[SaldoPendiente], [s0].[SubTotal], [s0].[TipoPago], [s0].[UsuarioId], [c].[Id], [c].[Apellido], [c].[Ciudad], [c].[CodigoPostal], [c].[Direccion], [c].[Email], [c].[EstaActivo], [c].[Estado], [c].[FechaActualizacionUtc], [c].[FechaCreacionUtc], [c].[Nombre], [c].[NombreEmpresa], [c].[Notas], [c].[PorcentajeDescuentoEspecial], [c].[Rfc], [c].[Telefono], [c].[TipoCliente], [u].[Id], [u].[Email], [u].[EmpleadoId], [u].[EstaActivo], [u].[FechaActualizacionUtc], [u].[FechaCreacionUtc], [u].[NombreUsuario], [u].[PasswordHash], [s2].[Id], [s2].[Cantidad], [s2].[EstaActivo], [s2].[FechaActualizacionUtc], [s2].[FechaCreacionUtc], [s2].[MontoDescuento], [s2].[PrecioTotal], [s2].[PrecioUnitario], [s2].[ProductoId], [s2].[VentaId], [s2].[Id0], [s2].[AltoCm], [s2].[AnchoCm], [s2].[AnchoMm], [s2].[Barcode], [s2].[CantidadInventarioInicial], [s2].[CantidadMinimaMayoreo], [s2].[CategoriaId], [s2].[CoberturaM2Caja], [s2].[CoberturaPorUnidadM2], [s2].[Descripcion], [s2].[EspesorMm], [s2].[EstaActivo0], [s2].[FechaActualizacionUtc0], [s2].[FechaCreacionUtc0], [s2].[ImagenUrl], [s2].[LargoCm], [s2].[LargoMm], [s2].[Material], [s2].[Nombre], [s2].[PiezasPorCaja], [s2].[PrecioMayoreo], [s2].[PrecioUnitario0], [s2].[Sku], [s2].[SoloCotizacion], [s2].[UnidadMedida], [s2].[VisibleMasVendido]
FROM (
    SELECT TOP(@__p_0) [s].[Id], [s].[ClienteId], [s].[EstaActivo], [s].[Estado], [s].[FechaActualizacionUtc], [s].[FechaCreacionUtc], [s].[MontoAnticipo], [s].[MontoDescuento], [s].[MontoEfectivo], [s].[MontoIva], [s].[MontoTarjeta], [s].[MontoTotal], [s].[MontoTransferencia], [s].[Notas], [s].[NumeroFolio], [s].[SaldoPendiente], [s].[SubTotal], [s].[TipoPago], [s].[UsuarioId]
    FROM [Sales] AS [s]
    WHERE [s].[EstaActivo] = CAST(1 AS bit)
    ORDER BY [s].[FechaCreacionUtc] DESC
) AS [s0]
LEFT JOIN [Customers] AS [c] ON [s0].[ClienteId] = [c].[Id]
LEFT JOIN [Users] AS [u] ON [s0].[UsuarioId] = [u].[Id]
LEFT JOIN (
    SELECT [s1].[Id], [s1].[Cantidad], [s1].[EstaActivo], [s1].[FechaActualizacionUtc], [s1].[FechaCreacionUtc], [s1].[MontoDescuento], [s1].[PrecioTotal], [s1].[PrecioUnitario], [s1].[ProductoId], [s1].[VentaId], [p].[Id] AS [Id0], [p].[AltoCm], [p].[AnchoCm], [p].[AnchoMm], [p].[Barcode], [p].[CantidadInventarioInicial], [p].[CantidadMinimaMayoreo], [p].[CategoriaId], [p].[CoberturaM2Caja], [p].[CoberturaPorUnidadM2], [p].[Descripcion], [p].[EspesorMm], [p].[EstaActivo] AS [EstaActivo0], [p].[FechaActualizacionUtc] AS [FechaActualizacionUtc0], [p].[FechaCreacionUtc] AS [FechaCreacionUtc0], [p].[ImagenUrl], [p].[LargoCm], [p].[LargoMm], [p].[Material], [p].[Nombre], [p].[PiezasPorCaja], [p].[PrecioMayoreo], [p].[PrecioUnitario] AS [PrecioUnitario0], [p].[Sku], [p].[SoloCotizacion], [p].[UnidadMedida], [p].[VisibleMasVendido]
    FROM [SaleItems] AS [s1]
    INNER JOIN [Products] AS [p] ON [s1].[ProductoId] = [p].[Id]
) AS [s2] ON [s0].[Id] = [s2].[VentaId]
ORDER BY [s0].[FechaCreacionUtc] DESC, [s0].[Id], [c].[Id], [u].[Id], [s2].[Id]
2026-08-07 21:05:42.640 -06:00 [INF] Executed DbCommand (15ms) [Parameters=[], CommandType='"Text"', CommandTimeout='30']
SELECT [d].[Id], [d].[Categoria], [d].[ContenidoHtmlPlantilla], [d].[EstaActivo], [d].[FechaActualizacionUtc], [d].[FechaCreacionUtc], [d].[Titulo]
FROM [DocumentTemplates] AS [d]
WHERE [d].[EstaActivo] = CAST(1 AS bit)
ORDER BY [d].[Categoria], [d].[Titulo]
2026-08-07 21:05:42.640 -06:00 [INF] Executed DbCommand (26ms) [Parameters=[@__p_0='?' (DbType = Int32)], CommandType='"Text"', CommandTimeout='30']
SELECT [s0].[Id], [s0].[ClienteId], [s0].[EstaActivo], [s0].[Estado], [s0].[FechaActualizacionUtc], [s0].[FechaCreacionUtc], [s0].[MontoAnticipo], [s0].[MontoDescuento], [s0].[MontoEfectivo], [s0].[MontoIva], [s0].[MontoTarjeta], [s0].[MontoTotal], [s0].[MontoTransferencia], [s0].[Notas], [s0].[NumeroFolio], [s0].[SaldoPendiente], [s0].[SubTotal], [s0].[TipoPago], [s0].[UsuarioId], [c].[Id], [c].[Apellido], [c].[Ciudad], [c].[CodigoPostal], [c].[Direccion], [c].[Email], [c].[EstaActivo], [c].[Estado], [c].[FechaActualizacionUtc], [c].[FechaCreacionUtc], [c].[Nombre], [c].[NombreEmpresa], [c].[Notas], [c].[PorcentajeDescuentoEspecial], [c].[Rfc], [c].[Telefono], [c].[TipoCliente], [u].[Id], [u].[Email], [u].[EmpleadoId], [u].[EstaActivo], [u].[FechaActualizacionUtc], [u].[FechaCreacionUtc], [u].[NombreUsuario], [u].[PasswordHash], [s2].[Id], [s2].[Cantidad], [s2].[EstaActivo], [s2].[FechaActualizacionUtc], [s2].[FechaCreacionUtc], [s2].[MontoDescuento], [s2].[PrecioTotal], [s2].[PrecioUnitario], [s2].[ProductoId], [s2].[VentaId], [s2].[Id0], [s2].[AltoCm], [s2].[AnchoCm], [s2].[AnchoMm], [s2].[Barcode], [s2].[CantidadInventarioInicial], [s2].[CantidadMinimaMayoreo], [s2].[CategoriaId], [s2].[CoberturaM2Caja], [s2].[CoberturaPorUnidadM2], [s2].[Descripcion], [s2].[EspesorMm], [s2].[EstaActivo0], [s2].[FechaActualizacionUtc0], [s2].[FechaCreacionUtc0], [s2].[ImagenUrl], [s2].[LargoCm], [s2].[LargoMm], [s2].[Material], [s2].[Nombre], [s2].[PiezasPorCaja], [s2].[PrecioMayoreo], [s2].[PrecioUnitario0], [s2].[Sku], [s2].[SoloCotizacion], [s2].[UnidadMedida], [s2].[VisibleMasVendido]
FROM (
    SELECT TOP(@__p_0) [s].[Id], [s].[ClienteId], [s].[EstaActivo], [s].[Estado], [s].[FechaActualizacionUtc], [s].[FechaCreacionUtc], [s].[MontoAnticipo], [s].[MontoDescuento], [s].[MontoEfectivo], [s].[MontoIva], [s].[MontoTarjeta], [s].[MontoTotal], [s].[MontoTransferencia], [s].[Notas], [s].[NumeroFolio], [s].[SaldoPendiente], [s].[SubTotal], [s].[TipoPago], [s].[UsuarioId]
    FROM [Sales] AS [s]
    WHERE [s].[EstaActivo] = CAST(1 AS bit)
    ORDER BY [s].[FechaCreacionUtc] DESC
) AS [s0]
LEFT JOIN [Customers] AS [c] ON [s0].[ClienteId] = [c].[Id]
LEFT JOIN [Users] AS [u] ON [s0].[UsuarioId] = [u].[Id]
LEFT JOIN (
    SELECT [s1].[Id], [s1].[Cantidad], [s1].[EstaActivo], [s1].[FechaActualizacionUtc], [s1].[FechaCreacionUtc], [s1].[MontoDescuento], [s1].[PrecioTotal], [s1].[PrecioUnitario], [s1].[ProductoId], [s1].[VentaId], [p].[Id] AS [Id0], [p].[AltoCm], [p].[AnchoCm], [p].[AnchoMm], [p].[Barcode], [p].[CantidadInventarioInicial], [p].[CantidadMinimaMayoreo], [p].[CategoriaId], [p].[CoberturaM2Caja], [p].[CoberturaPorUnidadM2], [p].[Descripcion], [p].[EspesorMm], [p].[EstaActivo] AS [EstaActivo0], [p].[FechaActualizacionUtc] AS [FechaActualizacionUtc0], [p].[FechaCreacionUtc] AS [FechaCreacionUtc0], [p].[ImagenUrl], [p].[LargoCm], [p].[LargoMm], [p].[Material], [p].[Nombre], [p].[PiezasPorCaja], [p].[PrecioMayoreo], [p].[PrecioUnitario] AS [PrecioUnitario0], [p].[Sku], [p].[SoloCotizacion], [p].[UnidadMedida], [p].[VisibleMasVendido]
    FROM [SaleItems] AS [s1]
    INNER JOIN [Products] AS [p] ON [s1].[ProductoId] = [p].[Id]
) AS [s2] ON [s0].[Id] = [s2].[VentaId]
ORDER BY [s0].[FechaCreacionUtc] DESC, [s0].[Id], [c].[Id], [u].[Id], [s2].[Id]
2026-08-07 21:05:42.645 -06:00 [INF] Executing OkObjectResult, writing value of type 'System.Collections.Generic.List`1[[Pos.Application.Commercial.DTOs.DocumentTemplateDto, Pos.Application, Version=1.0.0.0, Culture=neutral, PublicKeyToken=null]]'.
2026-08-07 21:05:42.650 -06:00 [INF] Executed action Pos.Api.Controllers.v1.DocumentsController.GetTemplates (Pos.Api) in 34.4687ms
2026-08-07 21:05:42.652 -06:00 [INF] Executed endpoint 'Pos.Api.Controllers.v1.DocumentsController.GetTemplates (Pos.Api)'
2026-08-07 21:05:42.655 -06:00 [INF] Request starting HTTP/1.1 GET http://localhost:5000/api/v1/documents/templates - application/json null
2026-08-07 21:05:42.661 -06:00 [INF] Executing endpoint 'Pos.Api.Controllers.v1.DocumentsController.GetTemplates (Pos.Api)'
2026-08-07 21:05:42.661 -06:00 [INF] Executed DbCommand (5ms) [Parameters=[@p0='?' (DbType = Guid), @p1='?' (Size = 100), @p2='?' (Size = 4000), @p3='?' (Size = 4000), @p4='?' (DbType = Boolean), @p5='?' (DbType = DateTime2), @p6='?' (DbType = DateTime2), @p7='?' (Size = 100), @p8='?' (Size = 4000), @p9='?' (Size = 4000), @p10='?' (DbType = Guid), @p11='?' (Size = 4000), @p12='?' (Size = 4000)], CommandType='"Text"', CommandTimeout='30']
SET IMPLICIT_TRANSACTIONS OFF;
SET NOCOUNT ON;
INSERT INTO [AuditLogs] ([Id], [Accion], [DireccionIp], [EntidadId], [EstaActivo], [FechaActualizacionUtc], [FechaCreacionUtc], [IdCorrelacion], [Motivo], [NombreEntidad], [UsuarioId], [ValoresAnterioresJson], [ValoresNuevosJson])
VALUES (@p0, @p1, @p2, @p3, @p4, @p5, @p6, @p7, @p8, @p9, @p10, @p11, @p12);
2026-08-07 21:05:42.662 -06:00 [INF] Route matched with {action = "GetTemplates", controller = "Documents"}. Executing controller action with signature System.Threading.Tasks.Task`1[Microsoft.AspNetCore.Mvc.ActionResult`1[System.Collections.Generic.List`1[Pos.Application.Commercial.DTOs.DocumentTemplateDto]]] GetTemplates(System.Threading.CancellationToken) on controller Pos.Api.Controllers.v1.DocumentsController (Pos.Api).
2026-08-07 21:05:42.665 -06:00 [INF] Executed DbCommand (15ms) [Parameters=[@__p_0='?' (DbType = Int32)], CommandType='"Text"', CommandTimeout='30']
SELECT [r0].[Id], [r0].[EstaActivo], [r0].[Estado], [r0].[FechaActualizacionUtc], [r0].[FechaCreacionUtc], [r0].[FormaReembolso], [r0].[MontoAplicadoSaldoPendiente], [r0].[MontoReembolsado], [r0].[MontoTotalDevuelto], [r0].[Motivo], [r0].[NumeroDevolucion], [r0].[UsuarioId], [r0].[VentaId], [s].[Id], [s].[ClienteId], [s].[EstaActivo], [s].[Estado], [s].[FechaActualizacionUtc], [s].[FechaCreacionUtc], [s].[MontoAnticipo], [s].[MontoDescuento], [s].[MontoEfectivo], [s].[MontoIva], [s].[MontoTarjeta], [s].[MontoTotal], [s].[MontoTransferencia], [s].[Notas], [s].[NumeroFolio], [s].[SaldoPendiente], [s].[SubTotal], [s].[TipoPago], [s].[UsuarioId], [s0].[Id], [s0].[Cantidad], [s0].[DevolucionCabeceraId], [s0].[EstaActivo], [s0].[FechaActualizacionUtc], [s0].[FechaCreacionUtc], [s0].[PrecioTotalDevolucion], [s0].[PrecioUnitarioDevolucion], [s0].[ProductoId], [s0].[Id0], [s0].[AltoCm], [s0].[AnchoCm], [s0].[AnchoMm], [s0].[Barcode], [s0].[CantidadInventarioInicial], [s0].[CantidadMinimaMayoreo], [s0].[CategoriaId], [s0].[CoberturaM2Caja], [s0].[CoberturaPorUnidadM2], [s0].[Descripcion], [s0].[EspesorMm], [s0].[EstaActivo0], [s0].[FechaActualizacionUtc0], [s0].[FechaCreacionUtc0], [s0].[ImagenUrl], [s0].[LargoCm], [s0].[LargoMm], [s0].[Material], [s0].[Nombre], [s0].[PiezasPorCaja], [s0].[PrecioMayoreo], [s0].[PrecioUnitario], [s0].[Sku], [s0].[SoloCotizacion], [s0].[UnidadMedida], [s0].[VisibleMasVendido]
FROM (
    SELECT TOP(@__p_0) [r].[Id], [r].[EstaActivo], [r].[Estado], [r].[FechaActualizacionUtc], [r].[FechaCreacionUtc], [r].[FormaReembolso], [r].[MontoAplicadoSaldoPendiente], [r].[MontoReembolsado], [r].[MontoTotalDevuelto], [r].[Motivo], [r].[NumeroDevolucion], [r].[UsuarioId], [r].[VentaId]
    FROM [ReturnHeaders] AS [r]
    WHERE [r].[EstaActivo] = CAST(1 AS bit)
    ORDER BY [r].[FechaCreacionUtc] DESC
) AS [r0]
INNER JOIN [Sales] AS [s] ON [r0].[VentaId] = [s].[Id]
LEFT JOIN (
    SELECT [r1].[Id], [r1].[Cantidad], [r1].[DevolucionCabeceraId], [r1].[EstaActivo], [r1].[FechaActualizacionUtc], [r1].[FechaCreacionUtc], [r1].[PrecioTotalDevolucion], [r1].[PrecioUnitarioDevolucion], [r1].[ProductoId], [p].[Id] AS [Id0], [p].[AltoCm], [p].[AnchoCm], [p].[AnchoMm], [p].[Barcode], [p].[CantidadInventarioInicial], [p].[CantidadMinimaMayoreo], [p].[CategoriaId], [p].[CoberturaM2Caja], [p].[CoberturaPorUnidadM2], [p].[Descripcion], [p].[EspesorMm], [p].[EstaActivo] AS [EstaActivo0], [p].[FechaActualizacionUtc] AS [FechaActualizacionUtc0], [p].[FechaCreacionUtc] AS [FechaCreacionUtc0], [p].[ImagenUrl], [p].[LargoCm], [p].[LargoMm], [p].[Material], [p].[Nombre], [p].[PiezasPorCaja], [p].[PrecioMayoreo], [p].[PrecioUnitario], [p].[Sku], [p].[SoloCotizacion], [p].[UnidadMedida], [p].[VisibleMasVendido]
    FROM [ReturnItems] AS [r1]
    INNER JOIN [Products] AS [p] ON [r1].[ProductoId] = [p].[Id]
) AS [s0] ON [r0].[Id] = [s0].[DevolucionCabeceraId]
ORDER BY [r0].[FechaCreacionUtc] DESC, [r0].[Id], [s].[Id], [s0].[Id]
2026-08-07 21:05:42.666 -06:00 [INF] [AUDITORIA WPC BAJIO] CorrelationId: c7807a31-8f58-4afe-93ee-e7ee0ddd5099 | Action: GET /api/v1/documents/templates | Entity: HttpRequest (200) | User: ebc8b858-2837-4bd5-93e1-8b4c1d0bd81b | IP: ::1 | Reason: HTTP Response StatusCode: 200 | OldValues: N/A | NewValues: N/A
2026-08-07 21:05:42.670 -06:00 [INF] Executed DbCommand (1ms) [Parameters=[], CommandType='"Text"', CommandTimeout='30']
SELECT [d].[Id], [d].[Categoria], [d].[ContenidoHtmlPlantilla], [d].[EstaActivo], [d].[FechaActualizacionUtc], [d].[FechaCreacionUtc], [d].[Titulo]
FROM [DocumentTemplates] AS [d]
WHERE [d].[EstaActivo] = CAST(1 AS bit)
ORDER BY [d].[Categoria], [d].[Titulo]
2026-08-07 21:05:42.672 -06:00 [INF] Executing OkObjectResult, writing value of type 'System.Collections.Generic.List`1[[Pos.Application.Commercial.DTOs.ReturnHeaderDto, Pos.Application, Version=1.0.0.0, Culture=neutral, PublicKeyToken=null]]'.
2026-08-07 21:05:42.676 -06:00 [INF] Request finished HTTP/1.1 GET http://localhost:5000/api/v1/documents/templates - 200 null application/json; charset=utf-8 79.6502ms
2026-08-07 21:05:42.679 -06:00 [INF] Executing OkObjectResult, writing value of type 'System.Collections.Generic.List`1[[Pos.Application.Commercial.DTOs.DocumentTemplateDto, Pos.Application, Version=1.0.0.0, Culture=neutral, PublicKeyToken=null]]'.
2026-08-07 21:05:42.682 -06:00 [INF] Executed action Pos.Api.Controllers.v1.ReturnsController.GetReturns (Pos.Api) in 68.2755ms
2026-08-07 21:05:42.685 -06:00 [INF] Executed action Pos.Api.Controllers.v1.DocumentsController.GetTemplates (Pos.Api) in 18.3723ms
2026-08-07 21:05:42.693 -06:00 [INF] Executed endpoint 'Pos.Api.Controllers.v1.DocumentsController.GetTemplates (Pos.Api)'
2026-08-07 21:05:42.688 -06:00 [INF] Executed endpoint 'Pos.Api.Controllers.v1.ReturnsController.GetReturns (Pos.Api)'
2026-08-07 21:05:42.688 -06:00 [INF] Request starting HTTP/1.1 GET http://localhost:5000/api/v1/returns - application/json null
2026-08-07 21:05:42.697 -06:00 [INF] Executed DbCommand (1ms) [Parameters=[@p0='?' (DbType = Guid), @p1='?' (Size = 100), @p2='?' (Size = 4000), @p3='?' (Size = 4000), @p4='?' (DbType = Boolean), @p5='?' (DbType = DateTime2), @p6='?' (DbType = DateTime2), @p7='?' (Size = 100), @p8='?' (Size = 4000), @p9='?' (Size = 4000), @p10='?' (DbType = Guid), @p11='?' (Size = 4000), @p12='?' (Size = 4000)], CommandType='"Text"', CommandTimeout='30']
SET IMPLICIT_TRANSACTIONS OFF;
SET NOCOUNT ON;
INSERT INTO [AuditLogs] ([Id], [Accion], [DireccionIp], [EntidadId], [EstaActivo], [FechaActualizacionUtc], [FechaCreacionUtc], [IdCorrelacion], [Motivo], [NombreEntidad], [UsuarioId], [ValoresAnterioresJson], [ValoresNuevosJson])
VALUES (@p0, @p1, @p2, @p3, @p4, @p5, @p6, @p7, @p8, @p9, @p10, @p11, @p12);
2026-08-07 21:05:42.698 -06:00 [INF] Executed DbCommand (2ms) [Parameters=[@p0='?' (DbType = Guid), @p1='?' (Size = 100), @p2='?' (Size = 4000), @p3='?' (Size = 4000), @p4='?' (DbType = Boolean), @p5='?' (DbType = DateTime2), @p6='?' (DbType = DateTime2), @p7='?' (Size = 100), @p8='?' (Size = 4000), @p9='?' (Size = 4000), @p10='?' (DbType = Guid), @p11='?' (Size = 4000), @p12='?' (Size = 4000)], CommandType='"Text"', CommandTimeout='30']
SET IMPLICIT_TRANSACTIONS OFF;
SET NOCOUNT ON;
INSERT INTO [AuditLogs] ([Id], [Accion], [DireccionIp], [EntidadId], [EstaActivo], [FechaActualizacionUtc], [FechaCreacionUtc], [IdCorrelacion], [Motivo], [NombreEntidad], [UsuarioId], [ValoresAnterioresJson], [ValoresNuevosJson])
VALUES (@p0, @p1, @p2, @p3, @p4, @p5, @p6, @p7, @p8, @p9, @p10, @p11, @p12);
2026-08-07 21:05:42.699 -06:00 [INF] Executing endpoint 'Pos.Api.Controllers.v1.ReturnsController.GetReturns (Pos.Api)'
2026-08-07 21:05:42.704 -06:00 [INF] Executing OkObjectResult, writing value of type 'System.Collections.Generic.List`1[[Pos.Application.Sales.DTOs.SaleDto, Pos.Application, Version=1.0.0.0, Culture=neutral, PublicKeyToken=null]]'.
2026-08-07 21:05:42.703 -06:00 [INF] [AUDITORIA WPC BAJIO] CorrelationId: 1b471b84-cd91-4496-880a-3ccd4230e724 | Action: GET /api/v1/returns | Entity: HttpRequest (200) | User: ebc8b858-2837-4bd5-93e1-8b4c1d0bd81b | IP: ::1 | Reason: HTTP Response StatusCode: 200 | OldValues: N/A | NewValues: N/A
2026-08-07 21:05:42.701 -06:00 [INF] [AUDITORIA WPC BAJIO] CorrelationId: ae8661ec-01eb-46c2-8775-138080def5be | Action: GET /api/v1/documents/templates | Entity: HttpRequest (200) | User: ebc8b858-2837-4bd5-93e1-8b4c1d0bd81b | IP: ::1 | Reason: HTTP Response StatusCode: 200 | OldValues: N/A | NewValues: N/A
2026-08-07 21:05:42.704 -06:00 [INF] Route matched with {action = "GetReturns", controller = "Returns"}. Executing controller action with signature System.Threading.Tasks.Task`1[Microsoft.AspNetCore.Mvc.ActionResult`1[System.Collections.Generic.List`1[Pos.Application.Commercial.DTOs.ReturnHeaderDto]]] GetReturns(System.Nullable`1[System.Guid], System.Threading.CancellationToken) on controller Pos.Api.Controllers.v1.ReturnsController (Pos.Api).
2026-08-07 21:05:42.706 -06:00 [INF] Executed action Pos.Api.Controllers.v1.PaymentsController.GetPendingSales (Pos.Api) in 97.4536ms
2026-08-07 21:05:42.718 -06:00 [INF] Request finished HTTP/1.1 GET http://localhost:5000/api/v1/returns - 200 null application/json; charset=utf-8 122.071ms
2026-08-07 21:05:42.719 -06:00 [INF] Request starting HTTP/1.1 GET http://localhost:5000/api/v1/payments/pending-sales - application/json null
2026-08-07 21:05:42.722 -06:00 [INF] Request finished HTTP/1.1 GET http://localhost:5000/api/v1/documents/templates - 200 null application/json; charset=utf-8 66.1892ms
2026-08-07 21:05:42.722 -06:00 [INF] Executing OkObjectResult, writing value of type 'System.Collections.Generic.List`1[[Pos.Application.Sales.DTOs.SaleDto, Pos.Application, Version=1.0.0.0, Culture=neutral, PublicKeyToken=null]]'.
2026-08-07 21:05:42.724 -06:00 [INF] Executed endpoint 'Pos.Api.Controllers.v1.PaymentsController.GetPendingSales (Pos.Api)'
2026-08-07 21:05:42.725 -06:00 [INF] Executed DbCommand (1ms) [Parameters=[@__p_0='?' (DbType = Int32)], CommandType='"Text"', CommandTimeout='30']
SELECT [r0].[Id], [r0].[EstaActivo], [r0].[Estado], [r0].[FechaActualizacionUtc], [r0].[FechaCreacionUtc], [r0].[FormaReembolso], [r0].[MontoAplicadoSaldoPendiente], [r0].[MontoReembolsado], [r0].[MontoTotalDevuelto], [r0].[Motivo], [r0].[NumeroDevolucion], [r0].[UsuarioId], [r0].[VentaId], [s].[Id], [s].[ClienteId], [s].[EstaActivo], [s].[Estado], [s].[FechaActualizacionUtc], [s].[FechaCreacionUtc], [s].[MontoAnticipo], [s].[MontoDescuento], [s].[MontoEfectivo], [s].[MontoIva], [s].[MontoTarjeta], [s].[MontoTotal], [s].[MontoTransferencia], [s].[Notas], [s].[NumeroFolio], [s].[SaldoPendiente], [s].[SubTotal], [s].[TipoPago], [s].[UsuarioId], [s0].[Id], [s0].[Cantidad], [s0].[DevolucionCabeceraId], [s0].[EstaActivo], [s0].[FechaActualizacionUtc], [s0].[FechaCreacionUtc], [s0].[PrecioTotalDevolucion], [s0].[PrecioUnitarioDevolucion], [s0].[ProductoId], [s0].[Id0], [s0].[AltoCm], [s0].[AnchoCm], [s0].[AnchoMm], [s0].[Barcode], [s0].[CantidadInventarioInicial], [s0].[CantidadMinimaMayoreo], [s0].[CategoriaId], [s0].[CoberturaM2Caja], [s0].[CoberturaPorUnidadM2], [s0].[Descripcion], [s0].[EspesorMm], [s0].[EstaActivo0], [s0].[FechaActualizacionUtc0], [s0].[FechaCreacionUtc0], [s0].[ImagenUrl], [s0].[LargoCm], [s0].[LargoMm], [s0].[Material], [s0].[Nombre], [s0].[PiezasPorCaja], [s0].[PrecioMayoreo], [s0].[PrecioUnitario], [s0].[Sku], [s0].[SoloCotizacion], [s0].[UnidadMedida], [s0].[VisibleMasVendido]
FROM (
    SELECT TOP(@__p_0) [r].[Id], [r].[EstaActivo], [r].[Estado], [r].[FechaActualizacionUtc], [r].[FechaCreacionUtc], [r].[FormaReembolso], [r].[MontoAplicadoSaldoPendiente], [r].[MontoReembolsado], [r].[MontoTotalDevuelto], [r].[Motivo], [r].[NumeroDevolucion], [r].[UsuarioId], [r].[VentaId]
    FROM [ReturnHeaders] AS [r]
    WHERE [r].[EstaActivo] = CAST(1 AS bit)
    ORDER BY [r].[FechaCreacionUtc] DESC
) AS [r0]
INNER JOIN [Sales] AS [s] ON [r0].[VentaId] = [s].[Id]
LEFT JOIN (
    SELECT [r1].[Id], [r1].[Cantidad], [r1].[DevolucionCabeceraId], [r1].[EstaActivo], [r1].[FechaActualizacionUtc], [r1].[FechaCreacionUtc], [r1].[PrecioTotalDevolucion], [r1].[PrecioUnitarioDevolucion], [r1].[ProductoId], [p].[Id] AS [Id0], [p].[AltoCm], [p].[AnchoCm], [p].[AnchoMm], [p].[Barcode], [p].[CantidadInventarioInicial], [p].[CantidadMinimaMayoreo], [p].[CategoriaId], [p].[CoberturaM2Caja], [p].[CoberturaPorUnidadM2], [p].[Descripcion], [p].[EspesorMm], [p].[EstaActivo] AS [EstaActivo0], [p].[FechaActualizacionUtc] AS [FechaActualizacionUtc0], [p].[FechaCreacionUtc] AS [FechaCreacionUtc0], [p].[ImagenUrl], [p].[LargoCm], [p].[LargoMm], [p].[Material], [p].[Nombre], [p].[PiezasPorCaja], [p].[PrecioMayoreo], [p].[PrecioUnitario], [p].[Sku], [p].[SoloCotizacion], [p].[UnidadMedida], [p].[VisibleMasVendido]
    FROM [ReturnItems] AS [r1]
    INNER JOIN [Products] AS [p] ON [r1].[ProductoId] = [p].[Id]
) AS [s0] ON [r0].[Id] = [s0].[DevolucionCabeceraId]
ORDER BY [r0].[FechaCreacionUtc] DESC, [r0].[Id], [s].[Id], [s0].[Id]
2026-08-07 21:05:42.730 -06:00 [INF] Executing endpoint 'Pos.Api.Controllers.v1.PaymentsController.GetPendingSales (Pos.Api)'
2026-08-07 21:05:42.737 -06:00 [INF] Executed DbCommand (1ms) [Parameters=[@p0='?' (DbType = Guid), @p1='?' (Size = 100), @p2='?' (Size = 4000), @p3='?' (Size = 4000), @p4='?' (DbType = Boolean), @p5='?' (DbType = DateTime2), @p6='?' (DbType = DateTime2), @p7='?' (Size = 100), @p8='?' (Size = 4000), @p9='?' (Size = 4000), @p10='?' (DbType = Guid), @p11='?' (Size = 4000), @p12='?' (Size = 4000)], CommandType='"Text"', CommandTimeout='30']
SET IMPLICIT_TRANSACTIONS OFF;
SET NOCOUNT ON;
INSERT INTO [AuditLogs] ([Id], [Accion], [DireccionIp], [EntidadId], [EstaActivo], [FechaActualizacionUtc], [FechaCreacionUtc], [IdCorrelacion], [Motivo], [NombreEntidad], [UsuarioId], [ValoresAnterioresJson], [ValoresNuevosJson])
VALUES (@p0, @p1, @p2, @p3, @p4, @p5, @p6, @p7, @p8, @p9, @p10, @p11, @p12);
2026-08-07 21:05:42.733 -06:00 [INF] Executed action Pos.Api.Controllers.v1.ReturnsController.GetEligibleSales (Pos.Api) in 121.1654ms
2026-08-07 21:05:42.747 -06:00 [INF] Executed endpoint 'Pos.Api.Controllers.v1.ReturnsController.GetEligibleSales (Pos.Api)'
2026-08-07 21:05:42.738 -06:00 [INF] Executing OkObjectResult, writing value of type 'System.Collections.Generic.List`1[[Pos.Application.Commercial.DTOs.ReturnHeaderDto, Pos.Application, Version=1.0.0.0, Culture=neutral, PublicKeyToken=null]]'.
2026-08-07 21:05:42.739 -06:00 [INF] Route matched with {action = "GetPendingSales", controller = "Payments"}. Executing controller action with signature System.Threading.Tasks.Task`1[Microsoft.AspNetCore.Mvc.ActionResult`1[System.Collections.Generic.List`1[Pos.Application.Sales.DTOs.SaleDto]]] GetPendingSales(System.Threading.CancellationToken) on controller Pos.Api.Controllers.v1.PaymentsController (Pos.Api).
2026-08-07 21:05:42.745 -06:00 [INF] [AUDITORIA WPC BAJIO] CorrelationId: b71c4492-e6f8-4456-a1ec-2ed88428334d | Action: GET /api/v1/payments/pending-sales | Entity: HttpRequest (200) | User: ebc8b858-2837-4bd5-93e1-8b4c1d0bd81b | IP: ::1 | Reason: HTTP Response StatusCode: 200 | OldValues: N/A | NewValues: N/A
2026-08-07 21:05:42.738 -06:00 [INF] Request starting HTTP/1.1 GET http://localhost:5000/api/v1/returns/eligible-sales - application/json null
2026-08-07 21:05:42.757 -06:00 [INF] Executed DbCommand (5ms) [Parameters=[@p0='?' (DbType = Guid), @p1='?' (Size = 100), @p2='?' (Size = 4000), @p3='?' (Size = 4000), @p4='?' (DbType = Boolean), @p5='?' (DbType = DateTime2), @p6='?' (DbType = DateTime2), @p7='?' (Size = 100), @p8='?' (Size = 4000), @p9='?' (Size = 4000), @p10='?' (DbType = Guid), @p11='?' (Size = 4000), @p12='?' (Size = 4000)], CommandType='"Text"', CommandTimeout='30']
SET IMPLICIT_TRANSACTIONS OFF;
SET NOCOUNT ON;
INSERT INTO [AuditLogs] ([Id], [Accion], [DireccionIp], [EntidadId], [EstaActivo], [FechaActualizacionUtc], [FechaCreacionUtc], [IdCorrelacion], [Motivo], [NombreEntidad], [UsuarioId], [ValoresAnterioresJson], [ValoresNuevosJson])
VALUES (@p0, @p1, @p2, @p3, @p4, @p5, @p6, @p7, @p8, @p9, @p10, @p11, @p12);
2026-08-07 21:05:42.757 -06:00 [INF] Executed action Pos.Api.Controllers.v1.ReturnsController.GetReturns (Pos.Api) in 33.8055ms
2026-08-07 21:05:42.761 -06:00 [INF] Executed DbCommand (1ms) [Parameters=[@__p_0='?' (DbType = Int32)], CommandType='"Text"', CommandTimeout='30']
SELECT [s0].[Id], [s0].[ClienteId], [s0].[EstaActivo], [s0].[Estado], [s0].[FechaActualizacionUtc], [s0].[FechaCreacionUtc], [s0].[MontoAnticipo], [s0].[MontoDescuento], [s0].[MontoEfectivo], [s0].[MontoIva], [s0].[MontoTarjeta], [s0].[MontoTotal], [s0].[MontoTransferencia], [s0].[Notas], [s0].[NumeroFolio], [s0].[SaldoPendiente], [s0].[SubTotal], [s0].[TipoPago], [s0].[UsuarioId], [c].[Id], [c].[Apellido], [c].[Ciudad], [c].[CodigoPostal], [c].[Direccion], [c].[Email], [c].[EstaActivo], [c].[Estado], [c].[FechaActualizacionUtc], [c].[FechaCreacionUtc], [c].[Nombre], [c].[NombreEmpresa], [c].[Notas], [c].[PorcentajeDescuentoEspecial], [c].[Rfc], [c].[Telefono], [c].[TipoCliente], [u].[Id], [u].[Email], [u].[EmpleadoId], [u].[EstaActivo], [u].[FechaActualizacionUtc], [u].[FechaCreacionUtc], [u].[NombreUsuario], [u].[PasswordHash], [s2].[Id], [s2].[Cantidad], [s2].[EstaActivo], [s2].[FechaActualizacionUtc], [s2].[FechaCreacionUtc], [s2].[MontoDescuento], [s2].[PrecioTotal], [s2].[PrecioUnitario], [s2].[ProductoId], [s2].[VentaId], [s2].[Id0], [s2].[AltoCm], [s2].[AnchoCm], [s2].[AnchoMm], [s2].[Barcode], [s2].[CantidadInventarioInicial], [s2].[CantidadMinimaMayoreo], [s2].[CategoriaId], [s2].[CoberturaM2Caja], [s2].[CoberturaPorUnidadM2], [s2].[Descripcion], [s2].[EspesorMm], [s2].[EstaActivo0], [s2].[FechaActualizacionUtc0], [s2].[FechaCreacionUtc0], [s2].[ImagenUrl], [s2].[LargoCm], [s2].[LargoMm], [s2].[Material], [s2].[Nombre], [s2].[PiezasPorCaja], [s2].[PrecioMayoreo], [s2].[PrecioUnitario0], [s2].[Sku], [s2].[SoloCotizacion], [s2].[UnidadMedida], [s2].[VisibleMasVendido]
FROM (
    SELECT TOP(@__p_0) [s].[Id], [s].[ClienteId], [s].[EstaActivo], [s].[Estado], [s].[FechaActualizacionUtc], [s].[FechaCreacionUtc], [s].[MontoAnticipo], [s].[MontoDescuento], [s].[MontoEfectivo], [s].[MontoIva], [s].[MontoTarjeta], [s].[MontoTotal], [s].[MontoTransferencia], [s].[Notas], [s].[NumeroFolio], [s].[SaldoPendiente], [s].[SubTotal], [s].[TipoPago], [s].[UsuarioId]
    FROM [Sales] AS [s]
    WHERE [s].[EstaActivo] = CAST(1 AS bit)
    ORDER BY [s].[FechaCreacionUtc] DESC
) AS [s0]
LEFT JOIN [Customers] AS [c] ON [s0].[ClienteId] = [c].[Id]
LEFT JOIN [Users] AS [u] ON [s0].[UsuarioId] = [u].[Id]
LEFT JOIN (
    SELECT [s1].[Id], [s1].[Cantidad], [s1].[EstaActivo], [s1].[FechaActualizacionUtc], [s1].[FechaCreacionUtc], [s1].[MontoDescuento], [s1].[PrecioTotal], [s1].[PrecioUnitario], [s1].[ProductoId], [s1].[VentaId], [p].[Id] AS [Id0], [p].[AltoCm], [p].[AnchoCm], [p].[AnchoMm], [p].[Barcode], [p].[CantidadInventarioInicial], [p].[CantidadMinimaMayoreo], [p].[CategoriaId], [p].[CoberturaM2Caja], [p].[CoberturaPorUnidadM2], [p].[Descripcion], [p].[EspesorMm], [p].[EstaActivo] AS [EstaActivo0], [p].[FechaActualizacionUtc] AS [FechaActualizacionUtc0], [p].[FechaCreacionUtc] AS [FechaCreacionUtc0], [p].[ImagenUrl], [p].[LargoCm], [p].[LargoMm], [p].[Material], [p].[Nombre], [p].[PiezasPorCaja], [p].[PrecioMayoreo], [p].[PrecioUnitario] AS [PrecioUnitario0], [p].[Sku], [p].[SoloCotizacion], [p].[UnidadMedida], [p].[VisibleMasVendido]
    FROM [SaleItems] AS [s1]
    INNER JOIN [Products] AS [p] ON [s1].[ProductoId] = [p].[Id]
) AS [s2] ON [s0].[Id] = [s2].[VentaId]
ORDER BY [s0].[FechaCreacionUtc] DESC, [s0].[Id], [c].[Id], [u].[Id], [s2].[Id]
2026-08-07 21:05:42.761 -06:00 [INF] Request finished HTTP/1.1 GET http://localhost:5000/api/v1/payments/pending-sales - 200 null application/json; charset=utf-8 169.2217ms
2026-08-07 21:05:42.764 -06:00 [INF] Executing endpoint 'Pos.Api.Controllers.v1.ReturnsController.GetEligibleSales (Pos.Api)'
2026-08-07 21:05:42.765 -06:00 [INF] [AUDITORIA WPC BAJIO] CorrelationId: f434f156-d79b-467e-b956-ce0f5bff5fd8 | Action: GET /api/v1/returns/eligible-sales | Entity: HttpRequest (200) | User: ebc8b858-2837-4bd5-93e1-8b4c1d0bd81b | IP: ::1 | Reason: HTTP Response StatusCode: 200 | OldValues: N/A | NewValues: N/A
2026-08-07 21:05:42.767 -06:00 [INF] Executed endpoint 'Pos.Api.Controllers.v1.ReturnsController.GetReturns (Pos.Api)'
2026-08-07 21:05:42.773 -06:00 [INF] Route matched with {action = "GetEligibleSales", controller = "Returns"}. Executing controller action with signature System.Threading.Tasks.Task`1[Microsoft.AspNetCore.Mvc.ActionResult`1[System.Collections.Generic.List`1[Pos.Application.Sales.DTOs.SaleDto]]] GetEligibleSales(System.Threading.CancellationToken) on controller Pos.Api.Controllers.v1.ReturnsController (Pos.Api).
2026-08-07 21:05:42.776 -06:00 [INF] Request finished HTTP/1.1 GET http://localhost:5000/api/v1/returns/eligible-sales - 200 null application/json; charset=utf-8 179.9745ms
2026-08-07 21:05:42.779 -06:00 [INF] Executed DbCommand (1ms) [Parameters=[@p0='?' (DbType = Guid), @p1='?' (Size = 100), @p2='?' (Size = 4000), @p3='?' (Size = 4000), @p4='?' (DbType = Boolean), @p5='?' (DbType = DateTime2), @p6='?' (DbType = DateTime2), @p7='?' (Size = 100), @p8='?' (Size = 4000), @p9='?' (Size = 4000), @p10='?' (DbType = Guid), @p11='?' (Size = 4000), @p12='?' (Size = 4000)], CommandType='"Text"', CommandTimeout='30']
SET IMPLICIT_TRANSACTIONS OFF;
SET NOCOUNT ON;
INSERT INTO [AuditLogs] ([Id], [Accion], [DireccionIp], [EntidadId], [EstaActivo], [FechaActualizacionUtc], [FechaCreacionUtc], [IdCorrelacion], [Motivo], [NombreEntidad], [UsuarioId], [ValoresAnterioresJson], [ValoresNuevosJson])
VALUES (@p0, @p1, @p2, @p3, @p4, @p5, @p6, @p7, @p8, @p9, @p10, @p11, @p12);
2026-08-07 21:05:42.786 -06:00 [INF] Executed DbCommand (5ms) [Parameters=[@__p_0='?' (DbType = Int32)], CommandType='"Text"', CommandTimeout='30']
SELECT [s0].[Id], [s0].[ClienteId], [s0].[EstaActivo], [s0].[Estado], [s0].[FechaActualizacionUtc], [s0].[FechaCreacionUtc], [s0].[MontoAnticipo], [s0].[MontoDescuento], [s0].[MontoEfectivo], [s0].[MontoIva], [s0].[MontoTarjeta], [s0].[MontoTotal], [s0].[MontoTransferencia], [s0].[Notas], [s0].[NumeroFolio], [s0].[SaldoPendiente], [s0].[SubTotal], [s0].[TipoPago], [s0].[UsuarioId], [c].[Id], [c].[Apellido], [c].[Ciudad], [c].[CodigoPostal], [c].[Direccion], [c].[Email], [c].[EstaActivo], [c].[Estado], [c].[FechaActualizacionUtc], [c].[FechaCreacionUtc], [c].[Nombre], [c].[NombreEmpresa], [c].[Notas], [c].[PorcentajeDescuentoEspecial], [c].[Rfc], [c].[Telefono], [c].[TipoCliente], [u].[Id], [u].[Email], [u].[EmpleadoId], [u].[EstaActivo], [u].[FechaActualizacionUtc], [u].[FechaCreacionUtc], [u].[NombreUsuario], [u].[PasswordHash], [s2].[Id], [s2].[Cantidad], [s2].[EstaActivo], [s2].[FechaActualizacionUtc], [s2].[FechaCreacionUtc], [s2].[MontoDescuento], [s2].[PrecioTotal], [s2].[PrecioUnitario], [s2].[ProductoId], [s2].[VentaId], [s2].[Id0], [s2].[AltoCm], [s2].[AnchoCm], [s2].[AnchoMm], [s2].[Barcode], [s2].[CantidadInventarioInicial], [s2].[CantidadMinimaMayoreo], [s2].[CategoriaId], [s2].[CoberturaM2Caja], [s2].[CoberturaPorUnidadM2], [s2].[Descripcion], [s2].[EspesorMm], [s2].[EstaActivo0], [s2].[FechaActualizacionUtc0], [s2].[FechaCreacionUtc0], [s2].[ImagenUrl], [s2].[LargoCm], [s2].[LargoMm], [s2].[Material], [s2].[Nombre], [s2].[PiezasPorCaja], [s2].[PrecioMayoreo], [s2].[PrecioUnitario0], [s2].[Sku], [s2].[SoloCotizacion], [s2].[UnidadMedida], [s2].[VisibleMasVendido]
FROM (
    SELECT TOP(@__p_0) [s].[Id], [s].[ClienteId], [s].[EstaActivo], [s].[Estado], [s].[FechaActualizacionUtc], [s].[FechaCreacionUtc], [s].[MontoAnticipo], [s].[MontoDescuento], [s].[MontoEfectivo], [s].[MontoIva], [s].[MontoTarjeta], [s].[MontoTotal], [s].[MontoTransferencia], [s].[Notas], [s].[NumeroFolio], [s].[SaldoPendiente], [s].[SubTotal], [s].[TipoPago], [s].[UsuarioId]
    FROM [Sales] AS [s]
    WHERE [s].[EstaActivo] = CAST(1 AS bit)
    ORDER BY [s].[FechaCreacionUtc] DESC
) AS [s0]
LEFT JOIN [Customers] AS [c] ON [s0].[ClienteId] = [c].[Id]
LEFT JOIN [Users] AS [u] ON [s0].[UsuarioId] = [u].[Id]
LEFT JOIN (
    SELECT [s1].[Id], [s1].[Cantidad], [s1].[EstaActivo], [s1].[FechaActualizacionUtc], [s1].[FechaCreacionUtc], [s1].[MontoDescuento], [s1].[PrecioTotal], [s1].[PrecioUnitario], [s1].[ProductoId], [s1].[VentaId], [p].[Id] AS [Id0], [p].[AltoCm], [p].[AnchoCm], [p].[AnchoMm], [p].[Barcode], [p].[CantidadInventarioInicial], [p].[CantidadMinimaMayoreo], [p].[CategoriaId], [p].[CoberturaM2Caja], [p].[CoberturaPorUnidadM2], [p].[Descripcion], [p].[EspesorMm], [p].[EstaActivo] AS [EstaActivo0], [p].[FechaActualizacionUtc] AS [FechaActualizacionUtc0], [p].[FechaCreacionUtc] AS [FechaCreacionUtc0], [p].[ImagenUrl], [p].[LargoCm], [p].[LargoMm], [p].[Material], [p].[Nombre], [p].[PiezasPorCaja], [p].[PrecioMayoreo], [p].[PrecioUnitario] AS [PrecioUnitario0], [p].[Sku], [p].[SoloCotizacion], [p].[UnidadMedida], [p].[VisibleMasVendido]
    FROM [SaleItems] AS [s1]
    INNER JOIN [Products] AS [p] ON [s1].[ProductoId] = [p].[Id]
) AS [s2] ON [s0].[Id] = [s2].[VentaId]
ORDER BY [s0].[FechaCreacionUtc] DESC, [s0].[Id], [c].[Id], [u].[Id], [s2].[Id]
2026-08-07 21:05:42.787 -06:00 [INF] [AUDITORIA WPC BAJIO] CorrelationId: 6adf8965-1f34-41ad-a74c-a5d6a777bc57 | Action: GET /api/v1/returns | Entity: HttpRequest (200) | User: ebc8b858-2837-4bd5-93e1-8b4c1d0bd81b | IP: ::1 | Reason: HTTP Response StatusCode: 200 | OldValues: N/A | NewValues: N/A
2026-08-07 21:05:42.793 -06:00 [INF] Request finished HTTP/1.1 GET http://localhost:5000/api/v1/returns - 200 null application/json; charset=utf-8 105.0246ms
2026-08-07 21:05:42.819 -06:00 [INF] Executing OkObjectResult, writing value of type 'System.Collections.Generic.List`1[[Pos.Application.Sales.DTOs.SaleDto, Pos.Application, Version=1.0.0.0, Culture=neutral, PublicKeyToken=null]]'.
2026-08-07 21:05:42.820 -06:00 [INF] Executed action Pos.Api.Controllers.v1.PaymentsController.GetPendingSales (Pos.Api) in 61.7033ms
2026-08-07 21:05:42.822 -06:00 [INF] Executed endpoint 'Pos.Api.Controllers.v1.PaymentsController.GetPendingSales (Pos.Api)'
2026-08-07 21:05:42.825 -06:00 [INF] Executed DbCommand (1ms) [Parameters=[@p0='?' (DbType = Guid), @p1='?' (Size = 100), @p2='?' (Size = 4000), @p3='?' (Size = 4000), @p4='?' (DbType = Boolean), @p5='?' (DbType = DateTime2), @p6='?' (DbType = DateTime2), @p7='?' (Size = 100), @p8='?' (Size = 4000), @p9='?' (Size = 4000), @p10='?' (DbType = Guid), @p11='?' (Size = 4000), @p12='?' (Size = 4000)], CommandType='"Text"', CommandTimeout='30']
SET IMPLICIT_TRANSACTIONS OFF;
SET NOCOUNT ON;
INSERT INTO [AuditLogs] ([Id], [Accion], [DireccionIp], [EntidadId], [EstaActivo], [FechaActualizacionUtc], [FechaCreacionUtc], [IdCorrelacion], [Motivo], [NombreEntidad], [UsuarioId], [ValoresAnterioresJson], [ValoresNuevosJson])
VALUES (@p0, @p1, @p2, @p3, @p4, @p5, @p6, @p7, @p8, @p9, @p10, @p11, @p12);
2026-08-07 21:05:42.831 -06:00 [INF] [AUDITORIA WPC BAJIO] CorrelationId: 97bde78b-74e1-4f18-bef4-e0561dc96535 | Action: GET /api/v1/payments/pending-sales | Entity: HttpRequest (200) | User: ebc8b858-2837-4bd5-93e1-8b4c1d0bd81b | IP: ::1 | Reason: HTTP Response StatusCode: 200 | OldValues: N/A | NewValues: N/A
2026-08-07 21:05:42.839 -06:00 [INF] Request finished HTTP/1.1 GET http://localhost:5000/api/v1/payments/pending-sales - 200 null application/json; charset=utf-8 119.9731ms
2026-08-07 21:05:42.846 -06:00 [INF] Executing OkObjectResult, writing value of type 'System.Collections.Generic.List`1[[Pos.Application.Sales.DTOs.SaleDto, Pos.Application, Version=1.0.0.0, Culture=neutral, PublicKeyToken=null]]'.
2026-08-07 21:05:42.847 -06:00 [INF] Executed action Pos.Api.Controllers.v1.ReturnsController.GetEligibleSales (Pos.Api) in 68.0173ms
2026-08-07 21:05:42.848 -06:00 [INF] Executed endpoint 'Pos.Api.Controllers.v1.ReturnsController.GetEligibleSales (Pos.Api)'
2026-08-07 21:05:42.852 -06:00 [INF] Executed DbCommand (1ms) [Parameters=[@p0='?' (DbType = Guid), @p1='?' (Size = 100), @p2='?' (Size = 4000), @p3='?' (Size = 4000), @p4='?' (DbType = Boolean), @p5='?' (DbType = DateTime2), @p6='?' (DbType = DateTime2), @p7='?' (Size = 100), @p8='?' (Size = 4000), @p9='?' (Size = 4000), @p10='?' (DbType = Guid), @p11='?' (Size = 4000), @p12='?' (Size = 4000)], CommandType='"Text"', CommandTimeout='30']
SET IMPLICIT_TRANSACTIONS OFF;
SET NOCOUNT ON;
INSERT INTO [AuditLogs] ([Id], [Accion], [DireccionIp], [EntidadId], [EstaActivo], [FechaActualizacionUtc], [FechaCreacionUtc], [IdCorrelacion], [Motivo], [NombreEntidad], [UsuarioId], [ValoresAnterioresJson], [ValoresNuevosJson])
VALUES (@p0, @p1, @p2, @p3, @p4, @p5, @p6, @p7, @p8, @p9, @p10, @p11, @p12);
2026-08-07 21:05:42.854 -06:00 [INF] [AUDITORIA WPC BAJIO] CorrelationId: c2787827-6fec-4a8a-82b6-4fb7fbac5e1a | Action: GET /api/v1/returns/eligible-sales | Entity: HttpRequest (200) | User: ebc8b858-2837-4bd5-93e1-8b4c1d0bd81b | IP: ::1 | Reason: HTTP Response StatusCode: 200 | OldValues: N/A | NewValues: N/A
2026-08-07 21:05:42.857 -06:00 [INF] Request finished HTTP/1.1 GET http://localhost:5000/api/v1/returns/eligible-sales - 200 null application/json; charset=utf-8 118.9309ms
2026-08-07 21:05:46.101 -06:00 [INF] Request starting HTTP/1.1 GET http://localhost:5000/api/v1/products? - application/json null
2026-08-07 21:05:46.101 -06:00 [INF] Request starting HTTP/1.1 GET http://localhost:5000/api/v1/categories - application/json null
2026-08-07 21:05:46.107 -06:00 [INF] Executing endpoint 'Pos.Api.Controllers.v1.ProductsController.GetProducts (Pos.Api)'
2026-08-07 21:05:46.109 -06:00 [INF] Executing endpoint 'Pos.Api.Controllers.v1.CategoriesController.GetCategories (Pos.Api)'
2026-08-07 21:05:46.110 -06:00 [INF] Route matched with {action = "GetProducts", controller = "Products"}. Executing controller action with signature System.Threading.Tasks.Task`1[Microsoft.AspNetCore.Mvc.ActionResult`1[System.Collections.Generic.List`1[Pos.Application.Catalog.DTOs.ProductDto]]] GetProducts(System.String, System.Nullable`1[System.Guid], System.Nullable`1[System.Boolean], System.Threading.CancellationToken) on controller Pos.Api.Controllers.v1.ProductsController (Pos.Api).
2026-08-07 21:05:46.114 -06:00 [INF] Route matched with {action = "GetCategories", controller = "Categories"}. Executing controller action with signature System.Threading.Tasks.Task`1[Microsoft.AspNetCore.Mvc.ActionResult`1[System.Collections.Generic.List`1[Pos.Application.Catalog.DTOs.CategoryDto]]] GetCategories(System.Threading.CancellationToken) on controller Pos.Api.Controllers.v1.CategoriesController (Pos.Api).
2026-08-07 21:05:46.122 -06:00 [INF] Executed DbCommand (7ms) [Parameters=[], CommandType='"Text"', CommandTimeout='30']
SELECT [p].[Id], [p].[AltoCm], [p].[AnchoCm], [p].[AnchoMm], [p].[Barcode], [p].[CantidadInventarioInicial], [p].[CantidadMinimaMayoreo], [p].[CategoriaId], [p].[CoberturaM2Caja], [p].[CoberturaPorUnidadM2], [p].[Descripcion], [p].[EspesorMm], [p].[EstaActivo], [p].[FechaActualizacionUtc], [p].[FechaCreacionUtc], [p].[ImagenUrl], [p].[LargoCm], [p].[LargoMm], [p].[Material], [p].[Nombre], [p].[PiezasPorCaja], [p].[PrecioMayoreo], [p].[PrecioUnitario], [p].[Sku], [p].[SoloCotizacion], [p].[UnidadMedida], [p].[VisibleMasVendido], [c].[Id], [c].[CategoriaPadreId], [c].[Descripcion], [c].[EstaActivo], [c].[FechaActualizacionUtc], [c].[FechaCreacionUtc], [c].[Nombre], [c].[Slug], [p0].[Id], [p0].[EsPrincipal], [p0].[EstaActivo], [p0].[FechaActualizacionUtc], [p0].[FechaCreacionUtc], [p0].[ProductoId], [p0].[UrlImagen]
FROM [Products] AS [p]
INNER JOIN [Categories] AS [c] ON [p].[CategoriaId] = [c].[Id]
LEFT JOIN [ProductImages] AS [p0] ON [p].[Id] = [p0].[ProductoId]
ORDER BY [p].[Id], [c].[Id]
2026-08-07 21:05:46.138 -06:00 [INF] Executed DbCommand (1ms) [Parameters=[@__productIds_0='?' (Size = 4000)], CommandType='"Text"', CommandTimeout='30']
SELECT [s].[Id], [s].[CantidadDisponible], [s].[CantidadReorden], [s].[EstaActivo], [s].[FechaActualizacionUtc], [s].[FechaCreacionUtc], [s].[ProductoId], [s].[Ubicacion], [s].[UmbralMinimoAlerta], [s].[VersionFila]
FROM [Stocks] AS [s]
WHERE [s].[ProductoId] IN (
    SELECT [p].[value]
    FROM OPENJSON(@__productIds_0) WITH ([value] uniqueidentifier '$') AS [p]
)
2026-08-07 21:05:46.141 -06:00 [INF] Executing OkObjectResult, writing value of type 'System.Collections.Generic.List`1[[Pos.Application.Catalog.DTOs.ProductDto, Pos.Application, Version=1.0.0.0, Culture=neutral, PublicKeyToken=null]]'.
2026-08-07 21:05:46.143 -06:00 [INF] Executed action Pos.Api.Controllers.v1.ProductsController.GetProducts (Pos.Api) in 29.9724ms
2026-08-07 21:05:46.145 -06:00 [INF] Executed endpoint 'Pos.Api.Controllers.v1.ProductsController.GetProducts (Pos.Api)'
2026-08-07 21:05:46.148 -06:00 [INF] Executed DbCommand (6ms) [Parameters=[], CommandType='"Text"', CommandTimeout='30']
SELECT [c].[Id], [c].[CategoriaPadreId], [c].[Descripcion], [c].[EstaActivo], [c].[FechaActualizacionUtc], [c].[FechaCreacionUtc], [c].[Nombre], [c].[Slug], [c0].[Id], [c0].[CategoriaPadreId], [c0].[Descripcion], [c0].[EstaActivo], [c0].[FechaActualizacionUtc], [c0].[FechaCreacionUtc], [c0].[Nombre], [c0].[Slug]
FROM [Categories] AS [c]
LEFT JOIN [Categories] AS [c0] ON [c].[Id] = [c0].[CategoriaPadreId]
WHERE [c].[CategoriaPadreId] IS NULL
ORDER BY [c].[Id]
2026-08-07 21:05:46.148 -06:00 [INF] Request starting HTTP/1.1 GET http://localhost:5000/api/v1/products? - application/json null
2026-08-07 21:05:46.153 -06:00 [INF] Executing endpoint 'Pos.Api.Controllers.v1.ProductsController.GetProducts (Pos.Api)'
2026-08-07 21:05:46.154 -06:00 [INF] Executed DbCommand (6ms) [Parameters=[@p0='?' (DbType = Guid), @p1='?' (Size = 100), @p2='?' (Size = 4000), @p3='?' (Size = 4000), @p4='?' (DbType = Boolean), @p5='?' (DbType = DateTime2), @p6='?' (DbType = DateTime2), @p7='?' (Size = 100), @p8='?' (Size = 4000), @p9='?' (Size = 4000), @p10='?' (DbType = Guid), @p11='?' (Size = 4000), @p12='?' (Size = 4000)], CommandType='"Text"', CommandTimeout='30']
SET IMPLICIT_TRANSACTIONS OFF;
SET NOCOUNT ON;
INSERT INTO [AuditLogs] ([Id], [Accion], [DireccionIp], [EntidadId], [EstaActivo], [FechaActualizacionUtc], [FechaCreacionUtc], [IdCorrelacion], [Motivo], [NombreEntidad], [UsuarioId], [ValoresAnterioresJson], [ValoresNuevosJson])
VALUES (@p0, @p1, @p2, @p3, @p4, @p5, @p6, @p7, @p8, @p9, @p10, @p11, @p12);
2026-08-07 21:05:46.154 -06:00 [INF] Route matched with {action = "GetProducts", controller = "Products"}. Executing controller action with signature System.Threading.Tasks.Task`1[Microsoft.AspNetCore.Mvc.ActionResult`1[System.Collections.Generic.List`1[Pos.Application.Catalog.DTOs.ProductDto]]] GetProducts(System.String, System.Nullable`1[System.Guid], System.Nullable`1[System.Boolean], System.Threading.CancellationToken) on controller Pos.Api.Controllers.v1.ProductsController (Pos.Api).
2026-08-07 21:05:46.156 -06:00 [INF] Executing OkObjectResult, writing value of type 'System.Collections.Generic.List`1[[Pos.Application.Catalog.DTOs.CategoryDto, Pos.Application, Version=1.0.0.0, Culture=neutral, PublicKeyToken=null]]'.
2026-08-07 21:05:46.157 -06:00 [INF] [AUDITORIA WPC BAJIO] CorrelationId: 26363a03-ef12-4e6d-8a64-ef04ebeac945 | Action: GET /api/v1/products | Entity: HttpRequest (200) | User: ebc8b858-2837-4bd5-93e1-8b4c1d0bd81b | IP: ::1 | Reason: HTTP Response StatusCode: 200 | OldValues: N/A | NewValues: N/A
2026-08-07 21:05:46.161 -06:00 [INF] Executed DbCommand (1ms) [Parameters=[], CommandType='"Text"', CommandTimeout='30']
SELECT [p].[Id], [p].[AltoCm], [p].[AnchoCm], [p].[AnchoMm], [p].[Barcode], [p].[CantidadInventarioInicial], [p].[CantidadMinimaMayoreo], [p].[CategoriaId], [p].[CoberturaM2Caja], [p].[CoberturaPorUnidadM2], [p].[Descripcion], [p].[EspesorMm], [p].[EstaActivo], [p].[FechaActualizacionUtc], [p].[FechaCreacionUtc], [p].[ImagenUrl], [p].[LargoCm], [p].[LargoMm], [p].[Material], [p].[Nombre], [p].[PiezasPorCaja], [p].[PrecioMayoreo], [p].[PrecioUnitario], [p].[Sku], [p].[SoloCotizacion], [p].[UnidadMedida], [p].[VisibleMasVendido], [c].[Id], [c].[CategoriaPadreId], [c].[Descripcion], [c].[EstaActivo], [c].[FechaActualizacionUtc], [c].[FechaCreacionUtc], [c].[Nombre], [c].[Slug], [p0].[Id], [p0].[EsPrincipal], [p0].[EstaActivo], [p0].[FechaActualizacionUtc], [p0].[FechaCreacionUtc], [p0].[ProductoId], [p0].[UrlImagen]
FROM [Products] AS [p]
INNER JOIN [Categories] AS [c] ON [p].[CategoriaId] = [c].[Id]
LEFT JOIN [ProductImages] AS [p0] ON [p].[Id] = [p0].[ProductoId]
ORDER BY [p].[Id], [c].[Id]
2026-08-07 21:05:46.163 -06:00 [INF] Executed action Pos.Api.Controllers.v1.CategoriesController.GetCategories (Pos.Api) in 38.4691ms
2026-08-07 21:05:46.163 -06:00 [INF] Request finished HTTP/1.1 GET http://localhost:5000/api/v1/products? - 200 null application/json; charset=utf-8 62.4561ms
2026-08-07 21:05:46.166 -06:00 [INF] Request starting HTTP/1.1 GET http://localhost:5000/api/v1/categories - application/json null
2026-08-07 21:05:46.167 -06:00 [INF] Executed endpoint 'Pos.Api.Controllers.v1.CategoriesController.GetCategories (Pos.Api)'
2026-08-07 21:05:46.173 -06:00 [INF] Executing endpoint 'Pos.Api.Controllers.v1.CategoriesController.GetCategories (Pos.Api)'
2026-08-07 21:05:46.174 -06:00 [INF] Route matched with {action = "GetCategories", controller = "Categories"}. Executing controller action with signature System.Threading.Tasks.Task`1[Microsoft.AspNetCore.Mvc.ActionResult`1[System.Collections.Generic.List`1[Pos.Application.Catalog.DTOs.CategoryDto]]] GetCategories(System.Threading.CancellationToken) on controller Pos.Api.Controllers.v1.CategoriesController (Pos.Api).
2026-08-07 21:05:46.174 -06:00 [INF] Executed DbCommand (1ms) [Parameters=[@__productIds_0='?' (Size = 4000)], CommandType='"Text"', CommandTimeout='30']
SELECT [s].[Id], [s].[CantidadDisponible], [s].[CantidadReorden], [s].[EstaActivo], [s].[FechaActualizacionUtc], [s].[FechaCreacionUtc], [s].[ProductoId], [s].[Ubicacion], [s].[UmbralMinimoAlerta], [s].[VersionFila]
FROM [Stocks] AS [s]
WHERE [s].[ProductoId] IN (
    SELECT [p].[value]
    FROM OPENJSON(@__productIds_0) WITH ([value] uniqueidentifier '$') AS [p]
)
2026-08-07 21:05:46.175 -06:00 [INF] Executed DbCommand (1ms) [Parameters=[@p0='?' (DbType = Guid), @p1='?' (Size = 100), @p2='?' (Size = 4000), @p3='?' (Size = 4000), @p4='?' (DbType = Boolean), @p5='?' (DbType = DateTime2), @p6='?' (DbType = DateTime2), @p7='?' (Size = 100), @p8='?' (Size = 4000), @p9='?' (Size = 4000), @p10='?' (DbType = Guid), @p11='?' (Size = 4000), @p12='?' (Size = 4000)], CommandType='"Text"', CommandTimeout='30']
SET IMPLICIT_TRANSACTIONS OFF;
SET NOCOUNT ON;
INSERT INTO [AuditLogs] ([Id], [Accion], [DireccionIp], [EntidadId], [EstaActivo], [FechaActualizacionUtc], [FechaCreacionUtc], [IdCorrelacion], [Motivo], [NombreEntidad], [UsuarioId], [ValoresAnterioresJson], [ValoresNuevosJson])
VALUES (@p0, @p1, @p2, @p3, @p4, @p5, @p6, @p7, @p8, @p9, @p10, @p11, @p12);
2026-08-07 21:05:46.178 -06:00 [INF] Executed DbCommand (1ms) [Parameters=[], CommandType='"Text"', CommandTimeout='30']
SELECT [c].[Id], [c].[CategoriaPadreId], [c].[Descripcion], [c].[EstaActivo], [c].[FechaActualizacionUtc], [c].[FechaCreacionUtc], [c].[Nombre], [c].[Slug], [c0].[Id], [c0].[CategoriaPadreId], [c0].[Descripcion], [c0].[EstaActivo], [c0].[FechaActualizacionUtc], [c0].[FechaCreacionUtc], [c0].[Nombre], [c0].[Slug]
FROM [Categories] AS [c]
LEFT JOIN [Categories] AS [c0] ON [c].[Id] = [c0].[CategoriaPadreId]
WHERE [c].[CategoriaPadreId] IS NULL
ORDER BY [c].[Id]
2026-08-07 21:05:46.179 -06:00 [INF] Executing OkObjectResult, writing value of type 'System.Collections.Generic.List`1[[Pos.Application.Catalog.DTOs.ProductDto, Pos.Application, Version=1.0.0.0, Culture=neutral, PublicKeyToken=null]]'.
2026-08-07 21:05:46.181 -06:00 [INF] [AUDITORIA WPC BAJIO] CorrelationId: 08a44feb-48e9-4c6e-8b0c-63c93380fe4f | Action: GET /api/v1/categories | Entity: HttpRequest (200) | User: ebc8b858-2837-4bd5-93e1-8b4c1d0bd81b | IP: ::1 | Reason: HTTP Response StatusCode: 200 | OldValues: N/A | NewValues: N/A
2026-08-07 21:05:46.183 -06:00 [INF] Executing OkObjectResult, writing value of type 'System.Collections.Generic.List`1[[Pos.Application.Catalog.DTOs.CategoryDto, Pos.Application, Version=1.0.0.0, Culture=neutral, PublicKeyToken=null]]'.
2026-08-07 21:05:46.185 -06:00 [INF] Executed action Pos.Api.Controllers.v1.ProductsController.GetProducts (Pos.Api) in 26.0142ms
2026-08-07 21:05:46.188 -06:00 [INF] Request finished HTTP/1.1 GET http://localhost:5000/api/v1/categories - 200 null application/json; charset=utf-8 86.573ms
2026-08-07 21:05:46.189 -06:00 [INF] Executed action Pos.Api.Controllers.v1.CategoriesController.GetCategories (Pos.Api) in 12.2276ms
2026-08-07 21:05:46.190 -06:00 [INF] Executed endpoint 'Pos.Api.Controllers.v1.ProductsController.GetProducts (Pos.Api)'
2026-08-07 21:05:46.195 -06:00 [INF] Executed endpoint 'Pos.Api.Controllers.v1.CategoriesController.GetCategories (Pos.Api)'
2026-08-07 21:05:46.198 -06:00 [INF] Executed DbCommand (1ms) [Parameters=[@p0='?' (DbType = Guid), @p1='?' (Size = 100), @p2='?' (Size = 4000), @p3='?' (Size = 4000), @p4='?' (DbType = Boolean), @p5='?' (DbType = DateTime2), @p6='?' (DbType = DateTime2), @p7='?' (Size = 100), @p8='?' (Size = 4000), @p9='?' (Size = 4000), @p10='?' (DbType = Guid), @p11='?' (Size = 4000), @p12='?' (Size = 4000)], CommandType='"Text"', CommandTimeout='30']
SET IMPLICIT_TRANSACTIONS OFF;
SET NOCOUNT ON;
INSERT INTO [AuditLogs] ([Id], [Accion], [DireccionIp], [EntidadId], [EstaActivo], [FechaActualizacionUtc], [FechaCreacionUtc], [IdCorrelacion], [Motivo], [NombreEntidad], [UsuarioId], [ValoresAnterioresJson], [ValoresNuevosJson])
VALUES (@p0, @p1, @p2, @p3, @p4, @p5, @p6, @p7, @p8, @p9, @p10, @p11, @p12);
2026-08-07 21:05:46.201 -06:00 [INF] [AUDITORIA WPC BAJIO] CorrelationId: 9d737665-fbfc-4ae5-9d3a-a9a05278a049 | Action: GET /api/v1/products | Entity: HttpRequest (200) | User: ebc8b858-2837-4bd5-93e1-8b4c1d0bd81b | IP: ::1 | Reason: HTTP Response StatusCode: 200 | OldValues: N/A | NewValues: N/A
2026-08-07 21:05:46.204 -06:00 [INF] Request finished HTTP/1.1 GET http://localhost:5000/api/v1/products? - 200 null application/json; charset=utf-8 55.5264ms
2026-08-07 21:05:46.208 -06:00 [INF] Executed DbCommand (11ms) [Parameters=[@p0='?' (DbType = Guid), @p1='?' (Size = 100), @p2='?' (Size = 4000), @p3='?' (Size = 4000), @p4='?' (DbType = Boolean), @p5='?' (DbType = DateTime2), @p6='?' (DbType = DateTime2), @p7='?' (Size = 100), @p8='?' (Size = 4000), @p9='?' (Size = 4000), @p10='?' (DbType = Guid), @p11='?' (Size = 4000), @p12='?' (Size = 4000)], CommandType='"Text"', CommandTimeout='30']
SET IMPLICIT_TRANSACTIONS OFF;
SET NOCOUNT ON;
INSERT INTO [AuditLogs] ([Id], [Accion], [DireccionIp], [EntidadId], [EstaActivo], [FechaActualizacionUtc], [FechaCreacionUtc], [IdCorrelacion], [Motivo], [NombreEntidad], [UsuarioId], [ValoresAnterioresJson], [ValoresNuevosJson])
VALUES (@p0, @p1, @p2, @p3, @p4, @p5, @p6, @p7, @p8, @p9, @p10, @p11, @p12);
2026-08-07 21:05:46.211 -06:00 [INF] [AUDITORIA WPC BAJIO] CorrelationId: c1012b12-175a-465e-99a7-6bde761cb165 | Action: GET /api/v1/categories | Entity: HttpRequest (200) | User: ebc8b858-2837-4bd5-93e1-8b4c1d0bd81b | IP: ::1 | Reason: HTTP Response StatusCode: 200 | OldValues: N/A | NewValues: N/A
2026-08-07 21:05:46.214 -06:00 [INF] Request finished HTTP/1.1 GET http://localhost:5000/api/v1/categories - 200 null application/json; charset=utf-8 48.0283ms
2026-08-07 21:05:59.681 -06:00 [INF] Request starting HTTP/1.1 GET http://localhost:5000/api/v1/inventory - application/json null
2026-08-07 21:05:59.685 -06:00 [INF] Executing endpoint 'Pos.Api.Controllers.v1.InventoryController.GetStockLevels (Pos.Api)'
2026-08-07 21:05:59.690 -06:00 [INF] Route matched with {action = "GetStockLevels", controller = "Inventory"}. Executing controller action with signature System.Threading.Tasks.Task`1[Microsoft.AspNetCore.Mvc.ActionResult`1[System.Collections.Generic.List`1[Pos.Application.Inventory.DTOs.StockDto]]] GetStockLevels(System.String, System.Nullable`1[System.Boolean], System.Threading.CancellationToken) on controller Pos.Api.Controllers.v1.InventoryController (Pos.Api).
2026-08-07 21:05:59.723 -06:00 [INF] Executed DbCommand (7ms) [Parameters=[], CommandType='"Text"', CommandTimeout='30']
SELECT [s].[Id], [s].[CantidadDisponible], [s].[CantidadReorden], [s].[EstaActivo], [s].[FechaActualizacionUtc], [s].[FechaCreacionUtc], [s].[ProductoId], [s].[Ubicacion], [s].[UmbralMinimoAlerta], [s].[VersionFila], [p].[Id], [p].[AltoCm], [p].[AnchoCm], [p].[AnchoMm], [p].[Barcode], [p].[CantidadInventarioInicial], [p].[CantidadMinimaMayoreo], [p].[CategoriaId], [p].[CoberturaM2Caja], [p].[CoberturaPorUnidadM2], [p].[Descripcion], [p].[EspesorMm], [p].[EstaActivo], [p].[FechaActualizacionUtc], [p].[FechaCreacionUtc], [p].[ImagenUrl], [p].[LargoCm], [p].[LargoMm], [p].[Material], [p].[Nombre], [p].[PiezasPorCaja], [p].[PrecioMayoreo], [p].[PrecioUnitario], [p].[Sku], [p].[SoloCotizacion], [p].[UnidadMedida], [p].[VisibleMasVendido], [c].[Id], [c].[CategoriaPadreId], [c].[Descripcion], [c].[EstaActivo], [c].[FechaActualizacionUtc], [c].[FechaCreacionUtc], [c].[Nombre], [c].[Slug]
FROM [Stocks] AS [s]
INNER JOIN [Products] AS [p] ON [s].[ProductoId] = [p].[Id]
INNER JOIN [Categories] AS [c] ON [p].[CategoriaId] = [c].[Id]
WHERE [p].[EstaActivo] = CAST(1 AS bit)
2026-08-07 21:06:00.042 -06:00 [INF] Executing OkObjectResult, writing value of type 'System.Collections.Generic.List`1[[Pos.Application.Inventory.DTOs.StockDto, Pos.Application, Version=1.0.0.0, Culture=neutral, PublicKeyToken=null]]'.
2026-08-07 21:06:00.048 -06:00 [INF] Executed action Pos.Api.Controllers.v1.InventoryController.GetStockLevels (Pos.Api) in 355.4331ms
2026-08-07 21:06:00.050 -06:00 [INF] Executed endpoint 'Pos.Api.Controllers.v1.InventoryController.GetStockLevels (Pos.Api)'
2026-08-07 21:06:00.057 -06:00 [INF] Request starting HTTP/1.1 GET http://localhost:5000/api/v1/inventory - application/json null
2026-08-07 21:06:00.065 -06:00 [INF] Executing endpoint 'Pos.Api.Controllers.v1.InventoryController.GetStockLevels (Pos.Api)'
2026-08-07 21:06:00.067 -06:00 [INF] Route matched with {action = "GetStockLevels", controller = "Inventory"}. Executing controller action with signature System.Threading.Tasks.Task`1[Microsoft.AspNetCore.Mvc.ActionResult`1[System.Collections.Generic.List`1[Pos.Application.Inventory.DTOs.StockDto]]] GetStockLevels(System.String, System.Nullable`1[System.Boolean], System.Threading.CancellationToken) on controller Pos.Api.Controllers.v1.InventoryController (Pos.Api).
2026-08-07 21:06:00.129 -06:00 [INF] Executed DbCommand (74ms) [Parameters=[@p0='?' (DbType = Guid), @p1='?' (Size = 100), @p2='?' (Size = 4000), @p3='?' (Size = 4000), @p4='?' (DbType = Boolean), @p5='?' (DbType = DateTime2), @p6='?' (DbType = DateTime2), @p7='?' (Size = 100), @p8='?' (Size = 4000), @p9='?' (Size = 4000), @p10='?' (DbType = Guid), @p11='?' (Size = 4000), @p12='?' (Size = 4000)], CommandType='"Text"', CommandTimeout='30']
SET IMPLICIT_TRANSACTIONS OFF;
SET NOCOUNT ON;
INSERT INTO [AuditLogs] ([Id], [Accion], [DireccionIp], [EntidadId], [EstaActivo], [FechaActualizacionUtc], [FechaCreacionUtc], [IdCorrelacion], [Motivo], [NombreEntidad], [UsuarioId], [ValoresAnterioresJson], [ValoresNuevosJson])
VALUES (@p0, @p1, @p2, @p3, @p4, @p5, @p6, @p7, @p8, @p9, @p10, @p11, @p12);
2026-08-07 21:06:00.130 -06:00 [INF] Executed DbCommand (58ms) [Parameters=[], CommandType='"Text"', CommandTimeout='30']
SELECT [s].[Id], [s].[CantidadDisponible], [s].[CantidadReorden], [s].[EstaActivo], [s].[FechaActualizacionUtc], [s].[FechaCreacionUtc], [s].[ProductoId], [s].[Ubicacion], [s].[UmbralMinimoAlerta], [s].[VersionFila], [p].[Id], [p].[AltoCm], [p].[AnchoCm], [p].[AnchoMm], [p].[Barcode], [p].[CantidadInventarioInicial], [p].[CantidadMinimaMayoreo], [p].[CategoriaId], [p].[CoberturaM2Caja], [p].[CoberturaPorUnidadM2], [p].[Descripcion], [p].[EspesorMm], [p].[EstaActivo], [p].[FechaActualizacionUtc], [p].[FechaCreacionUtc], [p].[ImagenUrl], [p].[LargoCm], [p].[LargoMm], [p].[Material], [p].[Nombre], [p].[PiezasPorCaja], [p].[PrecioMayoreo], [p].[PrecioUnitario], [p].[Sku], [p].[SoloCotizacion], [p].[UnidadMedida], [p].[VisibleMasVendido], [c].[Id], [c].[CategoriaPadreId], [c].[Descripcion], [c].[EstaActivo], [c].[FechaActualizacionUtc], [c].[FechaCreacionUtc], [c].[Nombre], [c].[Slug]
FROM [Stocks] AS [s]
INNER JOIN [Products] AS [p] ON [s].[ProductoId] = [p].[Id]
INNER JOIN [Categories] AS [c] ON [p].[CategoriaId] = [c].[Id]
WHERE [p].[EstaActivo] = CAST(1 AS bit)
2026-08-07 21:06:00.132 -06:00 [INF] [AUDITORIA WPC BAJIO] CorrelationId: 188a5a56-98c8-433d-bed9-7befe784e96a | Action: GET /api/v1/inventory | Entity: HttpRequest (200) | User: ebc8b858-2837-4bd5-93e1-8b4c1d0bd81b | IP: ::1 | Reason: HTTP Response StatusCode: 200 | OldValues: N/A | NewValues: N/A
2026-08-07 21:06:00.138 -06:00 [INF] Request finished HTTP/1.1 GET http://localhost:5000/api/v1/inventory - 200 null application/json; charset=utf-8 456.8541ms
2026-08-07 21:06:00.144 -06:00 [INF] Executing OkObjectResult, writing value of type 'System.Collections.Generic.List`1[[Pos.Application.Inventory.DTOs.StockDto, Pos.Application, Version=1.0.0.0, Culture=neutral, PublicKeyToken=null]]'.
2026-08-07 21:06:00.146 -06:00 [INF] Executed action Pos.Api.Controllers.v1.InventoryController.GetStockLevels (Pos.Api) in 76.746ms
2026-08-07 21:06:00.148 -06:00 [INF] Executed endpoint 'Pos.Api.Controllers.v1.InventoryController.GetStockLevels (Pos.Api)'
2026-08-07 21:06:00.157 -06:00 [INF] Executed DbCommand (7ms) [Parameters=[@p0='?' (DbType = Guid), @p1='?' (Size = 100), @p2='?' (Size = 4000), @p3='?' (Size = 4000), @p4='?' (DbType = Boolean), @p5='?' (DbType = DateTime2), @p6='?' (DbType = DateTime2), @p7='?' (Size = 100), @p8='?' (Size = 4000), @p9='?' (Size = 4000), @p10='?' (DbType = Guid), @p11='?' (Size = 4000), @p12='?' (Size = 4000)], CommandType='"Text"', CommandTimeout='30']
SET IMPLICIT_TRANSACTIONS OFF;
SET NOCOUNT ON;
INSERT INTO [AuditLogs] ([Id], [Accion], [DireccionIp], [EntidadId], [EstaActivo], [FechaActualizacionUtc], [FechaCreacionUtc], [IdCorrelacion], [Motivo], [NombreEntidad], [UsuarioId], [ValoresAnterioresJson], [ValoresNuevosJson])
VALUES (@p0, @p1, @p2, @p3, @p4, @p5, @p6, @p7, @p8, @p9, @p10, @p11, @p12);
2026-08-07 21:06:00.159 -06:00 [INF] [AUDITORIA WPC BAJIO] CorrelationId: 99f9ad06-10c8-4bf5-b4ce-d9b153edda84 | Action: GET /api/v1/inventory | Entity: HttpRequest (200) | User: ebc8b858-2837-4bd5-93e1-8b4c1d0bd81b | IP: ::1 | Reason: HTTP Response StatusCode: 200 | OldValues: N/A | NewValues: N/A
2026-08-07 21:06:00.163 -06:00 [INF] Request starting HTTP/1.1 GET http://localhost:5000/api/v1/inventory/movements - application/json null
2026-08-07 21:06:00.164 -06:00 [INF] Request finished HTTP/1.1 GET http://localhost:5000/api/v1/inventory - 200 null application/json; charset=utf-8 106.8453ms
2026-08-07 21:06:00.167 -06:00 [INF] Executing endpoint 'Pos.Api.Controllers.v1.InventoryController.GetMovements (Pos.Api)'
2026-08-07 21:06:00.174 -06:00 [INF] Route matched with {action = "GetMovements", controller = "Inventory"}. Executing controller action with signature System.Threading.Tasks.Task`1[Microsoft.AspNetCore.Mvc.ActionResult`1[System.Collections.Generic.List`1[Pos.Application.Inventory.DTOs.InventoryMovementDto]]] GetMovements(System.Nullable`1[System.Guid], System.String, System.Threading.CancellationToken) on controller Pos.Api.Controllers.v1.InventoryController (Pos.Api).
2026-08-07 21:06:00.213 -06:00 [INF] Executed DbCommand (11ms) [Parameters=[@__p_0='?' (DbType = Int32)], CommandType='"Text"', CommandTimeout='30']
SELECT [i0].[Id], [i0].[Cantidad], [i0].[CantidadAnterior], [i0].[CantidadNueva], [i0].[EstaActivo], [i0].[EvidenceImageUrl], [i0].[FechaActualizacionUtc], [i0].[FechaCreacionUtc], [i0].[Motivo], [i0].[NumeroReferencia], [i0].[ProductoId], [i0].[TipoMovimiento], [i0].[UsuarioId], [p].[Id], [p].[AltoCm], [p].[AnchoCm], [p].[AnchoMm], [p].[Barcode], [p].[CantidadInventarioInicial], [p].[CantidadMinimaMayoreo], [p].[CategoriaId], [p].[CoberturaM2Caja], [p].[CoberturaPorUnidadM2], [p].[Descripcion], [p].[EspesorMm], [p].[EstaActivo], [p].[FechaActualizacionUtc], [p].[FechaCreacionUtc], [p].[ImagenUrl], [p].[LargoCm], [p].[LargoMm], [p].[Material], [p].[Nombre], [p].[PiezasPorCaja], [p].[PrecioMayoreo], [p].[PrecioUnitario], [p].[Sku], [p].[SoloCotizacion], [p].[UnidadMedida], [p].[VisibleMasVendido], [u].[Id], [u].[Email], [u].[EmpleadoId], [u].[EstaActivo], [u].[FechaActualizacionUtc], [u].[FechaCreacionUtc], [u].[NombreUsuario], [u].[PasswordHash]
FROM (
    SELECT TOP(@__p_0) [i].[Id], [i].[Cantidad], [i].[CantidadAnterior], [i].[CantidadNueva], [i].[EstaActivo], [i].[EvidenceImageUrl], [i].[FechaActualizacionUtc], [i].[FechaCreacionUtc], [i].[Motivo], [i].[NumeroReferencia], [i].[ProductoId], [i].[TipoMovimiento], [i].[UsuarioId]
    FROM [InventoryMovements] AS [i]
    ORDER BY [i].[FechaCreacionUtc] DESC
) AS [i0]
INNER JOIN [Products] AS [p] ON [i0].[ProductoId] = [p].[Id]
LEFT JOIN [Users] AS [u] ON [i0].[UsuarioId] = [u].[Id]
ORDER BY [i0].[FechaCreacionUtc] DESC
2026-08-07 21:06:00.331 -06:00 [INF] Executing OkObjectResult, writing value of type 'System.Collections.Generic.List`1[[Pos.Application.Inventory.DTOs.InventoryMovementDto, Pos.Application, Version=1.0.0.0, Culture=neutral, PublicKeyToken=null]]'.
2026-08-07 21:06:00.340 -06:00 [INF] Executed action Pos.Api.Controllers.v1.InventoryController.GetMovements (Pos.Api) in 164.1424ms
2026-08-07 21:06:00.342 -06:00 [INF] Executed endpoint 'Pos.Api.Controllers.v1.InventoryController.GetMovements (Pos.Api)'
2026-08-07 21:06:00.343 -06:00 [INF] Request starting HTTP/1.1 GET http://localhost:5000/api/v1/inventory/movements - application/json null
2026-08-07 21:06:00.346 -06:00 [INF] Executing endpoint 'Pos.Api.Controllers.v1.InventoryController.GetMovements (Pos.Api)'
2026-08-07 21:06:00.348 -06:00 [INF] Route matched with {action = "GetMovements", controller = "Inventory"}. Executing controller action with signature System.Threading.Tasks.Task`1[Microsoft.AspNetCore.Mvc.ActionResult`1[System.Collections.Generic.List`1[Pos.Application.Inventory.DTOs.InventoryMovementDto]]] GetMovements(System.Nullable`1[System.Guid], System.String, System.Threading.CancellationToken) on controller Pos.Api.Controllers.v1.InventoryController (Pos.Api).
2026-08-07 21:06:00.353 -06:00 [INF] Executed DbCommand (10ms) [Parameters=[@p0='?' (DbType = Guid), @p1='?' (Size = 100), @p2='?' (Size = 4000), @p3='?' (Size = 4000), @p4='?' (DbType = Boolean), @p5='?' (DbType = DateTime2), @p6='?' (DbType = DateTime2), @p7='?' (Size = 100), @p8='?' (Size = 4000), @p9='?' (Size = 4000), @p10='?' (DbType = Guid), @p11='?' (Size = 4000), @p12='?' (Size = 4000)], CommandType='"Text"', CommandTimeout='30']
SET IMPLICIT_TRANSACTIONS OFF;
SET NOCOUNT ON;
INSERT INTO [AuditLogs] ([Id], [Accion], [DireccionIp], [EntidadId], [EstaActivo], [FechaActualizacionUtc], [FechaCreacionUtc], [IdCorrelacion], [Motivo], [NombreEntidad], [UsuarioId], [ValoresAnterioresJson], [ValoresNuevosJson])
VALUES (@p0, @p1, @p2, @p3, @p4, @p5, @p6, @p7, @p8, @p9, @p10, @p11, @p12);
2026-08-07 21:06:00.355 -06:00 [INF] [AUDITORIA WPC BAJIO] CorrelationId: 9016918c-ad23-44d8-b019-204fe9eaf59c | Action: GET /api/v1/inventory/movements | Entity: HttpRequest (200) | User: ebc8b858-2837-4bd5-93e1-8b4c1d0bd81b | IP: ::1 | Reason: HTTP Response StatusCode: 200 | OldValues: N/A | NewValues: N/A
2026-08-07 21:06:00.359 -06:00 [INF] Request finished HTTP/1.1 GET http://localhost:5000/api/v1/inventory/movements - 200 null application/json; charset=utf-8 196.0193ms
2026-08-07 21:06:00.359 -06:00 [INF] Executed DbCommand (9ms) [Parameters=[@__p_0='?' (DbType = Int32)], CommandType='"Text"', CommandTimeout='30']
SELECT [i0].[Id], [i0].[Cantidad], [i0].[CantidadAnterior], [i0].[CantidadNueva], [i0].[EstaActivo], [i0].[EvidenceImageUrl], [i0].[FechaActualizacionUtc], [i0].[FechaCreacionUtc], [i0].[Motivo], [i0].[NumeroReferencia], [i0].[ProductoId], [i0].[TipoMovimiento], [i0].[UsuarioId], [p].[Id], [p].[AltoCm], [p].[AnchoCm], [p].[AnchoMm], [p].[Barcode], [p].[CantidadInventarioInicial], [p].[CantidadMinimaMayoreo], [p].[CategoriaId], [p].[CoberturaM2Caja], [p].[CoberturaPorUnidadM2], [p].[Descripcion], [p].[EspesorMm], [p].[EstaActivo], [p].[FechaActualizacionUtc], [p].[FechaCreacionUtc], [p].[ImagenUrl], [p].[LargoCm], [p].[LargoMm], [p].[Material], [p].[Nombre], [p].[PiezasPorCaja], [p].[PrecioMayoreo], [p].[PrecioUnitario], [p].[Sku], [p].[SoloCotizacion], [p].[UnidadMedida], [p].[VisibleMasVendido], [u].[Id], [u].[Email], [u].[EmpleadoId], [u].[EstaActivo], [u].[FechaActualizacionUtc], [u].[FechaCreacionUtc], [u].[NombreUsuario], [u].[PasswordHash]
FROM (
    SELECT TOP(@__p_0) [i].[Id], [i].[Cantidad], [i].[CantidadAnterior], [i].[CantidadNueva], [i].[EstaActivo], [i].[EvidenceImageUrl], [i].[FechaActualizacionUtc], [i].[FechaCreacionUtc], [i].[Motivo], [i].[NumeroReferencia], [i].[ProductoId], [i].[TipoMovimiento], [i].[UsuarioId]
    FROM [InventoryMovements] AS [i]
    ORDER BY [i].[FechaCreacionUtc] DESC
) AS [i0]
INNER JOIN [Products] AS [p] ON [i0].[ProductoId] = [p].[Id]
LEFT JOIN [Users] AS [u] ON [i0].[UsuarioId] = [u].[Id]
ORDER BY [i0].[FechaCreacionUtc] DESC
2026-08-07 21:06:00.415 -06:00 [INF] Executing OkObjectResult, writing value of type 'System.Collections.Generic.List`1[[Pos.Application.Inventory.DTOs.InventoryMovementDto, Pos.Application, Version=1.0.0.0, Culture=neutral, PublicKeyToken=null]]'.
2026-08-07 21:06:00.421 -06:00 [INF] Executed action Pos.Api.Controllers.v1.InventoryController.GetMovements (Pos.Api) in 71.5278ms
2026-08-07 21:06:00.430 -06:00 [INF] Executed endpoint 'Pos.Api.Controllers.v1.InventoryController.GetMovements (Pos.Api)'
2026-08-07 21:06:00.436 -06:00 [INF] Executed DbCommand (2ms) [Parameters=[@p0='?' (DbType = Guid), @p1='?' (Size = 100), @p2='?' (Size = 4000), @p3='?' (Size = 4000), @p4='?' (DbType = Boolean), @p5='?' (DbType = DateTime2), @p6='?' (DbType = DateTime2), @p7='?' (Size = 100), @p8='?' (Size = 4000), @p9='?' (Size = 4000), @p10='?' (DbType = Guid), @p11='?' (Size = 4000), @p12='?' (Size = 4000)], CommandType='"Text"', CommandTimeout='30']
SET IMPLICIT_TRANSACTIONS OFF;
SET NOCOUNT ON;
INSERT INTO [AuditLogs] ([Id], [Accion], [DireccionIp], [EntidadId], [EstaActivo], [FechaActualizacionUtc], [FechaCreacionUtc], [IdCorrelacion], [Motivo], [NombreEntidad], [UsuarioId], [ValoresAnterioresJson], [ValoresNuevosJson])
VALUES (@p0, @p1, @p2, @p3, @p4, @p5, @p6, @p7, @p8, @p9, @p10, @p11, @p12);
2026-08-07 21:06:00.443 -06:00 [INF] [AUDITORIA WPC BAJIO] CorrelationId: dc2df714-d275-42b0-bb74-3db151a30221 | Action: GET /api/v1/inventory/movements | Entity: HttpRequest (200) | User: ebc8b858-2837-4bd5-93e1-8b4c1d0bd81b | IP: ::1 | Reason: HTTP Response StatusCode: 200 | OldValues: N/A | NewValues: N/A
2026-08-07 21:06:00.448 -06:00 [INF] Request finished HTTP/1.1 GET http://localhost:5000/api/v1/inventory/movements - 200 null application/json; charset=utf-8 105.457ms
2026-08-07 21:06:32.369 -06:00 [INF] Request starting HTTP/1.1 GET http://localhost:5000/api/v1/customers? - application/json null
2026-08-07 21:06:32.379 -06:00 [INF] Executing endpoint 'Pos.Api.Controllers.v1.CustomersController.GetCustomers (Pos.Api)'
2026-08-07 21:06:32.380 -06:00 [INF] Route matched with {action = "GetCustomers", controller = "Customers"}. Executing controller action with signature System.Threading.Tasks.Task`1[Microsoft.AspNetCore.Mvc.ActionResult`1[System.Collections.Generic.List`1[Pos.Application.Catalog.DTOs.CustomerDto]]] GetCustomers(System.String, System.String, System.Threading.CancellationToken) on controller Pos.Api.Controllers.v1.CustomersController (Pos.Api).
2026-08-07 21:06:32.394 -06:00 [INF] Executed DbCommand (11ms) [Parameters=[@__p_0='?' (DbType = Int32)], CommandType='"Text"', CommandTimeout='30']
SELECT TOP(@__p_0) [c].[Id], [c].[Apellido], [c].[Ciudad], [c].[CodigoPostal], [c].[Direccion], [c].[Email], [c].[EstaActivo], [c].[Estado], [c].[FechaActualizacionUtc], [c].[FechaCreacionUtc], [c].[Nombre], [c].[NombreEmpresa], [c].[Notas], [c].[PorcentajeDescuentoEspecial], [c].[Rfc], [c].[Telefono], [c].[TipoCliente]
FROM [Customers] AS [c]
WHERE [c].[EstaActivo] = CAST(1 AS bit)
ORDER BY COALESCE([c].[NombreEmpresa], [c].[Nombre])
2026-08-07 21:06:32.402 -06:00 [INF] Executing OkObjectResult, writing value of type 'System.Collections.Generic.List`1[[Pos.Application.Catalog.DTOs.CustomerDto, Pos.Application, Version=1.0.0.0, Culture=neutral, PublicKeyToken=null]]'.
2026-08-07 21:06:32.404 -06:00 [INF] Executed action Pos.Api.Controllers.v1.CustomersController.GetCustomers (Pos.Api) in 22.2028ms
2026-08-07 21:06:32.407 -06:00 [INF] Executed endpoint 'Pos.Api.Controllers.v1.CustomersController.GetCustomers (Pos.Api)'
2026-08-07 21:06:32.418 -06:00 [INF] Executed DbCommand (8ms) [Parameters=[@p0='?' (DbType = Guid), @p1='?' (Size = 100), @p2='?' (Size = 4000), @p3='?' (Size = 4000), @p4='?' (DbType = Boolean), @p5='?' (DbType = DateTime2), @p6='?' (DbType = DateTime2), @p7='?' (Size = 100), @p8='?' (Size = 4000), @p9='?' (Size = 4000), @p10='?' (DbType = Guid), @p11='?' (Size = 4000), @p12='?' (Size = 4000)], CommandType='"Text"', CommandTimeout='30']
SET IMPLICIT_TRANSACTIONS OFF;
SET NOCOUNT ON;
INSERT INTO [AuditLogs] ([Id], [Accion], [DireccionIp], [EntidadId], [EstaActivo], [FechaActualizacionUtc], [FechaCreacionUtc], [IdCorrelacion], [Motivo], [NombreEntidad], [UsuarioId], [ValoresAnterioresJson], [ValoresNuevosJson])
VALUES (@p0, @p1, @p2, @p3, @p4, @p5, @p6, @p7, @p8, @p9, @p10, @p11, @p12);
2026-08-07 21:06:32.421 -06:00 [INF] [AUDITORIA WPC BAJIO] CorrelationId: 1d7d2910-8527-4d86-a0dc-81651888d259 | Action: GET /api/v1/customers | Entity: HttpRequest (200) | User: ebc8b858-2837-4bd5-93e1-8b4c1d0bd81b | IP: ::1 | Reason: HTTP Response StatusCode: 200 | OldValues: N/A | NewValues: N/A
2026-08-07 21:06:32.424 -06:00 [INF] Request finished HTTP/1.1 GET http://localhost:5000/api/v1/customers? - 200 null application/json; charset=utf-8 54.4838ms
2026-08-07 21:06:34.077 -06:00 [INF] Request starting HTTP/1.1 GET http://localhost:5000/api/v1/roles - application/json null
2026-08-07 21:06:34.077 -06:00 [INF] Request starting HTTP/1.1 GET http://localhost:5000/api/v1/users - application/json null
2026-08-07 21:06:34.077 -06:00 [INF] Request starting HTTP/1.1 GET http://localhost:5000/api/v1/roles/permissions - application/json null
2026-08-07 21:06:34.080 -06:00 [INF] Executing endpoint 'Pos.Api.Controllers.v1.RolesController.GetRoles (Pos.Api)'
2026-08-07 21:06:34.081 -06:00 [INF] Executing endpoint 'Pos.Api.Controllers.v1.UsersController.GetUsers (Pos.Api)'
2026-08-07 21:06:34.083 -06:00 [INF] Executing endpoint 'Pos.Api.Controllers.v1.RolesController.GetPermissions (Pos.Api)'
2026-08-07 21:06:34.087 -06:00 [INF] Route matched with {action = "GetUsers", controller = "Users"}. Executing controller action with signature System.Threading.Tasks.Task`1[Microsoft.AspNetCore.Mvc.ActionResult`1[System.Collections.Generic.List`1[Pos.Application.Users.DTOs.UserManagementDto]]] GetUsers(System.Threading.CancellationToken) on controller Pos.Api.Controllers.v1.UsersController (Pos.Api).
2026-08-07 21:06:34.087 -06:00 [INF] Route matched with {action = "GetRoles", controller = "Roles"}. Executing controller action with signature System.Threading.Tasks.Task`1[Microsoft.AspNetCore.Mvc.ActionResult`1[System.Collections.Generic.List`1[Pos.Application.Users.DTOs.RoleManagementDto]]] GetRoles(System.Threading.CancellationToken) on controller Pos.Api.Controllers.v1.RolesController (Pos.Api).
2026-08-07 21:06:34.088 -06:00 [INF] Route matched with {action = "GetPermissions", controller = "Roles"}. Executing controller action with signature System.Threading.Tasks.Task`1[Microsoft.AspNetCore.Mvc.ActionResult`1[System.Collections.Generic.List`1[Pos.Application.Users.DTOs.PermissionManagementDto]]] GetPermissions(System.Threading.CancellationToken) on controller Pos.Api.Controllers.v1.RolesController (Pos.Api).
2026-08-07 21:06:34.104 -06:00 [WRN] Compiling a query which loads related collections for more than one collection navigation, either via 'Include' or through projection, but no 'QuerySplittingBehavior' has been configured. By default, Entity Framework will use 'QuerySplittingBehavior.SingleQuery', which can potentially result in slow query performance. See https://go.microsoft.com/fwlink/?linkid=2134277 for more information. To identify the query that's triggering this warning call 'ConfigureWarnings(w => w.Throw(RelationalEventId.MultipleCollectionIncludeWarning))'.
2026-08-07 21:06:34.109 -06:00 [INF] Executed DbCommand (8ms) [Parameters=[], CommandType='"Text"', CommandTimeout='30']
SELECT [p].[Id], [p].[Accion], [p].[Descripcion], [p].[EstaActivo], [p].[FechaActualizacionUtc], [p].[FechaCreacionUtc], [p].[Modulo]
FROM [Permissions] AS [p]
WHERE [p].[EstaActivo] = CAST(1 AS bit)
ORDER BY [p].[Modulo], [p].[Accion]
2026-08-07 21:06:34.112 -06:00 [INF] Executing OkObjectResult, writing value of type 'System.Collections.Generic.List`1[[Pos.Application.Users.DTOs.PermissionManagementDto, Pos.Application, Version=1.0.0.0, Culture=neutral, PublicKeyToken=null]]'.
2026-08-07 21:06:34.115 -06:00 [INF] Executed action Pos.Api.Controllers.v1.RolesController.GetPermissions (Pos.Api) in 22.6131ms
2026-08-07 21:06:34.116 -06:00 [INF] Executed endpoint 'Pos.Api.Controllers.v1.RolesController.GetPermissions (Pos.Api)'
2026-08-07 21:06:34.119 -06:00 [INF] Executed DbCommand (10ms) [Parameters=[], CommandType='"Text"', CommandTimeout='30']
SELECT [u].[Id], [u].[Email], [u].[EmpleadoId], [u].[EstaActivo], [u].[FechaActualizacionUtc], [u].[FechaCreacionUtc], [u].[NombreUsuario], [u].[PasswordHash], [e].[Id], [e].[Apellido], [e].[Email], [e].[EstaActivo], [e].[FechaActualizacionUtc], [e].[FechaCreacionUtc], [e].[Nombre], [e].[Puesto], [s].[UsuarioId], [s].[RolId], [s].[Id], [s].[Descripcion], [s].[EstaActivo], [s].[FechaActualizacionUtc], [s].[FechaCreacionUtc], [s].[Nombre]
FROM [Users] AS [u]
LEFT JOIN [Employees] AS [e] ON [u].[EmpleadoId] = [e].[Id]
LEFT JOIN (
    SELECT [u0].[UsuarioId], [u0].[RolId], [r].[Id], [r].[Descripcion], [r].[EstaActivo], [r].[FechaActualizacionUtc], [r].[FechaCreacionUtc], [r].[Nombre]
    FROM [UserRoles] AS [u0]
    INNER JOIN [Roles] AS [r] ON [u0].[RolId] = [r].[Id]
) AS [s] ON [u].[Id] = [s].[UsuarioId]
ORDER BY [u].[FechaCreacionUtc] DESC, [u].[Id], [e].[Id], [s].[UsuarioId], [s].[RolId]
2026-08-07 21:06:34.119 -06:00 [INF] Request starting HTTP/1.1 GET http://localhost:5000/api/v1/roles/permissions - application/json null
2026-08-07 21:06:34.124 -06:00 [INF] Executing endpoint 'Pos.Api.Controllers.v1.RolesController.GetPermissions (Pos.Api)'
2026-08-07 21:06:34.125 -06:00 [INF] Route matched with {action = "GetPermissions", controller = "Roles"}. Executing controller action with signature System.Threading.Tasks.Task`1[Microsoft.AspNetCore.Mvc.ActionResult`1[System.Collections.Generic.List`1[Pos.Application.Users.DTOs.PermissionManagementDto]]] GetPermissions(System.Threading.CancellationToken) on controller Pos.Api.Controllers.v1.RolesController (Pos.Api).
2026-08-07 21:06:34.125 -06:00 [INF] Executed DbCommand (6ms) [Parameters=[@p0='?' (DbType = Guid), @p1='?' (Size = 100), @p2='?' (Size = 4000), @p3='?' (Size = 4000), @p4='?' (DbType = Boolean), @p5='?' (DbType = DateTime2), @p6='?' (DbType = DateTime2), @p7='?' (Size = 100), @p8='?' (Size = 4000), @p9='?' (Size = 4000), @p10='?' (DbType = Guid), @p11='?' (Size = 4000), @p12='?' (Size = 4000)], CommandType='"Text"', CommandTimeout='30']
SET IMPLICIT_TRANSACTIONS OFF;
SET NOCOUNT ON;
INSERT INTO [AuditLogs] ([Id], [Accion], [DireccionIp], [EntidadId], [EstaActivo], [FechaActualizacionUtc], [FechaCreacionUtc], [IdCorrelacion], [Motivo], [NombreEntidad], [UsuarioId], [ValoresAnterioresJson], [ValoresNuevosJson])
VALUES (@p0, @p1, @p2, @p3, @p4, @p5, @p6, @p7, @p8, @p9, @p10, @p11, @p12);
2026-08-07 21:06:34.128 -06:00 [INF] Executing OkObjectResult, writing value of type 'System.Collections.Generic.List`1[[Pos.Application.Users.DTOs.UserManagementDto, Pos.Application, Version=1.0.0.0, Culture=neutral, PublicKeyToken=null]]'.
2026-08-07 21:06:34.129 -06:00 [INF] [AUDITORIA WPC BAJIO] CorrelationId: 3858456a-13b8-4432-b10c-6d2d3157a232 | Action: GET /api/v1/roles/permissions | Entity: HttpRequest (200) | User: ebc8b858-2837-4bd5-93e1-8b4c1d0bd81b | IP: ::1 | Reason: HTTP Response StatusCode: 200 | OldValues: N/A | NewValues: N/A
2026-08-07 21:06:34.129 -06:00 [INF] Executed DbCommand (1ms) [Parameters=[], CommandType='"Text"', CommandTimeout='30']
SELECT [p].[Id], [p].[Accion], [p].[Descripcion], [p].[EstaActivo], [p].[FechaActualizacionUtc], [p].[FechaCreacionUtc], [p].[Modulo]
FROM [Permissions] AS [p]
WHERE [p].[EstaActivo] = CAST(1 AS bit)
ORDER BY [p].[Modulo], [p].[Accion]
2026-08-07 21:06:34.129 -06:00 [INF] Executed DbCommand (15ms) [Parameters=[], CommandType='"Text"', CommandTimeout='30']
SELECT [r].[Id], [r].[Descripcion], [r].[EstaActivo], [r].[FechaActualizacionUtc], [r].[FechaCreacionUtc], [r].[Nombre], [s].[RolId], [s].[PermisoId], [s].[Id], [s].[Accion], [s].[Descripcion], [s].[EstaActivo], [s].[FechaActualizacionUtc], [s].[FechaCreacionUtc], [s].[Modulo], [s0].[UsuarioId], [s0].[RolId], [s0].[Id], [s0].[Email], [s0].[EmpleadoId], [s0].[EstaActivo], [s0].[FechaActualizacionUtc], [s0].[FechaCreacionUtc], [s0].[NombreUsuario], [s0].[PasswordHash]
FROM [Roles] AS [r]
LEFT JOIN (
    SELECT [r0].[RolId], [r0].[PermisoId], [p].[Id], [p].[Accion], [p].[Descripcion], [p].[EstaActivo], [p].[FechaActualizacionUtc], [p].[FechaCreacionUtc], [p].[Modulo]
    FROM [RolePermissions] AS [r0]
    INNER JOIN [Permissions] AS [p] ON [r0].[PermisoId] = [p].[Id]
) AS [s] ON [r].[Id] = [s].[RolId]
LEFT JOIN (
    SELECT [u].[UsuarioId], [u].[RolId], [u0].[Id], [u0].[Email], [u0].[EmpleadoId], [u0].[EstaActivo], [u0].[FechaActualizacionUtc], [u0].[FechaCreacionUtc], [u0].[NombreUsuario], [u0].[PasswordHash]
    FROM [UserRoles] AS [u]
    INNER JOIN [Users] AS [u0] ON [u].[UsuarioId] = [u0].[Id]
) AS [s0] ON [r].[Id] = [s0].[RolId]
ORDER BY [r].[Nombre], [r].[Id], [s].[RolId], [s].[PermisoId], [s].[Id], [s0].[UsuarioId], [s0].[RolId]
2026-08-07 21:06:34.133 -06:00 [INF] Request finished HTTP/1.1 GET http://localhost:5000/api/v1/roles/permissions - 200 null application/json; charset=utf-8 55.0531ms
2026-08-07 21:06:34.133 -06:00 [INF] Executed action Pos.Api.Controllers.v1.UsersController.GetUsers (Pos.Api) in 43.7991ms
2026-08-07 21:06:34.135 -06:00 [INF] Executing OkObjectResult, writing value of type 'System.Collections.Generic.List`1[[Pos.Application.Users.DTOs.PermissionManagementDto, Pos.Application, Version=1.0.0.0, Culture=neutral, PublicKeyToken=null]]'.
2026-08-07 21:06:34.139 -06:00 [INF] Request starting HTTP/1.1 GET http://localhost:5000/api/v1/users - application/json null
2026-08-07 21:06:34.141 -06:00 [INF] Executed endpoint 'Pos.Api.Controllers.v1.UsersController.GetUsers (Pos.Api)'
2026-08-07 21:06:34.142 -06:00 [INF] Executed action Pos.Api.Controllers.v1.RolesController.GetPermissions (Pos.Api) in 15.513ms
2026-08-07 21:06:34.144 -06:00 [INF] Executing endpoint 'Pos.Api.Controllers.v1.UsersController.GetUsers (Pos.Api)'
2026-08-07 21:06:34.146 -06:00 [INF] Executed endpoint 'Pos.Api.Controllers.v1.RolesController.GetPermissions (Pos.Api)'
2026-08-07 21:06:34.147 -06:00 [INF] Route matched with {action = "GetUsers", controller = "Users"}. Executing controller action with signature System.Threading.Tasks.Task`1[Microsoft.AspNetCore.Mvc.ActionResult`1[System.Collections.Generic.List`1[Pos.Application.Users.DTOs.UserManagementDto]]] GetUsers(System.Threading.CancellationToken) on controller Pos.Api.Controllers.v1.UsersController (Pos.Api).
2026-08-07 21:06:34.147 -06:00 [INF] Executed DbCommand (2ms) [Parameters=[@p0='?' (DbType = Guid), @p1='?' (Size = 100), @p2='?' (Size = 4000), @p3='?' (Size = 4000), @p4='?' (DbType = Boolean), @p5='?' (DbType = DateTime2), @p6='?' (DbType = DateTime2), @p7='?' (Size = 100), @p8='?' (Size = 4000), @p9='?' (Size = 4000), @p10='?' (DbType = Guid), @p11='?' (Size = 4000), @p12='?' (Size = 4000)], CommandType='"Text"', CommandTimeout='30']
SET IMPLICIT_TRANSACTIONS OFF;
SET NOCOUNT ON;
INSERT INTO [AuditLogs] ([Id], [Accion], [DireccionIp], [EntidadId], [EstaActivo], [FechaActualizacionUtc], [FechaCreacionUtc], [IdCorrelacion], [Motivo], [NombreEntidad], [UsuarioId], [ValoresAnterioresJson], [ValoresNuevosJson])
VALUES (@p0, @p1, @p2, @p3, @p4, @p5, @p6, @p7, @p8, @p9, @p10, @p11, @p12);
2026-08-07 21:06:34.149 -06:00 [INF] Executing OkObjectResult, writing value of type 'System.Collections.Generic.List`1[[Pos.Application.Users.DTOs.RoleManagementDto, Pos.Application, Version=1.0.0.0, Culture=neutral, PublicKeyToken=null]]'.
2026-08-07 21:06:34.152 -06:00 [INF] Executed DbCommand (3ms) [Parameters=[@p0='?' (DbType = Guid), @p1='?' (Size = 100), @p2='?' (Size = 4000), @p3='?' (Size = 4000), @p4='?' (DbType = Boolean), @p5='?' (DbType = DateTime2), @p6='?' (DbType = DateTime2), @p7='?' (Size = 100), @p8='?' (Size = 4000), @p9='?' (Size = 4000), @p10='?' (DbType = Guid), @p11='?' (Size = 4000), @p12='?' (Size = 4000)], CommandType='"Text"', CommandTimeout='30']
SET IMPLICIT_TRANSACTIONS OFF;
SET NOCOUNT ON;
INSERT INTO [AuditLogs] ([Id], [Accion], [DireccionIp], [EntidadId], [EstaActivo], [FechaActualizacionUtc], [FechaCreacionUtc], [IdCorrelacion], [Motivo], [NombreEntidad], [UsuarioId], [ValoresAnterioresJson], [ValoresNuevosJson])
VALUES (@p0, @p1, @p2, @p3, @p4, @p5, @p6, @p7, @p8, @p9, @p10, @p11, @p12);
2026-08-07 21:06:34.152 -06:00 [INF] Executed DbCommand (1ms) [Parameters=[], CommandType='"Text"', CommandTimeout='30']
SELECT [u].[Id], [u].[Email], [u].[EmpleadoId], [u].[EstaActivo], [u].[FechaActualizacionUtc], [u].[FechaCreacionUtc], [u].[NombreUsuario], [u].[PasswordHash], [e].[Id], [e].[Apellido], [e].[Email], [e].[EstaActivo], [e].[FechaActualizacionUtc], [e].[FechaCreacionUtc], [e].[Nombre], [e].[Puesto], [s].[UsuarioId], [s].[RolId], [s].[Id], [s].[Descripcion], [s].[EstaActivo], [s].[FechaActualizacionUtc], [s].[FechaCreacionUtc], [s].[Nombre]
FROM [Users] AS [u]
LEFT JOIN [Employees] AS [e] ON [u].[EmpleadoId] = [e].[Id]
LEFT JOIN (
    SELECT [u0].[UsuarioId], [u0].[RolId], [r].[Id], [r].[Descripcion], [r].[EstaActivo], [r].[FechaActualizacionUtc], [r].[FechaCreacionUtc], [r].[Nombre]
    FROM [UserRoles] AS [u0]
    INNER JOIN [Roles] AS [r] ON [u0].[RolId] = [r].[Id]
) AS [s] ON [u].[Id] = [s].[UsuarioId]
ORDER BY [u].[FechaCreacionUtc] DESC, [u].[Id], [e].[Id], [s].[UsuarioId], [s].[RolId]
2026-08-07 21:06:34.153 -06:00 [INF] [AUDITORIA WPC BAJIO] CorrelationId: ae6503d3-1be2-45bc-ba63-f7dba2f4877f | Action: GET /api/v1/users | Entity: HttpRequest (200) | User: ebc8b858-2837-4bd5-93e1-8b4c1d0bd81b | IP: ::1 | Reason: HTTP Response StatusCode: 200 | OldValues: N/A | NewValues: N/A
2026-08-07 21:06:34.157 -06:00 [INF] [AUDITORIA WPC BAJIO] CorrelationId: dc1d2035-29f9-485a-88e1-0c9c3b05562b | Action: GET /api/v1/roles/permissions | Entity: HttpRequest (200) | User: ebc8b858-2837-4bd5-93e1-8b4c1d0bd81b | IP: ::1 | Reason: HTTP Response StatusCode: 200 | OldValues: N/A | NewValues: N/A
2026-08-07 21:06:34.157 -06:00 [INF] Executed action Pos.Api.Controllers.v1.RolesController.GetRoles (Pos.Api) in 65.927ms
2026-08-07 21:06:34.159 -06:00 [INF] Executing OkObjectResult, writing value of type 'System.Collections.Generic.List`1[[Pos.Application.Users.DTOs.UserManagementDto, Pos.Application, Version=1.0.0.0, Culture=neutral, PublicKeyToken=null]]'.
2026-08-07 21:06:34.161 -06:00 [INF] Request starting HTTP/1.1 GET http://localhost:5000/api/v1/roles - application/json null
2026-08-07 21:06:34.161 -06:00 [INF] Request finished HTTP/1.1 GET http://localhost:5000/api/v1/users - 200 null application/json; charset=utf-8 84.3435ms
2026-08-07 21:06:34.164 -06:00 [INF] Request finished HTTP/1.1 GET http://localhost:5000/api/v1/roles/permissions - 200 null application/json; charset=utf-8 44.3368ms
2026-08-07 21:06:34.165 -06:00 [INF] Executed endpoint 'Pos.Api.Controllers.v1.RolesController.GetRoles (Pos.Api)'
2026-08-07 21:06:34.166 -06:00 [INF] Executed action Pos.Api.Controllers.v1.UsersController.GetUsers (Pos.Api) in 16.0802ms
2026-08-07 21:06:34.168 -06:00 [INF] Executing endpoint 'Pos.Api.Controllers.v1.RolesController.GetRoles (Pos.Api)'
2026-08-07 21:06:34.175 -06:00 [INF] Executed endpoint 'Pos.Api.Controllers.v1.UsersController.GetUsers (Pos.Api)'
2026-08-07 21:06:34.176 -06:00 [INF] Route matched with {action = "GetRoles", controller = "Roles"}. Executing controller action with signature System.Threading.Tasks.Task`1[Microsoft.AspNetCore.Mvc.ActionResult`1[System.Collections.Generic.List`1[Pos.Application.Users.DTOs.RoleManagementDto]]] GetRoles(System.Threading.CancellationToken) on controller Pos.Api.Controllers.v1.RolesController (Pos.Api).
2026-08-07 21:06:34.176 -06:00 [INF] Executed DbCommand (2ms) [Parameters=[@p0='?' (DbType = Guid), @p1='?' (Size = 100), @p2='?' (Size = 4000), @p3='?' (Size = 4000), @p4='?' (DbType = Boolean), @p5='?' (DbType = DateTime2), @p6='?' (DbType = DateTime2), @p7='?' (Size = 100), @p8='?' (Size = 4000), @p9='?' (Size = 4000), @p10='?' (DbType = Guid), @p11='?' (Size = 4000), @p12='?' (Size = 4000)], CommandType='"Text"', CommandTimeout='30']
SET IMPLICIT_TRANSACTIONS OFF;
SET NOCOUNT ON;
INSERT INTO [AuditLogs] ([Id], [Accion], [DireccionIp], [EntidadId], [EstaActivo], [FechaActualizacionUtc], [FechaCreacionUtc], [IdCorrelacion], [Motivo], [NombreEntidad], [UsuarioId], [ValoresAnterioresJson], [ValoresNuevosJson])
VALUES (@p0, @p1, @p2, @p3, @p4, @p5, @p6, @p7, @p8, @p9, @p10, @p11, @p12);
2026-08-07 21:06:34.185 -06:00 [INF] Executed DbCommand (3ms) [Parameters=[@p0='?' (DbType = Guid), @p1='?' (Size = 100), @p2='?' (Size = 4000), @p3='?' (Size = 4000), @p4='?' (DbType = Boolean), @p5='?' (DbType = DateTime2), @p6='?' (DbType = DateTime2), @p7='?' (Size = 100), @p8='?' (Size = 4000), @p9='?' (Size = 4000), @p10='?' (DbType = Guid), @p11='?' (Size = 4000), @p12='?' (Size = 4000)], CommandType='"Text"', CommandTimeout='30']
SET IMPLICIT_TRANSACTIONS OFF;
SET NOCOUNT ON;
INSERT INTO [AuditLogs] ([Id], [Accion], [DireccionIp], [EntidadId], [EstaActivo], [FechaActualizacionUtc], [FechaCreacionUtc], [IdCorrelacion], [Motivo], [NombreEntidad], [UsuarioId], [ValoresAnterioresJson], [ValoresNuevosJson])
VALUES (@p0, @p1, @p2, @p3, @p4, @p5, @p6, @p7, @p8, @p9, @p10, @p11, @p12);
2026-08-07 21:06:34.186 -06:00 [INF] Executed DbCommand (1ms) [Parameters=[], CommandType='"Text"', CommandTimeout='30']
SELECT [r].[Id], [r].[Descripcion], [r].[EstaActivo], [r].[FechaActualizacionUtc], [r].[FechaCreacionUtc], [r].[Nombre], [s].[RolId], [s].[PermisoId], [s].[Id], [s].[Accion], [s].[Descripcion], [s].[EstaActivo], [s].[FechaActualizacionUtc], [s].[FechaCreacionUtc], [s].[Modulo], [s0].[UsuarioId], [s0].[RolId], [s0].[Id], [s0].[Email], [s0].[EmpleadoId], [s0].[EstaActivo], [s0].[FechaActualizacionUtc], [s0].[FechaCreacionUtc], [s0].[NombreUsuario], [s0].[PasswordHash]
FROM [Roles] AS [r]
LEFT JOIN (
    SELECT [r0].[RolId], [r0].[PermisoId], [p].[Id], [p].[Accion], [p].[Descripcion], [p].[EstaActivo], [p].[FechaActualizacionUtc], [p].[FechaCreacionUtc], [p].[Modulo]
    FROM [RolePermissions] AS [r0]
    INNER JOIN [Permissions] AS [p] ON [r0].[PermisoId] = [p].[Id]
) AS [s] ON [r].[Id] = [s].[RolId]
LEFT JOIN (
    SELECT [u].[UsuarioId], [u].[RolId], [u0].[Id], [u0].[Email], [u0].[EmpleadoId], [u0].[EstaActivo], [u0].[FechaActualizacionUtc], [u0].[FechaCreacionUtc], [u0].[NombreUsuario], [u0].[PasswordHash]
    FROM [UserRoles] AS [u]
    INNER JOIN [Users] AS [u0] ON [u].[UsuarioId] = [u0].[Id]
) AS [s0] ON [r].[Id] = [s0].[RolId]
ORDER BY [r].[Nombre], [r].[Id], [s].[RolId], [s].[PermisoId], [s].[Id], [s0].[UsuarioId], [s0].[RolId]
2026-08-07 21:06:34.186 -06:00 [INF] [AUDITORIA WPC BAJIO] CorrelationId: c790bdce-add5-46e1-94d9-5fb3a48ca8c7 | Action: GET /api/v1/roles | Entity: HttpRequest (200) | User: ebc8b858-2837-4bd5-93e1-8b4c1d0bd81b | IP: ::1 | Reason: HTTP Response StatusCode: 200 | OldValues: N/A | NewValues: N/A
2026-08-07 21:06:34.190 -06:00 [INF] [AUDITORIA WPC BAJIO] CorrelationId: d3a60da9-b68f-49d5-bbbd-df962d720dd7 | Action: GET /api/v1/users | Entity: HttpRequest (200) | User: ebc8b858-2837-4bd5-93e1-8b4c1d0bd81b | IP: ::1 | Reason: HTTP Response StatusCode: 200 | OldValues: N/A | NewValues: N/A
2026-08-07 21:06:34.195 -06:00 [INF] Executing OkObjectResult, writing value of type 'System.Collections.Generic.List`1[[Pos.Application.Users.DTOs.RoleManagementDto, Pos.Application, Version=1.0.0.0, Culture=neutral, PublicKeyToken=null]]'.
2026-08-07 21:06:34.196 -06:00 [INF] Request finished HTTP/1.1 GET http://localhost:5000/api/v1/roles - 200 null application/json; charset=utf-8 119.2271ms
2026-08-07 21:06:34.198 -06:00 [INF] Request finished HTTP/1.1 GET http://localhost:5000/api/v1/users - 200 null application/json; charset=utf-8 60.0793ms
2026-08-07 21:06:34.200 -06:00 [INF] Executed action Pos.Api.Controllers.v1.RolesController.GetRoles (Pos.Api) in 15.7356ms
2026-08-07 21:06:34.206 -06:00 [INF] Executed endpoint 'Pos.Api.Controllers.v1.RolesController.GetRoles (Pos.Api)'
2026-08-07 21:06:34.209 -06:00 [INF] Executed DbCommand (1ms) [Parameters=[@p0='?' (DbType = Guid), @p1='?' (Size = 100), @p2='?' (Size = 4000), @p3='?' (Size = 4000), @p4='?' (DbType = Boolean), @p5='?' (DbType = DateTime2), @p6='?' (DbType = DateTime2), @p7='?' (Size = 100), @p8='?' (Size = 4000), @p9='?' (Size = 4000), @p10='?' (DbType = Guid), @p11='?' (Size = 4000), @p12='?' (Size = 4000)], CommandType='"Text"', CommandTimeout='30']
SET IMPLICIT_TRANSACTIONS OFF;
SET NOCOUNT ON;
INSERT INTO [AuditLogs] ([Id], [Accion], [DireccionIp], [EntidadId], [EstaActivo], [FechaActualizacionUtc], [FechaCreacionUtc], [IdCorrelacion], [Motivo], [NombreEntidad], [UsuarioId], [ValoresAnterioresJson], [ValoresNuevosJson])
VALUES (@p0, @p1, @p2, @p3, @p4, @p5, @p6, @p7, @p8, @p9, @p10, @p11, @p12);
2026-08-07 21:06:34.211 -06:00 [INF] [AUDITORIA WPC BAJIO] CorrelationId: dc2ccc5c-1095-4382-b29f-f0b3d5b38454 | Action: GET /api/v1/roles | Entity: HttpRequest (200) | User: ebc8b858-2837-4bd5-93e1-8b4c1d0bd81b | IP: ::1 | Reason: HTTP Response StatusCode: 200 | OldValues: N/A | NewValues: N/A
2026-08-07 21:06:34.214 -06:00 [INF] Request finished HTTP/1.1 GET http://localhost:5000/api/v1/roles - 200 null application/json; charset=utf-8 53.5567ms
2026-08-07 21:06:41.008 -06:00 [INF] Request starting HTTP/1.1 GET http://localhost:5000/api/v1/products? - application/json null
2026-08-07 21:06:41.008 -06:00 [INF] Request starting HTTP/1.1 GET http://localhost:5000/api/v1/customers? - application/json null
2026-08-07 21:06:41.008 -06:00 [INF] Request starting HTTP/1.1 GET http://localhost:5000/api/v1/sales - application/json null
2026-08-07 21:06:41.011 -06:00 [INF] Executing endpoint 'Pos.Api.Controllers.v1.ProductsController.GetProducts (Pos.Api)'
2026-08-07 21:06:41.013 -06:00 [INF] Executing endpoint 'Pos.Api.Controllers.v1.CustomersController.GetCustomers (Pos.Api)'
2026-08-07 21:06:41.015 -06:00 [INF] Executing endpoint 'Pos.Api.Controllers.v1.SalesController.GetSales (Pos.Api)'
2026-08-07 21:06:41.016 -06:00 [INF] Route matched with {action = "GetProducts", controller = "Products"}. Executing controller action with signature System.Threading.Tasks.Task`1[Microsoft.AspNetCore.Mvc.ActionResult`1[System.Collections.Generic.List`1[Pos.Application.Catalog.DTOs.ProductDto]]] GetProducts(System.String, System.Nullable`1[System.Guid], System.Nullable`1[System.Boolean], System.Threading.CancellationToken) on controller Pos.Api.Controllers.v1.ProductsController (Pos.Api).
2026-08-07 21:06:41.017 -06:00 [INF] Route matched with {action = "GetCustomers", controller = "Customers"}. Executing controller action with signature System.Threading.Tasks.Task`1[Microsoft.AspNetCore.Mvc.ActionResult`1[System.Collections.Generic.List`1[Pos.Application.Catalog.DTOs.CustomerDto]]] GetCustomers(System.String, System.String, System.Threading.CancellationToken) on controller Pos.Api.Controllers.v1.CustomersController (Pos.Api).
2026-08-07 21:06:41.018 -06:00 [INF] Route matched with {action = "GetSales", controller = "Sales"}. Executing controller action with signature System.Threading.Tasks.Task`1[Microsoft.AspNetCore.Mvc.ActionResult`1[System.Collections.Generic.List`1[Pos.Application.Sales.DTOs.SaleDto]]] GetSales(System.String, System.Nullable`1[System.Guid], System.String, System.Threading.CancellationToken) on controller Pos.Api.Controllers.v1.SalesController (Pos.Api).
2026-08-07 21:06:41.026 -06:00 [INF] Executed DbCommand (3ms) [Parameters=[@__p_0='?' (DbType = Int32)], CommandType='"Text"', CommandTimeout='30']
SELECT TOP(@__p_0) [c].[Id], [c].[Apellido], [c].[Ciudad], [c].[CodigoPostal], [c].[Direccion], [c].[Email], [c].[EstaActivo], [c].[Estado], [c].[FechaActualizacionUtc], [c].[FechaCreacionUtc], [c].[Nombre], [c].[NombreEmpresa], [c].[Notas], [c].[PorcentajeDescuentoEspecial], [c].[Rfc], [c].[Telefono], [c].[TipoCliente]
FROM [Customers] AS [c]
WHERE [c].[EstaActivo] = CAST(1 AS bit)
ORDER BY COALESCE([c].[NombreEmpresa], [c].[Nombre])
2026-08-07 21:06:41.027 -06:00 [INF] Executed DbCommand (7ms) [Parameters=[], CommandType='"Text"', CommandTimeout='30']
SELECT [p].[Id], [p].[AltoCm], [p].[AnchoCm], [p].[AnchoMm], [p].[Barcode], [p].[CantidadInventarioInicial], [p].[CantidadMinimaMayoreo], [p].[CategoriaId], [p].[CoberturaM2Caja], [p].[CoberturaPorUnidadM2], [p].[Descripcion], [p].[EspesorMm], [p].[EstaActivo], [p].[FechaActualizacionUtc], [p].[FechaCreacionUtc], [p].[ImagenUrl], [p].[LargoCm], [p].[LargoMm], [p].[Material], [p].[Nombre], [p].[PiezasPorCaja], [p].[PrecioMayoreo], [p].[PrecioUnitario], [p].[Sku], [p].[SoloCotizacion], [p].[UnidadMedida], [p].[VisibleMasVendido], [c].[Id], [c].[CategoriaPadreId], [c].[Descripcion], [c].[EstaActivo], [c].[FechaActualizacionUtc], [c].[FechaCreacionUtc], [c].[Nombre], [c].[Slug], [p0].[Id], [p0].[EsPrincipal], [p0].[EstaActivo], [p0].[FechaActualizacionUtc], [p0].[FechaCreacionUtc], [p0].[ProductoId], [p0].[UrlImagen]
FROM [Products] AS [p]
INNER JOIN [Categories] AS [c] ON [p].[CategoriaId] = [c].[Id]
LEFT JOIN [ProductImages] AS [p0] ON [p].[Id] = [p0].[ProductoId]
ORDER BY [p].[Id], [c].[Id]
2026-08-07 21:06:41.028 -06:00 [INF] Executing OkObjectResult, writing value of type 'System.Collections.Generic.List`1[[Pos.Application.Catalog.DTOs.CustomerDto, Pos.Application, Version=1.0.0.0, Culture=neutral, PublicKeyToken=null]]'.
2026-08-07 21:06:41.041 -06:00 [INF] Executed action Pos.Api.Controllers.v1.CustomersController.GetCustomers (Pos.Api) in 20.3226ms
2026-08-07 21:06:41.043 -06:00 [INF] Executed endpoint 'Pos.Api.Controllers.v1.CustomersController.GetCustomers (Pos.Api)'
2026-08-07 21:06:41.044 -06:00 [INF] Executed DbCommand (20ms) [Parameters=[@__p_0='?' (DbType = Int32)], CommandType='"Text"', CommandTimeout='30']
SELECT [s0].[Id], [s0].[ClienteId], [s0].[EstaActivo], [s0].[Estado], [s0].[FechaActualizacionUtc], [s0].[FechaCreacionUtc], [s0].[MontoAnticipo], [s0].[MontoDescuento], [s0].[MontoEfectivo], [s0].[MontoIva], [s0].[MontoTarjeta], [s0].[MontoTotal], [s0].[MontoTransferencia], [s0].[Notas], [s0].[NumeroFolio], [s0].[SaldoPendiente], [s0].[SubTotal], [s0].[TipoPago], [s0].[UsuarioId], [c].[Id], [c].[Apellido], [c].[Ciudad], [c].[CodigoPostal], [c].[Direccion], [c].[Email], [c].[EstaActivo], [c].[Estado], [c].[FechaActualizacionUtc], [c].[FechaCreacionUtc], [c].[Nombre], [c].[NombreEmpresa], [c].[Notas], [c].[PorcentajeDescuentoEspecial], [c].[Rfc], [c].[Telefono], [c].[TipoCliente], [u].[Id], [u].[Email], [u].[EmpleadoId], [u].[EstaActivo], [u].[FechaActualizacionUtc], [u].[FechaCreacionUtc], [u].[NombreUsuario], [u].[PasswordHash], [s2].[Id], [s2].[Cantidad], [s2].[EstaActivo], [s2].[FechaActualizacionUtc], [s2].[FechaCreacionUtc], [s2].[MontoDescuento], [s2].[PrecioTotal], [s2].[PrecioUnitario], [s2].[ProductoId], [s2].[VentaId], [s2].[Id0], [s2].[AltoCm], [s2].[AnchoCm], [s2].[AnchoMm], [s2].[Barcode], [s2].[CantidadInventarioInicial], [s2].[CantidadMinimaMayoreo], [s2].[CategoriaId], [s2].[CoberturaM2Caja], [s2].[CoberturaPorUnidadM2], [s2].[Descripcion], [s2].[EspesorMm], [s2].[EstaActivo0], [s2].[FechaActualizacionUtc0], [s2].[FechaCreacionUtc0], [s2].[ImagenUrl], [s2].[LargoCm], [s2].[LargoMm], [s2].[Material], [s2].[Nombre], [s2].[PiezasPorCaja], [s2].[PrecioMayoreo], [s2].[PrecioUnitario0], [s2].[Sku], [s2].[SoloCotizacion], [s2].[UnidadMedida], [s2].[VisibleMasVendido]
FROM (
    SELECT TOP(@__p_0) [s].[Id], [s].[ClienteId], [s].[EstaActivo], [s].[Estado], [s].[FechaActualizacionUtc], [s].[FechaCreacionUtc], [s].[MontoAnticipo], [s].[MontoDescuento], [s].[MontoEfectivo], [s].[MontoIva], [s].[MontoTarjeta], [s].[MontoTotal], [s].[MontoTransferencia], [s].[Notas], [s].[NumeroFolio], [s].[SaldoPendiente], [s].[SubTotal], [s].[TipoPago], [s].[UsuarioId]
    FROM [Sales] AS [s]
    WHERE [s].[EstaActivo] = CAST(1 AS bit)
    ORDER BY [s].[FechaCreacionUtc] DESC
) AS [s0]
LEFT JOIN [Customers] AS [c] ON [s0].[ClienteId] = [c].[Id]
LEFT JOIN [Users] AS [u] ON [s0].[UsuarioId] = [u].[Id]
LEFT JOIN (
    SELECT [s1].[Id], [s1].[Cantidad], [s1].[EstaActivo], [s1].[FechaActualizacionUtc], [s1].[FechaCreacionUtc], [s1].[MontoDescuento], [s1].[PrecioTotal], [s1].[PrecioUnitario], [s1].[ProductoId], [s1].[VentaId], [p].[Id] AS [Id0], [p].[AltoCm], [p].[AnchoCm], [p].[AnchoMm], [p].[Barcode], [p].[CantidadInventarioInicial], [p].[CantidadMinimaMayoreo], [p].[CategoriaId], [p].[CoberturaM2Caja], [p].[CoberturaPorUnidadM2], [p].[Descripcion], [p].[EspesorMm], [p].[EstaActivo] AS [EstaActivo0], [p].[FechaActualizacionUtc] AS [FechaActualizacionUtc0], [p].[FechaCreacionUtc] AS [FechaCreacionUtc0], [p].[ImagenUrl], [p].[LargoCm], [p].[LargoMm], [p].[Material], [p].[Nombre], [p].[PiezasPorCaja], [p].[PrecioMayoreo], [p].[PrecioUnitario] AS [PrecioUnitario0], [p].[Sku], [p].[SoloCotizacion], [p].[UnidadMedida], [p].[VisibleMasVendido]
    FROM [SaleItems] AS [s1]
    INNER JOIN [Products] AS [p] ON [s1].[ProductoId] = [p].[Id]
) AS [s2] ON [s0].[Id] = [s2].[VentaId]
ORDER BY [s0].[FechaCreacionUtc] DESC, [s0].[Id], [c].[Id], [u].[Id], [s2].[Id]
2026-08-07 21:06:41.045 -06:00 [INF] Request starting HTTP/1.1 GET http://localhost:5000/api/v1/customers? - application/json null
2026-08-07 21:06:41.048 -06:00 [INF] Executed DbCommand (4ms) [Parameters=[@p0='?' (DbType = Guid), @p1='?' (Size = 100), @p2='?' (Size = 4000), @p3='?' (Size = 4000), @p4='?' (DbType = Boolean), @p5='?' (DbType = DateTime2), @p6='?' (DbType = DateTime2), @p7='?' (Size = 100), @p8='?' (Size = 4000), @p9='?' (Size = 4000), @p10='?' (DbType = Guid), @p11='?' (Size = 4000), @p12='?' (Size = 4000)], CommandType='"Text"', CommandTimeout='30']
SET IMPLICIT_TRANSACTIONS OFF;
SET NOCOUNT ON;
INSERT INTO [AuditLogs] ([Id], [Accion], [DireccionIp], [EntidadId], [EstaActivo], [FechaActualizacionUtc], [FechaCreacionUtc], [IdCorrelacion], [Motivo], [NombreEntidad], [UsuarioId], [ValoresAnterioresJson], [ValoresNuevosJson])
VALUES (@p0, @p1, @p2, @p3, @p4, @p5, @p6, @p7, @p8, @p9, @p10, @p11, @p12);
2026-08-07 21:06:41.050 -06:00 [INF] Executing endpoint 'Pos.Api.Controllers.v1.CustomersController.GetCustomers (Pos.Api)'
2026-08-07 21:06:41.051 -06:00 [INF] Executed DbCommand (1ms) [Parameters=[@__productIds_0='?' (Size = 4000)], CommandType='"Text"', CommandTimeout='30']
SELECT [s].[Id], [s].[CantidadDisponible], [s].[CantidadReorden], [s].[EstaActivo], [s].[FechaActualizacionUtc], [s].[FechaCreacionUtc], [s].[ProductoId], [s].[Ubicacion], [s].[UmbralMinimoAlerta], [s].[VersionFila]
FROM [Stocks] AS [s]
WHERE [s].[ProductoId] IN (
    SELECT [p].[value]
    FROM OPENJSON(@__productIds_0) WITH ([value] uniqueidentifier '$') AS [p]
)
2026-08-07 21:06:41.052 -06:00 [INF] [AUDITORIA WPC BAJIO] CorrelationId: 5e94283d-913a-44e0-b38f-0a0ecdb0d281 | Action: GET /api/v1/customers | Entity: HttpRequest (200) | User: ebc8b858-2837-4bd5-93e1-8b4c1d0bd81b | IP: ::1 | Reason: HTTP Response StatusCode: 200 | OldValues: N/A | NewValues: N/A
2026-08-07 21:06:41.054 -06:00 [INF] Route matched with {action = "GetCustomers", controller = "Customers"}. Executing controller action with signature System.Threading.Tasks.Task`1[Microsoft.AspNetCore.Mvc.ActionResult`1[System.Collections.Generic.List`1[Pos.Application.Catalog.DTOs.CustomerDto]]] GetCustomers(System.String, System.String, System.Threading.CancellationToken) on controller Pos.Api.Controllers.v1.CustomersController (Pos.Api).
2026-08-07 21:06:41.056 -06:00 [INF] Executing OkObjectResult, writing value of type 'System.Collections.Generic.List`1[[Pos.Application.Catalog.DTOs.ProductDto, Pos.Application, Version=1.0.0.0, Culture=neutral, PublicKeyToken=null]]'.
2026-08-07 21:06:41.063 -06:00 [INF] Executed DbCommand (1ms) [Parameters=[@__p_0='?' (DbType = Int32)], CommandType='"Text"', CommandTimeout='30']
SELECT TOP(@__p_0) [c].[Id], [c].[Apellido], [c].[Ciudad], [c].[CodigoPostal], [c].[Direccion], [c].[Email], [c].[EstaActivo], [c].[Estado], [c].[FechaActualizacionUtc], [c].[FechaCreacionUtc], [c].[Nombre], [c].[NombreEmpresa], [c].[Notas], [c].[PorcentajeDescuentoEspecial], [c].[Rfc], [c].[Telefono], [c].[TipoCliente]
FROM [Customers] AS [c]
WHERE [c].[EstaActivo] = CAST(1 AS bit)
ORDER BY COALESCE([c].[NombreEmpresa], [c].[Nombre])
2026-08-07 21:06:41.059 -06:00 [INF] Request finished HTTP/1.1 GET http://localhost:5000/api/v1/customers? - 200 null application/json; charset=utf-8 50.8858ms
2026-08-07 21:06:41.063 -06:00 [INF] Executed action Pos.Api.Controllers.v1.ProductsController.GetProducts (Pos.Api) in 44.1521ms
2026-08-07 21:06:41.065 -06:00 [INF] Executing OkObjectResult, writing value of type 'System.Collections.Generic.List`1[[Pos.Application.Catalog.DTOs.CustomerDto, Pos.Application, Version=1.0.0.0, Culture=neutral, PublicKeyToken=null]]'.
2026-08-07 21:06:41.068 -06:00 [INF] Request starting HTTP/1.1 GET http://localhost:5000/api/v1/products? - application/json null
2026-08-07 21:06:41.070 -06:00 [INF] Executed endpoint 'Pos.Api.Controllers.v1.ProductsController.GetProducts (Pos.Api)'
2026-08-07 21:06:41.083 -06:00 [INF] Executed action Pos.Api.Controllers.v1.CustomersController.GetCustomers (Pos.Api) in 22.2382ms
2026-08-07 21:06:41.086 -06:00 [INF] Executing endpoint 'Pos.Api.Controllers.v1.ProductsController.GetProducts (Pos.Api)'
2026-08-07 21:06:41.089 -06:00 [INF] Executed endpoint 'Pos.Api.Controllers.v1.CustomersController.GetCustomers (Pos.Api)'
2026-08-07 21:06:41.090 -06:00 [INF] Route matched with {action = "GetProducts", controller = "Products"}. Executing controller action with signature System.Threading.Tasks.Task`1[Microsoft.AspNetCore.Mvc.ActionResult`1[System.Collections.Generic.List`1[Pos.Application.Catalog.DTOs.ProductDto]]] GetProducts(System.String, System.Nullable`1[System.Guid], System.Nullable`1[System.Boolean], System.Threading.CancellationToken) on controller Pos.Api.Controllers.v1.ProductsController (Pos.Api).
2026-08-07 21:06:41.090 -06:00 [INF] Executed DbCommand (2ms) [Parameters=[@p0='?' (DbType = Guid), @p1='?' (Size = 100), @p2='?' (Size = 4000), @p3='?' (Size = 4000), @p4='?' (DbType = Boolean), @p5='?' (DbType = DateTime2), @p6='?' (DbType = DateTime2), @p7='?' (Size = 100), @p8='?' (Size = 4000), @p9='?' (Size = 4000), @p10='?' (DbType = Guid), @p11='?' (Size = 4000), @p12='?' (Size = 4000)], CommandType='"Text"', CommandTimeout='30']
SET IMPLICIT_TRANSACTIONS OFF;
SET NOCOUNT ON;
INSERT INTO [AuditLogs] ([Id], [Accion], [DireccionIp], [EntidadId], [EstaActivo], [FechaActualizacionUtc], [FechaCreacionUtc], [IdCorrelacion], [Motivo], [NombreEntidad], [UsuarioId], [ValoresAnterioresJson], [ValoresNuevosJson])
VALUES (@p0, @p1, @p2, @p3, @p4, @p5, @p6, @p7, @p8, @p9, @p10, @p11, @p12);
2026-08-07 21:06:41.091 -06:00 [INF] Executing OkObjectResult, writing value of type 'System.Collections.Generic.List`1[[Pos.Application.Sales.DTOs.SaleDto, Pos.Application, Version=1.0.0.0, Culture=neutral, PublicKeyToken=null]]'.
2026-08-07 21:06:41.093 -06:00 [INF] Executed DbCommand (1ms) [Parameters=[@p0='?' (DbType = Guid), @p1='?' (Size = 100), @p2='?' (Size = 4000), @p3='?' (Size = 4000), @p4='?' (DbType = Boolean), @p5='?' (DbType = DateTime2), @p6='?' (DbType = DateTime2), @p7='?' (Size = 100), @p8='?' (Size = 4000), @p9='?' (Size = 4000), @p10='?' (DbType = Guid), @p11='?' (Size = 4000), @p12='?' (Size = 4000)], CommandType='"Text"', CommandTimeout='30']
SET IMPLICIT_TRANSACTIONS OFF;
SET NOCOUNT ON;
INSERT INTO [AuditLogs] ([Id], [Accion], [DireccionIp], [EntidadId], [EstaActivo], [FechaActualizacionUtc], [FechaCreacionUtc], [IdCorrelacion], [Motivo], [NombreEntidad], [UsuarioId], [ValoresAnterioresJson], [ValoresNuevosJson])
VALUES (@p0, @p1, @p2, @p3, @p4, @p5, @p6, @p7, @p8, @p9, @p10, @p11, @p12);
2026-08-07 21:06:41.094 -06:00 [INF] Executed DbCommand (0ms) [Parameters=[], CommandType='"Text"', CommandTimeout='30']
SELECT [p].[Id], [p].[AltoCm], [p].[AnchoCm], [p].[AnchoMm], [p].[Barcode], [p].[CantidadInventarioInicial], [p].[CantidadMinimaMayoreo], [p].[CategoriaId], [p].[CoberturaM2Caja], [p].[CoberturaPorUnidadM2], [p].[Descripcion], [p].[EspesorMm], [p].[EstaActivo], [p].[FechaActualizacionUtc], [p].[FechaCreacionUtc], [p].[ImagenUrl], [p].[LargoCm], [p].[LargoMm], [p].[Material], [p].[Nombre], [p].[PiezasPorCaja], [p].[PrecioMayoreo], [p].[PrecioUnitario], [p].[Sku], [p].[SoloCotizacion], [p].[UnidadMedida], [p].[VisibleMasVendido], [c].[Id], [c].[CategoriaPadreId], [c].[Descripcion], [c].[EstaActivo], [c].[FechaActualizacionUtc], [c].[FechaCreacionUtc], [c].[Nombre], [c].[Slug], [p0].[Id], [p0].[EsPrincipal], [p0].[EstaActivo], [p0].[FechaActualizacionUtc], [p0].[FechaCreacionUtc], [p0].[ProductoId], [p0].[UrlImagen]
FROM [Products] AS [p]
INNER JOIN [Categories] AS [c] ON [p].[CategoriaId] = [c].[Id]
LEFT JOIN [ProductImages] AS [p0] ON [p].[Id] = [p0].[ProductoId]
ORDER BY [p].[Id], [c].[Id]
2026-08-07 21:06:41.095 -06:00 [INF] [AUDITORIA WPC BAJIO] CorrelationId: 1f680e25-a1f6-42d0-abc0-df2613083bbf | Action: GET /api/v1/products | Entity: HttpRequest (200) | User: ebc8b858-2837-4bd5-93e1-8b4c1d0bd81b | IP: ::1 | Reason: HTTP Response StatusCode: 200 | OldValues: N/A | NewValues: N/A
2026-08-07 21:06:41.097 -06:00 [INF] Executed action Pos.Api.Controllers.v1.SalesController.GetSales (Pos.Api) in 73.5314ms
2026-08-07 21:06:41.099 -06:00 [INF] [AUDITORIA WPC BAJIO] CorrelationId: 57416f1a-1286-4741-84c2-fc844a76d0ad | Action: GET /api/v1/customers | Entity: HttpRequest (200) | User: ebc8b858-2837-4bd5-93e1-8b4c1d0bd81b | IP: ::1 | Reason: HTTP Response StatusCode: 200 | OldValues: N/A | NewValues: N/A
2026-08-07 21:06:41.102 -06:00 [INF] Request starting HTTP/1.1 GET http://localhost:5000/api/v1/sales - application/json null
2026-08-07 21:06:41.107 -06:00 [INF] Request finished HTTP/1.1 GET http://localhost:5000/api/v1/products? - 200 null application/json; charset=utf-8 99.0386ms
2026-08-07 21:06:41.108 -06:00 [INF] Executed endpoint 'Pos.Api.Controllers.v1.SalesController.GetSales (Pos.Api)'
2026-08-07 21:06:41.111 -06:00 [INF] Request finished HTTP/1.1 GET http://localhost:5000/api/v1/customers? - 200 null application/json; charset=utf-8 66.1115ms
2026-08-07 21:06:41.114 -06:00 [INF] Executing endpoint 'Pos.Api.Controllers.v1.SalesController.GetSales (Pos.Api)'
2026-08-07 21:06:41.115 -06:00 [INF] Executed DbCommand (1ms) [Parameters=[@__productIds_0='?' (Size = 4000)], CommandType='"Text"', CommandTimeout='30']
SELECT [s].[Id], [s].[CantidadDisponible], [s].[CantidadReorden], [s].[EstaActivo], [s].[FechaActualizacionUtc], [s].[FechaCreacionUtc], [s].[ProductoId], [s].[Ubicacion], [s].[UmbralMinimoAlerta], [s].[VersionFila]
FROM [Stocks] AS [s]
WHERE [s].[ProductoId] IN (
    SELECT [p].[value]
    FROM OPENJSON(@__productIds_0) WITH ([value] uniqueidentifier '$') AS [p]
)
2026-08-07 21:06:41.120 -06:00 [INF] Executed DbCommand (2ms) [Parameters=[@p0='?' (DbType = Guid), @p1='?' (Size = 100), @p2='?' (Size = 4000), @p3='?' (Size = 4000), @p4='?' (DbType = Boolean), @p5='?' (DbType = DateTime2), @p6='?' (DbType = DateTime2), @p7='?' (Size = 100), @p8='?' (Size = 4000), @p9='?' (Size = 4000), @p10='?' (DbType = Guid), @p11='?' (Size = 4000), @p12='?' (Size = 4000)], CommandType='"Text"', CommandTimeout='30']
SET IMPLICIT_TRANSACTIONS OFF;
SET NOCOUNT ON;
INSERT INTO [AuditLogs] ([Id], [Accion], [DireccionIp], [EntidadId], [EstaActivo], [FechaActualizacionUtc], [FechaCreacionUtc], [IdCorrelacion], [Motivo], [NombreEntidad], [UsuarioId], [ValoresAnterioresJson], [ValoresNuevosJson])
VALUES (@p0, @p1, @p2, @p3, @p4, @p5, @p6, @p7, @p8, @p9, @p10, @p11, @p12);
2026-08-07 21:06:41.123 -06:00 [INF] Route matched with {action = "GetSales", controller = "Sales"}. Executing controller action with signature System.Threading.Tasks.Task`1[Microsoft.AspNetCore.Mvc.ActionResult`1[System.Collections.Generic.List`1[Pos.Application.Sales.DTOs.SaleDto]]] GetSales(System.String, System.Nullable`1[System.Guid], System.String, System.Threading.CancellationToken) on controller Pos.Api.Controllers.v1.SalesController (Pos.Api).
2026-08-07 21:06:41.126 -06:00 [INF] Executing OkObjectResult, writing value of type 'System.Collections.Generic.List`1[[Pos.Application.Catalog.DTOs.ProductDto, Pos.Application, Version=1.0.0.0, Culture=neutral, PublicKeyToken=null]]'.
2026-08-07 21:06:41.128 -06:00 [INF] [AUDITORIA WPC BAJIO] CorrelationId: 90b251e9-537d-4bc0-94db-38a2ce5f491d | Action: GET /api/v1/sales | Entity: HttpRequest (200) | User: ebc8b858-2837-4bd5-93e1-8b4c1d0bd81b | IP: ::1 | Reason: HTTP Response StatusCode: 200 | OldValues: N/A | NewValues: N/A
2026-08-07 21:06:41.132 -06:00 [INF] Executed action Pos.Api.Controllers.v1.ProductsController.GetProducts (Pos.Api) in 38.8851ms
2026-08-07 21:06:41.132 -06:00 [INF] Executed DbCommand (1ms) [Parameters=[@__p_0='?' (DbType = Int32)], CommandType='"Text"', CommandTimeout='30']
SELECT [s0].[Id], [s0].[ClienteId], [s0].[EstaActivo], [s0].[Estado], [s0].[FechaActualizacionUtc], [s0].[FechaCreacionUtc], [s0].[MontoAnticipo], [s0].[MontoDescuento], [s0].[MontoEfectivo], [s0].[MontoIva], [s0].[MontoTarjeta], [s0].[MontoTotal], [s0].[MontoTransferencia], [s0].[Notas], [s0].[NumeroFolio], [s0].[SaldoPendiente], [s0].[SubTotal], [s0].[TipoPago], [s0].[UsuarioId], [c].[Id], [c].[Apellido], [c].[Ciudad], [c].[CodigoPostal], [c].[Direccion], [c].[Email], [c].[EstaActivo], [c].[Estado], [c].[FechaActualizacionUtc], [c].[FechaCreacionUtc], [c].[Nombre], [c].[NombreEmpresa], [c].[Notas], [c].[PorcentajeDescuentoEspecial], [c].[Rfc], [c].[Telefono], [c].[TipoCliente], [u].[Id], [u].[Email], [u].[EmpleadoId], [u].[EstaActivo], [u].[FechaActualizacionUtc], [u].[FechaCreacionUtc], [u].[NombreUsuario], [u].[PasswordHash], [s2].[Id], [s2].[Cantidad], [s2].[EstaActivo], [s2].[FechaActualizacionUtc], [s2].[FechaCreacionUtc], [s2].[MontoDescuento], [s2].[PrecioTotal], [s2].[PrecioUnitario], [s2].[ProductoId], [s2].[VentaId], [s2].[Id0], [s2].[AltoCm], [s2].[AnchoCm], [s2].[AnchoMm], [s2].[Barcode], [s2].[CantidadInventarioInicial], [s2].[CantidadMinimaMayoreo], [s2].[CategoriaId], [s2].[CoberturaM2Caja], [s2].[CoberturaPorUnidadM2], [s2].[Descripcion], [s2].[EspesorMm], [s2].[EstaActivo0], [s2].[FechaActualizacionUtc0], [s2].[FechaCreacionUtc0], [s2].[ImagenUrl], [s2].[LargoCm], [s2].[LargoMm], [s2].[Material], [s2].[Nombre], [s2].[PiezasPorCaja], [s2].[PrecioMayoreo], [s2].[PrecioUnitario0], [s2].[Sku], [s2].[SoloCotizacion], [s2].[UnidadMedida], [s2].[VisibleMasVendido]
FROM (
    SELECT TOP(@__p_0) [s].[Id], [s].[ClienteId], [s].[EstaActivo], [s].[Estado], [s].[FechaActualizacionUtc], [s].[FechaCreacionUtc], [s].[MontoAnticipo], [s].[MontoDescuento], [s].[MontoEfectivo], [s].[MontoIva], [s].[MontoTarjeta], [s].[MontoTotal], [s].[MontoTransferencia], [s].[Notas], [s].[NumeroFolio], [s].[SaldoPendiente], [s].[SubTotal], [s].[TipoPago], [s].[UsuarioId]
    FROM [Sales] AS [s]
    WHERE [s].[EstaActivo] = CAST(1 AS bit)
    ORDER BY [s].[FechaCreacionUtc] DESC
) AS [s0]
LEFT JOIN [Customers] AS [c] ON [s0].[ClienteId] = [c].[Id]
LEFT JOIN [Users] AS [u] ON [s0].[UsuarioId] = [u].[Id]
LEFT JOIN (
    SELECT [s1].[Id], [s1].[Cantidad], [s1].[EstaActivo], [s1].[FechaActualizacionUtc], [s1].[FechaCreacionUtc], [s1].[MontoDescuento], [s1].[PrecioTotal], [s1].[PrecioUnitario], [s1].[ProductoId], [s1].[VentaId], [p].[Id] AS [Id0], [p].[AltoCm], [p].[AnchoCm], [p].[AnchoMm], [p].[Barcode], [p].[CantidadInventarioInicial], [p].[CantidadMinimaMayoreo], [p].[CategoriaId], [p].[CoberturaM2Caja], [p].[CoberturaPorUnidadM2], [p].[Descripcion], [p].[EspesorMm], [p].[EstaActivo] AS [EstaActivo0], [p].[FechaActualizacionUtc] AS [FechaActualizacionUtc0], [p].[FechaCreacionUtc] AS [FechaCreacionUtc0], [p].[ImagenUrl], [p].[LargoCm], [p].[LargoMm], [p].[Material], [p].[Nombre], [p].[PiezasPorCaja], [p].[PrecioMayoreo], [p].[PrecioUnitario] AS [PrecioUnitario0], [p].[Sku], [p].[SoloCotizacion], [p].[UnidadMedida], [p].[VisibleMasVendido]
    FROM [SaleItems] AS [s1]
    INNER JOIN [Products] AS [p] ON [s1].[ProductoId] = [p].[Id]
) AS [s2] ON [s0].[Id] = [s2].[VentaId]
ORDER BY [s0].[FechaCreacionUtc] DESC, [s0].[Id], [c].[Id], [u].[Id], [s2].[Id]
2026-08-07 21:06:41.134 -06:00 [INF] Request finished HTTP/1.1 GET http://localhost:5000/api/v1/sales - 200 null application/json; charset=utf-8 125.2021ms
2026-08-07 21:06:41.135 -06:00 [INF] Executed endpoint 'Pos.Api.Controllers.v1.ProductsController.GetProducts (Pos.Api)'
2026-08-07 21:06:41.145 -06:00 [INF] Executed DbCommand (3ms) [Parameters=[@p0='?' (DbType = Guid), @p1='?' (Size = 100), @p2='?' (Size = 4000), @p3='?' (Size = 4000), @p4='?' (DbType = Boolean), @p5='?' (DbType = DateTime2), @p6='?' (DbType = DateTime2), @p7='?' (Size = 100), @p8='?' (Size = 4000), @p9='?' (Size = 4000), @p10='?' (DbType = Guid), @p11='?' (Size = 4000), @p12='?' (Size = 4000)], CommandType='"Text"', CommandTimeout='30']
SET IMPLICIT_TRANSACTIONS OFF;
SET NOCOUNT ON;
INSERT INTO [AuditLogs] ([Id], [Accion], [DireccionIp], [EntidadId], [EstaActivo], [FechaActualizacionUtc], [FechaCreacionUtc], [IdCorrelacion], [Motivo], [NombreEntidad], [UsuarioId], [ValoresAnterioresJson], [ValoresNuevosJson])
VALUES (@p0, @p1, @p2, @p3, @p4, @p5, @p6, @p7, @p8, @p9, @p10, @p11, @p12);
2026-08-07 21:06:41.148 -06:00 [INF] [AUDITORIA WPC BAJIO] CorrelationId: 2007d2d4-5747-43e4-9825-045fdd5d76db | Action: GET /api/v1/products | Entity: HttpRequest (200) | User: ebc8b858-2837-4bd5-93e1-8b4c1d0bd81b | IP: ::1 | Reason: HTTP Response StatusCode: 200 | OldValues: N/A | NewValues: N/A
2026-08-07 21:06:41.152 -06:00 [INF] Request finished HTTP/1.1 GET http://localhost:5000/api/v1/products? - 200 null application/json; charset=utf-8 83.5711ms
2026-08-07 21:06:41.238 -06:00 [INF] Executing OkObjectResult, writing value of type 'System.Collections.Generic.List`1[[Pos.Application.Sales.DTOs.SaleDto, Pos.Application, Version=1.0.0.0, Culture=neutral, PublicKeyToken=null]]'.
2026-08-07 21:06:41.245 -06:00 [INF] Executed action Pos.Api.Controllers.v1.SalesController.GetSales (Pos.Api) in 115.8795ms
2026-08-07 21:06:41.247 -06:00 [INF] Executed endpoint 'Pos.Api.Controllers.v1.SalesController.GetSales (Pos.Api)'
2026-08-07 21:06:41.255 -06:00 [INF] Executed DbCommand (5ms) [Parameters=[@p0='?' (DbType = Guid), @p1='?' (Size = 100), @p2='?' (Size = 4000), @p3='?' (Size = 4000), @p4='?' (DbType = Boolean), @p5='?' (DbType = DateTime2), @p6='?' (DbType = DateTime2), @p7='?' (Size = 100), @p8='?' (Size = 4000), @p9='?' (Size = 4000), @p10='?' (DbType = Guid), @p11='?' (Size = 4000), @p12='?' (Size = 4000)], CommandType='"Text"', CommandTimeout='30']
SET IMPLICIT_TRANSACTIONS OFF;
SET NOCOUNT ON;
INSERT INTO [AuditLogs] ([Id], [Accion], [DireccionIp], [EntidadId], [EstaActivo], [FechaActualizacionUtc], [FechaCreacionUtc], [IdCorrelacion], [Motivo], [NombreEntidad], [UsuarioId], [ValoresAnterioresJson], [ValoresNuevosJson])
VALUES (@p0, @p1, @p2, @p3, @p4, @p5, @p6, @p7, @p8, @p9, @p10, @p11, @p12);
2026-08-07 21:06:41.258 -06:00 [INF] [AUDITORIA WPC BAJIO] CorrelationId: d3c453c8-802f-4b5b-90d2-434859e3e98f | Action: GET /api/v1/sales | Entity: HttpRequest (200) | User: ebc8b858-2837-4bd5-93e1-8b4c1d0bd81b | IP: ::1 | Reason: HTTP Response StatusCode: 200 | OldValues: N/A | NewValues: N/A
2026-08-07 21:06:41.262 -06:00 [INF] Request finished HTTP/1.1 GET http://localhost:5000/api/v1/sales - 200 null application/json; charset=utf-8 159.5831ms
2026-08-07 21:18:24.544 -06:00 [INF] Request starting HTTP/1.1 GET http://localhost:5000/api/v1/cashshifts/history - application/json null
2026-08-07 21:18:24.548 -06:00 [INF] Request starting HTTP/1.1 GET http://localhost:5000/api/v1/cashshifts/current - application/json null
2026-08-07 21:18:24.551 -06:00 [INF] Executing endpoint 'Pos.Api.Controllers.v1.CashShiftController.GetShiftHistory (Pos.Api)'
2026-08-07 21:18:24.551 -06:00 [INF] Executing endpoint 'Pos.Api.Controllers.v1.CashShiftController.GetCurrentShift (Pos.Api)'
2026-08-07 21:18:24.552 -06:00 [INF] Route matched with {action = "GetShiftHistory", controller = "CashShift"}. Executing controller action with signature System.Threading.Tasks.Task`1[Microsoft.AspNetCore.Mvc.ActionResult`1[System.Collections.Generic.List`1[Pos.Application.CashShift.DTOs.CashShiftDto]]] GetShiftHistory(System.Threading.CancellationToken) on controller Pos.Api.Controllers.v1.CashShiftController (Pos.Api).
2026-08-07 21:18:24.554 -06:00 [INF] Route matched with {action = "GetCurrentShift", controller = "CashShift"}. Executing controller action with signature System.Threading.Tasks.Task`1[Microsoft.AspNetCore.Mvc.ActionResult`1[Pos.Application.CashShift.DTOs.CashShiftDto]] GetCurrentShift(System.Threading.CancellationToken) on controller Pos.Api.Controllers.v1.CashShiftController (Pos.Api).
2026-08-07 21:18:24.935 -06:00 [INF] Request starting HTTP/1.1 GET http://localhost:5000/api/v1/products? - application/json null
2026-08-07 21:18:24.935 -06:00 [INF] Request starting HTTP/1.1 GET http://localhost:5000/api/v1/customers? - application/json null
2026-08-07 21:18:24.935 -06:00 [INF] Request starting HTTP/1.1 GET http://localhost:5000/api/v1/sales - application/json null
2026-08-07 21:18:24.937 -06:00 [INF] Executing endpoint 'Pos.Api.Controllers.v1.ProductsController.GetProducts (Pos.Api)'
2026-08-07 21:18:24.938 -06:00 [INF] Executing endpoint 'Pos.Api.Controllers.v1.CustomersController.GetCustomers (Pos.Api)'
2026-08-07 21:18:24.940 -06:00 [INF] Executing endpoint 'Pos.Api.Controllers.v1.SalesController.GetSales (Pos.Api)'
2026-08-07 21:18:24.941 -06:00 [INF] Route matched with {action = "GetProducts", controller = "Products"}. Executing controller action with signature System.Threading.Tasks.Task`1[Microsoft.AspNetCore.Mvc.ActionResult`1[System.Collections.Generic.List`1[Pos.Application.Catalog.DTOs.ProductDto]]] GetProducts(System.String, System.Nullable`1[System.Guid], System.Nullable`1[System.Boolean], System.Threading.CancellationToken) on controller Pos.Api.Controllers.v1.ProductsController (Pos.Api).
2026-08-07 21:18:24.942 -06:00 [INF] Route matched with {action = "GetCustomers", controller = "Customers"}. Executing controller action with signature System.Threading.Tasks.Task`1[Microsoft.AspNetCore.Mvc.ActionResult`1[System.Collections.Generic.List`1[Pos.Application.Catalog.DTOs.CustomerDto]]] GetCustomers(System.String, System.String, System.Threading.CancellationToken) on controller Pos.Api.Controllers.v1.CustomersController (Pos.Api).
2026-08-07 21:18:24.943 -06:00 [INF] Route matched with {action = "GetSales", controller = "Sales"}. Executing controller action with signature System.Threading.Tasks.Task`1[Microsoft.AspNetCore.Mvc.ActionResult`1[System.Collections.Generic.List`1[Pos.Application.Sales.DTOs.SaleDto]]] GetSales(System.String, System.Nullable`1[System.Guid], System.String, System.Threading.CancellationToken) on controller Pos.Api.Controllers.v1.SalesController (Pos.Api).
2026-08-07 21:18:27.352 -06:00 [ERR] An error occurred using the connection to database 'PosLambrinDb' on server 'AAM'.
2026-08-07 21:18:27.352 -06:00 [ERR] An error occurred using the connection to database 'PosLambrinDb' on server 'AAM'.
2026-08-07 21:18:27.352 -06:00 [ERR] An error occurred using the connection to database 'PosLambrinDb' on server 'AAM'.
2026-08-07 21:18:27.352 -06:00 [ERR] An error occurred using the connection to database 'PosLambrinDb' on server 'AAM'.
2026-08-07 21:18:27.352 -06:00 [ERR] An error occurred using the connection to database 'PosLambrinDb' on server 'AAM'.
2026-08-07 21:18:27.394 -06:00 [INF] A transient exception occurred during execution. The operation will be retried after 5000ms.
Microsoft.Data.SqlClient.SqlException (0x80131904): A connection was successfully established with the server, but then an error occurred during the pre-login handshake. (provider: Shared Memory Provider, error: 0 - No hay ningún proceso en el otro extremo de la canalización.)
 ---> System.ComponentModel.Win32Exception (233): No hay ningún proceso en el otro extremo de la canalización.
   at Microsoft.Data.ProviderBase.DbConnectionPool.TryGetConnection(DbConnection owningObject, UInt32 waitForMultipleObjectsTimeout, Boolean allowCreate, Boolean onlyOneCheckConnection, DbConnectionOptions userOptions, DbConnectionInternal& connection)
   at Microsoft.Data.ProviderBase.DbConnectionPool.WaitForPendingOpen()
--- End of stack trace from previous location ---
   at Microsoft.EntityFrameworkCore.Storage.RelationalConnection.OpenInternalAsync(Boolean errorsExpected, CancellationToken cancellationToken)
   at Microsoft.EntityFrameworkCore.Storage.RelationalConnection.OpenInternalAsync(Boolean errorsExpected, CancellationToken cancellationToken)
   at Microsoft.EntityFrameworkCore.Storage.RelationalConnection.OpenAsync(CancellationToken cancellationToken, Boolean errorsExpected)
   at Microsoft.EntityFrameworkCore.Storage.RelationalCommand.ExecuteReaderAsync(RelationalCommandParameterObject parameterObject, CancellationToken cancellationToken)
   at Microsoft.EntityFrameworkCore.Query.Internal.SingleQueryingEnumerable`1.AsyncEnumerator.InitializeReaderAsync(AsyncEnumerator enumerator, CancellationToken cancellationToken)
   at Microsoft.EntityFrameworkCore.Storage.ExecutionStrategy.<>c__DisplayClass30_0`2.<<ExecuteAsync>b__0>d.MoveNext()
--- End of stack trace from previous location ---
   at Microsoft.EntityFrameworkCore.Storage.ExecutionStrategy.ExecuteImplementationAsync[TState,TResult](Func`4 operation, Func`4 verifySucceeded, TState state, CancellationToken cancellationToken)
ClientConnectionId:15713509-ec24-4062-8c22-86a338e85277
Error Number:233,State:0,Class:20
Microsoft.Data.SqlClient.SqlException (0x80131904): A connection was successfully established with the server, but then an error occurred during the pre-login handshake. (provider: Shared Memory Provider, error: 0 - No hay ningún proceso en el otro extremo de la canalización.)
 ---> System.ComponentModel.Win32Exception (233): No hay ningún proceso en el otro extremo de la canalización.
   at Microsoft.Data.ProviderBase.DbConnectionPool.TryGetConnection(DbConnection owningObject, UInt32 waitForMultipleObjectsTimeout, Boolean allowCreate, Boolean onlyOneCheckConnection, DbConnectionOptions userOptions, DbConnectionInternal& connection)
   at Microsoft.Data.ProviderBase.DbConnectionPool.WaitForPendingOpen()
--- End of stack trace from previous location ---
   at Microsoft.EntityFrameworkCore.Storage.RelationalConnection.OpenInternalAsync(Boolean errorsExpected, CancellationToken cancellationToken)
   at Microsoft.EntityFrameworkCore.Storage.RelationalConnection.OpenInternalAsync(Boolean errorsExpected, CancellationToken cancellationToken)
   at Microsoft.EntityFrameworkCore.Storage.RelationalConnection.OpenAsync(CancellationToken cancellationToken, Boolean errorsExpected)
   at Microsoft.EntityFrameworkCore.Storage.RelationalCommand.ExecuteReaderAsync(RelationalCommandParameterObject parameterObject, CancellationToken cancellationToken)
   at Microsoft.EntityFrameworkCore.Query.Internal.SingleQueryingEnumerable`1.AsyncEnumerator.InitializeReaderAsync(AsyncEnumerator enumerator, CancellationToken cancellationToken)
   at Microsoft.EntityFrameworkCore.Storage.ExecutionStrategy.<>c__DisplayClass30_0`2.<<ExecuteAsync>b__0>d.MoveNext()
--- End of stack trace from previous location ---
   at Microsoft.EntityFrameworkCore.Storage.ExecutionStrategy.ExecuteImplementationAsync[TState,TResult](Func`4 operation, Func`4 verifySucceeded, TState state, CancellationToken cancellationToken)
ClientConnectionId:15713509-ec24-4062-8c22-86a338e85277
Error Number:233,State:0,Class:20
2026-08-07 21:18:27.394 -06:00 [INF] A transient exception occurred during execution. The operation will be retried after 5000ms.
Microsoft.Data.SqlClient.SqlException (0x80131904): A connection was successfully established with the server, but then an error occurred during the pre-login handshake. (provider: Shared Memory Provider, error: 0 - No hay ningún proceso en el otro extremo de la canalización.)
 ---> System.ComponentModel.Win32Exception (233): No hay ningún proceso en el otro extremo de la canalización.
   at Microsoft.Data.ProviderBase.DbConnectionPool.TryGetConnection(DbConnection owningObject, UInt32 waitForMultipleObjectsTimeout, Boolean allowCreate, Boolean onlyOneCheckConnection, DbConnectionOptions userOptions, DbConnectionInternal& connection)
   at Microsoft.Data.ProviderBase.DbConnectionPool.WaitForPendingOpen()
--- End of stack trace from previous location ---
   at Microsoft.EntityFrameworkCore.Storage.RelationalConnection.OpenInternalAsync(Boolean errorsExpected, CancellationToken cancellationToken)
   at Microsoft.EntityFrameworkCore.Storage.RelationalConnection.OpenInternalAsync(Boolean errorsExpected, CancellationToken cancellationToken)
   at Microsoft.EntityFrameworkCore.Storage.RelationalConnection.OpenAsync(CancellationToken cancellationToken, Boolean errorsExpected)
   at Microsoft.EntityFrameworkCore.Storage.RelationalCommand.ExecuteReaderAsync(RelationalCommandParameterObject parameterObject, CancellationToken cancellationToken)
   at Microsoft.EntityFrameworkCore.Query.Internal.SingleQueryingEnumerable`1.AsyncEnumerator.InitializeReaderAsync(AsyncEnumerator enumerator, CancellationToken cancellationToken)
   at Microsoft.EntityFrameworkCore.Storage.ExecutionStrategy.<>c__DisplayClass30_0`2.<<ExecuteAsync>b__0>d.MoveNext()
--- End of stack trace from previous location ---
   at Microsoft.EntityFrameworkCore.Storage.ExecutionStrategy.ExecuteImplementationAsync[TState,TResult](Func`4 operation, Func`4 verifySucceeded, TState state, CancellationToken cancellationToken)
ClientConnectionId:15713509-ec24-4062-8c22-86a338e85277
Error Number:233,State:0,Class:20
Microsoft.Data.SqlClient.SqlException (0x80131904): A connection was successfully established with the server, but then an error occurred during the pre-login handshake. (provider: Shared Memory Provider, error: 0 - No hay ningún proceso en el otro extremo de la canalización.)
 ---> System.ComponentModel.Win32Exception (233): No hay ningún proceso en el otro extremo de la canalización.
   at Microsoft.Data.ProviderBase.DbConnectionPool.TryGetConnection(DbConnection owningObject, UInt32 waitForMultipleObjectsTimeout, Boolean allowCreate, Boolean onlyOneCheckConnection, DbConnectionOptions userOptions, DbConnectionInternal& connection)
   at Microsoft.Data.ProviderBase.DbConnectionPool.WaitForPendingOpen()
--- End of stack trace from previous location ---
   at Microsoft.EntityFrameworkCore.Storage.RelationalConnection.OpenInternalAsync(Boolean errorsExpected, CancellationToken cancellationToken)
   at Microsoft.EntityFrameworkCore.Storage.RelationalConnection.OpenInternalAsync(Boolean errorsExpected, CancellationToken cancellationToken)
   at Microsoft.EntityFrameworkCore.Storage.RelationalConnection.OpenAsync(CancellationToken cancellationToken, Boolean errorsExpected)
   at Microsoft.EntityFrameworkCore.Storage.RelationalCommand.ExecuteReaderAsync(RelationalCommandParameterObject parameterObject, CancellationToken cancellationToken)
   at Microsoft.EntityFrameworkCore.Query.Internal.SingleQueryingEnumerable`1.AsyncEnumerator.InitializeReaderAsync(AsyncEnumerator enumerator, CancellationToken cancellationToken)
   at Microsoft.EntityFrameworkCore.Storage.ExecutionStrategy.<>c__DisplayClass30_0`2.<<ExecuteAsync>b__0>d.MoveNext()
--- End of stack trace from previous location ---
   at Microsoft.EntityFrameworkCore.Storage.ExecutionStrategy.ExecuteImplementationAsync[TState,TResult](Func`4 operation, Func`4 verifySucceeded, TState state, CancellationToken cancellationToken)
ClientConnectionId:15713509-ec24-4062-8c22-86a338e85277
Error Number:233,State:0,Class:20
2026-08-07 21:18:27.394 -06:00 [INF] A transient exception occurred during execution. The operation will be retried after 5000ms.
Microsoft.Data.SqlClient.SqlException (0x80131904): A connection was successfully established with the server, but then an error occurred during the pre-login handshake. (provider: Shared Memory Provider, error: 0 - No hay ningún proceso en el otro extremo de la canalización.)
 ---> System.ComponentModel.Win32Exception (233): No hay ningún proceso en el otro extremo de la canalización.
   at Microsoft.Data.SqlClient.SqlInternalConnection.OnError(SqlException exception, Boolean breakConnection, Action`1 wrapCloseInAction)
   at Microsoft.Data.SqlClient.TdsParser.ThrowExceptionAndWarning(TdsParserStateObject stateObj, Boolean callerHasConnectionLock, Boolean asyncClose)
   at Microsoft.Data.SqlClient.TdsParserStateObject.ThrowExceptionAndWarning(Boolean callerHasConnectionLock, Boolean asyncClose)
   at Microsoft.Data.SqlClient.TdsParserStateObject.ReadSniError(TdsParserStateObject stateObj, UInt32 error)
   at Microsoft.Data.SqlClient.TdsParserStateObject.ReadSniSyncOverAsync()
   at Microsoft.Data.SqlClient.TdsParserStateObject.TryReadNetworkPacket()
   at Microsoft.Data.SqlClient.TdsParser.ConsumePreLoginHandshake(SqlConnectionEncryptOption encrypt, Boolean trustServerCert, Boolean integratedSecurity, Boolean& marsCapable, Boolean& fedAuthRequired, Boolean tlsFirst, String serverCert)
   at Microsoft.Data.SqlClient.TdsParser.Connect(ServerInfo serverInfo, SqlInternalConnectionTds connHandler, Boolean ignoreSniOpenTimeout, Int64 timerExpire, SqlConnectionString connectionOptions, Boolean withFailover)
   at Microsoft.Data.SqlClient.SqlInternalConnectionTds.AttemptOneLogin(ServerInfo serverInfo, String newPassword, SecureString newSecurePassword, Boolean ignoreSniOpenTimeout, TimeoutTimer timeout, Boolean withFailover)
   at Microsoft.Data.SqlClient.SqlInternalConnectionTds.LoginNoFailover(ServerInfo serverInfo, String newPassword, SecureString newSecurePassword, Boolean redirectedUserInstance, SqlConnectionString connectionOptions, SqlCredential credential, TimeoutTimer timeout)
   at Microsoft.Data.SqlClient.SqlInternalConnectionTds.OpenLoginEnlist(TimeoutTimer timeout, SqlConnectionString connectionOptions, SqlCredential credential, String newPassword, SecureString newSecurePassword, Boolean redirectedUserInstance)
   at Microsoft.Data.SqlClient.SqlInternalConnectionTds..ctor(DbConnectionPoolIdentity identity, SqlConnectionString connectionOptions, SqlCredential credential, Object providerInfo, String newPassword, SecureString newSecurePassword, Boolean redirectedUserInstance, SqlConnectionString userConnectionOptions, SessionData reconnectSessionData, Boolean applyTransientFaultHandling, String accessToken, DbConnectionPool pool)
   at Microsoft.Data.SqlClient.SqlConnectionFactory.CreateConnection(DbConnectionOptions options, DbConnectionPoolKey poolKey, Object poolGroupProviderInfo, DbConnectionPool pool, DbConnection owningConnection, DbConnectionOptions userOptions)
   at Microsoft.Data.ProviderBase.DbConnectionFactory.CreatePooledConnection(DbConnectionPool pool, DbConnection owningObject, DbConnectionOptions options, DbConnectionPoolKey poolKey, DbConnectionOptions userOptions)
   at Microsoft.Data.ProviderBase.DbConnectionPool.CreateObject(DbConnection owningObject, DbConnectionOptions userOptions, DbConnectionInternal oldConnection)
   at Microsoft.Data.ProviderBase.DbConnectionPool.UserCreateRequest(DbConnection owningObject, DbConnectionOptions userOptions, DbConnectionInternal oldConnection)
   at Microsoft.Data.ProviderBase.DbConnectionPool.TryGetConnection(DbConnection owningObject, UInt32 waitForMultipleObjectsTimeout, Boolean allowCreate, Boolean onlyOneCheckConnection, DbConnectionOptions userOptions, DbConnectionInternal& connection)
   at Microsoft.Data.ProviderBase.DbConnectionPool.WaitForPendingOpen()
--- End of stack trace from previous location ---
   at Microsoft.EntityFrameworkCore.Storage.RelationalConnection.OpenInternalAsync(Boolean errorsExpected, CancellationToken cancellationToken)
   at Microsoft.EntityFrameworkCore.Storage.RelationalConnection.OpenInternalAsync(Boolean errorsExpected, CancellationToken cancellationToken)
   at Microsoft.EntityFrameworkCore.Storage.RelationalConnection.OpenAsync(CancellationToken cancellationToken, Boolean errorsExpected)
   at Microsoft.EntityFrameworkCore.Storage.RelationalCommand.ExecuteReaderAsync(RelationalCommandParameterObject parameterObject, CancellationToken cancellationToken)
   at Microsoft.EntityFrameworkCore.Query.Internal.SingleQueryingEnumerable`1.AsyncEnumerator.InitializeReaderAsync(AsyncEnumerator enumerator, CancellationToken cancellationToken)
   at Microsoft.EntityFrameworkCore.Storage.ExecutionStrategy.<>c__DisplayClass30_0`2.<<ExecuteAsync>b__0>d.MoveNext()
--- End of stack trace from previous location ---
   at Microsoft.EntityFrameworkCore.Storage.ExecutionStrategy.ExecuteImplementationAsync[TState,TResult](Func`4 operation, Func`4 verifySucceeded, TState state, CancellationToken cancellationToken)
ClientConnectionId:15713509-ec24-4062-8c22-86a338e85277
Error Number:233,State:0,Class:20
Microsoft.Data.SqlClient.SqlException (0x80131904): A connection was successfully established with the server, but then an error occurred during the pre-login handshake. (provider: Shared Memory Provider, error: 0 - No hay ningún proceso en el otro extremo de la canalización.)
 ---> System.ComponentModel.Win32Exception (233): No hay ningún proceso en el otro extremo de la canalización.
   at Microsoft.Data.SqlClient.SqlInternalConnection.OnError(SqlException exception, Boolean breakConnection, Action`1 wrapCloseInAction)
   at Microsoft.Data.SqlClient.TdsParser.ThrowExceptionAndWarning(TdsParserStateObject stateObj, Boolean callerHasConnectionLock, Boolean asyncClose)
   at Microsoft.Data.SqlClient.TdsParserStateObject.ThrowExceptionAndWarning(Boolean callerHasConnectionLock, Boolean asyncClose)
   at Microsoft.Data.SqlClient.TdsParserStateObject.ReadSniError(TdsParserStateObject stateObj, UInt32 error)
   at Microsoft.Data.SqlClient.TdsParserStateObject.ReadSniSyncOverAsync()
   at Microsoft.Data.SqlClient.TdsParserStateObject.TryReadNetworkPacket()
   at Microsoft.Data.SqlClient.TdsParser.ConsumePreLoginHandshake(SqlConnectionEncryptOption encrypt, Boolean trustServerCert, Boolean integratedSecurity, Boolean& marsCapable, Boolean& fedAuthRequired, Boolean tlsFirst, String serverCert)
   at Microsoft.Data.SqlClient.TdsParser.Connect(ServerInfo serverInfo, SqlInternalConnectionTds connHandler, Boolean ignoreSniOpenTimeout, Int64 timerExpire, SqlConnectionString connectionOptions, Boolean withFailover)
   at Microsoft.Data.SqlClient.SqlInternalConnectionTds.AttemptOneLogin(ServerInfo serverInfo, String newPassword, SecureString newSecurePassword, Boolean ignoreSniOpenTimeout, TimeoutTimer timeout, Boolean withFailover)
   at Microsoft.Data.SqlClient.SqlInternalConnectionTds.LoginNoFailover(ServerInfo serverInfo, String newPassword, SecureString newSecurePassword, Boolean redirectedUserInstance, SqlConnectionString connectionOptions, SqlCredential credential, TimeoutTimer timeout)
   at Microsoft.Data.SqlClient.SqlInternalConnectionTds.OpenLoginEnlist(TimeoutTimer timeout, SqlConnectionString connectionOptions, SqlCredential credential, String newPassword, SecureString newSecurePassword, Boolean redirectedUserInstance)
   at Microsoft.Data.SqlClient.SqlInternalConnectionTds..ctor(DbConnectionPoolIdentity identity, SqlConnectionString connectionOptions, SqlCredential credential, Object providerInfo, String newPassword, SecureString newSecurePassword, Boolean redirectedUserInstance, SqlConnectionString userConnectionOptions, SessionData reconnectSessionData, Boolean applyTransientFaultHandling, String accessToken, DbConnectionPool pool)
   at Microsoft.Data.SqlClient.SqlConnectionFactory.CreateConnection(DbConnectionOptions options, DbConnectionPoolKey poolKey, Object poolGroupProviderInfo, DbConnectionPool pool, DbConnection owningConnection, DbConnectionOptions userOptions)
   at Microsoft.Data.ProviderBase.DbConnectionFactory.CreatePooledConnection(DbConnectionPool pool, DbConnection owningObject, DbConnectionOptions options, DbConnectionPoolKey poolKey, DbConnectionOptions userOptions)
   at Microsoft.Data.ProviderBase.DbConnectionPool.CreateObject(DbConnection owningObject, DbConnectionOptions userOptions, DbConnectionInternal oldConnection)
   at Microsoft.Data.ProviderBase.DbConnectionPool.UserCreateRequest(DbConnection owningObject, DbConnectionOptions userOptions, DbConnectionInternal oldConnection)
   at Microsoft.Data.ProviderBase.DbConnectionPool.TryGetConnection(DbConnection owningObject, UInt32 waitForMultipleObjectsTimeout, Boolean allowCreate, Boolean onlyOneCheckConnection, DbConnectionOptions userOptions, DbConnectionInternal& connection)
   at Microsoft.Data.ProviderBase.DbConnectionPool.WaitForPendingOpen()
--- End of stack trace from previous location ---
   at Microsoft.EntityFrameworkCore.Storage.RelationalConnection.OpenInternalAsync(Boolean errorsExpected, CancellationToken cancellationToken)
   at Microsoft.EntityFrameworkCore.Storage.RelationalConnection.OpenInternalAsync(Boolean errorsExpected, CancellationToken cancellationToken)
   at Microsoft.EntityFrameworkCore.Storage.RelationalConnection.OpenAsync(CancellationToken cancellationToken, Boolean errorsExpected)
   at Microsoft.EntityFrameworkCore.Storage.RelationalCommand.ExecuteReaderAsync(RelationalCommandParameterObject parameterObject, CancellationToken cancellationToken)
   at Microsoft.EntityFrameworkCore.Query.Internal.SingleQueryingEnumerable`1.AsyncEnumerator.InitializeReaderAsync(AsyncEnumerator enumerator, CancellationToken cancellationToken)
   at Microsoft.EntityFrameworkCore.Storage.ExecutionStrategy.<>c__DisplayClass30_0`2.<<ExecuteAsync>b__0>d.MoveNext()
--- End of stack trace from previous location ---
   at Microsoft.EntityFrameworkCore.Storage.ExecutionStrategy.ExecuteImplementationAsync[TState,TResult](Func`4 operation, Func`4 verifySucceeded, TState state, CancellationToken cancellationToken)
ClientConnectionId:15713509-ec24-4062-8c22-86a338e85277
Error Number:233,State:0,Class:20
2026-08-07 21:18:27.394 -06:00 [INF] A transient exception occurred during execution. The operation will be retried after 5000ms.
Microsoft.Data.SqlClient.SqlException (0x80131904): A connection was successfully established with the server, but then an error occurred during the pre-login handshake. (provider: Shared Memory Provider, error: 0 - No hay ningún proceso en el otro extremo de la canalización.)
 ---> System.ComponentModel.Win32Exception (233): No hay ningún proceso en el otro extremo de la canalización.
   at Microsoft.Data.ProviderBase.DbConnectionPool.TryGetConnection(DbConnection owningObject, UInt32 waitForMultipleObjectsTimeout, Boolean allowCreate, Boolean onlyOneCheckConnection, DbConnectionOptions userOptions, DbConnectionInternal& connection)
   at Microsoft.Data.ProviderBase.DbConnectionPool.WaitForPendingOpen()
--- End of stack trace from previous location ---
   at Microsoft.EntityFrameworkCore.Storage.RelationalConnection.OpenInternalAsync(Boolean errorsExpected, CancellationToken cancellationToken)
   at Microsoft.EntityFrameworkCore.Storage.RelationalConnection.OpenInternalAsync(Boolean errorsExpected, CancellationToken cancellationToken)
   at Microsoft.EntityFrameworkCore.Storage.RelationalConnection.OpenAsync(CancellationToken cancellationToken, Boolean errorsExpected)
   at Microsoft.EntityFrameworkCore.Storage.RelationalCommand.ExecuteReaderAsync(RelationalCommandParameterObject parameterObject, CancellationToken cancellationToken)
   at Microsoft.EntityFrameworkCore.Query.Internal.SingleQueryingEnumerable`1.AsyncEnumerator.InitializeReaderAsync(AsyncEnumerator enumerator, CancellationToken cancellationToken)
   at Microsoft.EntityFrameworkCore.Storage.ExecutionStrategy.<>c__DisplayClass30_0`2.<<ExecuteAsync>b__0>d.MoveNext()
--- End of stack trace from previous location ---
   at Microsoft.EntityFrameworkCore.Storage.ExecutionStrategy.ExecuteImplementationAsync[TState,TResult](Func`4 operation, Func`4 verifySucceeded, TState state, CancellationToken cancellationToken)
ClientConnectionId:15713509-ec24-4062-8c22-86a338e85277
Error Number:233,State:0,Class:20
Microsoft.Data.SqlClient.SqlException (0x80131904): A connection was successfully established with the server, but then an error occurred during the pre-login handshake. (provider: Shared Memory Provider, error: 0 - No hay ningún proceso en el otro extremo de la canalización.)
 ---> System.ComponentModel.Win32Exception (233): No hay ningún proceso en el otro extremo de la canalización.
   at Microsoft.Data.ProviderBase.DbConnectionPool.TryGetConnection(DbConnection owningObject, UInt32 waitForMultipleObjectsTimeout, Boolean allowCreate, Boolean onlyOneCheckConnection, DbConnectionOptions userOptions, DbConnectionInternal& connection)
   at Microsoft.Data.ProviderBase.DbConnectionPool.WaitForPendingOpen()
--- End of stack trace from previous location ---
   at Microsoft.EntityFrameworkCore.Storage.RelationalConnection.OpenInternalAsync(Boolean errorsExpected, CancellationToken cancellationToken)
   at Microsoft.EntityFrameworkCore.Storage.RelationalConnection.OpenInternalAsync(Boolean errorsExpected, CancellationToken cancellationToken)
   at Microsoft.EntityFrameworkCore.Storage.RelationalConnection.OpenAsync(CancellationToken cancellationToken, Boolean errorsExpected)
   at Microsoft.EntityFrameworkCore.Storage.RelationalCommand.ExecuteReaderAsync(RelationalCommandParameterObject parameterObject, CancellationToken cancellationToken)
   at Microsoft.EntityFrameworkCore.Query.Internal.SingleQueryingEnumerable`1.AsyncEnumerator.InitializeReaderAsync(AsyncEnumerator enumerator, CancellationToken cancellationToken)
   at Microsoft.EntityFrameworkCore.Storage.ExecutionStrategy.<>c__DisplayClass30_0`2.<<ExecuteAsync>b__0>d.MoveNext()
--- End of stack trace from previous location ---
   at Microsoft.EntityFrameworkCore.Storage.ExecutionStrategy.ExecuteImplementationAsync[TState,TResult](Func`4 operation, Func`4 verifySucceeded, TState state, CancellationToken cancellationToken)
ClientConnectionId:15713509-ec24-4062-8c22-86a338e85277
Error Number:233,State:0,Class:20
2026-08-07 21:18:27.394 -06:00 [INF] A transient exception occurred during execution. The operation will be retried after 5000ms.
Microsoft.Data.SqlClient.SqlException (0x80131904): A connection was successfully established with the server, but then an error occurred during the pre-login handshake. (provider: Shared Memory Provider, error: 0 - No hay ningún proceso en el otro extremo de la canalización.)
 ---> System.ComponentModel.Win32Exception (233): No hay ningún proceso en el otro extremo de la canalización.
   at Microsoft.Data.ProviderBase.DbConnectionPool.TryGetConnection(DbConnection owningObject, UInt32 waitForMultipleObjectsTimeout, Boolean allowCreate, Boolean onlyOneCheckConnection, DbConnectionOptions userOptions, DbConnectionInternal& connection)
   at Microsoft.Data.ProviderBase.DbConnectionPool.WaitForPendingOpen()
--- End of stack trace from previous location ---
   at Microsoft.EntityFrameworkCore.Storage.RelationalConnection.OpenInternalAsync(Boolean errorsExpected, CancellationToken cancellationToken)
   at Microsoft.EntityFrameworkCore.Storage.RelationalConnection.OpenInternalAsync(Boolean errorsExpected, CancellationToken cancellationToken)
   at Microsoft.EntityFrameworkCore.Storage.RelationalConnection.OpenAsync(CancellationToken cancellationToken, Boolean errorsExpected)
   at Microsoft.EntityFrameworkCore.Storage.RelationalCommand.ExecuteReaderAsync(RelationalCommandParameterObject parameterObject, CancellationToken cancellationToken)
   at Microsoft.EntityFrameworkCore.Query.Internal.SingleQueryingEnumerable`1.AsyncEnumerator.InitializeReaderAsync(AsyncEnumerator enumerator, CancellationToken cancellationToken)
   at Microsoft.EntityFrameworkCore.Storage.ExecutionStrategy.<>c__DisplayClass30_0`2.<<ExecuteAsync>b__0>d.MoveNext()
--- End of stack trace from previous location ---
   at Microsoft.EntityFrameworkCore.Storage.ExecutionStrategy.ExecuteImplementationAsync[TState,TResult](Func`4 operation, Func`4 verifySucceeded, TState state, CancellationToken cancellationToken)
ClientConnectionId:15713509-ec24-4062-8c22-86a338e85277
Error Number:233,State:0,Class:20
Microsoft.Data.SqlClient.SqlException (0x80131904): A connection was successfully established with the server, but then an error occurred during the pre-login handshake. (provider: Shared Memory Provider, error: 0 - No hay ningún proceso en el otro extremo de la canalización.)
 ---> System.ComponentModel.Win32Exception (233): No hay ningún proceso en el otro extremo de la canalización.
   at Microsoft.Data.ProviderBase.DbConnectionPool.TryGetConnection(DbConnection owningObject, UInt32 waitForMultipleObjectsTimeout, Boolean allowCreate, Boolean onlyOneCheckConnection, DbConnectionOptions userOptions, DbConnectionInternal& connection)
   at Microsoft.Data.ProviderBase.DbConnectionPool.WaitForPendingOpen()
--- End of stack trace from previous location ---
   at Microsoft.EntityFrameworkCore.Storage.RelationalConnection.OpenInternalAsync(Boolean errorsExpected, CancellationToken cancellationToken)
   at Microsoft.EntityFrameworkCore.Storage.RelationalConnection.OpenInternalAsync(Boolean errorsExpected, CancellationToken cancellationToken)
   at Microsoft.EntityFrameworkCore.Storage.RelationalConnection.OpenAsync(CancellationToken cancellationToken, Boolean errorsExpected)
   at Microsoft.EntityFrameworkCore.Storage.RelationalCommand.ExecuteReaderAsync(RelationalCommandParameterObject parameterObject, CancellationToken cancellationToken)
   at Microsoft.EntityFrameworkCore.Query.Internal.SingleQueryingEnumerable`1.AsyncEnumerator.InitializeReaderAsync(AsyncEnumerator enumerator, CancellationToken cancellationToken)
   at Microsoft.EntityFrameworkCore.Storage.ExecutionStrategy.<>c__DisplayClass30_0`2.<<ExecuteAsync>b__0>d.MoveNext()
--- End of stack trace from previous location ---
   at Microsoft.EntityFrameworkCore.Storage.ExecutionStrategy.ExecuteImplementationAsync[TState,TResult](Func`4 operation, Func`4 verifySucceeded, TState state, CancellationToken cancellationToken)
ClientConnectionId:15713509-ec24-4062-8c22-86a338e85277
Error Number:233,State:0,Class:20
2026-08-07 21:18:34.436 -06:00 [INF] Executed DbCommand (18ms) [Parameters=[], CommandType='"Text"', CommandTimeout='30']
SELECT [p].[Id], [p].[AltoCm], [p].[AnchoCm], [p].[AnchoMm], [p].[Barcode], [p].[CantidadInventarioInicial], [p].[CantidadMinimaMayoreo], [p].[CategoriaId], [p].[CoberturaM2Caja], [p].[CoberturaPorUnidadM2], [p].[Descripcion], [p].[EspesorMm], [p].[EstaActivo], [p].[FechaActualizacionUtc], [p].[FechaCreacionUtc], [p].[ImagenUrl], [p].[LargoCm], [p].[LargoMm], [p].[Material], [p].[Nombre], [p].[PiezasPorCaja], [p].[PrecioMayoreo], [p].[PrecioUnitario], [p].[Sku], [p].[SoloCotizacion], [p].[UnidadMedida], [p].[VisibleMasVendido], [c].[Id], [c].[CategoriaPadreId], [c].[Descripcion], [c].[EstaActivo], [c].[FechaActualizacionUtc], [c].[FechaCreacionUtc], [c].[Nombre], [c].[Slug], [p0].[Id], [p0].[EsPrincipal], [p0].[EstaActivo], [p0].[FechaActualizacionUtc], [p0].[FechaCreacionUtc], [p0].[ProductoId], [p0].[UrlImagen]
FROM [Products] AS [p]
INNER JOIN [Categories] AS [c] ON [p].[CategoriaId] = [c].[Id]
LEFT JOIN [ProductImages] AS [p0] ON [p].[Id] = [p0].[ProductoId]
ORDER BY [p].[Id], [c].[Id]
2026-08-07 21:18:34.450 -06:00 [INF] Executed DbCommand (41ms) [Parameters=[@__userId_0='?' (DbType = Guid)], CommandType='"Text"', CommandTimeout='30']
SELECT [s].[Id], [s].[EstaActivo], [s].[Estado], [s].[FechaActualizacionUtc], [s].[FechaAperturaUtc], [s].[FechaCierreUtc], [s].[FechaCreacionUtc], [s].[MontoApertura], [s].[MontoCierreEsperado], [s].[MontoCierreReal], [s].[MontoDiferencia], [s].[Notas], [s].[NumeroTurno], [s].[TotalRetiros], [s].[TotalVentasEfectivo], [s].[TotalVentasTarjeta], [s].[TotalVentasTransferencia], [s].[UsuarioId], [s].[Id0], [s].[Email], [s].[EmpleadoId], [s].[EstaActivo0], [s].[FechaActualizacionUtc0], [s].[FechaCreacionUtc0], [s].[NombreUsuario], [s].[PasswordHash], [s0].[Id], [s0].[EstaActivo], [s0].[FechaActualizacionUtc], [s0].[FechaCreacionUtc], [s0].[Monto], [s0].[Motivo], [s0].[TipoTransaccion], [s0].[TurnoCajaId], [s0].[UsuarioId], [s0].[Id0], [s0].[Email], [s0].[EmpleadoId], [s0].[EstaActivo0], [s0].[FechaActualizacionUtc0], [s0].[FechaCreacionUtc0], [s0].[NombreUsuario], [s0].[PasswordHash]
FROM (
    SELECT TOP(1) [c].[Id], [c].[EstaActivo], [c].[Estado], [c].[FechaActualizacionUtc], [c].[FechaAperturaUtc], [c].[FechaCierreUtc], [c].[FechaCreacionUtc], [c].[MontoApertura], [c].[MontoCierreEsperado], [c].[MontoCierreReal], [c].[MontoDiferencia], [c].[Notas], [c].[NumeroTurno], [c].[TotalRetiros], [c].[TotalVentasEfectivo], [c].[TotalVentasTarjeta], [c].[TotalVentasTransferencia], [c].[UsuarioId], [u].[Id] AS [Id0], [u].[Email], [u].[EmpleadoId], [u].[EstaActivo] AS [EstaActivo0], [u].[FechaActualizacionUtc] AS [FechaActualizacionUtc0], [u].[FechaCreacionUtc] AS [FechaCreacionUtc0], [u].[NombreUsuario], [u].[PasswordHash]
    FROM [CashShifts] AS [c]
    INNER JOIN [Users] AS [u] ON [c].[UsuarioId] = [u].[Id]
    WHERE [c].[UsuarioId] = @__userId_0 AND [c].[Estado] = N'Abierto'
) AS [s]
LEFT JOIN (
    SELECT [c0].[Id], [c0].[EstaActivo], [c0].[FechaActualizacionUtc], [c0].[FechaCreacionUtc], [c0].[Monto], [c0].[Motivo], [c0].[TipoTransaccion], [c0].[TurnoCajaId], [c0].[UsuarioId], [u0].[Id] AS [Id0], [u0].[Email], [u0].[EmpleadoId], [u0].[EstaActivo] AS [EstaActivo0], [u0].[FechaActualizacionUtc] AS [FechaActualizacionUtc0], [u0].[FechaCreacionUtc] AS [FechaCreacionUtc0], [u0].[NombreUsuario], [u0].[PasswordHash]
    FROM [CashTransactions] AS [c0]
    LEFT JOIN [Users] AS [u0] ON [c0].[UsuarioId] = [u0].[Id]
) AS [s0] ON [s].[Id] = [s0].[TurnoCajaId]
ORDER BY [s].[Id], [s].[Id0], [s0].[Id]
2026-08-07 21:18:34.459 -06:00 [INF] Executed DbCommand (32ms) [Parameters=[@__p_0='?' (DbType = Int32)], CommandType='"Text"', CommandTimeout='30']
SELECT [c0].[Id], [c0].[EstaActivo], [c0].[Estado], [c0].[FechaActualizacionUtc], [c0].[FechaAperturaUtc], [c0].[FechaCierreUtc], [c0].[FechaCreacionUtc], [c0].[MontoApertura], [c0].[MontoCierreEsperado], [c0].[MontoCierreReal], [c0].[MontoDiferencia], [c0].[Notas], [c0].[NumeroTurno], [c0].[TotalRetiros], [c0].[TotalVentasEfectivo], [c0].[TotalVentasTarjeta], [c0].[TotalVentasTransferencia], [c0].[UsuarioId], [u].[Id], [u].[Email], [u].[EmpleadoId], [u].[EstaActivo], [u].[FechaActualizacionUtc], [u].[FechaCreacionUtc], [u].[NombreUsuario], [u].[PasswordHash], [s].[Id], [s].[EstaActivo], [s].[FechaActualizacionUtc], [s].[FechaCreacionUtc], [s].[Monto], [s].[Motivo], [s].[TipoTransaccion], [s].[TurnoCajaId], [s].[UsuarioId], [s].[Id0], [s].[Email], [s].[EmpleadoId], [s].[EstaActivo0], [s].[FechaActualizacionUtc0], [s].[FechaCreacionUtc0], [s].[NombreUsuario], [s].[PasswordHash]
FROM (
    SELECT TOP(@__p_0) [c].[Id], [c].[EstaActivo], [c].[Estado], [c].[FechaActualizacionUtc], [c].[FechaAperturaUtc], [c].[FechaCierreUtc], [c].[FechaCreacionUtc], [c].[MontoApertura], [c].[MontoCierreEsperado], [c].[MontoCierreReal], [c].[MontoDiferencia], [c].[Notas], [c].[NumeroTurno], [c].[TotalRetiros], [c].[TotalVentasEfectivo], [c].[TotalVentasTarjeta], [c].[TotalVentasTransferencia], [c].[UsuarioId]
    FROM [CashShifts] AS [c]
    ORDER BY [c].[FechaAperturaUtc] DESC
) AS [c0]
INNER JOIN [Users] AS [u] ON [c0].[UsuarioId] = [u].[Id]
LEFT JOIN (
    SELECT [c1].[Id], [c1].[EstaActivo], [c1].[FechaActualizacionUtc], [c1].[FechaCreacionUtc], [c1].[Monto], [c1].[Motivo], [c1].[TipoTransaccion], [c1].[TurnoCajaId], [c1].[UsuarioId], [u0].[Id] AS [Id0], [u0].[Email], [u0].[EmpleadoId], [u0].[EstaActivo] AS [EstaActivo0], [u0].[FechaActualizacionUtc] AS [FechaActualizacionUtc0], [u0].[FechaCreacionUtc] AS [FechaCreacionUtc0], [u0].[NombreUsuario], [u0].[PasswordHash]
    FROM [CashTransactions] AS [c1]
    LEFT JOIN [Users] AS [u0] ON [c1].[UsuarioId] = [u0].[Id]
) AS [s] ON [c0].[Id] = [s].[TurnoCajaId]
ORDER BY [c0].[FechaAperturaUtc] DESC, [c0].[Id], [u].[Id], [s].[Id]
2026-08-07 21:18:34.460 -06:00 [INF] Executed DbCommand (2ms) [Parameters=[@__productIds_0='?' (Size = 4000)], CommandType='"Text"', CommandTimeout='30']
SELECT [s].[Id], [s].[CantidadDisponible], [s].[CantidadReorden], [s].[EstaActivo], [s].[FechaActualizacionUtc], [s].[FechaCreacionUtc], [s].[ProductoId], [s].[Ubicacion], [s].[UmbralMinimoAlerta], [s].[VersionFila]
FROM [Stocks] AS [s]
WHERE [s].[ProductoId] IN (
    SELECT [p].[value]
    FROM OPENJSON(@__productIds_0) WITH ([value] uniqueidentifier '$') AS [p]
)
2026-08-07 21:18:34.466 -06:00 [INF] Executing OkObjectResult, writing value of type 'System.Collections.Generic.List`1[[Pos.Application.CashShift.DTOs.CashShiftDto, Pos.Application, Version=1.0.0.0, Culture=neutral, PublicKeyToken=null]]'.
2026-08-07 21:18:34.469 -06:00 [INF] Executed DbCommand (7ms) [Parameters=[@__shift_UsuarioId_0='?' (DbType = Guid), @__shift_FechaAperturaUtc_1='?' (DbType = DateTime2), @__endAtUtc_2='?' (DbType = DateTime2)], CommandType='"Text"', CommandTimeout='30']
SELECT [s].[MontoEfectivo], [s].[MontoTarjeta], [s].[MontoTransferencia]
FROM [Sales] AS [s]
WHERE [s].[UsuarioId] = @__shift_UsuarioId_0 AND [s].[FechaCreacionUtc] >= @__shift_FechaAperturaUtc_1 AND [s].[FechaCreacionUtc] <= @__endAtUtc_2 AND [s].[EstaActivo] = CAST(1 AS bit) AND [s].[Estado] <> N'Cancelada'
2026-08-07 21:18:34.470 -06:00 [INF] Executing OkObjectResult, writing value of type 'System.Collections.Generic.List`1[[Pos.Application.Catalog.DTOs.ProductDto, Pos.Application, Version=1.0.0.0, Culture=neutral, PublicKeyToken=null]]'.
2026-08-07 21:18:34.474 -06:00 [INF] Executed action Pos.Api.Controllers.v1.CashShiftController.GetShiftHistory (Pos.Api) in 9918.8722ms
2026-08-07 21:18:34.479 -06:00 [INF] Request starting HTTP/1.1 GET http://localhost:5000/api/v1/cashshifts/history - application/json null
2026-08-07 21:18:34.483 -06:00 [INF] Executed DbCommand (12ms) [Parameters=[@__p_0='?' (DbType = Int32)], CommandType='"Text"', CommandTimeout='30']
SELECT TOP(@__p_0) [c].[Id], [c].[Apellido], [c].[Ciudad], [c].[CodigoPostal], [c].[Direccion], [c].[Email], [c].[EstaActivo], [c].[Estado], [c].[FechaActualizacionUtc], [c].[FechaCreacionUtc], [c].[Nombre], [c].[NombreEmpresa], [c].[Notas], [c].[PorcentajeDescuentoEspecial], [c].[Rfc], [c].[Telefono], [c].[TipoCliente]
FROM [Customers] AS [c]
WHERE [c].[EstaActivo] = CAST(1 AS bit)
ORDER BY COALESCE([c].[NombreEmpresa], [c].[Nombre])
2026-08-07 21:18:34.494 -06:00 [INF] Executed DbCommand (24ms) [Parameters=[@__p_0='?' (DbType = Int32)], CommandType='"Text"', CommandTimeout='30']
SELECT [s0].[Id], [s0].[ClienteId], [s0].[EstaActivo], [s0].[Estado], [s0].[FechaActualizacionUtc], [s0].[FechaCreacionUtc], [s0].[MontoAnticipo], [s0].[MontoDescuento], [s0].[MontoEfectivo], [s0].[MontoIva], [s0].[MontoTarjeta], [s0].[MontoTotal], [s0].[MontoTransferencia], [s0].[Notas], [s0].[NumeroFolio], [s0].[SaldoPendiente], [s0].[SubTotal], [s0].[TipoPago], [s0].[UsuarioId], [c].[Id], [c].[Apellido], [c].[Ciudad], [c].[CodigoPostal], [c].[Direccion], [c].[Email], [c].[EstaActivo], [c].[Estado], [c].[FechaActualizacionUtc], [c].[FechaCreacionUtc], [c].[Nombre], [c].[NombreEmpresa], [c].[Notas], [c].[PorcentajeDescuentoEspecial], [c].[Rfc], [c].[Telefono], [c].[TipoCliente], [u].[Id], [u].[Email], [u].[EmpleadoId], [u].[EstaActivo], [u].[FechaActualizacionUtc], [u].[FechaCreacionUtc], [u].[NombreUsuario], [u].[PasswordHash], [s2].[Id], [s2].[Cantidad], [s2].[EstaActivo], [s2].[FechaActualizacionUtc], [s2].[FechaCreacionUtc], [s2].[MontoDescuento], [s2].[PrecioTotal], [s2].[PrecioUnitario], [s2].[ProductoId], [s2].[VentaId], [s2].[Id0], [s2].[AltoCm], [s2].[AnchoCm], [s2].[AnchoMm], [s2].[Barcode], [s2].[CantidadInventarioInicial], [s2].[CantidadMinimaMayoreo], [s2].[CategoriaId], [s2].[CoberturaM2Caja], [s2].[CoberturaPorUnidadM2], [s2].[Descripcion], [s2].[EspesorMm], [s2].[EstaActivo0], [s2].[FechaActualizacionUtc0], [s2].[FechaCreacionUtc0], [s2].[ImagenUrl], [s2].[LargoCm], [s2].[LargoMm], [s2].[Material], [s2].[Nombre], [s2].[PiezasPorCaja], [s2].[PrecioMayoreo], [s2].[PrecioUnitario0], [s2].[Sku], [s2].[SoloCotizacion], [s2].[UnidadMedida], [s2].[VisibleMasVendido]
FROM (
    SELECT TOP(@__p_0) [s].[Id], [s].[ClienteId], [s].[EstaActivo], [s].[Estado], [s].[FechaActualizacionUtc], [s].[FechaCreacionUtc], [s].[MontoAnticipo], [s].[MontoDescuento], [s].[MontoEfectivo], [s].[MontoIva], [s].[MontoTarjeta], [s].[MontoTotal], [s].[MontoTransferencia], [s].[Notas], [s].[NumeroFolio], [s].[SaldoPendiente], [s].[SubTotal], [s].[TipoPago], [s].[UsuarioId]
    FROM [Sales] AS [s]
    WHERE [s].[EstaActivo] = CAST(1 AS bit)
    ORDER BY [s].[FechaCreacionUtc] DESC
) AS [s0]
LEFT JOIN [Customers] AS [c] ON [s0].[ClienteId] = [c].[Id]
LEFT JOIN [Users] AS [u] ON [s0].[UsuarioId] = [u].[Id]
LEFT JOIN (
    SELECT [s1].[Id], [s1].[Cantidad], [s1].[EstaActivo], [s1].[FechaActualizacionUtc], [s1].[FechaCreacionUtc], [s1].[MontoDescuento], [s1].[PrecioTotal], [s1].[PrecioUnitario], [s1].[ProductoId], [s1].[VentaId], [p].[Id] AS [Id0], [p].[AltoCm], [p].[AnchoCm], [p].[AnchoMm], [p].[Barcode], [p].[CantidadInventarioInicial], [p].[CantidadMinimaMayoreo], [p].[CategoriaId], [p].[CoberturaM2Caja], [p].[CoberturaPorUnidadM2], [p].[Descripcion], [p].[EspesorMm], [p].[EstaActivo] AS [EstaActivo0], [p].[FechaActualizacionUtc] AS [FechaActualizacionUtc0], [p].[FechaCreacionUtc] AS [FechaCreacionUtc0], [p].[ImagenUrl], [p].[LargoCm], [p].[LargoMm], [p].[Material], [p].[Nombre], [p].[PiezasPorCaja], [p].[PrecioMayoreo], [p].[PrecioUnitario] AS [PrecioUnitario0], [p].[Sku], [p].[SoloCotizacion], [p].[UnidadMedida], [p].[VisibleMasVendido]
    FROM [SaleItems] AS [s1]
    INNER JOIN [Products] AS [p] ON [s1].[ProductoId] = [p].[Id]
) AS [s2] ON [s0].[Id] = [s2].[VentaId]
ORDER BY [s0].[FechaCreacionUtc] DESC, [s0].[Id], [c].[Id], [u].[Id], [s2].[Id]
2026-08-07 21:18:34.497 -06:00 [INF] Executed action Pos.Api.Controllers.v1.ProductsController.GetProducts (Pos.Api) in 9552.9889ms
2026-08-07 21:18:34.536 -06:00 [INF] Executed endpoint 'Pos.Api.Controllers.v1.ProductsController.GetProducts (Pos.Api)'
2026-08-07 21:18:34.504 -06:00 [INF] Executed endpoint 'Pos.Api.Controllers.v1.CashShiftController.GetShiftHistory (Pos.Api)'
2026-08-07 21:18:34.508 -06:00 [INF] Executing endpoint 'Pos.Api.Controllers.v1.CashShiftController.GetShiftHistory (Pos.Api)'
2026-08-07 21:18:34.510 -06:00 [INF] Executing OkObjectResult, writing value of type 'System.Collections.Generic.List`1[[Pos.Application.Catalog.DTOs.CustomerDto, Pos.Application, Version=1.0.0.0, Culture=neutral, PublicKeyToken=null]]'.
2026-08-07 21:18:34.500 -06:00 [INF] Executed DbCommand (17ms) [Parameters=[@__shift_UsuarioId_0='?' (DbType = Guid), @__shift_FechaAperturaUtc_1='?' (DbType = DateTime2), @__endAtUtc_2='?' (DbType = DateTime2)], CommandType='"Text"', CommandTimeout='30']
SELECT [p].[MontoAbonado], [p].[FormaPago]
FROM [PaymentInstallments] AS [p]
WHERE [p].[UsuarioId] = @__shift_UsuarioId_0 AND [p].[FechaCreacionUtc] >= @__shift_FechaAperturaUtc_1 AND [p].[FechaCreacionUtc] <= @__endAtUtc_2 AND [p].[EstaActivo] = CAST(1 AS bit)
2026-08-07 21:18:34.545 -06:00 [INF] Route matched with {action = "GetShiftHistory", controller = "CashShift"}. Executing controller action with signature System.Threading.Tasks.Task`1[Microsoft.AspNetCore.Mvc.ActionResult`1[System.Collections.Generic.List`1[Pos.Application.CashShift.DTOs.CashShiftDto]]] GetShiftHistory(System.Threading.CancellationToken) on controller Pos.Api.Controllers.v1.CashShiftController (Pos.Api).
2026-08-07 21:18:34.549 -06:00 [INF] Executed action Pos.Api.Controllers.v1.CustomersController.GetCustomers (Pos.Api) in 9602.7643ms
2026-08-07 21:18:34.601 -06:00 [INF] Executed endpoint 'Pos.Api.Controllers.v1.CustomersController.GetCustomers (Pos.Api)'
2026-08-07 21:18:34.606 -06:00 [INF] Executed DbCommand (62ms) [Parameters=[@p0='?' (DbType = Guid), @p1='?' (Size = 100), @p2='?' (Size = 4000), @p3='?' (Size = 4000), @p4='?' (DbType = Boolean), @p5='?' (DbType = DateTime2), @p6='?' (DbType = DateTime2), @p7='?' (Size = 100), @p8='?' (Size = 4000), @p9='?' (Size = 4000), @p10='?' (DbType = Guid), @p11='?' (Size = 4000), @p12='?' (Size = 4000)], CommandType='"Text"', CommandTimeout='30']
SET IMPLICIT_TRANSACTIONS OFF;
SET NOCOUNT ON;
INSERT INTO [AuditLogs] ([Id], [Accion], [DireccionIp], [EntidadId], [EstaActivo], [FechaActualizacionUtc], [FechaCreacionUtc], [IdCorrelacion], [Motivo], [NombreEntidad], [UsuarioId], [ValoresAnterioresJson], [ValoresNuevosJson])
VALUES (@p0, @p1, @p2, @p3, @p4, @p5, @p6, @p7, @p8, @p9, @p10, @p11, @p12);
2026-08-07 21:18:34.618 -06:00 [INF] [AUDITORIA WPC BAJIO] CorrelationId: e8231f8c-171e-4144-a48c-da93c36cd58c | Action: GET /api/v1/cashshifts/history | Entity: HttpRequest (200) | User: ebc8b858-2837-4bd5-93e1-8b4c1d0bd81b | IP: ::1 | Reason: HTTP Response StatusCode: 200 | OldValues: N/A | NewValues: N/A
2026-08-07 21:18:34.609 -06:00 [INF] Executed DbCommand (17ms) [Parameters=[@__shift_UsuarioId_0='?' (DbType = Guid), @__shift_FechaAperturaUtc_1='?' (DbType = DateTime2), @__endAtUtc_2='?' (DbType = DateTime2)], CommandType='"Text"', CommandTimeout='30']
SELECT [r].[MontoReembolsado], [r].[FormaReembolso]
FROM [ReturnHeaders] AS [r]
WHERE [r].[UsuarioId] = @__shift_UsuarioId_0 AND [r].[FechaCreacionUtc] >= @__shift_FechaAperturaUtc_1 AND [r].[FechaCreacionUtc] <= @__endAtUtc_2 AND [r].[EstaActivo] = CAST(1 AS bit) AND [r].[Estado] = N'Completada'
2026-08-07 21:18:34.611 -06:00 [INF] Executed DbCommand (4ms) [Parameters=[@p0='?' (DbType = Guid), @p1='?' (Size = 100), @p2='?' (Size = 4000), @p3='?' (Size = 4000), @p4='?' (DbType = Boolean), @p5='?' (DbType = DateTime2), @p6='?' (DbType = DateTime2), @p7='?' (Size = 100), @p8='?' (Size = 4000), @p9='?' (Size = 4000), @p10='?' (DbType = Guid), @p11='?' (Size = 4000), @p12='?' (Size = 4000)], CommandType='"Text"', CommandTimeout='30']
SET IMPLICIT_TRANSACTIONS OFF;
SET NOCOUNT ON;
INSERT INTO [AuditLogs] ([Id], [Accion], [DireccionIp], [EntidadId], [EstaActivo], [FechaActualizacionUtc], [FechaCreacionUtc], [IdCorrelacion], [Motivo], [NombreEntidad], [UsuarioId], [ValoresAnterioresJson], [ValoresNuevosJson])
VALUES (@p0, @p1, @p2, @p3, @p4, @p5, @p6, @p7, @p8, @p9, @p10, @p11, @p12);
2026-08-07 21:18:34.616 -06:00 [INF] Executed DbCommand (3ms) [Parameters=[@p0='?' (DbType = Guid), @p1='?' (Size = 100), @p2='?' (Size = 4000), @p3='?' (Size = 4000), @p4='?' (DbType = Boolean), @p5='?' (DbType = DateTime2), @p6='?' (DbType = DateTime2), @p7='?' (Size = 100), @p8='?' (Size = 4000), @p9='?' (Size = 4000), @p10='?' (DbType = Guid), @p11='?' (Size = 4000), @p12='?' (Size = 4000)], CommandType='"Text"', CommandTimeout='30']
SET IMPLICIT_TRANSACTIONS OFF;
SET NOCOUNT ON;
INSERT INTO [AuditLogs] ([Id], [Accion], [DireccionIp], [EntidadId], [EstaActivo], [FechaActualizacionUtc], [FechaCreacionUtc], [IdCorrelacion], [Motivo], [NombreEntidad], [UsuarioId], [ValoresAnterioresJson], [ValoresNuevosJson])
VALUES (@p0, @p1, @p2, @p3, @p4, @p5, @p6, @p7, @p8, @p9, @p10, @p11, @p12);
2026-08-07 21:18:34.606 -06:00 [INF] Executing OkObjectResult, writing value of type 'System.Collections.Generic.List`1[[Pos.Application.Sales.DTOs.SaleDto, Pos.Application, Version=1.0.0.0, Culture=neutral, PublicKeyToken=null]]'.
2026-08-07 21:18:34.630 -06:00 [INF] Request finished HTTP/1.1 GET http://localhost:5000/api/v1/cashshifts/history - 200 null application/json; charset=utf-8 10085.9722ms
2026-08-07 21:18:34.636 -06:00 [INF] Request starting HTTP/1.1 GET http://localhost:5000/api/v1/products? - application/json null
2026-08-07 21:18:34.639 -06:00 [INF] Executing OkObjectResult, writing value of type 'Pos.Application.CashShift.DTOs.CashShiftDto'.
2026-08-07 21:18:34.642 -06:00 [INF] [AUDITORIA WPC BAJIO] CorrelationId: e8980145-3d37-4870-8f94-8004720d37f6 | Action: GET /api/v1/customers | Entity: HttpRequest (200) | User: ebc8b858-2837-4bd5-93e1-8b4c1d0bd81b | IP: ::1 | Reason: HTTP Response StatusCode: 200 | OldValues: N/A | NewValues: N/A
2026-08-07 21:18:34.659 -06:00 [INF] [AUDITORIA WPC BAJIO] CorrelationId: 2a6dda7f-1720-4a48-9d20-50dca55f4d19 | Action: GET /api/v1/products | Entity: HttpRequest (200) | User: ebc8b858-2837-4bd5-93e1-8b4c1d0bd81b | IP: ::1 | Reason: HTTP Response StatusCode: 200 | OldValues: N/A | NewValues: N/A
2026-08-07 21:18:34.662 -06:00 [INF] Executed action Pos.Api.Controllers.v1.SalesController.GetSales (Pos.Api) in 9714.6063ms
2026-08-07 21:18:34.691 -06:00 [INF] Executed action Pos.Api.Controllers.v1.CashShiftController.GetCurrentShift (Pos.Api) in 10134.59ms
2026-08-07 21:18:34.695 -06:00 [INF] Request finished HTTP/1.1 GET http://localhost:5000/api/v1/customers? - 200 null application/json; charset=utf-8 9760.2321ms
2026-08-07 21:18:34.689 -06:00 [INF] Executing endpoint 'Pos.Api.Controllers.v1.ProductsController.GetProducts (Pos.Api)'
2026-08-07 21:18:34.703 -06:00 [INF] Request finished HTTP/1.1 GET http://localhost:5000/api/v1/products? - 200 null application/json; charset=utf-8 9768.3001ms
2026-08-07 21:18:34.706 -06:00 [INF] Executed endpoint 'Pos.Api.Controllers.v1.SalesController.GetSales (Pos.Api)'
2026-08-07 21:18:34.699 -06:00 [INF] Request starting HTTP/1.1 GET http://localhost:5000/api/v1/customers? - application/json null
2026-08-07 21:18:34.708 -06:00 [INF] Request starting HTTP/1.1 GET http://localhost:5000/api/v1/sales - application/json null
2026-08-07 21:18:34.713 -06:00 [INF] Executed endpoint 'Pos.Api.Controllers.v1.CashShiftController.GetCurrentShift (Pos.Api)'
2026-08-07 21:18:34.719 -06:00 [INF] Executed DbCommand (97ms) [Parameters=[@__p_0='?' (DbType = Int32)], CommandType='"Text"', CommandTimeout='30']
SELECT [c0].[Id], [c0].[EstaActivo], [c0].[Estado], [c0].[FechaActualizacionUtc], [c0].[FechaAperturaUtc], [c0].[FechaCierreUtc], [c0].[FechaCreacionUtc], [c0].[MontoApertura], [c0].[MontoCierreEsperado], [c0].[MontoCierreReal], [c0].[MontoDiferencia], [c0].[Notas], [c0].[NumeroTurno], [c0].[TotalRetiros], [c0].[TotalVentasEfectivo], [c0].[TotalVentasTarjeta], [c0].[TotalVentasTransferencia], [c0].[UsuarioId], [u].[Id], [u].[Email], [u].[EmpleadoId], [u].[EstaActivo], [u].[FechaActualizacionUtc], [u].[FechaCreacionUtc], [u].[NombreUsuario], [u].[PasswordHash], [s].[Id], [s].[EstaActivo], [s].[FechaActualizacionUtc], [s].[FechaCreacionUtc], [s].[Monto], [s].[Motivo], [s].[TipoTransaccion], [s].[TurnoCajaId], [s].[UsuarioId], [s].[Id0], [s].[Email], [s].[EmpleadoId], [s].[EstaActivo0], [s].[FechaActualizacionUtc0], [s].[FechaCreacionUtc0], [s].[NombreUsuario], [s].[PasswordHash]
FROM (
    SELECT TOP(@__p_0) [c].[Id], [c].[EstaActivo], [c].[Estado], [c].[FechaActualizacionUtc], [c].[FechaAperturaUtc], [c].[FechaCierreUtc], [c].[FechaCreacionUtc], [c].[MontoApertura], [c].[MontoCierreEsperado], [c].[MontoCierreReal], [c].[MontoDiferencia], [c].[Notas], [c].[NumeroTurno], [c].[TotalRetiros], [c].[TotalVentasEfectivo], [c].[TotalVentasTarjeta], [c].[TotalVentasTransferencia], [c].[UsuarioId]
    FROM [CashShifts] AS [c]
    ORDER BY [c].[FechaAperturaUtc] DESC
) AS [c0]
INNER JOIN [Users] AS [u] ON [c0].[UsuarioId] = [u].[Id]
LEFT JOIN (
    SELECT [c1].[Id], [c1].[EstaActivo], [c1].[FechaActualizacionUtc], [c1].[FechaCreacionUtc], [c1].[Monto], [c1].[Motivo], [c1].[TipoTransaccion], [c1].[TurnoCajaId], [c1].[UsuarioId], [u0].[Id] AS [Id0], [u0].[Email], [u0].[EmpleadoId], [u0].[EstaActivo] AS [EstaActivo0], [u0].[FechaActualizacionUtc] AS [FechaActualizacionUtc0], [u0].[FechaCreacionUtc] AS [FechaCreacionUtc0], [u0].[NombreUsuario], [u0].[PasswordHash]
    FROM [CashTransactions] AS [c1]
    LEFT JOIN [Users] AS [u0] ON [c1].[UsuarioId] = [u0].[Id]
) AS [s] ON [c0].[Id] = [s].[TurnoCajaId]
ORDER BY [c0].[FechaAperturaUtc] DESC, [c0].[Id], [u].[Id], [s].[Id]
2026-08-07 21:18:34.728 -06:00 [INF] Route matched with {action = "GetProducts", controller = "Products"}. Executing controller action with signature System.Threading.Tasks.Task`1[Microsoft.AspNetCore.Mvc.ActionResult`1[System.Collections.Generic.List`1[Pos.Application.Catalog.DTOs.ProductDto]]] GetProducts(System.String, System.Nullable`1[System.Guid], System.Nullable`1[System.Boolean], System.Threading.CancellationToken) on controller Pos.Api.Controllers.v1.ProductsController (Pos.Api).
2026-08-07 21:18:34.736 -06:00 [INF] Executing endpoint 'Pos.Api.Controllers.v1.CustomersController.GetCustomers (Pos.Api)'
2026-08-07 21:18:34.741 -06:00 [INF] Executed DbCommand (7ms) [Parameters=[@p0='?' (DbType = Guid), @p1='?' (Size = 100), @p2='?' (Size = 4000), @p3='?' (Size = 4000), @p4='?' (DbType = Boolean), @p5='?' (DbType = DateTime2), @p6='?' (DbType = DateTime2), @p7='?' (Size = 100), @p8='?' (Size = 4000), @p9='?' (Size = 4000), @p10='?' (DbType = Guid), @p11='?' (Size = 4000), @p12='?' (Size = 4000)], CommandType='"Text"', CommandTimeout='30']
SET IMPLICIT_TRANSACTIONS OFF;
SET NOCOUNT ON;
INSERT INTO [AuditLogs] ([Id], [Accion], [DireccionIp], [EntidadId], [EstaActivo], [FechaActualizacionUtc], [FechaCreacionUtc], [IdCorrelacion], [Motivo], [NombreEntidad], [UsuarioId], [ValoresAnterioresJson], [ValoresNuevosJson])
VALUES (@p0, @p1, @p2, @p3, @p4, @p5, @p6, @p7, @p8, @p9, @p10, @p11, @p12);
2026-08-07 21:18:34.758 -06:00 [INF] [AUDITORIA WPC BAJIO] CorrelationId: 3527c11b-6b25-4166-b60d-a123bbd60722 | Action: GET /api/v1/sales | Entity: HttpRequest (200) | User: ebc8b858-2837-4bd5-93e1-8b4c1d0bd81b | IP: ::1 | Reason: HTTP Response StatusCode: 200 | OldValues: N/A | NewValues: N/A
2026-08-07 21:18:34.748 -06:00 [INF] Executing OkObjectResult, writing value of type 'System.Collections.Generic.List`1[[Pos.Application.CashShift.DTOs.CashShiftDto, Pos.Application, Version=1.0.0.0, Culture=neutral, PublicKeyToken=null]]'.
2026-08-07 21:18:34.774 -06:00 [INF] Executed action Pos.Api.Controllers.v1.CashShiftController.GetShiftHistory (Pos.Api) in 179.1968ms
2026-08-07 21:18:34.753 -06:00 [INF] Route matched with {action = "GetCustomers", controller = "Customers"}. Executing controller action with signature System.Threading.Tasks.Task`1[Microsoft.AspNetCore.Mvc.ActionResult`1[System.Collections.Generic.List`1[Pos.Application.Catalog.DTOs.CustomerDto]]] GetCustomers(System.String, System.String, System.Threading.CancellationToken) on controller Pos.Api.Controllers.v1.CustomersController (Pos.Api).
2026-08-07 21:18:34.742 -06:00 [INF] Executing endpoint 'Pos.Api.Controllers.v1.SalesController.GetSales (Pos.Api)'
2026-08-07 21:18:34.759 -06:00 [INF] Executed DbCommand (8ms) [Parameters=[], CommandType='"Text"', CommandTimeout='30']
SELECT [p].[Id], [p].[AltoCm], [p].[AnchoCm], [p].[AnchoMm], [p].[Barcode], [p].[CantidadInventarioInicial], [p].[CantidadMinimaMayoreo], [p].[CategoriaId], [p].[CoberturaM2Caja], [p].[CoberturaPorUnidadM2], [p].[Descripcion], [p].[EspesorMm], [p].[EstaActivo], [p].[FechaActualizacionUtc], [p].[FechaCreacionUtc], [p].[ImagenUrl], [p].[LargoCm], [p].[LargoMm], [p].[Material], [p].[Nombre], [p].[PiezasPorCaja], [p].[PrecioMayoreo], [p].[PrecioUnitario], [p].[Sku], [p].[SoloCotizacion], [p].[UnidadMedida], [p].[VisibleMasVendido], [c].[Id], [c].[CategoriaPadreId], [c].[Descripcion], [c].[EstaActivo], [c].[FechaActualizacionUtc], [c].[FechaCreacionUtc], [c].[Nombre], [c].[Slug], [p0].[Id], [p0].[EsPrincipal], [p0].[EstaActivo], [p0].[FechaActualizacionUtc], [p0].[FechaCreacionUtc], [p0].[ProductoId], [p0].[UrlImagen]
FROM [Products] AS [p]
INNER JOIN [Categories] AS [c] ON [p].[CategoriaId] = [c].[Id]
LEFT JOIN [ProductImages] AS [p0] ON [p].[Id] = [p0].[ProductoId]
ORDER BY [p].[Id], [c].[Id]
2026-08-07 21:18:34.765 -06:00 [INF] Request finished HTTP/1.1 GET http://localhost:5000/api/v1/sales - 200 null application/json; charset=utf-8 9830.3186ms
2026-08-07 21:18:34.770 -06:00 [INF] Request starting HTTP/1.1 GET http://localhost:5000/api/v1/cashshifts/current - application/json null
2026-08-07 21:18:34.750 -06:00 [INF] Executed DbCommand (6ms) [Parameters=[@p0='?' (DbType = Guid), @p1='?' (Size = 100), @p2='?' (Size = 4000), @p3='?' (Size = 4000), @p4='?' (DbType = Boolean), @p5='?' (DbType = DateTime2), @p6='?' (DbType = DateTime2), @p7='?' (Size = 100), @p8='?' (Size = 4000), @p9='?' (Size = 4000), @p10='?' (DbType = Guid), @p11='?' (Size = 4000), @p12='?' (Size = 4000)], CommandType='"Text"', CommandTimeout='30']
SET IMPLICIT_TRANSACTIONS OFF;
SET NOCOUNT ON;
INSERT INTO [AuditLogs] ([Id], [Accion], [DireccionIp], [EntidadId], [EstaActivo], [FechaActualizacionUtc], [FechaCreacionUtc], [IdCorrelacion], [Motivo], [NombreEntidad], [UsuarioId], [ValoresAnterioresJson], [ValoresNuevosJson])
VALUES (@p0, @p1, @p2, @p3, @p4, @p5, @p6, @p7, @p8, @p9, @p10, @p11, @p12);
2026-08-07 21:18:34.775 -06:00 [INF] Executed endpoint 'Pos.Api.Controllers.v1.CashShiftController.GetShiftHistory (Pos.Api)'
2026-08-07 21:18:34.789 -06:00 [INF] Route matched with {action = "GetSales", controller = "Sales"}. Executing controller action with signature System.Threading.Tasks.Task`1[Microsoft.AspNetCore.Mvc.ActionResult`1[System.Collections.Generic.List`1[Pos.Application.Sales.DTOs.SaleDto]]] GetSales(System.String, System.Nullable`1[System.Guid], System.String, System.Threading.CancellationToken) on controller Pos.Api.Controllers.v1.SalesController (Pos.Api).
2026-08-07 21:18:34.796 -06:00 [INF] Executed DbCommand (18ms) [Parameters=[@__p_0='?' (DbType = Int32)], CommandType='"Text"', CommandTimeout='30']
SELECT TOP(@__p_0) [c].[Id], [c].[Apellido], [c].[Ciudad], [c].[CodigoPostal], [c].[Direccion], [c].[Email], [c].[EstaActivo], [c].[Estado], [c].[FechaActualizacionUtc], [c].[FechaCreacionUtc], [c].[Nombre], [c].[NombreEmpresa], [c].[Notas], [c].[PorcentajeDescuentoEspecial], [c].[Rfc], [c].[Telefono], [c].[TipoCliente]
FROM [Customers] AS [c]
WHERE [c].[EstaActivo] = CAST(1 AS bit)
ORDER BY COALESCE([c].[NombreEmpresa], [c].[Nombre])
2026-08-07 21:18:34.803 -06:00 [INF] Executing endpoint 'Pos.Api.Controllers.v1.CashShiftController.GetCurrentShift (Pos.Api)'
2026-08-07 21:18:34.808 -06:00 [INF] Executed DbCommand (2ms) [Parameters=[@__productIds_0='?' (Size = 4000)], CommandType='"Text"', CommandTimeout='30']
SELECT [s].[Id], [s].[CantidadDisponible], [s].[CantidadReorden], [s].[EstaActivo], [s].[FechaActualizacionUtc], [s].[FechaCreacionUtc], [s].[ProductoId], [s].[Ubicacion], [s].[UmbralMinimoAlerta], [s].[VersionFila]
FROM [Stocks] AS [s]
WHERE [s].[ProductoId] IN (
    SELECT [p].[value]
    FROM OPENJSON(@__productIds_0) WITH ([value] uniqueidentifier '$') AS [p]
)
2026-08-07 21:18:34.809 -06:00 [INF] [AUDITORIA WPC BAJIO] CorrelationId: 2c4c9c23-6b7e-464c-bba4-d8afbed6a6b3 | Action: GET /api/v1/cashshifts/current | Entity: HttpRequest (200) | User: ebc8b858-2837-4bd5-93e1-8b4c1d0bd81b | IP: ::1 | Reason: HTTP Response StatusCode: 200 | OldValues: N/A | NewValues: N/A
2026-08-07 21:18:34.814 -06:00 [INF] Executing OkObjectResult, writing value of type 'System.Collections.Generic.List`1[[Pos.Application.Catalog.DTOs.CustomerDto, Pos.Application, Version=1.0.0.0, Culture=neutral, PublicKeyToken=null]]'.
2026-08-07 21:18:34.815 -06:00 [INF] Route matched with {action = "GetCurrentShift", controller = "CashShift"}. Executing controller action with signature System.Threading.Tasks.Task`1[Microsoft.AspNetCore.Mvc.ActionResult`1[Pos.Application.CashShift.DTOs.CashShiftDto]] GetCurrentShift(System.Threading.CancellationToken) on controller Pos.Api.Controllers.v1.CashShiftController (Pos.Api).
2026-08-07 21:18:34.818 -06:00 [INF] Executing OkObjectResult, writing value of type 'System.Collections.Generic.List`1[[Pos.Application.Catalog.DTOs.ProductDto, Pos.Application, Version=1.0.0.0, Culture=neutral, PublicKeyToken=null]]'.
2026-08-07 21:18:34.819 -06:00 [INF] Executed DbCommand (8ms) [Parameters=[@p0='?' (DbType = Guid), @p1='?' (Size = 100), @p2='?' (Size = 4000), @p3='?' (Size = 4000), @p4='?' (DbType = Boolean), @p5='?' (DbType = DateTime2), @p6='?' (DbType = DateTime2), @p7='?' (Size = 100), @p8='?' (Size = 4000), @p9='?' (Size = 4000), @p10='?' (DbType = Guid), @p11='?' (Size = 4000), @p12='?' (Size = 4000)], CommandType='"Text"', CommandTimeout='30']
SET IMPLICIT_TRANSACTIONS OFF;
SET NOCOUNT ON;
INSERT INTO [AuditLogs] ([Id], [Accion], [DireccionIp], [EntidadId], [EstaActivo], [FechaActualizacionUtc], [FechaCreacionUtc], [IdCorrelacion], [Motivo], [NombreEntidad], [UsuarioId], [ValoresAnterioresJson], [ValoresNuevosJson])
VALUES (@p0, @p1, @p2, @p3, @p4, @p5, @p6, @p7, @p8, @p9, @p10, @p11, @p12);
2026-08-07 21:18:34.821 -06:00 [INF] Request finished HTTP/1.1 GET http://localhost:5000/api/v1/cashshifts/current - 200 null application/json; charset=utf-8 10273.6939ms
2026-08-07 21:18:34.824 -06:00 [INF] Executed action Pos.Api.Controllers.v1.CustomersController.GetCustomers (Pos.Api) in 46.513ms
2026-08-07 21:18:34.827 -06:00 [INF] Executed action Pos.Api.Controllers.v1.ProductsController.GetProducts (Pos.Api) in 77.1382ms
2026-08-07 21:18:34.829 -06:00 [INF] [AUDITORIA WPC BAJIO] CorrelationId: 9d52acc1-d769-4304-b1bd-08e3a35f7ac6 | Action: GET /api/v1/cashshifts/history | Entity: HttpRequest (200) | User: ebc8b858-2837-4bd5-93e1-8b4c1d0bd81b | IP: ::1 | Reason: HTTP Response StatusCode: 200 | OldValues: N/A | NewValues: N/A
2026-08-07 21:18:34.833 -06:00 [INF] Executed DbCommand (20ms) [Parameters=[@__p_0='?' (DbType = Int32)], CommandType='"Text"', CommandTimeout='30']
SELECT [s0].[Id], [s0].[ClienteId], [s0].[EstaActivo], [s0].[Estado], [s0].[FechaActualizacionUtc], [s0].[FechaCreacionUtc], [s0].[MontoAnticipo], [s0].[MontoDescuento], [s0].[MontoEfectivo], [s0].[MontoIva], [s0].[MontoTarjeta], [s0].[MontoTotal], [s0].[MontoTransferencia], [s0].[Notas], [s0].[NumeroFolio], [s0].[SaldoPendiente], [s0].[SubTotal], [s0].[TipoPago], [s0].[UsuarioId], [c].[Id], [c].[Apellido], [c].[Ciudad], [c].[CodigoPostal], [c].[Direccion], [c].[Email], [c].[EstaActivo], [c].[Estado], [c].[FechaActualizacionUtc], [c].[FechaCreacionUtc], [c].[Nombre], [c].[NombreEmpresa], [c].[Notas], [c].[PorcentajeDescuentoEspecial], [c].[Rfc], [c].[Telefono], [c].[TipoCliente], [u].[Id], [u].[Email], [u].[EmpleadoId], [u].[EstaActivo], [u].[FechaActualizacionUtc], [u].[FechaCreacionUtc], [u].[NombreUsuario], [u].[PasswordHash], [s2].[Id], [s2].[Cantidad], [s2].[EstaActivo], [s2].[FechaActualizacionUtc], [s2].[FechaCreacionUtc], [s2].[MontoDescuento], [s2].[PrecioTotal], [s2].[PrecioUnitario], [s2].[ProductoId], [s2].[VentaId], [s2].[Id0], [s2].[AltoCm], [s2].[AnchoCm], [s2].[AnchoMm], [s2].[Barcode], [s2].[CantidadInventarioInicial], [s2].[CantidadMinimaMayoreo], [s2].[CategoriaId], [s2].[CoberturaM2Caja], [s2].[CoberturaPorUnidadM2], [s2].[Descripcion], [s2].[EspesorMm], [s2].[EstaActivo0], [s2].[FechaActualizacionUtc0], [s2].[FechaCreacionUtc0], [s2].[ImagenUrl], [s2].[LargoCm], [s2].[LargoMm], [s2].[Material], [s2].[Nombre], [s2].[PiezasPorCaja], [s2].[PrecioMayoreo], [s2].[PrecioUnitario0], [s2].[Sku], [s2].[SoloCotizacion], [s2].[UnidadMedida], [s2].[VisibleMasVendido]
FROM (
    SELECT TOP(@__p_0) [s].[Id], [s].[ClienteId], [s].[EstaActivo], [s].[Estado], [s].[FechaActualizacionUtc], [s].[FechaCreacionUtc], [s].[MontoAnticipo], [s].[MontoDescuento], [s].[MontoEfectivo], [s].[MontoIva], [s].[MontoTarjeta], [s].[MontoTotal], [s].[MontoTransferencia], [s].[Notas], [s].[NumeroFolio], [s].[SaldoPendiente], [s].[SubTotal], [s].[TipoPago], [s].[UsuarioId]
    FROM [Sales] AS [s]
    WHERE [s].[EstaActivo] = CAST(1 AS bit)
    ORDER BY [s].[FechaCreacionUtc] DESC
) AS [s0]
LEFT JOIN [Customers] AS [c] ON [s0].[ClienteId] = [c].[Id]
LEFT JOIN [Users] AS [u] ON [s0].[UsuarioId] = [u].[Id]
LEFT JOIN (
    SELECT [s1].[Id], [s1].[Cantidad], [s1].[EstaActivo], [s1].[FechaActualizacionUtc], [s1].[FechaCreacionUtc], [s1].[MontoDescuento], [s1].[PrecioTotal], [s1].[PrecioUnitario], [s1].[ProductoId], [s1].[VentaId], [p].[Id] AS [Id0], [p].[AltoCm], [p].[AnchoCm], [p].[AnchoMm], [p].[Barcode], [p].[CantidadInventarioInicial], [p].[CantidadMinimaMayoreo], [p].[CategoriaId], [p].[CoberturaM2Caja], [p].[CoberturaPorUnidadM2], [p].[Descripcion], [p].[EspesorMm], [p].[EstaActivo] AS [EstaActivo0], [p].[FechaActualizacionUtc] AS [FechaActualizacionUtc0], [p].[FechaCreacionUtc] AS [FechaCreacionUtc0], [p].[ImagenUrl], [p].[LargoCm], [p].[LargoMm], [p].[Material], [p].[Nombre], [p].[PiezasPorCaja], [p].[PrecioMayoreo], [p].[PrecioUnitario] AS [PrecioUnitario0], [p].[Sku], [p].[SoloCotizacion], [p].[UnidadMedida], [p].[VisibleMasVendido]
    FROM [SaleItems] AS [s1]
    INNER JOIN [Products] AS [p] ON [s1].[ProductoId] = [p].[Id]
) AS [s2] ON [s0].[Id] = [s2].[VentaId]
ORDER BY [s0].[FechaCreacionUtc] DESC, [s0].[Id], [c].[Id], [u].[Id], [s2].[Id]
2026-08-07 21:18:34.836 -06:00 [INF] Executed endpoint 'Pos.Api.Controllers.v1.CustomersController.GetCustomers (Pos.Api)'
2026-08-07 21:18:34.838 -06:00 [INF] Executed endpoint 'Pos.Api.Controllers.v1.ProductsController.GetProducts (Pos.Api)'
2026-08-07 21:18:34.843 -06:00 [INF] Request finished HTTP/1.1 GET http://localhost:5000/api/v1/cashshifts/history - 200 null application/json; charset=utf-8 364.1914ms
2026-08-07 21:18:34.863 -06:00 [INF] Executed DbCommand (10ms) [Parameters=[@p0='?' (DbType = Guid), @p1='?' (Size = 100), @p2='?' (Size = 4000), @p3='?' (Size = 4000), @p4='?' (DbType = Boolean), @p5='?' (DbType = DateTime2), @p6='?' (DbType = DateTime2), @p7='?' (Size = 100), @p8='?' (Size = 4000), @p9='?' (Size = 4000), @p10='?' (DbType = Guid), @p11='?' (Size = 4000), @p12='?' (Size = 4000)], CommandType='"Text"', CommandTimeout='30']
SET IMPLICIT_TRANSACTIONS OFF;
SET NOCOUNT ON;
INSERT INTO [AuditLogs] ([Id], [Accion], [DireccionIp], [EntidadId], [EstaActivo], [FechaActualizacionUtc], [FechaCreacionUtc], [IdCorrelacion], [Motivo], [NombreEntidad], [UsuarioId], [ValoresAnterioresJson], [ValoresNuevosJson])
VALUES (@p0, @p1, @p2, @p3, @p4, @p5, @p6, @p7, @p8, @p9, @p10, @p11, @p12);
2026-08-07 21:18:34.868 -06:00 [INF] [AUDITORIA WPC BAJIO] CorrelationId: 48c96cc7-bcd9-4abb-a812-34badad7a8f6 | Action: GET /api/v1/products | Entity: HttpRequest (200) | User: ebc8b858-2837-4bd5-93e1-8b4c1d0bd81b | IP: ::1 | Reason: HTTP Response StatusCode: 200 | OldValues: N/A | NewValues: N/A
2026-08-07 21:18:34.869 -06:00 [INF] Executed DbCommand (19ms) [Parameters=[@p0='?' (DbType = Guid), @p1='?' (Size = 100), @p2='?' (Size = 4000), @p3='?' (Size = 4000), @p4='?' (DbType = Boolean), @p5='?' (DbType = DateTime2), @p6='?' (DbType = DateTime2), @p7='?' (Size = 100), @p8='?' (Size = 4000), @p9='?' (Size = 4000), @p10='?' (DbType = Guid), @p11='?' (Size = 4000), @p12='?' (Size = 4000)], CommandType='"Text"', CommandTimeout='30']
SET IMPLICIT_TRANSACTIONS OFF;
SET NOCOUNT ON;
INSERT INTO [AuditLogs] ([Id], [Accion], [DireccionIp], [EntidadId], [EstaActivo], [FechaActualizacionUtc], [FechaCreacionUtc], [IdCorrelacion], [Motivo], [NombreEntidad], [UsuarioId], [ValoresAnterioresJson], [ValoresNuevosJson])
VALUES (@p0, @p1, @p2, @p3, @p4, @p5, @p6, @p7, @p8, @p9, @p10, @p11, @p12);
2026-08-07 21:18:34.873 -06:00 [INF] Request finished HTTP/1.1 GET http://localhost:5000/api/v1/products? - 200 null application/json; charset=utf-8 237.7492ms
2026-08-07 21:18:34.878 -06:00 [INF] [AUDITORIA WPC BAJIO] CorrelationId: 67c60ce2-53f9-4394-9710-b0b58dc569fe | Action: GET /api/v1/customers | Entity: HttpRequest (200) | User: ebc8b858-2837-4bd5-93e1-8b4c1d0bd81b | IP: ::1 | Reason: HTTP Response StatusCode: 200 | OldValues: N/A | NewValues: N/A
2026-08-07 21:18:34.897 -06:00 [INF] Executed DbCommand (70ms) [Parameters=[@__userId_0='?' (DbType = Guid)], CommandType='"Text"', CommandTimeout='30']
SELECT [s].[Id], [s].[EstaActivo], [s].[Estado], [s].[FechaActualizacionUtc], [s].[FechaAperturaUtc], [s].[FechaCierreUtc], [s].[FechaCreacionUtc], [s].[MontoApertura], [s].[MontoCierreEsperado], [s].[MontoCierreReal], [s].[MontoDiferencia], [s].[Notas], [s].[NumeroTurno], [s].[TotalRetiros], [s].[TotalVentasEfectivo], [s].[TotalVentasTarjeta], [s].[TotalVentasTransferencia], [s].[UsuarioId], [s].[Id0], [s].[Email], [s].[EmpleadoId], [s].[EstaActivo0], [s].[FechaActualizacionUtc0], [s].[FechaCreacionUtc0], [s].[NombreUsuario], [s].[PasswordHash], [s0].[Id], [s0].[EstaActivo], [s0].[FechaActualizacionUtc], [s0].[FechaCreacionUtc], [s0].[Monto], [s0].[Motivo], [s0].[TipoTransaccion], [s0].[TurnoCajaId], [s0].[UsuarioId], [s0].[Id0], [s0].[Email], [s0].[EmpleadoId], [s0].[EstaActivo0], [s0].[FechaActualizacionUtc0], [s0].[FechaCreacionUtc0], [s0].[NombreUsuario], [s0].[PasswordHash]
FROM (
    SELECT TOP(1) [c].[Id], [c].[EstaActivo], [c].[Estado], [c].[FechaActualizacionUtc], [c].[FechaAperturaUtc], [c].[FechaCierreUtc], [c].[FechaCreacionUtc], [c].[MontoApertura], [c].[MontoCierreEsperado], [c].[MontoCierreReal], [c].[MontoDiferencia], [c].[Notas], [c].[NumeroTurno], [c].[TotalRetiros], [c].[TotalVentasEfectivo], [c].[TotalVentasTarjeta], [c].[TotalVentasTransferencia], [c].[UsuarioId], [u].[Id] AS [Id0], [u].[Email], [u].[EmpleadoId], [u].[EstaActivo] AS [EstaActivo0], [u].[FechaActualizacionUtc] AS [FechaActualizacionUtc0], [u].[FechaCreacionUtc] AS [FechaCreacionUtc0], [u].[NombreUsuario], [u].[PasswordHash]
    FROM [CashShifts] AS [c]
    INNER JOIN [Users] AS [u] ON [c].[UsuarioId] = [u].[Id]
    WHERE [c].[UsuarioId] = @__userId_0 AND [c].[Estado] = N'Abierto'
) AS [s]
LEFT JOIN (
    SELECT [c0].[Id], [c0].[EstaActivo], [c0].[FechaActualizacionUtc], [c0].[FechaCreacionUtc], [c0].[Monto], [c0].[Motivo], [c0].[TipoTransaccion], [c0].[TurnoCajaId], [c0].[UsuarioId], [u0].[Id] AS [Id0], [u0].[Email], [u0].[EmpleadoId], [u0].[EstaActivo] AS [EstaActivo0], [u0].[FechaActualizacionUtc] AS [FechaActualizacionUtc0], [u0].[FechaCreacionUtc] AS [FechaCreacionUtc0], [u0].[NombreUsuario], [u0].[PasswordHash]
    FROM [CashTransactions] AS [c0]
    LEFT JOIN [Users] AS [u0] ON [c0].[UsuarioId] = [u0].[Id]
) AS [s0] ON [s].[Id] = [s0].[TurnoCajaId]
ORDER BY [s].[Id], [s].[Id0], [s0].[Id]
2026-08-07 21:18:34.900 -06:00 [INF] Request finished HTTP/1.1 GET http://localhost:5000/api/v1/customers? - 200 null application/json; charset=utf-8 200.7324ms
2026-08-07 21:18:34.903 -06:00 [INF] Executing OkObjectResult, writing value of type 'System.Collections.Generic.List`1[[Pos.Application.Sales.DTOs.SaleDto, Pos.Application, Version=1.0.0.0, Culture=neutral, PublicKeyToken=null]]'.
2026-08-07 21:18:34.910 -06:00 [INF] Executed DbCommand (4ms) [Parameters=[@__shift_UsuarioId_0='?' (DbType = Guid), @__shift_FechaAperturaUtc_1='?' (DbType = DateTime2), @__endAtUtc_2='?' (DbType = DateTime2)], CommandType='"Text"', CommandTimeout='30']
SELECT [s].[MontoEfectivo], [s].[MontoTarjeta], [s].[MontoTransferencia]
FROM [Sales] AS [s]
WHERE [s].[UsuarioId] = @__shift_UsuarioId_0 AND [s].[FechaCreacionUtc] >= @__shift_FechaAperturaUtc_1 AND [s].[FechaCreacionUtc] <= @__endAtUtc_2 AND [s].[EstaActivo] = CAST(1 AS bit) AND [s].[Estado] <> N'Cancelada'
2026-08-07 21:18:34.911 -06:00 [INF] Executed action Pos.Api.Controllers.v1.SalesController.GetSales (Pos.Api) in 99.1002ms
2026-08-07 21:18:34.915 -06:00 [INF] Executed endpoint 'Pos.Api.Controllers.v1.SalesController.GetSales (Pos.Api)'
2026-08-07 21:18:34.918 -06:00 [INF] Executed DbCommand (4ms) [Parameters=[@__shift_UsuarioId_0='?' (DbType = Guid), @__shift_FechaAperturaUtc_1='?' (DbType = DateTime2), @__endAtUtc_2='?' (DbType = DateTime2)], CommandType='"Text"', CommandTimeout='30']
SELECT [p].[MontoAbonado], [p].[FormaPago]
FROM [PaymentInstallments] AS [p]
WHERE [p].[UsuarioId] = @__shift_UsuarioId_0 AND [p].[FechaCreacionUtc] >= @__shift_FechaAperturaUtc_1 AND [p].[FechaCreacionUtc] <= @__endAtUtc_2 AND [p].[EstaActivo] = CAST(1 AS bit)
2026-08-07 21:18:34.922 -06:00 [INF] Executed DbCommand (5ms) [Parameters=[@p0='?' (DbType = Guid), @p1='?' (Size = 100), @p2='?' (Size = 4000), @p3='?' (Size = 4000), @p4='?' (DbType = Boolean), @p5='?' (DbType = DateTime2), @p6='?' (DbType = DateTime2), @p7='?' (Size = 100), @p8='?' (Size = 4000), @p9='?' (Size = 4000), @p10='?' (DbType = Guid), @p11='?' (Size = 4000), @p12='?' (Size = 4000)], CommandType='"Text"', CommandTimeout='30']
SET IMPLICIT_TRANSACTIONS OFF;
SET NOCOUNT ON;
INSERT INTO [AuditLogs] ([Id], [Accion], [DireccionIp], [EntidadId], [EstaActivo], [FechaActualizacionUtc], [FechaCreacionUtc], [IdCorrelacion], [Motivo], [NombreEntidad], [UsuarioId], [ValoresAnterioresJson], [ValoresNuevosJson])
VALUES (@p0, @p1, @p2, @p3, @p4, @p5, @p6, @p7, @p8, @p9, @p10, @p11, @p12);
2026-08-07 21:18:34.926 -06:00 [INF] [AUDITORIA WPC BAJIO] CorrelationId: b23d4926-176f-4b44-adfc-21d916bbb662 | Action: GET /api/v1/sales | Entity: HttpRequest (200) | User: ebc8b858-2837-4bd5-93e1-8b4c1d0bd81b | IP: ::1 | Reason: HTTP Response StatusCode: 200 | OldValues: N/A | NewValues: N/A
2026-08-07 21:18:34.926 -06:00 [INF] Executed DbCommand (4ms) [Parameters=[@__shift_UsuarioId_0='?' (DbType = Guid), @__shift_FechaAperturaUtc_1='?' (DbType = DateTime2), @__endAtUtc_2='?' (DbType = DateTime2)], CommandType='"Text"', CommandTimeout='30']
SELECT [r].[MontoReembolsado], [r].[FormaReembolso]
FROM [ReturnHeaders] AS [r]
WHERE [r].[UsuarioId] = @__shift_UsuarioId_0 AND [r].[FechaCreacionUtc] >= @__shift_FechaAperturaUtc_1 AND [r].[FechaCreacionUtc] <= @__endAtUtc_2 AND [r].[EstaActivo] = CAST(1 AS bit) AND [r].[Estado] = N'Completada'
2026-08-07 21:18:34.929 -06:00 [INF] Request finished HTTP/1.1 GET http://localhost:5000/api/v1/sales - 200 null application/json; charset=utf-8 221.1531ms
2026-08-07 21:18:34.932 -06:00 [INF] Executing OkObjectResult, writing value of type 'Pos.Application.CashShift.DTOs.CashShiftDto'.
2026-08-07 21:18:34.937 -06:00 [INF] Executed action Pos.Api.Controllers.v1.CashShiftController.GetCurrentShift (Pos.Api) in 111.5328ms
2026-08-07 21:18:34.938 -06:00 [INF] Executed endpoint 'Pos.Api.Controllers.v1.CashShiftController.GetCurrentShift (Pos.Api)'
2026-08-07 21:18:34.945 -06:00 [INF] Executed DbCommand (4ms) [Parameters=[@p0='?' (DbType = Guid), @p1='?' (Size = 100), @p2='?' (Size = 4000), @p3='?' (Size = 4000), @p4='?' (DbType = Boolean), @p5='?' (DbType = DateTime2), @p6='?' (DbType = DateTime2), @p7='?' (Size = 100), @p8='?' (Size = 4000), @p9='?' (Size = 4000), @p10='?' (DbType = Guid), @p11='?' (Size = 4000), @p12='?' (Size = 4000)], CommandType='"Text"', CommandTimeout='30']
SET IMPLICIT_TRANSACTIONS OFF;
SET NOCOUNT ON;
INSERT INTO [AuditLogs] ([Id], [Accion], [DireccionIp], [EntidadId], [EstaActivo], [FechaActualizacionUtc], [FechaCreacionUtc], [IdCorrelacion], [Motivo], [NombreEntidad], [UsuarioId], [ValoresAnterioresJson], [ValoresNuevosJson])
VALUES (@p0, @p1, @p2, @p3, @p4, @p5, @p6, @p7, @p8, @p9, @p10, @p11, @p12);
2026-08-07 21:18:34.948 -06:00 [INF] [AUDITORIA WPC BAJIO] CorrelationId: 46963a27-ac2a-4bf5-b7c0-77d1befd6f76 | Action: GET /api/v1/cashshifts/current | Entity: HttpRequest (200) | User: ebc8b858-2837-4bd5-93e1-8b4c1d0bd81b | IP: ::1 | Reason: HTTP Response StatusCode: 200 | OldValues: N/A | NewValues: N/A
2026-08-07 21:18:34.951 -06:00 [INF] Request finished HTTP/1.1 GET http://localhost:5000/api/v1/cashshifts/current - 200 null application/json; charset=utf-8 181.0254ms
2026-08-07 21:21:12.980 -06:00 [INF] Request starting HTTP/1.1 GET http://localhost:5000/api/v1/products? - application/json null
2026-08-07 21:21:12.983 -06:00 [INF] Executing endpoint 'Pos.Api.Controllers.v1.ProductsController.GetProducts (Pos.Api)'
2026-08-07 21:21:12.984 -06:00 [INF] Route matched with {action = "GetProducts", controller = "Products"}. Executing controller action with signature System.Threading.Tasks.Task`1[Microsoft.AspNetCore.Mvc.ActionResult`1[System.Collections.Generic.List`1[Pos.Application.Catalog.DTOs.ProductDto]]] GetProducts(System.String, System.Nullable`1[System.Guid], System.Nullable`1[System.Boolean], System.Threading.CancellationToken) on controller Pos.Api.Controllers.v1.ProductsController (Pos.Api).
2026-08-07 21:21:12.990 -06:00 [INF] Request starting HTTP/1.1 GET http://localhost:5000/api/v1/customers? - application/json null
2026-08-07 21:21:12.991 -06:00 [INF] Request starting HTTP/1.1 GET http://localhost:5000/api/v1/sales - application/json null
2026-08-07 21:21:12.993 -06:00 [INF] Executing endpoint 'Pos.Api.Controllers.v1.CustomersController.GetCustomers (Pos.Api)'
2026-08-07 21:21:12.995 -06:00 [INF] Executing endpoint 'Pos.Api.Controllers.v1.SalesController.GetSales (Pos.Api)'
2026-08-07 21:21:12.997 -06:00 [INF] Route matched with {action = "GetCustomers", controller = "Customers"}. Executing controller action with signature System.Threading.Tasks.Task`1[Microsoft.AspNetCore.Mvc.ActionResult`1[System.Collections.Generic.List`1[Pos.Application.Catalog.DTOs.CustomerDto]]] GetCustomers(System.String, System.String, System.Threading.CancellationToken) on controller Pos.Api.Controllers.v1.CustomersController (Pos.Api).
2026-08-07 21:21:12.998 -06:00 [INF] Route matched with {action = "GetSales", controller = "Sales"}. Executing controller action with signature System.Threading.Tasks.Task`1[Microsoft.AspNetCore.Mvc.ActionResult`1[System.Collections.Generic.List`1[Pos.Application.Sales.DTOs.SaleDto]]] GetSales(System.String, System.Nullable`1[System.Guid], System.String, System.Threading.CancellationToken) on controller Pos.Api.Controllers.v1.SalesController (Pos.Api).
2026-08-07 21:21:13.001 -06:00 [INF] Executed DbCommand (13ms) [Parameters=[], CommandType='"Text"', CommandTimeout='30']
SELECT [p].[Id], [p].[AltoCm], [p].[AnchoCm], [p].[AnchoMm], [p].[Barcode], [p].[CantidadInventarioInicial], [p].[CantidadMinimaMayoreo], [p].[CategoriaId], [p].[CoberturaM2Caja], [p].[CoberturaPorUnidadM2], [p].[Descripcion], [p].[EspesorMm], [p].[EstaActivo], [p].[FechaActualizacionUtc], [p].[FechaCreacionUtc], [p].[ImagenUrl], [p].[LargoCm], [p].[LargoMm], [p].[Material], [p].[Nombre], [p].[PiezasPorCaja], [p].[PrecioMayoreo], [p].[PrecioUnitario], [p].[Sku], [p].[SoloCotizacion], [p].[UnidadMedida], [p].[VisibleMasVendido], [c].[Id], [c].[CategoriaPadreId], [c].[Descripcion], [c].[EstaActivo], [c].[FechaActualizacionUtc], [c].[FechaCreacionUtc], [c].[Nombre], [c].[Slug], [p0].[Id], [p0].[EsPrincipal], [p0].[EstaActivo], [p0].[FechaActualizacionUtc], [p0].[FechaCreacionUtc], [p0].[ProductoId], [p0].[UrlImagen]
FROM [Products] AS [p]
INNER JOIN [Categories] AS [c] ON [p].[CategoriaId] = [c].[Id]
LEFT JOIN [ProductImages] AS [p0] ON [p].[Id] = [p0].[ProductoId]
ORDER BY [p].[Id], [c].[Id]
2026-08-07 21:21:13.005 -06:00 [INF] Executed DbCommand (4ms) [Parameters=[@__p_0='?' (DbType = Int32)], CommandType='"Text"', CommandTimeout='30']
SELECT TOP(@__p_0) [c].[Id], [c].[Apellido], [c].[Ciudad], [c].[CodigoPostal], [c].[Direccion], [c].[Email], [c].[EstaActivo], [c].[Estado], [c].[FechaActualizacionUtc], [c].[FechaCreacionUtc], [c].[Nombre], [c].[NombreEmpresa], [c].[Notas], [c].[PorcentajeDescuentoEspecial], [c].[Rfc], [c].[Telefono], [c].[TipoCliente]
FROM [Customers] AS [c]
WHERE [c].[EstaActivo] = CAST(1 AS bit)
ORDER BY COALESCE([c].[NombreEmpresa], [c].[Nombre])
2026-08-07 21:21:13.010 -06:00 [INF] Executing OkObjectResult, writing value of type 'System.Collections.Generic.List`1[[Pos.Application.Catalog.DTOs.CustomerDto, Pos.Application, Version=1.0.0.0, Culture=neutral, PublicKeyToken=null]]'.
2026-08-07 21:21:13.011 -06:00 [INF] Executed action Pos.Api.Controllers.v1.CustomersController.GetCustomers (Pos.Api) in 11.68ms
2026-08-07 21:21:13.013 -06:00 [INF] Executed endpoint 'Pos.Api.Controllers.v1.CustomersController.GetCustomers (Pos.Api)'
2026-08-07 21:21:13.015 -06:00 [INF] Request starting HTTP/1.1 GET http://localhost:5000/api/v1/customers? - application/json null
2026-08-07 21:21:13.016 -06:00 [INF] Executed DbCommand (1ms) [Parameters=[@__productIds_0='?' (Size = 4000)], CommandType='"Text"', CommandTimeout='30']
SELECT [s].[Id], [s].[CantidadDisponible], [s].[CantidadReorden], [s].[EstaActivo], [s].[FechaActualizacionUtc], [s].[FechaCreacionUtc], [s].[ProductoId], [s].[Ubicacion], [s].[UmbralMinimoAlerta], [s].[VersionFila]
FROM [Stocks] AS [s]
WHERE [s].[ProductoId] IN (
    SELECT [p].[value]
    FROM OPENJSON(@__productIds_0) WITH ([value] uniqueidentifier '$') AS [p]
)
2026-08-07 21:21:13.019 -06:00 [INF] Executing endpoint 'Pos.Api.Controllers.v1.CustomersController.GetCustomers (Pos.Api)'
2026-08-07 21:21:13.021 -06:00 [INF] Executed DbCommand (6ms) [Parameters=[@p0='?' (DbType = Guid), @p1='?' (Size = 100), @p2='?' (Size = 4000), @p3='?' (Size = 4000), @p4='?' (DbType = Boolean), @p5='?' (DbType = DateTime2), @p6='?' (DbType = DateTime2), @p7='?' (Size = 100), @p8='?' (Size = 4000), @p9='?' (Size = 4000), @p10='?' (DbType = Guid), @p11='?' (Size = 4000), @p12='?' (Size = 4000)], CommandType='"Text"', CommandTimeout='30']
SET IMPLICIT_TRANSACTIONS OFF;
SET NOCOUNT ON;
INSERT INTO [AuditLogs] ([Id], [Accion], [DireccionIp], [EntidadId], [EstaActivo], [FechaActualizacionUtc], [FechaCreacionUtc], [IdCorrelacion], [Motivo], [NombreEntidad], [UsuarioId], [ValoresAnterioresJson], [ValoresNuevosJson])
VALUES (@p0, @p1, @p2, @p3, @p4, @p5, @p6, @p7, @p8, @p9, @p10, @p11, @p12);
2026-08-07 21:21:13.021 -06:00 [INF] Executing OkObjectResult, writing value of type 'System.Collections.Generic.List`1[[Pos.Application.Catalog.DTOs.ProductDto, Pos.Application, Version=1.0.0.0, Culture=neutral, PublicKeyToken=null]]'.
2026-08-07 21:21:13.022 -06:00 [INF] Executed DbCommand (19ms) [Parameters=[@__p_0='?' (DbType = Int32)], CommandType='"Text"', CommandTimeout='30']
SELECT [s0].[Id], [s0].[ClienteId], [s0].[EstaActivo], [s0].[Estado], [s0].[FechaActualizacionUtc], [s0].[FechaCreacionUtc], [s0].[MontoAnticipo], [s0].[MontoDescuento], [s0].[MontoEfectivo], [s0].[MontoIva], [s0].[MontoTarjeta], [s0].[MontoTotal], [s0].[MontoTransferencia], [s0].[Notas], [s0].[NumeroFolio], [s0].[SaldoPendiente], [s0].[SubTotal], [s0].[TipoPago], [s0].[UsuarioId], [c].[Id], [c].[Apellido], [c].[Ciudad], [c].[CodigoPostal], [c].[Direccion], [c].[Email], [c].[EstaActivo], [c].[Estado], [c].[FechaActualizacionUtc], [c].[FechaCreacionUtc], [c].[Nombre], [c].[NombreEmpresa], [c].[Notas], [c].[PorcentajeDescuentoEspecial], [c].[Rfc], [c].[Telefono], [c].[TipoCliente], [u].[Id], [u].[Email], [u].[EmpleadoId], [u].[EstaActivo], [u].[FechaActualizacionUtc], [u].[FechaCreacionUtc], [u].[NombreUsuario], [u].[PasswordHash], [s2].[Id], [s2].[Cantidad], [s2].[EstaActivo], [s2].[FechaActualizacionUtc], [s2].[FechaCreacionUtc], [s2].[MontoDescuento], [s2].[PrecioTotal], [s2].[PrecioUnitario], [s2].[ProductoId], [s2].[VentaId], [s2].[Id0], [s2].[AltoCm], [s2].[AnchoCm], [s2].[AnchoMm], [s2].[Barcode], [s2].[CantidadInventarioInicial], [s2].[CantidadMinimaMayoreo], [s2].[CategoriaId], [s2].[CoberturaM2Caja], [s2].[CoberturaPorUnidadM2], [s2].[Descripcion], [s2].[EspesorMm], [s2].[EstaActivo0], [s2].[FechaActualizacionUtc0], [s2].[FechaCreacionUtc0], [s2].[ImagenUrl], [s2].[LargoCm], [s2].[LargoMm], [s2].[Material], [s2].[Nombre], [s2].[PiezasPorCaja], [s2].[PrecioMayoreo], [s2].[PrecioUnitario0], [s2].[Sku], [s2].[SoloCotizacion], [s2].[UnidadMedida], [s2].[VisibleMasVendido]
FROM (
    SELECT TOP(@__p_0) [s].[Id], [s].[ClienteId], [s].[EstaActivo], [s].[Estado], [s].[FechaActualizacionUtc], [s].[FechaCreacionUtc], [s].[MontoAnticipo], [s].[MontoDescuento], [s].[MontoEfectivo], [s].[MontoIva], [s].[MontoTarjeta], [s].[MontoTotal], [s].[MontoTransferencia], [s].[Notas], [s].[NumeroFolio], [s].[SaldoPendiente], [s].[SubTotal], [s].[TipoPago], [s].[UsuarioId]
    FROM [Sales] AS [s]
    WHERE [s].[EstaActivo] = CAST(1 AS bit)
    ORDER BY [s].[FechaCreacionUtc] DESC
) AS [s0]
LEFT JOIN [Customers] AS [c] ON [s0].[ClienteId] = [c].[Id]
LEFT JOIN [Users] AS [u] ON [s0].[UsuarioId] = [u].[Id]
LEFT JOIN (
    SELECT [s1].[Id], [s1].[Cantidad], [s1].[EstaActivo], [s1].[FechaActualizacionUtc], [s1].[FechaCreacionUtc], [s1].[MontoDescuento], [s1].[PrecioTotal], [s1].[PrecioUnitario], [s1].[ProductoId], [s1].[VentaId], [p].[Id] AS [Id0], [p].[AltoCm], [p].[AnchoCm], [p].[AnchoMm], [p].[Barcode], [p].[CantidadInventarioInicial], [p].[CantidadMinimaMayoreo], [p].[CategoriaId], [p].[CoberturaM2Caja], [p].[CoberturaPorUnidadM2], [p].[Descripcion], [p].[EspesorMm], [p].[EstaActivo] AS [EstaActivo0], [p].[FechaActualizacionUtc] AS [FechaActualizacionUtc0], [p].[FechaCreacionUtc] AS [FechaCreacionUtc0], [p].[ImagenUrl], [p].[LargoCm], [p].[LargoMm], [p].[Material], [p].[Nombre], [p].[PiezasPorCaja], [p].[PrecioMayoreo], [p].[PrecioUnitario] AS [PrecioUnitario0], [p].[Sku], [p].[SoloCotizacion], [p].[UnidadMedida], [p].[VisibleMasVendido]
    FROM [SaleItems] AS [s1]
    INNER JOIN [Products] AS [p] ON [s1].[ProductoId] = [p].[Id]
) AS [s2] ON [s0].[Id] = [s2].[VentaId]
ORDER BY [s0].[FechaCreacionUtc] DESC, [s0].[Id], [c].[Id], [u].[Id], [s2].[Id]
2026-08-07 21:21:13.022 -06:00 [INF] Route matched with {action = "GetCustomers", controller = "Customers"}. Executing controller action with signature System.Threading.Tasks.Task`1[Microsoft.AspNetCore.Mvc.ActionResult`1[System.Collections.Generic.List`1[Pos.Application.Catalog.DTOs.CustomerDto]]] GetCustomers(System.String, System.String, System.Threading.CancellationToken) on controller Pos.Api.Controllers.v1.CustomersController (Pos.Api).
2026-08-07 21:21:13.024 -06:00 [INF] [AUDITORIA WPC BAJIO] CorrelationId: 461ad40d-1ed8-4852-b6b5-f3b339c1c191 | Action: GET /api/v1/customers | Entity: HttpRequest (200) | User: ebc8b858-2837-4bd5-93e1-8b4c1d0bd81b | IP: ::1 | Reason: HTTP Response StatusCode: 200 | OldValues: N/A | NewValues: N/A
2026-08-07 21:21:13.027 -06:00 [INF] Executed action Pos.Api.Controllers.v1.ProductsController.GetProducts (Pos.Api) in 40.2027ms
2026-08-07 21:21:13.032 -06:00 [INF] Request starting HTTP/1.1 GET http://localhost:5000/api/v1/products? - application/json null
2026-08-07 21:21:13.033 -06:00 [INF] Executed DbCommand (0ms) [Parameters=[@__p_0='?' (DbType = Int32)], CommandType='"Text"', CommandTimeout='30']
SELECT TOP(@__p_0) [c].[Id], [c].[Apellido], [c].[Ciudad], [c].[CodigoPostal], [c].[Direccion], [c].[Email], [c].[EstaActivo], [c].[Estado], [c].[FechaActualizacionUtc], [c].[FechaCreacionUtc], [c].[Nombre], [c].[NombreEmpresa], [c].[Notas], [c].[PorcentajeDescuentoEspecial], [c].[Rfc], [c].[Telefono], [c].[TipoCliente]
FROM [Customers] AS [c]
WHERE [c].[EstaActivo] = CAST(1 AS bit)
ORDER BY COALESCE([c].[NombreEmpresa], [c].[Nombre])
2026-08-07 21:21:13.035 -06:00 [INF] Request finished HTTP/1.1 GET http://localhost:5000/api/v1/customers? - 200 null application/json; charset=utf-8 44.9105ms
2026-08-07 21:21:13.041 -06:00 [INF] Executed endpoint 'Pos.Api.Controllers.v1.ProductsController.GetProducts (Pos.Api)'
2026-08-07 21:21:13.044 -06:00 [INF] Executing endpoint 'Pos.Api.Controllers.v1.ProductsController.GetProducts (Pos.Api)'
2026-08-07 21:21:13.057 -06:00 [INF] Executing OkObjectResult, writing value of type 'System.Collections.Generic.List`1[[Pos.Application.Catalog.DTOs.CustomerDto, Pos.Application, Version=1.0.0.0, Culture=neutral, PublicKeyToken=null]]'.
2026-08-07 21:21:13.063 -06:00 [INF] Route matched with {action = "GetProducts", controller = "Products"}. Executing controller action with signature System.Threading.Tasks.Task`1[Microsoft.AspNetCore.Mvc.ActionResult`1[System.Collections.Generic.List`1[Pos.Application.Catalog.DTOs.ProductDto]]] GetProducts(System.String, System.Nullable`1[System.Guid], System.Nullable`1[System.Boolean], System.Threading.CancellationToken) on controller Pos.Api.Controllers.v1.ProductsController (Pos.Api).
2026-08-07 21:21:13.064 -06:00 [INF] Executed action Pos.Api.Controllers.v1.CustomersController.GetCustomers (Pos.Api) in 32.9978ms
2026-08-07 21:21:13.065 -06:00 [INF] Executed DbCommand (2ms) [Parameters=[@p0='?' (DbType = Guid), @p1='?' (Size = 100), @p2='?' (Size = 4000), @p3='?' (Size = 4000), @p4='?' (DbType = Boolean), @p5='?' (DbType = DateTime2), @p6='?' (DbType = DateTime2), @p7='?' (Size = 100), @p8='?' (Size = 4000), @p9='?' (Size = 4000), @p10='?' (DbType = Guid), @p11='?' (Size = 4000), @p12='?' (Size = 4000)], CommandType='"Text"', CommandTimeout='30']
SET IMPLICIT_TRANSACTIONS OFF;
SET NOCOUNT ON;
INSERT INTO [AuditLogs] ([Id], [Accion], [DireccionIp], [EntidadId], [EstaActivo], [FechaActualizacionUtc], [FechaCreacionUtc], [IdCorrelacion], [Motivo], [NombreEntidad], [UsuarioId], [ValoresAnterioresJson], [ValoresNuevosJson])
VALUES (@p0, @p1, @p2, @p3, @p4, @p5, @p6, @p7, @p8, @p9, @p10, @p11, @p12);
2026-08-07 21:21:13.067 -06:00 [INF] Executed DbCommand (0ms) [Parameters=[], CommandType='"Text"', CommandTimeout='30']
SELECT [p].[Id], [p].[AltoCm], [p].[AnchoCm], [p].[AnchoMm], [p].[Barcode], [p].[CantidadInventarioInicial], [p].[CantidadMinimaMayoreo], [p].[CategoriaId], [p].[CoberturaM2Caja], [p].[CoberturaPorUnidadM2], [p].[Descripcion], [p].[EspesorMm], [p].[EstaActivo], [p].[FechaActualizacionUtc], [p].[FechaCreacionUtc], [p].[ImagenUrl], [p].[LargoCm], [p].[LargoMm], [p].[Material], [p].[Nombre], [p].[PiezasPorCaja], [p].[PrecioMayoreo], [p].[PrecioUnitario], [p].[Sku], [p].[SoloCotizacion], [p].[UnidadMedida], [p].[VisibleMasVendido], [c].[Id], [c].[CategoriaPadreId], [c].[Descripcion], [c].[EstaActivo], [c].[FechaActualizacionUtc], [c].[FechaCreacionUtc], [c].[Nombre], [c].[Slug], [p0].[Id], [p0].[EsPrincipal], [p0].[EstaActivo], [p0].[FechaActualizacionUtc], [p0].[FechaCreacionUtc], [p0].[ProductoId], [p0].[UrlImagen]
FROM [Products] AS [p]
INNER JOIN [Categories] AS [c] ON [p].[CategoriaId] = [c].[Id]
LEFT JOIN [ProductImages] AS [p0] ON [p].[Id] = [p0].[ProductoId]
ORDER BY [p].[Id], [c].[Id]
2026-08-07 21:21:13.067 -06:00 [INF] Executed endpoint 'Pos.Api.Controllers.v1.CustomersController.GetCustomers (Pos.Api)'
2026-08-07 21:21:13.069 -06:00 [INF] [AUDITORIA WPC BAJIO] CorrelationId: ed57c1cb-06a2-47a3-8ea1-157326ec5773 | Action: GET /api/v1/products | Entity: HttpRequest (200) | User: ebc8b858-2837-4bd5-93e1-8b4c1d0bd81b | IP: ::1 | Reason: HTTP Response StatusCode: 200 | OldValues: N/A | NewValues: N/A
2026-08-07 21:21:13.078 -06:00 [INF] Executed DbCommand (4ms) [Parameters=[@p0='?' (DbType = Guid), @p1='?' (Size = 100), @p2='?' (Size = 4000), @p3='?' (Size = 4000), @p4='?' (DbType = Boolean), @p5='?' (DbType = DateTime2), @p6='?' (DbType = DateTime2), @p7='?' (Size = 100), @p8='?' (Size = 4000), @p9='?' (Size = 4000), @p10='?' (DbType = Guid), @p11='?' (Size = 4000), @p12='?' (Size = 4000)], CommandType='"Text"', CommandTimeout='30']
SET IMPLICIT_TRANSACTIONS OFF;
SET NOCOUNT ON;
INSERT INTO [AuditLogs] ([Id], [Accion], [DireccionIp], [EntidadId], [EstaActivo], [FechaActualizacionUtc], [FechaCreacionUtc], [IdCorrelacion], [Motivo], [NombreEntidad], [UsuarioId], [ValoresAnterioresJson], [ValoresNuevosJson])
VALUES (@p0, @p1, @p2, @p3, @p4, @p5, @p6, @p7, @p8, @p9, @p10, @p11, @p12);
2026-08-07 21:21:13.079 -06:00 [INF] Request finished HTTP/1.1 GET http://localhost:5000/api/v1/products? - 200 null application/json; charset=utf-8 99.0745ms
2026-08-07 21:21:13.081 -06:00 [INF] [AUDITORIA WPC BAJIO] CorrelationId: 3e2d1e21-ed3f-42eb-bb9c-7952d06c9092 | Action: GET /api/v1/customers | Entity: HttpRequest (200) | User: ebc8b858-2837-4bd5-93e1-8b4c1d0bd81b | IP: ::1 | Reason: HTTP Response StatusCode: 200 | OldValues: N/A | NewValues: N/A
2026-08-07 21:21:13.084 -06:00 [INF] Executing OkObjectResult, writing value of type 'System.Collections.Generic.List`1[[Pos.Application.Sales.DTOs.SaleDto, Pos.Application, Version=1.0.0.0, Culture=neutral, PublicKeyToken=null]]'.
2026-08-07 21:21:13.086 -06:00 [INF] Request finished HTTP/1.1 GET http://localhost:5000/api/v1/customers? - 200 null application/json; charset=utf-8 70.9447ms
2026-08-07 21:21:13.087 -06:00 [INF] Executed DbCommand (1ms) [Parameters=[@__productIds_0='?' (Size = 4000)], CommandType='"Text"', CommandTimeout='30']
SELECT [s].[Id], [s].[CantidadDisponible], [s].[CantidadReorden], [s].[EstaActivo], [s].[FechaActualizacionUtc], [s].[FechaCreacionUtc], [s].[ProductoId], [s].[Ubicacion], [s].[UmbralMinimoAlerta], [s].[VersionFila]
FROM [Stocks] AS [s]
WHERE [s].[ProductoId] IN (
    SELECT [p].[value]
    FROM OPENJSON(@__productIds_0) WITH ([value] uniqueidentifier '$') AS [p]
)
2026-08-07 21:21:13.089 -06:00 [INF] Executed action Pos.Api.Controllers.v1.SalesController.GetSales (Pos.Api) in 87.4338ms
2026-08-07 21:21:13.092 -06:00 [INF] Request starting HTTP/1.1 GET http://localhost:5000/api/v1/sales - application/json null
2026-08-07 21:21:13.093 -06:00 [INF] Executing OkObjectResult, writing value of type 'System.Collections.Generic.List`1[[Pos.Application.Catalog.DTOs.ProductDto, Pos.Application, Version=1.0.0.0, Culture=neutral, PublicKeyToken=null]]'.
2026-08-07 21:21:13.094 -06:00 [INF] Executed endpoint 'Pos.Api.Controllers.v1.SalesController.GetSales (Pos.Api)'
2026-08-07 21:21:13.097 -06:00 [INF] Executing endpoint 'Pos.Api.Controllers.v1.SalesController.GetSales (Pos.Api)'
2026-08-07 21:21:13.099 -06:00 [INF] Executed action Pos.Api.Controllers.v1.ProductsController.GetProducts (Pos.Api) in 33.0835ms
2026-08-07 21:21:13.101 -06:00 [INF] Route matched with {action = "GetSales", controller = "Sales"}. Executing controller action with signature System.Threading.Tasks.Task`1[Microsoft.AspNetCore.Mvc.ActionResult`1[System.Collections.Generic.List`1[Pos.Application.Sales.DTOs.SaleDto]]] GetSales(System.String, System.Nullable`1[System.Guid], System.String, System.Threading.CancellationToken) on controller Pos.Api.Controllers.v1.SalesController (Pos.Api).
2026-08-07 21:21:13.102 -06:00 [INF] Executed endpoint 'Pos.Api.Controllers.v1.ProductsController.GetProducts (Pos.Api)'
2026-08-07 21:21:13.102 -06:00 [INF] Executed DbCommand (2ms) [Parameters=[@p0='?' (DbType = Guid), @p1='?' (Size = 100), @p2='?' (Size = 4000), @p3='?' (Size = 4000), @p4='?' (DbType = Boolean), @p5='?' (DbType = DateTime2), @p6='?' (DbType = DateTime2), @p7='?' (Size = 100), @p8='?' (Size = 4000), @p9='?' (Size = 4000), @p10='?' (DbType = Guid), @p11='?' (Size = 4000), @p12='?' (Size = 4000)], CommandType='"Text"', CommandTimeout='30']
SET IMPLICIT_TRANSACTIONS OFF;
SET NOCOUNT ON;
INSERT INTO [AuditLogs] ([Id], [Accion], [DireccionIp], [EntidadId], [EstaActivo], [FechaActualizacionUtc], [FechaCreacionUtc], [IdCorrelacion], [Motivo], [NombreEntidad], [UsuarioId], [ValoresAnterioresJson], [ValoresNuevosJson])
VALUES (@p0, @p1, @p2, @p3, @p4, @p5, @p6, @p7, @p8, @p9, @p10, @p11, @p12);
2026-08-07 21:21:13.106 -06:00 [INF] Executed DbCommand (1ms) [Parameters=[@__p_0='?' (DbType = Int32)], CommandType='"Text"', CommandTimeout='30']
SELECT [s0].[Id], [s0].[ClienteId], [s0].[EstaActivo], [s0].[Estado], [s0].[FechaActualizacionUtc], [s0].[FechaCreacionUtc], [s0].[MontoAnticipo], [s0].[MontoDescuento], [s0].[MontoEfectivo], [s0].[MontoIva], [s0].[MontoTarjeta], [s0].[MontoTotal], [s0].[MontoTransferencia], [s0].[Notas], [s0].[NumeroFolio], [s0].[SaldoPendiente], [s0].[SubTotal], [s0].[TipoPago], [s0].[UsuarioId], [c].[Id], [c].[Apellido], [c].[Ciudad], [c].[CodigoPostal], [c].[Direccion], [c].[Email], [c].[EstaActivo], [c].[Estado], [c].[FechaActualizacionUtc], [c].[FechaCreacionUtc], [c].[Nombre], [c].[NombreEmpresa], [c].[Notas], [c].[PorcentajeDescuentoEspecial], [c].[Rfc], [c].[Telefono], [c].[TipoCliente], [u].[Id], [u].[Email], [u].[EmpleadoId], [u].[EstaActivo], [u].[FechaActualizacionUtc], [u].[FechaCreacionUtc], [u].[NombreUsuario], [u].[PasswordHash], [s2].[Id], [s2].[Cantidad], [s2].[EstaActivo], [s2].[FechaActualizacionUtc], [s2].[FechaCreacionUtc], [s2].[MontoDescuento], [s2].[PrecioTotal], [s2].[PrecioUnitario], [s2].[ProductoId], [s2].[VentaId], [s2].[Id0], [s2].[AltoCm], [s2].[AnchoCm], [s2].[AnchoMm], [s2].[Barcode], [s2].[CantidadInventarioInicial], [s2].[CantidadMinimaMayoreo], [s2].[CategoriaId], [s2].[CoberturaM2Caja], [s2].[CoberturaPorUnidadM2], [s2].[Descripcion], [s2].[EspesorMm], [s2].[EstaActivo0], [s2].[FechaActualizacionUtc0], [s2].[FechaCreacionUtc0], [s2].[ImagenUrl], [s2].[LargoCm], [s2].[LargoMm], [s2].[Material], [s2].[Nombre], [s2].[PiezasPorCaja], [s2].[PrecioMayoreo], [s2].[PrecioUnitario0], [s2].[Sku], [s2].[SoloCotizacion], [s2].[UnidadMedida], [s2].[VisibleMasVendido]
FROM (
    SELECT TOP(@__p_0) [s].[Id], [s].[ClienteId], [s].[EstaActivo], [s].[Estado], [s].[FechaActualizacionUtc], [s].[FechaCreacionUtc], [s].[MontoAnticipo], [s].[MontoDescuento], [s].[MontoEfectivo], [s].[MontoIva], [s].[MontoTarjeta], [s].[MontoTotal], [s].[MontoTransferencia], [s].[Notas], [s].[NumeroFolio], [s].[SaldoPendiente], [s].[SubTotal], [s].[TipoPago], [s].[UsuarioId]
    FROM [Sales] AS [s]
    WHERE [s].[EstaActivo] = CAST(1 AS bit)
    ORDER BY [s].[FechaCreacionUtc] DESC
) AS [s0]
LEFT JOIN [Customers] AS [c] ON [s0].[ClienteId] = [c].[Id]
LEFT JOIN [Users] AS [u] ON [s0].[UsuarioId] = [u].[Id]
LEFT JOIN (
    SELECT [s1].[Id], [s1].[Cantidad], [s1].[EstaActivo], [s1].[FechaActualizacionUtc], [s1].[FechaCreacionUtc], [s1].[MontoDescuento], [s1].[PrecioTotal], [s1].[PrecioUnitario], [s1].[ProductoId], [s1].[VentaId], [p].[Id] AS [Id0], [p].[AltoCm], [p].[AnchoCm], [p].[AnchoMm], [p].[Barcode], [p].[CantidadInventarioInicial], [p].[CantidadMinimaMayoreo], [p].[CategoriaId], [p].[CoberturaM2Caja], [p].[CoberturaPorUnidadM2], [p].[Descripcion], [p].[EspesorMm], [p].[EstaActivo] AS [EstaActivo0], [p].[FechaActualizacionUtc] AS [FechaActualizacionUtc0], [p].[FechaCreacionUtc] AS [FechaCreacionUtc0], [p].[ImagenUrl], [p].[LargoCm], [p].[LargoMm], [p].[Material], [p].[Nombre], [p].[PiezasPorCaja], [p].[PrecioMayoreo], [p].[PrecioUnitario] AS [PrecioUnitario0], [p].[Sku], [p].[SoloCotizacion], [p].[UnidadMedida], [p].[VisibleMasVendido]
    FROM [SaleItems] AS [s1]
    INNER JOIN [Products] AS [p] ON [s1].[ProductoId] = [p].[Id]
) AS [s2] ON [s0].[Id] = [s2].[VentaId]
ORDER BY [s0].[FechaCreacionUtc] DESC, [s0].[Id], [c].[Id], [u].[Id], [s2].[Id]
2026-08-07 21:21:13.107 -06:00 [INF] [AUDITORIA WPC BAJIO] CorrelationId: 6210f880-67f8-48d1-a8f3-fb707d59b231 | Action: GET /api/v1/sales | Entity: HttpRequest (200) | User: ebc8b858-2837-4bd5-93e1-8b4c1d0bd81b | IP: ::1 | Reason: HTTP Response StatusCode: 200 | OldValues: N/A | NewValues: N/A
2026-08-07 21:21:13.107 -06:00 [INF] Executed DbCommand (2ms) [Parameters=[@p0='?' (DbType = Guid), @p1='?' (Size = 100), @p2='?' (Size = 4000), @p3='?' (Size = 4000), @p4='?' (DbType = Boolean), @p5='?' (DbType = DateTime2), @p6='?' (DbType = DateTime2), @p7='?' (Size = 100), @p8='?' (Size = 4000), @p9='?' (Size = 4000), @p10='?' (DbType = Guid), @p11='?' (Size = 4000), @p12='?' (Size = 4000)], CommandType='"Text"', CommandTimeout='30']
SET IMPLICIT_TRANSACTIONS OFF;
SET NOCOUNT ON;
INSERT INTO [AuditLogs] ([Id], [Accion], [DireccionIp], [EntidadId], [EstaActivo], [FechaActualizacionUtc], [FechaCreacionUtc], [IdCorrelacion], [Motivo], [NombreEntidad], [UsuarioId], [ValoresAnterioresJson], [ValoresNuevosJson])
VALUES (@p0, @p1, @p2, @p3, @p4, @p5, @p6, @p7, @p8, @p9, @p10, @p11, @p12);
2026-08-07 21:21:13.128 -06:00 [INF] Request finished HTTP/1.1 GET http://localhost:5000/api/v1/sales - 200 null application/json; charset=utf-8 137.657ms
2026-08-07 21:21:13.192 -06:00 [INF] [AUDITORIA WPC BAJIO] CorrelationId: 38257464-28ed-4d02-9b4a-2bd710352d66 | Action: GET /api/v1/products | Entity: HttpRequest (200) | User: ebc8b858-2837-4bd5-93e1-8b4c1d0bd81b | IP: ::1 | Reason: HTTP Response StatusCode: 200 | OldValues: N/A | NewValues: N/A
2026-08-07 21:21:13.200 -06:00 [INF] Request finished HTTP/1.1 GET http://localhost:5000/api/v1/products? - 200 null application/json; charset=utf-8 168.3708ms
2026-08-07 21:21:13.238 -06:00 [INF] Executing OkObjectResult, writing value of type 'System.Collections.Generic.List`1[[Pos.Application.Sales.DTOs.SaleDto, Pos.Application, Version=1.0.0.0, Culture=neutral, PublicKeyToken=null]]'.
2026-08-07 21:21:13.245 -06:00 [INF] Executed action Pos.Api.Controllers.v1.SalesController.GetSales (Pos.Api) in 141.5624ms
2026-08-07 21:21:13.247 -06:00 [INF] Executed endpoint 'Pos.Api.Controllers.v1.SalesController.GetSales (Pos.Api)'
2026-08-07 21:21:13.265 -06:00 [INF] Executed DbCommand (12ms) [Parameters=[@p0='?' (DbType = Guid), @p1='?' (Size = 100), @p2='?' (Size = 4000), @p3='?' (Size = 4000), @p4='?' (DbType = Boolean), @p5='?' (DbType = DateTime2), @p6='?' (DbType = DateTime2), @p7='?' (Size = 100), @p8='?' (Size = 4000), @p9='?' (Size = 4000), @p10='?' (DbType = Guid), @p11='?' (Size = 4000), @p12='?' (Size = 4000)], CommandType='"Text"', CommandTimeout='30']
SET IMPLICIT_TRANSACTIONS OFF;
SET NOCOUNT ON;
INSERT INTO [AuditLogs] ([Id], [Accion], [DireccionIp], [EntidadId], [EstaActivo], [FechaActualizacionUtc], [FechaCreacionUtc], [IdCorrelacion], [Motivo], [NombreEntidad], [UsuarioId], [ValoresAnterioresJson], [ValoresNuevosJson])
VALUES (@p0, @p1, @p2, @p3, @p4, @p5, @p6, @p7, @p8, @p9, @p10, @p11, @p12);
2026-08-07 21:21:13.282 -06:00 [INF] [AUDITORIA WPC BAJIO] CorrelationId: e7896184-4c89-4072-a053-ad83344bd6c9 | Action: GET /api/v1/sales | Entity: HttpRequest (200) | User: ebc8b858-2837-4bd5-93e1-8b4c1d0bd81b | IP: ::1 | Reason: HTTP Response StatusCode: 200 | OldValues: N/A | NewValues: N/A
2026-08-07 21:21:13.290 -06:00 [INF] Request finished HTTP/1.1 GET http://localhost:5000/api/v1/sales - 200 null application/json; charset=utf-8 198.0787ms
2026-08-07 21:27:42.086 -06:00 [INF] Request starting HTTP/1.1 GET http://localhost:5000/api/v1/cashshifts/current - application/json null
2026-08-07 21:27:42.092 -06:00 [INF] Executing endpoint 'Pos.Api.Controllers.v1.CashShiftController.GetCurrentShift (Pos.Api)'
2026-08-07 21:27:42.093 -06:00 [INF] Route matched with {action = "GetCurrentShift", controller = "CashShift"}. Executing controller action with signature System.Threading.Tasks.Task`1[Microsoft.AspNetCore.Mvc.ActionResult`1[Pos.Application.CashShift.DTOs.CashShiftDto]] GetCurrentShift(System.Threading.CancellationToken) on controller Pos.Api.Controllers.v1.CashShiftController (Pos.Api).
2026-08-07 21:27:42.140 -06:00 [INF] Request starting HTTP/1.1 GET http://localhost:5000/api/v1/cashshifts/history - application/json null
2026-08-07 21:27:42.143 -06:00 [INF] Executing endpoint 'Pos.Api.Controllers.v1.CashShiftController.GetShiftHistory (Pos.Api)'
2026-08-07 21:27:42.143 -06:00 [INF] Route matched with {action = "GetShiftHistory", controller = "CashShift"}. Executing controller action with signature System.Threading.Tasks.Task`1[Microsoft.AspNetCore.Mvc.ActionResult`1[System.Collections.Generic.List`1[Pos.Application.CashShift.DTOs.CashShiftDto]]] GetShiftHistory(System.Threading.CancellationToken) on controller Pos.Api.Controllers.v1.CashShiftController (Pos.Api).
2026-08-07 21:28:02.174 -06:00 [INF] Request starting HTTP/1.1 GET http://localhost:5000/api/v1/cashshifts/current - application/json null
2026-08-07 21:28:02.174 -06:00 [INF] Request starting HTTP/1.1 GET http://localhost:5000/api/v1/cashshifts/history - application/json null
2026-08-07 21:28:02.178 -06:00 [INF] Executing endpoint 'Pos.Api.Controllers.v1.CashShiftController.GetCurrentShift (Pos.Api)'
2026-08-07 21:28:02.179 -06:00 [INF] Executing endpoint 'Pos.Api.Controllers.v1.CashShiftController.GetShiftHistory (Pos.Api)'
2026-08-07 21:28:02.180 -06:00 [INF] Route matched with {action = "GetCurrentShift", controller = "CashShift"}. Executing controller action with signature System.Threading.Tasks.Task`1[Microsoft.AspNetCore.Mvc.ActionResult`1[Pos.Application.CashShift.DTOs.CashShiftDto]] GetCurrentShift(System.Threading.CancellationToken) on controller Pos.Api.Controllers.v1.CashShiftController (Pos.Api).
2026-08-07 21:28:02.181 -06:00 [INF] Route matched with {action = "GetShiftHistory", controller = "CashShift"}. Executing controller action with signature System.Threading.Tasks.Task`1[Microsoft.AspNetCore.Mvc.ActionResult`1[System.Collections.Generic.List`1[Pos.Application.CashShift.DTOs.CashShiftDto]]] GetShiftHistory(System.Threading.CancellationToken) on controller Pos.Api.Controllers.v1.CashShiftController (Pos.Api).
2026-08-07 21:28:02.683 -06:00 [ERR] An error occurred using the connection to database 'PosLambrinDb' on server 'AAM'.
2026-08-07 21:28:02.683 -06:00 [ERR] An error occurred using the connection to database 'PosLambrinDb' on server 'AAM'.
2026-08-07 21:28:02.691 -06:00 [ERR] An exception occurred while iterating over the results of a query for context type 'Pos.Infrastructure.Persistence.PosDbContext'.
Microsoft.Data.SqlClient.SqlException (0x80131904): A network-related or instance-specific error occurred while establishing a connection to SQL Server. The server was not found or was not accessible. Verify that the instance name is correct and that SQL Server is configured to allow remote connections. (provider: Named Pipes Provider, error: 40 - Could not open a connection to SQL Server)
 ---> System.ComponentModel.Win32Exception (2): El sistema no puede encontrar el archivo especificado.
   at Microsoft.Data.ProviderBase.DbConnectionPool.TryGetConnection(DbConnection owningObject, UInt32 waitForMultipleObjectsTimeout, Boolean allowCreate, Boolean onlyOneCheckConnection, DbConnectionOptions userOptions, DbConnectionInternal& connection)
   at Microsoft.Data.ProviderBase.DbConnectionPool.WaitForPendingOpen()
--- End of stack trace from previous location ---
   at Microsoft.EntityFrameworkCore.Storage.RelationalConnection.OpenInternalAsync(Boolean errorsExpected, CancellationToken cancellationToken)
   at Microsoft.EntityFrameworkCore.Storage.RelationalConnection.OpenInternalAsync(Boolean errorsExpected, CancellationToken cancellationToken)
   at Microsoft.EntityFrameworkCore.Storage.RelationalConnection.OpenAsync(CancellationToken cancellationToken, Boolean errorsExpected)
   at Microsoft.EntityFrameworkCore.Storage.RelationalCommand.ExecuteReaderAsync(RelationalCommandParameterObject parameterObject, CancellationToken cancellationToken)
   at Microsoft.EntityFrameworkCore.Query.Internal.SingleQueryingEnumerable`1.AsyncEnumerator.InitializeReaderAsync(AsyncEnumerator enumerator, CancellationToken cancellationToken)
   at Microsoft.EntityFrameworkCore.Storage.ExecutionStrategy.<>c__DisplayClass30_0`2.<<ExecuteAsync>b__0>d.MoveNext()
--- End of stack trace from previous location ---
   at Microsoft.EntityFrameworkCore.Storage.ExecutionStrategy.ExecuteImplementationAsync[TState,TResult](Func`4 operation, Func`4 verifySucceeded, TState state, CancellationToken cancellationToken)
   at Microsoft.EntityFrameworkCore.Storage.ExecutionStrategy.ExecuteImplementationAsync[TState,TResult](Func`4 operation, Func`4 verifySucceeded, TState state, CancellationToken cancellationToken)
   at Microsoft.EntityFrameworkCore.Storage.ExecutionStrategy.ExecuteAsync[TState,TResult](TState state, Func`4 operation, Func`4 verifySucceeded, CancellationToken cancellationToken)
   at Microsoft.EntityFrameworkCore.Query.Internal.SingleQueryingEnumerable`1.AsyncEnumerator.MoveNextAsync()
ClientConnectionId:00000000-0000-0000-0000-000000000000
Error Number:2,State:0,Class:20
Microsoft.Data.SqlClient.SqlException (0x80131904): A network-related or instance-specific error occurred while establishing a connection to SQL Server. The server was not found or was not accessible. Verify that the instance name is correct and that SQL Server is configured to allow remote connections. (provider: Named Pipes Provider, error: 40 - Could not open a connection to SQL Server)
 ---> System.ComponentModel.Win32Exception (2): El sistema no puede encontrar el archivo especificado.
   at Microsoft.Data.ProviderBase.DbConnectionPool.TryGetConnection(DbConnection owningObject, UInt32 waitForMultipleObjectsTimeout, Boolean allowCreate, Boolean onlyOneCheckConnection, DbConnectionOptions userOptions, DbConnectionInternal& connection)
   at Microsoft.Data.ProviderBase.DbConnectionPool.WaitForPendingOpen()
--- End of stack trace from previous location ---
   at Microsoft.EntityFrameworkCore.Storage.RelationalConnection.OpenInternalAsync(Boolean errorsExpected, CancellationToken cancellationToken)
   at Microsoft.EntityFrameworkCore.Storage.RelationalConnection.OpenInternalAsync(Boolean errorsExpected, CancellationToken cancellationToken)
   at Microsoft.EntityFrameworkCore.Storage.RelationalConnection.OpenAsync(CancellationToken cancellationToken, Boolean errorsExpected)
   at Microsoft.EntityFrameworkCore.Storage.RelationalCommand.ExecuteReaderAsync(RelationalCommandParameterObject parameterObject, CancellationToken cancellationToken)
   at Microsoft.EntityFrameworkCore.Query.Internal.SingleQueryingEnumerable`1.AsyncEnumerator.InitializeReaderAsync(AsyncEnumerator enumerator, CancellationToken cancellationToken)
   at Microsoft.EntityFrameworkCore.Storage.ExecutionStrategy.<>c__DisplayClass30_0`2.<<ExecuteAsync>b__0>d.MoveNext()
--- End of stack trace from previous location ---
   at Microsoft.EntityFrameworkCore.Storage.ExecutionStrategy.ExecuteImplementationAsync[TState,TResult](Func`4 operation, Func`4 verifySucceeded, TState state, CancellationToken cancellationToken)
   at Microsoft.EntityFrameworkCore.Storage.ExecutionStrategy.ExecuteImplementationAsync[TState,TResult](Func`4 operation, Func`4 verifySucceeded, TState state, CancellationToken cancellationToken)
   at Microsoft.EntityFrameworkCore.Storage.ExecutionStrategy.ExecuteAsync[TState,TResult](TState state, Func`4 operation, Func`4 verifySucceeded, CancellationToken cancellationToken)
   at Microsoft.EntityFrameworkCore.Query.Internal.SingleQueryingEnumerable`1.AsyncEnumerator.MoveNextAsync()
ClientConnectionId:00000000-0000-0000-0000-000000000000
Error Number:2,State:0,Class:20
2026-08-07 21:28:02.691 -06:00 [ERR] An exception occurred while iterating over the results of a query for context type 'Pos.Infrastructure.Persistence.PosDbContext'.
Microsoft.Data.SqlClient.SqlException (0x80131904): A network-related or instance-specific error occurred while establishing a connection to SQL Server. The server was not found or was not accessible. Verify that the instance name is correct and that SQL Server is configured to allow remote connections. (provider: Named Pipes Provider, error: 40 - Could not open a connection to SQL Server)
 ---> System.ComponentModel.Win32Exception (2): El sistema no puede encontrar el archivo especificado.
   at Microsoft.Data.SqlClient.SqlInternalConnection.OnError(SqlException exception, Boolean breakConnection, Action`1 wrapCloseInAction)
   at Microsoft.Data.SqlClient.TdsParser.ThrowExceptionAndWarning(TdsParserStateObject stateObj, Boolean callerHasConnectionLock, Boolean asyncClose)
   at Microsoft.Data.SqlClient.TdsParser.Connect(ServerInfo serverInfo, SqlInternalConnectionTds connHandler, Boolean ignoreSniOpenTimeout, Int64 timerExpire, SqlConnectionString connectionOptions, Boolean withFailover)
   at Microsoft.Data.SqlClient.SqlInternalConnectionTds.AttemptOneLogin(ServerInfo serverInfo, String newPassword, SecureString newSecurePassword, Boolean ignoreSniOpenTimeout, TimeoutTimer timeout, Boolean withFailover)
   at Microsoft.Data.SqlClient.SqlInternalConnectionTds.LoginNoFailover(ServerInfo serverInfo, String newPassword, SecureString newSecurePassword, Boolean redirectedUserInstance, SqlConnectionString connectionOptions, SqlCredential credential, TimeoutTimer timeout)
   at Microsoft.Data.SqlClient.SqlInternalConnectionTds.OpenLoginEnlist(TimeoutTimer timeout, SqlConnectionString connectionOptions, SqlCredential credential, String newPassword, SecureString newSecurePassword, Boolean redirectedUserInstance)
   at Microsoft.Data.SqlClient.SqlInternalConnectionTds..ctor(DbConnectionPoolIdentity identity, SqlConnectionString connectionOptions, SqlCredential credential, Object providerInfo, String newPassword, SecureString newSecurePassword, Boolean redirectedUserInstance, SqlConnectionString userConnectionOptions, SessionData reconnectSessionData, Boolean applyTransientFaultHandling, String accessToken, DbConnectionPool pool)
   at Microsoft.Data.SqlClient.SqlConnectionFactory.CreateConnection(DbConnectionOptions options, DbConnectionPoolKey poolKey, Object poolGroupProviderInfo, DbConnectionPool pool, DbConnection owningConnection, DbConnectionOptions userOptions)
   at Microsoft.Data.ProviderBase.DbConnectionFactory.CreatePooledConnection(DbConnectionPool pool, DbConnection owningObject, DbConnectionOptions options, DbConnectionPoolKey poolKey, DbConnectionOptions userOptions)
   at Microsoft.Data.ProviderBase.DbConnectionPool.CreateObject(DbConnection owningObject, DbConnectionOptions userOptions, DbConnectionInternal oldConnection)
   at Microsoft.Data.ProviderBase.DbConnectionPool.UserCreateRequest(DbConnection owningObject, DbConnectionOptions userOptions, DbConnectionInternal oldConnection)
   at Microsoft.Data.ProviderBase.DbConnectionPool.TryGetConnection(DbConnection owningObject, UInt32 waitForMultipleObjectsTimeout, Boolean allowCreate, Boolean onlyOneCheckConnection, DbConnectionOptions userOptions, DbConnectionInternal& connection)
   at Microsoft.Data.ProviderBase.DbConnectionPool.WaitForPendingOpen()
--- End of stack trace from previous location ---
   at Microsoft.EntityFrameworkCore.Storage.RelationalConnection.OpenInternalAsync(Boolean errorsExpected, CancellationToken cancellationToken)
   at Microsoft.EntityFrameworkCore.Storage.RelationalConnection.OpenInternalAsync(Boolean errorsExpected, CancellationToken cancellationToken)
   at Microsoft.EntityFrameworkCore.Storage.RelationalConnection.OpenAsync(CancellationToken cancellationToken, Boolean errorsExpected)
   at Microsoft.EntityFrameworkCore.Storage.RelationalCommand.ExecuteReaderAsync(RelationalCommandParameterObject parameterObject, CancellationToken cancellationToken)
   at Microsoft.EntityFrameworkCore.Query.Internal.SingleQueryingEnumerable`1.AsyncEnumerator.InitializeReaderAsync(AsyncEnumerator enumerator, CancellationToken cancellationToken)
   at Microsoft.EntityFrameworkCore.Storage.ExecutionStrategy.<>c__DisplayClass30_0`2.<<ExecuteAsync>b__0>d.MoveNext()
--- End of stack trace from previous location ---
   at Microsoft.EntityFrameworkCore.Storage.ExecutionStrategy.ExecuteImplementationAsync[TState,TResult](Func`4 operation, Func`4 verifySucceeded, TState state, CancellationToken cancellationToken)
   at Microsoft.EntityFrameworkCore.Storage.ExecutionStrategy.ExecuteImplementationAsync[TState,TResult](Func`4 operation, Func`4 verifySucceeded, TState state, CancellationToken cancellationToken)
   at Microsoft.EntityFrameworkCore.Storage.ExecutionStrategy.ExecuteAsync[TState,TResult](TState state, Func`4 operation, Func`4 verifySucceeded, CancellationToken cancellationToken)
   at Microsoft.EntityFrameworkCore.Query.Internal.SingleQueryingEnumerable`1.AsyncEnumerator.MoveNextAsync()
ClientConnectionId:00000000-0000-0000-0000-000000000000
Error Number:2,State:0,Class:20
Microsoft.Data.SqlClient.SqlException (0x80131904): A network-related or instance-specific error occurred while establishing a connection to SQL Server. The server was not found or was not accessible. Verify that the instance name is correct and that SQL Server is configured to allow remote connections. (provider: Named Pipes Provider, error: 40 - Could not open a connection to SQL Server)
 ---> System.ComponentModel.Win32Exception (2): El sistema no puede encontrar el archivo especificado.
   at Microsoft.Data.SqlClient.SqlInternalConnection.OnError(SqlException exception, Boolean breakConnection, Action`1 wrapCloseInAction)
   at Microsoft.Data.SqlClient.TdsParser.ThrowExceptionAndWarning(TdsParserStateObject stateObj, Boolean callerHasConnectionLock, Boolean asyncClose)
   at Microsoft.Data.SqlClient.TdsParser.Connect(ServerInfo serverInfo, SqlInternalConnectionTds connHandler, Boolean ignoreSniOpenTimeout, Int64 timerExpire, SqlConnectionString connectionOptions, Boolean withFailover)
   at Microsoft.Data.SqlClient.SqlInternalConnectionTds.AttemptOneLogin(ServerInfo serverInfo, String newPassword, SecureString newSecurePassword, Boolean ignoreSniOpenTimeout, TimeoutTimer timeout, Boolean withFailover)
   at Microsoft.Data.SqlClient.SqlInternalConnectionTds.LoginNoFailover(ServerInfo serverInfo, String newPassword, SecureString newSecurePassword, Boolean redirectedUserInstance, SqlConnectionString connectionOptions, SqlCredential credential, TimeoutTimer timeout)
   at Microsoft.Data.SqlClient.SqlInternalConnectionTds.OpenLoginEnlist(TimeoutTimer timeout, SqlConnectionString connectionOptions, SqlCredential credential, String newPassword, SecureString newSecurePassword, Boolean redirectedUserInstance)
   at Microsoft.Data.SqlClient.SqlInternalConnectionTds..ctor(DbConnectionPoolIdentity identity, SqlConnectionString connectionOptions, SqlCredential credential, Object providerInfo, String newPassword, SecureString newSecurePassword, Boolean redirectedUserInstance, SqlConnectionString userConnectionOptions, SessionData reconnectSessionData, Boolean applyTransientFaultHandling, String accessToken, DbConnectionPool pool)
   at Microsoft.Data.SqlClient.SqlConnectionFactory.CreateConnection(DbConnectionOptions options, DbConnectionPoolKey poolKey, Object poolGroupProviderInfo, DbConnectionPool pool, DbConnection owningConnection, DbConnectionOptions userOptions)
   at Microsoft.Data.ProviderBase.DbConnectionFactory.CreatePooledConnection(DbConnectionPool pool, DbConnection owningObject, DbConnectionOptions options, DbConnectionPoolKey poolKey, DbConnectionOptions userOptions)
   at Microsoft.Data.ProviderBase.DbConnectionPool.CreateObject(DbConnection owningObject, DbConnectionOptions userOptions, DbConnectionInternal oldConnection)
   at Microsoft.Data.ProviderBase.DbConnectionPool.UserCreateRequest(DbConnection owningObject, DbConnectionOptions userOptions, DbConnectionInternal oldConnection)
   at Microsoft.Data.ProviderBase.DbConnectionPool.TryGetConnection(DbConnection owningObject, UInt32 waitForMultipleObjectsTimeout, Boolean allowCreate, Boolean onlyOneCheckConnection, DbConnectionOptions userOptions, DbConnectionInternal& connection)
   at Microsoft.Data.ProviderBase.DbConnectionPool.WaitForPendingOpen()
--- End of stack trace from previous location ---
   at Microsoft.EntityFrameworkCore.Storage.RelationalConnection.OpenInternalAsync(Boolean errorsExpected, CancellationToken cancellationToken)
   at Microsoft.EntityFrameworkCore.Storage.RelationalConnection.OpenInternalAsync(Boolean errorsExpected, CancellationToken cancellationToken)
   at Microsoft.EntityFrameworkCore.Storage.RelationalConnection.OpenAsync(CancellationToken cancellationToken, Boolean errorsExpected)
   at Microsoft.EntityFrameworkCore.Storage.RelationalCommand.ExecuteReaderAsync(RelationalCommandParameterObject parameterObject, CancellationToken cancellationToken)
   at Microsoft.EntityFrameworkCore.Query.Internal.SingleQueryingEnumerable`1.AsyncEnumerator.InitializeReaderAsync(AsyncEnumerator enumerator, CancellationToken cancellationToken)
   at Microsoft.EntityFrameworkCore.Storage.ExecutionStrategy.<>c__DisplayClass30_0`2.<<ExecuteAsync>b__0>d.MoveNext()
--- End of stack trace from previous location ---
   at Microsoft.EntityFrameworkCore.Storage.ExecutionStrategy.ExecuteImplementationAsync[TState,TResult](Func`4 operation, Func`4 verifySucceeded, TState state, CancellationToken cancellationToken)
   at Microsoft.EntityFrameworkCore.Storage.ExecutionStrategy.ExecuteImplementationAsync[TState,TResult](Func`4 operation, Func`4 verifySucceeded, TState state, CancellationToken cancellationToken)
   at Microsoft.EntityFrameworkCore.Storage.ExecutionStrategy.ExecuteAsync[TState,TResult](TState state, Func`4 operation, Func`4 verifySucceeded, CancellationToken cancellationToken)
   at Microsoft.EntityFrameworkCore.Query.Internal.SingleQueryingEnumerable`1.AsyncEnumerator.MoveNextAsync()
ClientConnectionId:00000000-0000-0000-0000-000000000000
Error Number:2,State:0,Class:20
2026-08-07 21:28:02.702 -06:00 [INF] Executed action Pos.Api.Controllers.v1.CashShiftController.GetShiftHistory (Pos.Api) in 20557.316ms
2026-08-07 21:28:02.717 -06:00 [INF] Executed endpoint 'Pos.Api.Controllers.v1.CashShiftController.GetShiftHistory (Pos.Api)'
2026-08-07 21:28:02.717 -06:00 [INF] Executed action Pos.Api.Controllers.v1.CashShiftController.GetCurrentShift (Pos.Api) in 20621.7797ms
2026-08-07 21:28:02.720 -06:00 [INF] Executed endpoint 'Pos.Api.Controllers.v1.CashShiftController.GetCurrentShift (Pos.Api)'
2026-08-07 21:28:02.722 -06:00 [ERR] Connection id "0HNNKV7C8AS61", Request id "0HNNKV7C8AS61:00000001": An unhandled exception was thrown by the application.
Microsoft.Data.SqlClient.SqlException (0x80131904): A network-related or instance-specific error occurred while establishing a connection to SQL Server. The server was not found or was not accessible. Verify that the instance name is correct and that SQL Server is configured to allow remote connections. (provider: Named Pipes Provider, error: 40 - Could not open a connection to SQL Server)
 ---> System.ComponentModel.Win32Exception (2): El sistema no puede encontrar el archivo especificado.
   at Microsoft.Data.ProviderBase.DbConnectionPool.TryGetConnection(DbConnection owningObject, UInt32 waitForMultipleObjectsTimeout, Boolean allowCreate, Boolean onlyOneCheckConnection, DbConnectionOptions userOptions, DbConnectionInternal& connection)
   at Microsoft.Data.ProviderBase.DbConnectionPool.WaitForPendingOpen()
--- End of stack trace from previous location ---
   at Microsoft.EntityFrameworkCore.Storage.RelationalConnection.OpenInternalAsync(Boolean errorsExpected, CancellationToken cancellationToken)
   at Microsoft.EntityFrameworkCore.Storage.RelationalConnection.OpenInternalAsync(Boolean errorsExpected, CancellationToken cancellationToken)
   at Microsoft.EntityFrameworkCore.Storage.RelationalConnection.OpenAsync(CancellationToken cancellationToken, Boolean errorsExpected)
   at Microsoft.EntityFrameworkCore.Storage.RelationalCommand.ExecuteReaderAsync(RelationalCommandParameterObject parameterObject, CancellationToken cancellationToken)
   at Microsoft.EntityFrameworkCore.Query.Internal.SingleQueryingEnumerable`1.AsyncEnumerator.InitializeReaderAsync(AsyncEnumerator enumerator, CancellationToken cancellationToken)
   at Microsoft.EntityFrameworkCore.Storage.ExecutionStrategy.<>c__DisplayClass30_0`2.<<ExecuteAsync>b__0>d.MoveNext()
--- End of stack trace from previous location ---
   at Microsoft.EntityFrameworkCore.Storage.ExecutionStrategy.ExecuteImplementationAsync[TState,TResult](Func`4 operation, Func`4 verifySucceeded, TState state, CancellationToken cancellationToken)
   at Microsoft.EntityFrameworkCore.Storage.ExecutionStrategy.ExecuteImplementationAsync[TState,TResult](Func`4 operation, Func`4 verifySucceeded, TState state, CancellationToken cancellationToken)
   at Microsoft.EntityFrameworkCore.Storage.ExecutionStrategy.ExecuteAsync[TState,TResult](TState state, Func`4 operation, Func`4 verifySucceeded, CancellationToken cancellationToken)
   at Microsoft.EntityFrameworkCore.Query.Internal.SingleQueryingEnumerable`1.AsyncEnumerator.MoveNextAsync()
   at Microsoft.EntityFrameworkCore.EntityFrameworkQueryableExtensions.ToListAsync[TSource](IQueryable`1 source, CancellationToken cancellationToken)
   at Microsoft.EntityFrameworkCore.EntityFrameworkQueryableExtensions.ToListAsync[TSource](IQueryable`1 source, CancellationToken cancellationToken)
   at Pos.Infrastructure.Services.CashShiftApplicationService.GetShiftHistoryAsync(CancellationToken cancellationToken) in D:\Proyecto_PDV-CDC\src\backend\Pos.Infrastructure\Services\CashShiftApplicationService.cs:line 238
   at Pos.Api.Controllers.v1.CashShiftController.GetShiftHistory(CancellationToken cancellationToken) in D:\Proyecto_PDV-CDC\src\backend\Pos.Api\Controllers\v1\CashShiftController.cs:line 130
   at lambda_method1465(Closure, Object)
   at Microsoft.AspNetCore.Mvc.Infrastructure.ActionMethodExecutor.AwaitableObjectResultExecutor.Execute(ActionContext actionContext, IActionResultTypeMapper mapper, ObjectMethodExecutor executor, Object controller, Object[] arguments)
   at Microsoft.AspNetCore.Mvc.Infrastructure.ControllerActionInvoker.<InvokeActionMethodAsync>g__Awaited|12_0(ControllerActionInvoker invoker, ValueTask`1 actionResultValueTask)
   at Microsoft.AspNetCore.Mvc.Infrastructure.ControllerActionInvoker.<InvokeNextActionFilterAsync>g__Awaited|10_0(ControllerActionInvoker invoker, Task lastTask, State next, Scope scope, Object state, Boolean isCompleted)
   at Microsoft.AspNetCore.Mvc.Infrastructure.ControllerActionInvoker.Rethrow(ActionExecutedContextSealed context)
   at Microsoft.AspNetCore.Mvc.Infrastructure.ControllerActionInvoker.Next(State& next, Scope& scope, Object& state, Boolean& isCompleted)
   at Microsoft.AspNetCore.Mvc.Infrastructure.ControllerActionInvoker.<InvokeInnerFilterAsync>g__Awaited|13_0(ControllerActionInvoker invoker, Task lastTask, State next, Scope scope, Object state, Boolean isCompleted)
   at Microsoft.AspNetCore.Mvc.Infrastructure.ResourceInvoker.<InvokeFilterPipelineAsync>g__Awaited|20_0(ResourceInvoker invoker, Task lastTask, State next, Scope scope, Object state, Boolean isCompleted)
   at Microsoft.AspNetCore.Mvc.Infrastructure.ResourceInvoker.<InvokeAsync>g__Logged|17_1(ResourceInvoker invoker)
   at Microsoft.AspNetCore.Mvc.Infrastructure.ResourceInvoker.<InvokeAsync>g__Logged|17_1(ResourceInvoker invoker)
   at Microsoft.AspNetCore.Routing.EndpointMiddleware.<Invoke>g__AwaitRequestTask|7_0(Endpoint endpoint, Task requestTask, ILogger logger)
   at Microsoft.AspNetCore.Authorization.AuthorizationMiddleware.Invoke(HttpContext context)
   at Microsoft.AspNetCore.Authentication.AuthenticationMiddleware.Invoke(HttpContext context)
   at Pos.Api.Middleware.AuditMiddleware.InvokeAsync(HttpContext context, IServiceProvider serviceProvider) in D:\Proyecto_PDV-CDC\src\backend\Pos.Api\Middleware\AuditMiddleware.cs:line 32
   at Pos.Api.Middleware.SerilogAuthMiddleware.InvokeAsync(HttpContext context) in D:\Proyecto_PDV-CDC\src\backend\Pos.Api\Middleware\SerilogAuthMiddleware.cs:line 54
   at Microsoft.AspNetCore.Server.Kestrel.Core.Internal.Http.HttpProtocol.ProcessRequests[TContext](IHttpApplication`1 application)
ClientConnectionId:00000000-0000-0000-0000-000000000000
Error Number:2,State:0,Class:20
2026-08-07 21:28:02.722 -06:00 [ERR] Connection id "0HNNKV7C8AS60", Request id "0HNNKV7C8AS60:00000001": An unhandled exception was thrown by the application.
Microsoft.Data.SqlClient.SqlException (0x80131904): A network-related or instance-specific error occurred while establishing a connection to SQL Server. The server was not found or was not accessible. Verify that the instance name is correct and that SQL Server is configured to allow remote connections. (provider: Named Pipes Provider, error: 40 - Could not open a connection to SQL Server)
 ---> System.ComponentModel.Win32Exception (2): El sistema no puede encontrar el archivo especificado.
   at Microsoft.Data.SqlClient.SqlInternalConnection.OnError(SqlException exception, Boolean breakConnection, Action`1 wrapCloseInAction)
   at Microsoft.Data.SqlClient.TdsParser.ThrowExceptionAndWarning(TdsParserStateObject stateObj, Boolean callerHasConnectionLock, Boolean asyncClose)
   at Microsoft.Data.SqlClient.TdsParser.Connect(ServerInfo serverInfo, SqlInternalConnectionTds connHandler, Boolean ignoreSniOpenTimeout, Int64 timerExpire, SqlConnectionString connectionOptions, Boolean withFailover)
   at Microsoft.Data.SqlClient.SqlInternalConnectionTds.AttemptOneLogin(ServerInfo serverInfo, String newPassword, SecureString newSecurePassword, Boolean ignoreSniOpenTimeout, TimeoutTimer timeout, Boolean withFailover)
   at Microsoft.Data.SqlClient.SqlInternalConnectionTds.LoginNoFailover(ServerInfo serverInfo, String newPassword, SecureString newSecurePassword, Boolean redirectedUserInstance, SqlConnectionString connectionOptions, SqlCredential credential, TimeoutTimer timeout)
   at Microsoft.Data.SqlClient.SqlInternalConnectionTds.OpenLoginEnlist(TimeoutTimer timeout, SqlConnectionString connectionOptions, SqlCredential credential, String newPassword, SecureString newSecurePassword, Boolean redirectedUserInstance)
   at Microsoft.Data.SqlClient.SqlInternalConnectionTds..ctor(DbConnectionPoolIdentity identity, SqlConnectionString connectionOptions, SqlCredential credential, Object providerInfo, String newPassword, SecureString newSecurePassword, Boolean redirectedUserInstance, SqlConnectionString userConnectionOptions, SessionData reconnectSessionData, Boolean applyTransientFaultHandling, String accessToken, DbConnectionPool pool)
   at Microsoft.Data.SqlClient.SqlConnectionFactory.CreateConnection(DbConnectionOptions options, DbConnectionPoolKey poolKey, Object poolGroupProviderInfo, DbConnectionPool pool, DbConnection owningConnection, DbConnectionOptions userOptions)
   at Microsoft.Data.ProviderBase.DbConnectionFactory.CreatePooledConnection(DbConnectionPool pool, DbConnection owningObject, DbConnectionOptions options, DbConnectionPoolKey poolKey, DbConnectionOptions userOptions)
   at Microsoft.Data.ProviderBase.DbConnectionPool.CreateObject(DbConnection owningObject, DbConnectionOptions userOptions, DbConnectionInternal oldConnection)
   at Microsoft.Data.ProviderBase.DbConnectionPool.UserCreateRequest(DbConnection owningObject, DbConnectionOptions userOptions, DbConnectionInternal oldConnection)
   at Microsoft.Data.ProviderBase.DbConnectionPool.TryGetConnection(DbConnection owningObject, UInt32 waitForMultipleObjectsTimeout, Boolean allowCreate, Boolean onlyOneCheckConnection, DbConnectionOptions userOptions, DbConnectionInternal& connection)
   at Microsoft.Data.ProviderBase.DbConnectionPool.WaitForPendingOpen()
--- End of stack trace from previous location ---
   at Microsoft.EntityFrameworkCore.Storage.RelationalConnection.OpenInternalAsync(Boolean errorsExpected, CancellationToken cancellationToken)
   at Microsoft.EntityFrameworkCore.Storage.RelationalConnection.OpenInternalAsync(Boolean errorsExpected, CancellationToken cancellationToken)
   at Microsoft.EntityFrameworkCore.Storage.RelationalConnection.OpenAsync(CancellationToken cancellationToken, Boolean errorsExpected)
   at Microsoft.EntityFrameworkCore.Storage.RelationalCommand.ExecuteReaderAsync(RelationalCommandParameterObject parameterObject, CancellationToken cancellationToken)
   at Microsoft.EntityFrameworkCore.Query.Internal.SingleQueryingEnumerable`1.AsyncEnumerator.InitializeReaderAsync(AsyncEnumerator enumerator, CancellationToken cancellationToken)
   at Microsoft.EntityFrameworkCore.Storage.ExecutionStrategy.<>c__DisplayClass30_0`2.<<ExecuteAsync>b__0>d.MoveNext()
--- End of stack trace from previous location ---
   at Microsoft.EntityFrameworkCore.Storage.ExecutionStrategy.ExecuteImplementationAsync[TState,TResult](Func`4 operation, Func`4 verifySucceeded, TState state, CancellationToken cancellationToken)
   at Microsoft.EntityFrameworkCore.Storage.ExecutionStrategy.ExecuteImplementationAsync[TState,TResult](Func`4 operation, Func`4 verifySucceeded, TState state, CancellationToken cancellationToken)
   at Microsoft.EntityFrameworkCore.Storage.ExecutionStrategy.ExecuteAsync[TState,TResult](TState state, Func`4 operation, Func`4 verifySucceeded, CancellationToken cancellationToken)
   at Microsoft.EntityFrameworkCore.Query.Internal.SingleQueryingEnumerable`1.AsyncEnumerator.MoveNextAsync()
   at Microsoft.EntityFrameworkCore.Query.ShapedQueryCompilingExpressionVisitor.SingleOrDefaultAsync[TSource](IAsyncEnumerable`1 asyncEnumerable, CancellationToken cancellationToken)
   at Microsoft.EntityFrameworkCore.Query.ShapedQueryCompilingExpressionVisitor.SingleOrDefaultAsync[TSource](IAsyncEnumerable`1 asyncEnumerable, CancellationToken cancellationToken)
   at Pos.Infrastructure.Services.CashShiftApplicationService.GetCurrentOpenShiftAsync(Guid userId, CancellationToken cancellationToken) in D:\Proyecto_PDV-CDC\src\backend\Pos.Infrastructure\Services\CashShiftApplicationService.cs:line 26
   at Pos.Api.Controllers.v1.CashShiftController.GetCurrentShift(CancellationToken cancellationToken) in D:\Proyecto_PDV-CDC\src\backend\Pos.Api\Controllers\v1\CashShiftController.cs:line 39
   at lambda_method1464(Closure, Object)
   at Microsoft.AspNetCore.Mvc.Infrastructure.ActionMethodExecutor.AwaitableObjectResultExecutor.Execute(ActionContext actionContext, IActionResultTypeMapper mapper, ObjectMethodExecutor executor, Object controller, Object[] arguments)
   at Microsoft.AspNetCore.Mvc.Infrastructure.ControllerActionInvoker.<InvokeActionMethodAsync>g__Awaited|12_0(ControllerActionInvoker invoker, ValueTask`1 actionResultValueTask)
   at Microsoft.AspNetCore.Mvc.Infrastructure.ControllerActionInvoker.<InvokeNextActionFilterAsync>g__Awaited|10_0(ControllerActionInvoker invoker, Task lastTask, State next, Scope scope, Object state, Boolean isCompleted)
   at Microsoft.AspNetCore.Mvc.Infrastructure.ControllerActionInvoker.Rethrow(ActionExecutedContextSealed context)
   at Microsoft.AspNetCore.Mvc.Infrastructure.ControllerActionInvoker.Next(State& next, Scope& scope, Object& state, Boolean& isCompleted)
   at Microsoft.AspNetCore.Mvc.Infrastructure.ControllerActionInvoker.<InvokeInnerFilterAsync>g__Awaited|13_0(ControllerActionInvoker invoker, Task lastTask, State next, Scope scope, Object state, Boolean isCompleted)
   at Microsoft.AspNetCore.Mvc.Infrastructure.ResourceInvoker.<InvokeFilterPipelineAsync>g__Awaited|20_0(ResourceInvoker invoker, Task lastTask, State next, Scope scope, Object state, Boolean isCompleted)
   at Microsoft.AspNetCore.Mvc.Infrastructure.ResourceInvoker.<InvokeAsync>g__Logged|17_1(ResourceInvoker invoker)
   at Microsoft.AspNetCore.Mvc.Infrastructure.ResourceInvoker.<InvokeAsync>g__Logged|17_1(ResourceInvoker invoker)
   at Microsoft.AspNetCore.Routing.EndpointMiddleware.<Invoke>g__AwaitRequestTask|7_0(Endpoint endpoint, Task requestTask, ILogger logger)
   at Microsoft.AspNetCore.Authorization.AuthorizationMiddleware.Invoke(HttpContext context)
   at Microsoft.AspNetCore.Authentication.AuthenticationMiddleware.Invoke(HttpContext context)
   at Pos.Api.Middleware.AuditMiddleware.InvokeAsync(HttpContext context, IServiceProvider serviceProvider) in D:\Proyecto_PDV-CDC\src\backend\Pos.Api\Middleware\AuditMiddleware.cs:line 32
   at Pos.Api.Middleware.SerilogAuthMiddleware.InvokeAsync(HttpContext context) in D:\Proyecto_PDV-CDC\src\backend\Pos.Api\Middleware\SerilogAuthMiddleware.cs:line 54
   at Microsoft.AspNetCore.Server.Kestrel.Core.Internal.Http.HttpProtocol.ProcessRequests[TContext](IHttpApplication`1 application)
ClientConnectionId:00000000-0000-0000-0000-000000000000
Error Number:2,State:0,Class:20
2026-08-07 21:28:02.771 -06:00 [INF] Request finished HTTP/1.1 GET http://localhost:5000/api/v1/cashshifts/history - 500 0 null 20631.2837ms
2026-08-07 21:28:02.792 -06:00 [INF] Request finished HTTP/1.1 GET http://localhost:5000/api/v1/cashshifts/current - 500 0 null 20705.816ms
2026-08-07 21:28:22.777 -06:00 [ERR] An error occurred using the connection to database 'PosLambrinDb' on server 'AAM'.
2026-08-07 21:28:22.777 -06:00 [ERR] An error occurred using the connection to database 'PosLambrinDb' on server 'AAM'.
2026-08-07 21:28:22.779 -06:00 [ERR] An exception occurred while iterating over the results of a query for context type 'Pos.Infrastructure.Persistence.PosDbContext'.
Microsoft.Data.SqlClient.SqlException (0x80131904): A network-related or instance-specific error occurred while establishing a connection to SQL Server. The server was not found or was not accessible. Verify that the instance name is correct and that SQL Server is configured to allow remote connections. (provider: Named Pipes Provider, error: 40 - Could not open a connection to SQL Server)
 ---> System.ComponentModel.Win32Exception (2): El sistema no puede encontrar el archivo especificado.
   at Microsoft.Data.SqlClient.SqlInternalConnection.OnError(SqlException exception, Boolean breakConnection, Action`1 wrapCloseInAction)
   at Microsoft.Data.SqlClient.TdsParser.ThrowExceptionAndWarning(TdsParserStateObject stateObj, Boolean callerHasConnectionLock, Boolean asyncClose)
   at Microsoft.Data.SqlClient.TdsParser.Connect(ServerInfo serverInfo, SqlInternalConnectionTds connHandler, Boolean ignoreSniOpenTimeout, Int64 timerExpire, SqlConnectionString connectionOptions, Boolean withFailover)
   at Microsoft.Data.SqlClient.SqlInternalConnectionTds.AttemptOneLogin(ServerInfo serverInfo, String newPassword, SecureString newSecurePassword, Boolean ignoreSniOpenTimeout, TimeoutTimer timeout, Boolean withFailover)
   at Microsoft.Data.SqlClient.SqlInternalConnectionTds.LoginNoFailover(ServerInfo serverInfo, String newPassword, SecureString newSecurePassword, Boolean redirectedUserInstance, SqlConnectionString connectionOptions, SqlCredential credential, TimeoutTimer timeout)
   at Microsoft.Data.SqlClient.SqlInternalConnectionTds.OpenLoginEnlist(TimeoutTimer timeout, SqlConnectionString connectionOptions, SqlCredential credential, String newPassword, SecureString newSecurePassword, Boolean redirectedUserInstance)
   at Microsoft.Data.SqlClient.SqlInternalConnectionTds..ctor(DbConnectionPoolIdentity identity, SqlConnectionString connectionOptions, SqlCredential credential, Object providerInfo, String newPassword, SecureString newSecurePassword, Boolean redirectedUserInstance, SqlConnectionString userConnectionOptions, SessionData reconnectSessionData, Boolean applyTransientFaultHandling, String accessToken, DbConnectionPool pool)
   at Microsoft.Data.SqlClient.SqlConnectionFactory.CreateConnection(DbConnectionOptions options, DbConnectionPoolKey poolKey, Object poolGroupProviderInfo, DbConnectionPool pool, DbConnection owningConnection, DbConnectionOptions userOptions)
   at Microsoft.Data.ProviderBase.DbConnectionFactory.CreatePooledConnection(DbConnectionPool pool, DbConnection owningObject, DbConnectionOptions options, DbConnectionPoolKey poolKey, DbConnectionOptions userOptions)
   at Microsoft.Data.ProviderBase.DbConnectionPool.CreateObject(DbConnection owningObject, DbConnectionOptions userOptions, DbConnectionInternal oldConnection)
   at Microsoft.Data.ProviderBase.DbConnectionPool.UserCreateRequest(DbConnection owningObject, DbConnectionOptions userOptions, DbConnectionInternal oldConnection)
   at Microsoft.Data.ProviderBase.DbConnectionPool.TryGetConnection(DbConnection owningObject, UInt32 waitForMultipleObjectsTimeout, Boolean allowCreate, Boolean onlyOneCheckConnection, DbConnectionOptions userOptions, DbConnectionInternal& connection)
   at Microsoft.Data.ProviderBase.DbConnectionPool.WaitForPendingOpen()
--- End of stack trace from previous location ---
   at Microsoft.EntityFrameworkCore.Storage.RelationalConnection.OpenInternalAsync(Boolean errorsExpected, CancellationToken cancellationToken)
   at Microsoft.EntityFrameworkCore.Storage.RelationalConnection.OpenInternalAsync(Boolean errorsExpected, CancellationToken cancellationToken)
   at Microsoft.EntityFrameworkCore.Storage.RelationalConnection.OpenAsync(CancellationToken cancellationToken, Boolean errorsExpected)
   at Microsoft.EntityFrameworkCore.Storage.RelationalCommand.ExecuteReaderAsync(RelationalCommandParameterObject parameterObject, CancellationToken cancellationToken)
   at Microsoft.EntityFrameworkCore.Query.Internal.SingleQueryingEnumerable`1.AsyncEnumerator.InitializeReaderAsync(AsyncEnumerator enumerator, CancellationToken cancellationToken)
   at Microsoft.EntityFrameworkCore.Storage.ExecutionStrategy.<>c__DisplayClass30_0`2.<<ExecuteAsync>b__0>d.MoveNext()
--- End of stack trace from previous location ---
   at Microsoft.EntityFrameworkCore.Storage.ExecutionStrategy.ExecuteImplementationAsync[TState,TResult](Func`4 operation, Func`4 verifySucceeded, TState state, CancellationToken cancellationToken)
   at Microsoft.EntityFrameworkCore.Storage.ExecutionStrategy.ExecuteImplementationAsync[TState,TResult](Func`4 operation, Func`4 verifySucceeded, TState state, CancellationToken cancellationToken)
   at Microsoft.EntityFrameworkCore.Storage.ExecutionStrategy.ExecuteAsync[TState,TResult](TState state, Func`4 operation, Func`4 verifySucceeded, CancellationToken cancellationToken)
   at Microsoft.EntityFrameworkCore.Query.Internal.SingleQueryingEnumerable`1.AsyncEnumerator.MoveNextAsync()
ClientConnectionId:00000000-0000-0000-0000-000000000000
Error Number:2,State:0,Class:20
Microsoft.Data.SqlClient.SqlException (0x80131904): A network-related or instance-specific error occurred while establishing a connection to SQL Server. The server was not found or was not accessible. Verify that the instance name is correct and that SQL Server is configured to allow remote connections. (provider: Named Pipes Provider, error: 40 - Could not open a connection to SQL Server)
 ---> System.ComponentModel.Win32Exception (2): El sistema no puede encontrar el archivo especificado.
   at Microsoft.Data.SqlClient.SqlInternalConnection.OnError(SqlException exception, Boolean breakConnection, Action`1 wrapCloseInAction)
   at Microsoft.Data.SqlClient.TdsParser.ThrowExceptionAndWarning(TdsParserStateObject stateObj, Boolean callerHasConnectionLock, Boolean asyncClose)
   at Microsoft.Data.SqlClient.TdsParser.Connect(ServerInfo serverInfo, SqlInternalConnectionTds connHandler, Boolean ignoreSniOpenTimeout, Int64 timerExpire, SqlConnectionString connectionOptions, Boolean withFailover)
   at Microsoft.Data.SqlClient.SqlInternalConnectionTds.AttemptOneLogin(ServerInfo serverInfo, String newPassword, SecureString newSecurePassword, Boolean ignoreSniOpenTimeout, TimeoutTimer timeout, Boolean withFailover)
   at Microsoft.Data.SqlClient.SqlInternalConnectionTds.LoginNoFailover(ServerInfo serverInfo, String newPassword, SecureString newSecurePassword, Boolean redirectedUserInstance, SqlConnectionString connectionOptions, SqlCredential credential, TimeoutTimer timeout)
   at Microsoft.Data.SqlClient.SqlInternalConnectionTds.OpenLoginEnlist(TimeoutTimer timeout, SqlConnectionString connectionOptions, SqlCredential credential, String newPassword, SecureString newSecurePassword, Boolean redirectedUserInstance)
   at Microsoft.Data.SqlClient.SqlInternalConnectionTds..ctor(DbConnectionPoolIdentity identity, SqlConnectionString connectionOptions, SqlCredential credential, Object providerInfo, String newPassword, SecureString newSecurePassword, Boolean redirectedUserInstance, SqlConnectionString userConnectionOptions, SessionData reconnectSessionData, Boolean applyTransientFaultHandling, String accessToken, DbConnectionPool pool)
   at Microsoft.Data.SqlClient.SqlConnectionFactory.CreateConnection(DbConnectionOptions options, DbConnectionPoolKey poolKey, Object poolGroupProviderInfo, DbConnectionPool pool, DbConnection owningConnection, DbConnectionOptions userOptions)
   at Microsoft.Data.ProviderBase.DbConnectionFactory.CreatePooledConnection(DbConnectionPool pool, DbConnection owningObject, DbConnectionOptions options, DbConnectionPoolKey poolKey, DbConnectionOptions userOptions)
   at Microsoft.Data.ProviderBase.DbConnectionPool.CreateObject(DbConnection owningObject, DbConnectionOptions userOptions, DbConnectionInternal oldConnection)
   at Microsoft.Data.ProviderBase.DbConnectionPool.UserCreateRequest(DbConnection owningObject, DbConnectionOptions userOptions, DbConnectionInternal oldConnection)
   at Microsoft.Data.ProviderBase.DbConnectionPool.TryGetConnection(DbConnection owningObject, UInt32 waitForMultipleObjectsTimeout, Boolean allowCreate, Boolean onlyOneCheckConnection, DbConnectionOptions userOptions, DbConnectionInternal& connection)
   at Microsoft.Data.ProviderBase.DbConnectionPool.WaitForPendingOpen()
--- End of stack trace from previous location ---
   at Microsoft.EntityFrameworkCore.Storage.RelationalConnection.OpenInternalAsync(Boolean errorsExpected, CancellationToken cancellationToken)
   at Microsoft.EntityFrameworkCore.Storage.RelationalConnection.OpenInternalAsync(Boolean errorsExpected, CancellationToken cancellationToken)
   at Microsoft.EntityFrameworkCore.Storage.RelationalConnection.OpenAsync(CancellationToken cancellationToken, Boolean errorsExpected)
   at Microsoft.EntityFrameworkCore.Storage.RelationalCommand.ExecuteReaderAsync(RelationalCommandParameterObject parameterObject, CancellationToken cancellationToken)
   at Microsoft.EntityFrameworkCore.Query.Internal.SingleQueryingEnumerable`1.AsyncEnumerator.InitializeReaderAsync(AsyncEnumerator enumerator, CancellationToken cancellationToken)
   at Microsoft.EntityFrameworkCore.Storage.ExecutionStrategy.<>c__DisplayClass30_0`2.<<ExecuteAsync>b__0>d.MoveNext()
--- End of stack trace from previous location ---
   at Microsoft.EntityFrameworkCore.Storage.ExecutionStrategy.ExecuteImplementationAsync[TState,TResult](Func`4 operation, Func`4 verifySucceeded, TState state, CancellationToken cancellationToken)
   at Microsoft.EntityFrameworkCore.Storage.ExecutionStrategy.ExecuteImplementationAsync[TState,TResult](Func`4 operation, Func`4 verifySucceeded, TState state, CancellationToken cancellationToken)
   at Microsoft.EntityFrameworkCore.Storage.ExecutionStrategy.ExecuteAsync[TState,TResult](TState state, Func`4 operation, Func`4 verifySucceeded, CancellationToken cancellationToken)
   at Microsoft.EntityFrameworkCore.Query.Internal.SingleQueryingEnumerable`1.AsyncEnumerator.MoveNextAsync()
ClientConnectionId:00000000-0000-0000-0000-000000000000
Error Number:2,State:0,Class:20
2026-08-07 21:28:22.780 -06:00 [ERR] An exception occurred while iterating over the results of a query for context type 'Pos.Infrastructure.Persistence.PosDbContext'.
Microsoft.Data.SqlClient.SqlException (0x80131904): A network-related or instance-specific error occurred while establishing a connection to SQL Server. The server was not found or was not accessible. Verify that the instance name is correct and that SQL Server is configured to allow remote connections. (provider: Named Pipes Provider, error: 40 - Could not open a connection to SQL Server)
 ---> System.ComponentModel.Win32Exception (2): El sistema no puede encontrar el archivo especificado.
   at Microsoft.Data.ProviderBase.DbConnectionPool.TryGetConnection(DbConnection owningObject, UInt32 waitForMultipleObjectsTimeout, Boolean allowCreate, Boolean onlyOneCheckConnection, DbConnectionOptions userOptions, DbConnectionInternal& connection)
   at Microsoft.Data.ProviderBase.DbConnectionPool.WaitForPendingOpen()
--- End of stack trace from previous location ---
   at Microsoft.EntityFrameworkCore.Storage.RelationalConnection.OpenInternalAsync(Boolean errorsExpected, CancellationToken cancellationToken)
   at Microsoft.EntityFrameworkCore.Storage.RelationalConnection.OpenInternalAsync(Boolean errorsExpected, CancellationToken cancellationToken)
   at Microsoft.EntityFrameworkCore.Storage.RelationalConnection.OpenAsync(CancellationToken cancellationToken, Boolean errorsExpected)
   at Microsoft.EntityFrameworkCore.Storage.RelationalCommand.ExecuteReaderAsync(RelationalCommandParameterObject parameterObject, CancellationToken cancellationToken)
   at Microsoft.EntityFrameworkCore.Query.Internal.SingleQueryingEnumerable`1.AsyncEnumerator.InitializeReaderAsync(AsyncEnumerator enumerator, CancellationToken cancellationToken)
   at Microsoft.EntityFrameworkCore.Storage.ExecutionStrategy.<>c__DisplayClass30_0`2.<<ExecuteAsync>b__0>d.MoveNext()
--- End of stack trace from previous location ---
   at Microsoft.EntityFrameworkCore.Storage.ExecutionStrategy.ExecuteImplementationAsync[TState,TResult](Func`4 operation, Func`4 verifySucceeded, TState state, CancellationToken cancellationToken)
   at Microsoft.EntityFrameworkCore.Storage.ExecutionStrategy.ExecuteImplementationAsync[TState,TResult](Func`4 operation, Func`4 verifySucceeded, TState state, CancellationToken cancellationToken)
   at Microsoft.EntityFrameworkCore.Storage.ExecutionStrategy.ExecuteAsync[TState,TResult](TState state, Func`4 operation, Func`4 verifySucceeded, CancellationToken cancellationToken)
   at Microsoft.EntityFrameworkCore.Query.Internal.SingleQueryingEnumerable`1.AsyncEnumerator.MoveNextAsync()
ClientConnectionId:00000000-0000-0000-0000-000000000000
Error Number:2,State:0,Class:20
Microsoft.Data.SqlClient.SqlException (0x80131904): A network-related or instance-specific error occurred while establishing a connection to SQL Server. The server was not found or was not accessible. Verify that the instance name is correct and that SQL Server is configured to allow remote connections. (provider: Named Pipes Provider, error: 40 - Could not open a connection to SQL Server)
 ---> System.ComponentModel.Win32Exception (2): El sistema no puede encontrar el archivo especificado.
   at Microsoft.Data.ProviderBase.DbConnectionPool.TryGetConnection(DbConnection owningObject, UInt32 waitForMultipleObjectsTimeout, Boolean allowCreate, Boolean onlyOneCheckConnection, DbConnectionOptions userOptions, DbConnectionInternal& connection)
   at Microsoft.Data.ProviderBase.DbConnectionPool.WaitForPendingOpen()
--- End of stack trace from previous location ---
   at Microsoft.EntityFrameworkCore.Storage.RelationalConnection.OpenInternalAsync(Boolean errorsExpected, CancellationToken cancellationToken)
   at Microsoft.EntityFrameworkCore.Storage.RelationalConnection.OpenInternalAsync(Boolean errorsExpected, CancellationToken cancellationToken)
   at Microsoft.EntityFrameworkCore.Storage.RelationalConnection.OpenAsync(CancellationToken cancellationToken, Boolean errorsExpected)
   at Microsoft.EntityFrameworkCore.Storage.RelationalCommand.ExecuteReaderAsync(RelationalCommandParameterObject parameterObject, CancellationToken cancellationToken)
   at Microsoft.EntityFrameworkCore.Query.Internal.SingleQueryingEnumerable`1.AsyncEnumerator.InitializeReaderAsync(AsyncEnumerator enumerator, CancellationToken cancellationToken)
   at Microsoft.EntityFrameworkCore.Storage.ExecutionStrategy.<>c__DisplayClass30_0`2.<<ExecuteAsync>b__0>d.MoveNext()
--- End of stack trace from previous location ---
   at Microsoft.EntityFrameworkCore.Storage.ExecutionStrategy.ExecuteImplementationAsync[TState,TResult](Func`4 operation, Func`4 verifySucceeded, TState state, CancellationToken cancellationToken)
   at Microsoft.EntityFrameworkCore.Storage.ExecutionStrategy.ExecuteImplementationAsync[TState,TResult](Func`4 operation, Func`4 verifySucceeded, TState state, CancellationToken cancellationToken)
   at Microsoft.EntityFrameworkCore.Storage.ExecutionStrategy.ExecuteAsync[TState,TResult](TState state, Func`4 operation, Func`4 verifySucceeded, CancellationToken cancellationToken)
   at Microsoft.EntityFrameworkCore.Query.Internal.SingleQueryingEnumerable`1.AsyncEnumerator.MoveNextAsync()
ClientConnectionId:00000000-0000-0000-0000-000000000000
Error Number:2,State:0,Class:20
2026-08-07 21:28:22.795 -06:00 [INF] Executed action Pos.Api.Controllers.v1.CashShiftController.GetCurrentShift (Pos.Api) in 20611.2721ms
2026-08-07 21:28:22.800 -06:00 [INF] Executed action Pos.Api.Controllers.v1.CashShiftController.GetShiftHistory (Pos.Api) in 20612.3909ms
2026-08-07 21:28:22.800 -06:00 [INF] Executed endpoint 'Pos.Api.Controllers.v1.CashShiftController.GetCurrentShift (Pos.Api)'
2026-08-07 21:28:22.801 -06:00 [INF] Executed endpoint 'Pos.Api.Controllers.v1.CashShiftController.GetShiftHistory (Pos.Api)'
2026-08-07 21:28:22.807 -06:00 [ERR] Connection id "0HNNKV7C8AS62", Request id "0HNNKV7C8AS62:00000001": An unhandled exception was thrown by the application.
Microsoft.Data.SqlClient.SqlException (0x80131904): A network-related or instance-specific error occurred while establishing a connection to SQL Server. The server was not found or was not accessible. Verify that the instance name is correct and that SQL Server is configured to allow remote connections. (provider: Named Pipes Provider, error: 40 - Could not open a connection to SQL Server)
 ---> System.ComponentModel.Win32Exception (2): El sistema no puede encontrar el archivo especificado.
   at Microsoft.Data.SqlClient.SqlInternalConnection.OnError(SqlException exception, Boolean breakConnection, Action`1 wrapCloseInAction)
   at Microsoft.Data.SqlClient.TdsParser.ThrowExceptionAndWarning(TdsParserStateObject stateObj, Boolean callerHasConnectionLock, Boolean asyncClose)
   at Microsoft.Data.SqlClient.TdsParser.Connect(ServerInfo serverInfo, SqlInternalConnectionTds connHandler, Boolean ignoreSniOpenTimeout, Int64 timerExpire, SqlConnectionString connectionOptions, Boolean withFailover)
   at Microsoft.Data.SqlClient.SqlInternalConnectionTds.AttemptOneLogin(ServerInfo serverInfo, String newPassword, SecureString newSecurePassword, Boolean ignoreSniOpenTimeout, TimeoutTimer timeout, Boolean withFailover)
   at Microsoft.Data.SqlClient.SqlInternalConnectionTds.LoginNoFailover(ServerInfo serverInfo, String newPassword, SecureString newSecurePassword, Boolean redirectedUserInstance, SqlConnectionString connectionOptions, SqlCredential credential, TimeoutTimer timeout)
   at Microsoft.Data.SqlClient.SqlInternalConnectionTds.OpenLoginEnlist(TimeoutTimer timeout, SqlConnectionString connectionOptions, SqlCredential credential, String newPassword, SecureString newSecurePassword, Boolean redirectedUserInstance)
   at Microsoft.Data.SqlClient.SqlInternalConnectionTds..ctor(DbConnectionPoolIdentity identity, SqlConnectionString connectionOptions, SqlCredential credential, Object providerInfo, String newPassword, SecureString newSecurePassword, Boolean redirectedUserInstance, SqlConnectionString userConnectionOptions, SessionData reconnectSessionData, Boolean applyTransientFaultHandling, String accessToken, DbConnectionPool pool)
   at Microsoft.Data.SqlClient.SqlConnectionFactory.CreateConnection(DbConnectionOptions options, DbConnectionPoolKey poolKey, Object poolGroupProviderInfo, DbConnectionPool pool, DbConnection owningConnection, DbConnectionOptions userOptions)
   at Microsoft.Data.ProviderBase.DbConnectionFactory.CreatePooledConnection(DbConnectionPool pool, DbConnection owningObject, DbConnectionOptions options, DbConnectionPoolKey poolKey, DbConnectionOptions userOptions)
   at Microsoft.Data.ProviderBase.DbConnectionPool.CreateObject(DbConnection owningObject, DbConnectionOptions userOptions, DbConnectionInternal oldConnection)
   at Microsoft.Data.ProviderBase.DbConnectionPool.UserCreateRequest(DbConnection owningObject, DbConnectionOptions userOptions, DbConnectionInternal oldConnection)
   at Microsoft.Data.ProviderBase.DbConnectionPool.TryGetConnection(DbConnection owningObject, UInt32 waitForMultipleObjectsTimeout, Boolean allowCreate, Boolean onlyOneCheckConnection, DbConnectionOptions userOptions, DbConnectionInternal& connection)
   at Microsoft.Data.ProviderBase.DbConnectionPool.WaitForPendingOpen()
--- End of stack trace from previous location ---
   at Microsoft.EntityFrameworkCore.Storage.RelationalConnection.OpenInternalAsync(Boolean errorsExpected, CancellationToken cancellationToken)
   at Microsoft.EntityFrameworkCore.Storage.RelationalConnection.OpenInternalAsync(Boolean errorsExpected, CancellationToken cancellationToken)
   at Microsoft.EntityFrameworkCore.Storage.RelationalConnection.OpenAsync(CancellationToken cancellationToken, Boolean errorsExpected)
   at Microsoft.EntityFrameworkCore.Storage.RelationalCommand.ExecuteReaderAsync(RelationalCommandParameterObject parameterObject, CancellationToken cancellationToken)
   at Microsoft.EntityFrameworkCore.Query.Internal.SingleQueryingEnumerable`1.AsyncEnumerator.InitializeReaderAsync(AsyncEnumerator enumerator, CancellationToken cancellationToken)
   at Microsoft.EntityFrameworkCore.Storage.ExecutionStrategy.<>c__DisplayClass30_0`2.<<ExecuteAsync>b__0>d.MoveNext()
--- End of stack trace from previous location ---
   at Microsoft.EntityFrameworkCore.Storage.ExecutionStrategy.ExecuteImplementationAsync[TState,TResult](Func`4 operation, Func`4 verifySucceeded, TState state, CancellationToken cancellationToken)
   at Microsoft.EntityFrameworkCore.Storage.ExecutionStrategy.ExecuteImplementationAsync[TState,TResult](Func`4 operation, Func`4 verifySucceeded, TState state, CancellationToken cancellationToken)
   at Microsoft.EntityFrameworkCore.Storage.ExecutionStrategy.ExecuteAsync[TState,TResult](TState state, Func`4 operation, Func`4 verifySucceeded, CancellationToken cancellationToken)
   at Microsoft.EntityFrameworkCore.Query.Internal.SingleQueryingEnumerable`1.AsyncEnumerator.MoveNextAsync()
   at Microsoft.EntityFrameworkCore.Query.ShapedQueryCompilingExpressionVisitor.SingleOrDefaultAsync[TSource](IAsyncEnumerable`1 asyncEnumerable, CancellationToken cancellationToken)
   at Microsoft.EntityFrameworkCore.Query.ShapedQueryCompilingExpressionVisitor.SingleOrDefaultAsync[TSource](IAsyncEnumerable`1 asyncEnumerable, CancellationToken cancellationToken)
   at Pos.Infrastructure.Services.CashShiftApplicationService.GetCurrentOpenShiftAsync(Guid userId, CancellationToken cancellationToken) in D:\Proyecto_PDV-CDC\src\backend\Pos.Infrastructure\Services\CashShiftApplicationService.cs:line 26
   at Pos.Api.Controllers.v1.CashShiftController.GetCurrentShift(CancellationToken cancellationToken) in D:\Proyecto_PDV-CDC\src\backend\Pos.Api\Controllers\v1\CashShiftController.cs:line 39
   at lambda_method1464(Closure, Object)
   at Microsoft.AspNetCore.Mvc.Infrastructure.ActionMethodExecutor.AwaitableObjectResultExecutor.Execute(ActionContext actionContext, IActionResultTypeMapper mapper, ObjectMethodExecutor executor, Object controller, Object[] arguments)
   at Microsoft.AspNetCore.Mvc.Infrastructure.ControllerActionInvoker.<InvokeActionMethodAsync>g__Awaited|12_0(ControllerActionInvoker invoker, ValueTask`1 actionResultValueTask)
   at Microsoft.AspNetCore.Mvc.Infrastructure.ControllerActionInvoker.<InvokeNextActionFilterAsync>g__Awaited|10_0(ControllerActionInvoker invoker, Task lastTask, State next, Scope scope, Object state, Boolean isCompleted)
   at Microsoft.AspNetCore.Mvc.Infrastructure.ControllerActionInvoker.Rethrow(ActionExecutedContextSealed context)
   at Microsoft.AspNetCore.Mvc.Infrastructure.ControllerActionInvoker.Next(State& next, Scope& scope, Object& state, Boolean& isCompleted)
   at Microsoft.AspNetCore.Mvc.Infrastructure.ControllerActionInvoker.<InvokeInnerFilterAsync>g__Awaited|13_0(ControllerActionInvoker invoker, Task lastTask, State next, Scope scope, Object state, Boolean isCompleted)
   at Microsoft.AspNetCore.Mvc.Infrastructure.ResourceInvoker.<InvokeFilterPipelineAsync>g__Awaited|20_0(ResourceInvoker invoker, Task lastTask, State next, Scope scope, Object state, Boolean isCompleted)
   at Microsoft.AspNetCore.Mvc.Infrastructure.ResourceInvoker.<InvokeAsync>g__Logged|17_1(ResourceInvoker invoker)
   at Microsoft.AspNetCore.Mvc.Infrastructure.ResourceInvoker.<InvokeAsync>g__Logged|17_1(ResourceInvoker invoker)
   at Microsoft.AspNetCore.Routing.EndpointMiddleware.<Invoke>g__AwaitRequestTask|7_0(Endpoint endpoint, Task requestTask, ILogger logger)
   at Microsoft.AspNetCore.Authorization.AuthorizationMiddleware.Invoke(HttpContext context)
   at Microsoft.AspNetCore.Authentication.AuthenticationMiddleware.Invoke(HttpContext context)
   at Pos.Api.Middleware.AuditMiddleware.InvokeAsync(HttpContext context, IServiceProvider serviceProvider) in D:\Proyecto_PDV-CDC\src\backend\Pos.Api\Middleware\AuditMiddleware.cs:line 32
   at Pos.Api.Middleware.SerilogAuthMiddleware.InvokeAsync(HttpContext context) in D:\Proyecto_PDV-CDC\src\backend\Pos.Api\Middleware\SerilogAuthMiddleware.cs:line 54
   at Microsoft.AspNetCore.Server.Kestrel.Core.Internal.Http.HttpProtocol.ProcessRequests[TContext](IHttpApplication`1 application)
ClientConnectionId:00000000-0000-0000-0000-000000000000
Error Number:2,State:0,Class:20
2026-08-07 21:28:22.808 -06:00 [ERR] Connection id "0HNNKV7C8AS63", Request id "0HNNKV7C8AS63:00000001": An unhandled exception was thrown by the application.
Microsoft.Data.SqlClient.SqlException (0x80131904): A network-related or instance-specific error occurred while establishing a connection to SQL Server. The server was not found or was not accessible. Verify that the instance name is correct and that SQL Server is configured to allow remote connections. (provider: Named Pipes Provider, error: 40 - Could not open a connection to SQL Server)
 ---> System.ComponentModel.Win32Exception (2): El sistema no puede encontrar el archivo especificado.
   at Microsoft.Data.ProviderBase.DbConnectionPool.TryGetConnection(DbConnection owningObject, UInt32 waitForMultipleObjectsTimeout, Boolean allowCreate, Boolean onlyOneCheckConnection, DbConnectionOptions userOptions, DbConnectionInternal& connection)
   at Microsoft.Data.ProviderBase.DbConnectionPool.WaitForPendingOpen()
--- End of stack trace from previous location ---
   at Microsoft.EntityFrameworkCore.Storage.RelationalConnection.OpenInternalAsync(Boolean errorsExpected, CancellationToken cancellationToken)
   at Microsoft.EntityFrameworkCore.Storage.RelationalConnection.OpenInternalAsync(Boolean errorsExpected, CancellationToken cancellationToken)
   at Microsoft.EntityFrameworkCore.Storage.RelationalConnection.OpenAsync(CancellationToken cancellationToken, Boolean errorsExpected)
   at Microsoft.EntityFrameworkCore.Storage.RelationalCommand.ExecuteReaderAsync(RelationalCommandParameterObject parameterObject, CancellationToken cancellationToken)
   at Microsoft.EntityFrameworkCore.Query.Internal.SingleQueryingEnumerable`1.AsyncEnumerator.InitializeReaderAsync(AsyncEnumerator enumerator, CancellationToken cancellationToken)
   at Microsoft.EntityFrameworkCore.Storage.ExecutionStrategy.<>c__DisplayClass30_0`2.<<ExecuteAsync>b__0>d.MoveNext()
--- End of stack trace from previous location ---
   at Microsoft.EntityFrameworkCore.Storage.ExecutionStrategy.ExecuteImplementationAsync[TState,TResult](Func`4 operation, Func`4 verifySucceeded, TState state, CancellationToken cancellationToken)
   at Microsoft.EntityFrameworkCore.Storage.ExecutionStrategy.ExecuteImplementationAsync[TState,TResult](Func`4 operation, Func`4 verifySucceeded, TState state, CancellationToken cancellationToken)
   at Microsoft.EntityFrameworkCore.Storage.ExecutionStrategy.ExecuteAsync[TState,TResult](TState state, Func`4 operation, Func`4 verifySucceeded, CancellationToken cancellationToken)
   at Microsoft.EntityFrameworkCore.Query.Internal.SingleQueryingEnumerable`1.AsyncEnumerator.MoveNextAsync()
   at Microsoft.EntityFrameworkCore.EntityFrameworkQueryableExtensions.ToListAsync[TSource](IQueryable`1 source, CancellationToken cancellationToken)
   at Microsoft.EntityFrameworkCore.EntityFrameworkQueryableExtensions.ToListAsync[TSource](IQueryable`1 source, CancellationToken cancellationToken)
   at Pos.Infrastructure.Services.CashShiftApplicationService.GetShiftHistoryAsync(CancellationToken cancellationToken) in D:\Proyecto_PDV-CDC\src\backend\Pos.Infrastructure\Services\CashShiftApplicationService.cs:line 238
   at Pos.Api.Controllers.v1.CashShiftController.GetShiftHistory(CancellationToken cancellationToken) in D:\Proyecto_PDV-CDC\src\backend\Pos.Api\Controllers\v1\CashShiftController.cs:line 130
   at lambda_method1465(Closure, Object)
   at Microsoft.AspNetCore.Mvc.Infrastructure.ActionMethodExecutor.AwaitableObjectResultExecutor.Execute(ActionContext actionContext, IActionResultTypeMapper mapper, ObjectMethodExecutor executor, Object controller, Object[] arguments)
   at Microsoft.AspNetCore.Mvc.Infrastructure.ControllerActionInvoker.<InvokeActionMethodAsync>g__Awaited|12_0(ControllerActionInvoker invoker, ValueTask`1 actionResultValueTask)
   at Microsoft.AspNetCore.Mvc.Infrastructure.ControllerActionInvoker.<InvokeNextActionFilterAsync>g__Awaited|10_0(ControllerActionInvoker invoker, Task lastTask, State next, Scope scope, Object state, Boolean isCompleted)
   at Microsoft.AspNetCore.Mvc.Infrastructure.ControllerActionInvoker.Rethrow(ActionExecutedContextSealed context)
   at Microsoft.AspNetCore.Mvc.Infrastructure.ControllerActionInvoker.Next(State& next, Scope& scope, Object& state, Boolean& isCompleted)
   at Microsoft.AspNetCore.Mvc.Infrastructure.ControllerActionInvoker.<InvokeInnerFilterAsync>g__Awaited|13_0(ControllerActionInvoker invoker, Task lastTask, State next, Scope scope, Object state, Boolean isCompleted)
   at Microsoft.AspNetCore.Mvc.Infrastructure.ResourceInvoker.<InvokeFilterPipelineAsync>g__Awaited|20_0(ResourceInvoker invoker, Task lastTask, State next, Scope scope, Object state, Boolean isCompleted)
   at Microsoft.AspNetCore.Mvc.Infrastructure.ResourceInvoker.<InvokeAsync>g__Logged|17_1(ResourceInvoker invoker)
   at Microsoft.AspNetCore.Mvc.Infrastructure.ResourceInvoker.<InvokeAsync>g__Logged|17_1(ResourceInvoker invoker)
   at Microsoft.AspNetCore.Routing.EndpointMiddleware.<Invoke>g__AwaitRequestTask|7_0(Endpoint endpoint, Task requestTask, ILogger logger)
   at Microsoft.AspNetCore.Authorization.AuthorizationMiddleware.Invoke(HttpContext context)
   at Microsoft.AspNetCore.Authentication.AuthenticationMiddleware.Invoke(HttpContext context)
   at Pos.Api.Middleware.AuditMiddleware.InvokeAsync(HttpContext context, IServiceProvider serviceProvider) in D:\Proyecto_PDV-CDC\src\backend\Pos.Api\Middleware\AuditMiddleware.cs:line 32
   at Pos.Api.Middleware.SerilogAuthMiddleware.InvokeAsync(HttpContext context) in D:\Proyecto_PDV-CDC\src\backend\Pos.Api\Middleware\SerilogAuthMiddleware.cs:line 54
   at Microsoft.AspNetCore.Server.Kestrel.Core.Internal.Http.HttpProtocol.ProcessRequests[TContext](IHttpApplication`1 application)
ClientConnectionId:00000000-0000-0000-0000-000000000000
Error Number:2,State:0,Class:20
2026-08-07 21:28:22.826 -06:00 [INF] Request finished HTTP/1.1 GET http://localhost:5000/api/v1/cashshifts/current - 500 0 null 20651.8626ms
2026-08-07 21:28:22.837 -06:00 [INF] Request finished HTTP/1.1 GET http://localhost:5000/api/v1/cashshifts/history - 500 0 null 20662.8516ms
2026-08-07 21:28:38.485 -06:00 [INF] Request starting HTTP/1.1 GET http://localhost:5000/api/v1/reports/sales-summary - application/json null
2026-08-07 21:28:38.488 -06:00 [INF] Executing endpoint 'Pos.Api.Controllers.v1.ReportsController.GetSalesSummary (Pos.Api)'
2026-08-07 21:28:38.489 -06:00 [INF] Request starting HTTP/1.1 GET http://localhost:5000/api/v1/reports/top-products?top=10 - application/json null
2026-08-07 21:28:38.489 -06:00 [INF] Request starting HTTP/1.1 GET http://localhost:5000/api/v1/audit/logs - application/json null
2026-08-07 21:28:38.489 -06:00 [INF] Request starting HTTP/1.1 GET http://localhost:5000/api/v1/reports/inventory-summary - application/json null
2026-08-07 21:28:38.490 -06:00 [INF] Route matched with {action = "GetSalesSummary", controller = "Reports"}. Executing controller action with signature System.Threading.Tasks.Task`1[Microsoft.AspNetCore.Mvc.ActionResult`1[Pos.Application.Reporting.DTOs.SalesSummaryReportDto]] GetSalesSummary(System.Nullable`1[System.DateTime], System.Nullable`1[System.DateTime], System.Threading.CancellationToken) on controller Pos.Api.Controllers.v1.ReportsController (Pos.Api).
2026-08-07 21:28:38.493 -06:00 [INF] Executing endpoint 'Pos.Api.Controllers.v1.ReportsController.GetTopProducts (Pos.Api)'
2026-08-07 21:28:38.495 -06:00 [INF] Executing endpoint 'Pos.Api.Controllers.v1.AuditController.GetLogs (Pos.Api)'
2026-08-07 21:28:38.497 -06:00 [INF] Executing endpoint 'Pos.Api.Controllers.v1.ReportsController.GetInventorySummary (Pos.Api)'
2026-08-07 21:28:38.499 -06:00 [INF] Route matched with {action = "GetTopProducts", controller = "Reports"}. Executing controller action with signature System.Threading.Tasks.Task`1[Microsoft.AspNetCore.Mvc.ActionResult`1[System.Collections.Generic.List`1[Pos.Application.Reporting.DTOs.TopProductReportDto]]] GetTopProducts(System.Nullable`1[System.DateTime], System.Nullable`1[System.DateTime], Int32, System.Threading.CancellationToken) on controller Pos.Api.Controllers.v1.ReportsController (Pos.Api).
2026-08-07 21:28:38.500 -06:00 [INF] Route matched with {action = "GetLogs", controller = "Audit"}. Executing controller action with signature System.Threading.Tasks.Task`1[Microsoft.AspNetCore.Mvc.ActionResult`1[System.Collections.Generic.List`1[Pos.Application.Reporting.DTOs.AuditLogDto]]] GetLogs(System.String, System.String, System.String, System.Nullable`1[System.DateTime], System.Nullable`1[System.DateTime], System.Threading.CancellationToken) on controller Pos.Api.Controllers.v1.AuditController (Pos.Api).
2026-08-07 21:28:38.501 -06:00 [INF] Route matched with {action = "GetInventorySummary", controller = "Reports"}. Executing controller action with signature System.Threading.Tasks.Task`1[Microsoft.AspNetCore.Mvc.ActionResult`1[Pos.Application.Reporting.DTOs.InventorySummaryReportDto]] GetInventorySummary(System.Threading.CancellationToken) on controller Pos.Api.Controllers.v1.ReportsController (Pos.Api).
2026-08-07 21:28:58.502 -06:00 [INF] Request starting HTTP/1.1 GET http://localhost:5000/api/v1/reports/sales-summary - application/json null
2026-08-07 21:28:58.503 -06:00 [INF] Request starting HTTP/1.1 GET http://localhost:5000/api/v1/reports/top-products?top=10 - application/json null
2026-08-07 21:28:58.506 -06:00 [INF] Executing endpoint 'Pos.Api.Controllers.v1.ReportsController.GetSalesSummary (Pos.Api)'
2026-08-07 21:28:58.509 -06:00 [INF] Executing endpoint 'Pos.Api.Controllers.v1.ReportsController.GetTopProducts (Pos.Api)'
2026-08-07 21:28:58.510 -06:00 [INF] Route matched with {action = "GetSalesSummary", controller = "Reports"}. Executing controller action with signature System.Threading.Tasks.Task`1[Microsoft.AspNetCore.Mvc.ActionResult`1[Pos.Application.Reporting.DTOs.SalesSummaryReportDto]] GetSalesSummary(System.Nullable`1[System.DateTime], System.Nullable`1[System.DateTime], System.Threading.CancellationToken) on controller Pos.Api.Controllers.v1.ReportsController (Pos.Api).
2026-08-07 21:28:58.511 -06:00 [INF] Route matched with {action = "GetTopProducts", controller = "Reports"}. Executing controller action with signature System.Threading.Tasks.Task`1[Microsoft.AspNetCore.Mvc.ActionResult`1[System.Collections.Generic.List`1[Pos.Application.Reporting.DTOs.TopProductReportDto]]] GetTopProducts(System.Nullable`1[System.DateTime], System.Nullable`1[System.DateTime], Int32, System.Threading.CancellationToken) on controller Pos.Api.Controllers.v1.ReportsController (Pos.Api).
2026-08-07 21:28:59.072 -06:00 [ERR] An error occurred using the connection to database 'PosLambrinDb' on server 'AAM'.
2026-08-07 21:28:59.072 -06:00 [ERR] An error occurred using the connection to database 'PosLambrinDb' on server 'AAM'.
2026-08-07 21:28:59.073 -06:00 [ERR] An error occurred using the connection to database 'PosLambrinDb' on server 'AAM'.
2026-08-07 21:28:59.073 -06:00 [ERR] An error occurred using the connection to database 'PosLambrinDb' on server 'AAM'.
2026-08-07 21:28:59.077 -06:00 [ERR] An exception occurred while iterating over the results of a query for context type 'Pos.Infrastructure.Persistence.PosDbContext'.
Microsoft.Data.SqlClient.SqlException (0x80131904): A network-related or instance-specific error occurred while establishing a connection to SQL Server. The server was not found or was not accessible. Verify that the instance name is correct and that SQL Server is configured to allow remote connections. (provider: Named Pipes Provider, error: 40 - Could not open a connection to SQL Server)
 ---> System.ComponentModel.Win32Exception (2): El sistema no puede encontrar el archivo especificado.
   at Microsoft.Data.SqlClient.SqlInternalConnection.OnError(SqlException exception, Boolean breakConnection, Action`1 wrapCloseInAction)
   at Microsoft.Data.SqlClient.TdsParser.ThrowExceptionAndWarning(TdsParserStateObject stateObj, Boolean callerHasConnectionLock, Boolean asyncClose)
   at Microsoft.Data.SqlClient.TdsParser.Connect(ServerInfo serverInfo, SqlInternalConnectionTds connHandler, Boolean ignoreSniOpenTimeout, Int64 timerExpire, SqlConnectionString connectionOptions, Boolean withFailover)
   at Microsoft.Data.SqlClient.SqlInternalConnectionTds.AttemptOneLogin(ServerInfo serverInfo, String newPassword, SecureString newSecurePassword, Boolean ignoreSniOpenTimeout, TimeoutTimer timeout, Boolean withFailover)
   at Microsoft.Data.SqlClient.SqlInternalConnectionTds.LoginNoFailover(ServerInfo serverInfo, String newPassword, SecureString newSecurePassword, Boolean redirectedUserInstance, SqlConnectionString connectionOptions, SqlCredential credential, TimeoutTimer timeout)
   at Microsoft.Data.SqlClient.SqlInternalConnectionTds.OpenLoginEnlist(TimeoutTimer timeout, SqlConnectionString connectionOptions, SqlCredential credential, String newPassword, SecureString newSecurePassword, Boolean redirectedUserInstance)
   at Microsoft.Data.SqlClient.SqlInternalConnectionTds..ctor(DbConnectionPoolIdentity identity, SqlConnectionString connectionOptions, SqlCredential credential, Object providerInfo, String newPassword, SecureString newSecurePassword, Boolean redirectedUserInstance, SqlConnectionString userConnectionOptions, SessionData reconnectSessionData, Boolean applyTransientFaultHandling, String accessToken, DbConnectionPool pool)
   at Microsoft.Data.SqlClient.SqlConnectionFactory.CreateConnection(DbConnectionOptions options, DbConnectionPoolKey poolKey, Object poolGroupProviderInfo, DbConnectionPool pool, DbConnection owningConnection, DbConnectionOptions userOptions)
   at Microsoft.Data.ProviderBase.DbConnectionFactory.CreatePooledConnection(DbConnectionPool pool, DbConnection owningObject, DbConnectionOptions options, DbConnectionPoolKey poolKey, DbConnectionOptions userOptions)
   at Microsoft.Data.ProviderBase.DbConnectionPool.CreateObject(DbConnection owningObject, DbConnectionOptions userOptions, DbConnectionInternal oldConnection)
   at Microsoft.Data.ProviderBase.DbConnectionPool.UserCreateRequest(DbConnection owningObject, DbConnectionOptions userOptions, DbConnectionInternal oldConnection)
   at Microsoft.Data.ProviderBase.DbConnectionPool.TryGetConnection(DbConnection owningObject, UInt32 waitForMultipleObjectsTimeout, Boolean allowCreate, Boolean onlyOneCheckConnection, DbConnectionOptions userOptions, DbConnectionInternal& connection)
   at Microsoft.Data.ProviderBase.DbConnectionPool.WaitForPendingOpen()
--- End of stack trace from previous location ---
   at Microsoft.EntityFrameworkCore.Storage.RelationalConnection.OpenInternalAsync(Boolean errorsExpected, CancellationToken cancellationToken)
   at Microsoft.EntityFrameworkCore.Storage.RelationalConnection.OpenInternalAsync(Boolean errorsExpected, CancellationToken cancellationToken)
   at Microsoft.EntityFrameworkCore.Storage.RelationalConnection.OpenAsync(CancellationToken cancellationToken, Boolean errorsExpected)
   at Microsoft.EntityFrameworkCore.Storage.RelationalCommand.ExecuteReaderAsync(RelationalCommandParameterObject parameterObject, CancellationToken cancellationToken)
   at Microsoft.EntityFrameworkCore.Query.Internal.SingleQueryingEnumerable`1.AsyncEnumerator.InitializeReaderAsync(AsyncEnumerator enumerator, CancellationToken cancellationToken)
   at Microsoft.EntityFrameworkCore.Storage.ExecutionStrategy.<>c__DisplayClass30_0`2.<<ExecuteAsync>b__0>d.MoveNext()
--- End of stack trace from previous location ---
   at Microsoft.EntityFrameworkCore.Storage.ExecutionStrategy.ExecuteImplementationAsync[TState,TResult](Func`4 operation, Func`4 verifySucceeded, TState state, CancellationToken cancellationToken)
   at Microsoft.EntityFrameworkCore.Storage.ExecutionStrategy.ExecuteImplementationAsync[TState,TResult](Func`4 operation, Func`4 verifySucceeded, TState state, CancellationToken cancellationToken)
   at Microsoft.EntityFrameworkCore.Storage.ExecutionStrategy.ExecuteAsync[TState,TResult](TState state, Func`4 operation, Func`4 verifySucceeded, CancellationToken cancellationToken)
   at Microsoft.EntityFrameworkCore.Query.Internal.SingleQueryingEnumerable`1.AsyncEnumerator.MoveNextAsync()
ClientConnectionId:00000000-0000-0000-0000-000000000000
Error Number:2,State:0,Class:20
Microsoft.Data.SqlClient.SqlException (0x80131904): A network-related or instance-specific error occurred while establishing a connection to SQL Server. The server was not found or was not accessible. Verify that the instance name is correct and that SQL Server is configured to allow remote connections. (provider: Named Pipes Provider, error: 40 - Could not open a connection to SQL Server)
 ---> System.ComponentModel.Win32Exception (2): El sistema no puede encontrar el archivo especificado.
   at Microsoft.Data.SqlClient.SqlInternalConnection.OnError(SqlException exception, Boolean breakConnection, Action`1 wrapCloseInAction)
   at Microsoft.Data.SqlClient.TdsParser.ThrowExceptionAndWarning(TdsParserStateObject stateObj, Boolean callerHasConnectionLock, Boolean asyncClose)
   at Microsoft.Data.SqlClient.TdsParser.Connect(ServerInfo serverInfo, SqlInternalConnectionTds connHandler, Boolean ignoreSniOpenTimeout, Int64 timerExpire, SqlConnectionString connectionOptions, Boolean withFailover)
   at Microsoft.Data.SqlClient.SqlInternalConnectionTds.AttemptOneLogin(ServerInfo serverInfo, String newPassword, SecureString newSecurePassword, Boolean ignoreSniOpenTimeout, TimeoutTimer timeout, Boolean withFailover)
   at Microsoft.Data.SqlClient.SqlInternalConnectionTds.LoginNoFailover(ServerInfo serverInfo, String newPassword, SecureString newSecurePassword, Boolean redirectedUserInstance, SqlConnectionString connectionOptions, SqlCredential credential, TimeoutTimer timeout)
   at Microsoft.Data.SqlClient.SqlInternalConnectionTds.OpenLoginEnlist(TimeoutTimer timeout, SqlConnectionString connectionOptions, SqlCredential credential, String newPassword, SecureString newSecurePassword, Boolean redirectedUserInstance)
   at Microsoft.Data.SqlClient.SqlInternalConnectionTds..ctor(DbConnectionPoolIdentity identity, SqlConnectionString connectionOptions, SqlCredential credential, Object providerInfo, String newPassword, SecureString newSecurePassword, Boolean redirectedUserInstance, SqlConnectionString userConnectionOptions, SessionData reconnectSessionData, Boolean applyTransientFaultHandling, String accessToken, DbConnectionPool pool)
   at Microsoft.Data.SqlClient.SqlConnectionFactory.CreateConnection(DbConnectionOptions options, DbConnectionPoolKey poolKey, Object poolGroupProviderInfo, DbConnectionPool pool, DbConnection owningConnection, DbConnectionOptions userOptions)
   at Microsoft.Data.ProviderBase.DbConnectionFactory.CreatePooledConnection(DbConnectionPool pool, DbConnection owningObject, DbConnectionOptions options, DbConnectionPoolKey poolKey, DbConnectionOptions userOptions)
   at Microsoft.Data.ProviderBase.DbConnectionPool.CreateObject(DbConnection owningObject, DbConnectionOptions userOptions, DbConnectionInternal oldConnection)
   at Microsoft.Data.ProviderBase.DbConnectionPool.UserCreateRequest(DbConnection owningObject, DbConnectionOptions userOptions, DbConnectionInternal oldConnection)
   at Microsoft.Data.ProviderBase.DbConnectionPool.TryGetConnection(DbConnection owningObject, UInt32 waitForMultipleObjectsTimeout, Boolean allowCreate, Boolean onlyOneCheckConnection, DbConnectionOptions userOptions, DbConnectionInternal& connection)
   at Microsoft.Data.ProviderBase.DbConnectionPool.WaitForPendingOpen()
--- End of stack trace from previous location ---
   at Microsoft.EntityFrameworkCore.Storage.RelationalConnection.OpenInternalAsync(Boolean errorsExpected, CancellationToken cancellationToken)
   at Microsoft.EntityFrameworkCore.Storage.RelationalConnection.OpenInternalAsync(Boolean errorsExpected, CancellationToken cancellationToken)
   at Microsoft.EntityFrameworkCore.Storage.RelationalConnection.OpenAsync(CancellationToken cancellationToken, Boolean errorsExpected)
   at Microsoft.EntityFrameworkCore.Storage.RelationalCommand.ExecuteReaderAsync(RelationalCommandParameterObject parameterObject, CancellationToken cancellationToken)
   at Microsoft.EntityFrameworkCore.Query.Internal.SingleQueryingEnumerable`1.AsyncEnumerator.InitializeReaderAsync(AsyncEnumerator enumerator, CancellationToken cancellationToken)
   at Microsoft.EntityFrameworkCore.Storage.ExecutionStrategy.<>c__DisplayClass30_0`2.<<ExecuteAsync>b__0>d.MoveNext()
--- End of stack trace from previous location ---
   at Microsoft.EntityFrameworkCore.Storage.ExecutionStrategy.ExecuteImplementationAsync[TState,TResult](Func`4 operation, Func`4 verifySucceeded, TState state, CancellationToken cancellationToken)
   at Microsoft.EntityFrameworkCore.Storage.ExecutionStrategy.ExecuteImplementationAsync[TState,TResult](Func`4 operation, Func`4 verifySucceeded, TState state, CancellationToken cancellationToken)
   at Microsoft.EntityFrameworkCore.Storage.ExecutionStrategy.ExecuteAsync[TState,TResult](TState state, Func`4 operation, Func`4 verifySucceeded, CancellationToken cancellationToken)
   at Microsoft.EntityFrameworkCore.Query.Internal.SingleQueryingEnumerable`1.AsyncEnumerator.MoveNextAsync()
ClientConnectionId:00000000-0000-0000-0000-000000000000
Error Number:2,State:0,Class:20
2026-08-07 21:28:59.078 -06:00 [ERR] An exception occurred while iterating over the results of a query for context type 'Pos.Infrastructure.Persistence.PosDbContext'.
Microsoft.Data.SqlClient.SqlException (0x80131904): A network-related or instance-specific error occurred while establishing a connection to SQL Server. The server was not found or was not accessible. Verify that the instance name is correct and that SQL Server is configured to allow remote connections. (provider: Named Pipes Provider, error: 40 - Could not open a connection to SQL Server)
 ---> System.ComponentModel.Win32Exception (2): El sistema no puede encontrar el archivo especificado.
   at Microsoft.Data.ProviderBase.DbConnectionPool.TryGetConnection(DbConnection owningObject, UInt32 waitForMultipleObjectsTimeout, Boolean allowCreate, Boolean onlyOneCheckConnection, DbConnectionOptions userOptions, DbConnectionInternal& connection)
   at Microsoft.Data.ProviderBase.DbConnectionPool.WaitForPendingOpen()
--- End of stack trace from previous location ---
   at Microsoft.EntityFrameworkCore.Storage.RelationalConnection.OpenInternalAsync(Boolean errorsExpected, CancellationToken cancellationToken)
   at Microsoft.EntityFrameworkCore.Storage.RelationalConnection.OpenInternalAsync(Boolean errorsExpected, CancellationToken cancellationToken)
   at Microsoft.EntityFrameworkCore.Storage.RelationalConnection.OpenAsync(CancellationToken cancellationToken, Boolean errorsExpected)
   at Microsoft.EntityFrameworkCore.Storage.RelationalCommand.ExecuteReaderAsync(RelationalCommandParameterObject parameterObject, CancellationToken cancellationToken)
   at Microsoft.EntityFrameworkCore.Query.Internal.SingleQueryingEnumerable`1.AsyncEnumerator.InitializeReaderAsync(AsyncEnumerator enumerator, CancellationToken cancellationToken)
   at Microsoft.EntityFrameworkCore.Storage.ExecutionStrategy.<>c__DisplayClass30_0`2.<<ExecuteAsync>b__0>d.MoveNext()
--- End of stack trace from previous location ---
   at Microsoft.EntityFrameworkCore.Storage.ExecutionStrategy.ExecuteImplementationAsync[TState,TResult](Func`4 operation, Func`4 verifySucceeded, TState state, CancellationToken cancellationToken)
   at Microsoft.EntityFrameworkCore.Storage.ExecutionStrategy.ExecuteImplementationAsync[TState,TResult](Func`4 operation, Func`4 verifySucceeded, TState state, CancellationToken cancellationToken)
   at Microsoft.EntityFrameworkCore.Storage.ExecutionStrategy.ExecuteAsync[TState,TResult](TState state, Func`4 operation, Func`4 verifySucceeded, CancellationToken cancellationToken)
   at Microsoft.EntityFrameworkCore.Query.Internal.SingleQueryingEnumerable`1.AsyncEnumerator.MoveNextAsync()
ClientConnectionId:00000000-0000-0000-0000-000000000000
Error Number:2,State:0,Class:20
Microsoft.Data.SqlClient.SqlException (0x80131904): A network-related or instance-specific error occurred while establishing a connection to SQL Server. The server was not found or was not accessible. Verify that the instance name is correct and that SQL Server is configured to allow remote connections. (provider: Named Pipes Provider, error: 40 - Could not open a connection to SQL Server)
 ---> System.ComponentModel.Win32Exception (2): El sistema no puede encontrar el archivo especificado.
   at Microsoft.Data.ProviderBase.DbConnectionPool.TryGetConnection(DbConnection owningObject, UInt32 waitForMultipleObjectsTimeout, Boolean allowCreate, Boolean onlyOneCheckConnection, DbConnectionOptions userOptions, DbConnectionInternal& connection)
   at Microsoft.Data.ProviderBase.DbConnectionPool.WaitForPendingOpen()
--- End of stack trace from previous location ---
   at Microsoft.EntityFrameworkCore.Storage.RelationalConnection.OpenInternalAsync(Boolean errorsExpected, CancellationToken cancellationToken)
   at Microsoft.EntityFrameworkCore.Storage.RelationalConnection.OpenInternalAsync(Boolean errorsExpected, CancellationToken cancellationToken)
   at Microsoft.EntityFrameworkCore.Storage.RelationalConnection.OpenAsync(CancellationToken cancellationToken, Boolean errorsExpected)
   at Microsoft.EntityFrameworkCore.Storage.RelationalCommand.ExecuteReaderAsync(RelationalCommandParameterObject parameterObject, CancellationToken cancellationToken)
   at Microsoft.EntityFrameworkCore.Query.Internal.SingleQueryingEnumerable`1.AsyncEnumerator.InitializeReaderAsync(AsyncEnumerator enumerator, CancellationToken cancellationToken)
   at Microsoft.EntityFrameworkCore.Storage.ExecutionStrategy.<>c__DisplayClass30_0`2.<<ExecuteAsync>b__0>d.MoveNext()
--- End of stack trace from previous location ---
   at Microsoft.EntityFrameworkCore.Storage.ExecutionStrategy.ExecuteImplementationAsync[TState,TResult](Func`4 operation, Func`4 verifySucceeded, TState state, CancellationToken cancellationToken)
   at Microsoft.EntityFrameworkCore.Storage.ExecutionStrategy.ExecuteImplementationAsync[TState,TResult](Func`4 operation, Func`4 verifySucceeded, TState state, CancellationToken cancellationToken)
   at Microsoft.EntityFrameworkCore.Storage.ExecutionStrategy.ExecuteAsync[TState,TResult](TState state, Func`4 operation, Func`4 verifySucceeded, CancellationToken cancellationToken)
   at Microsoft.EntityFrameworkCore.Query.Internal.SingleQueryingEnumerable`1.AsyncEnumerator.MoveNextAsync()
ClientConnectionId:00000000-0000-0000-0000-000000000000
Error Number:2,State:0,Class:20
2026-08-07 21:28:59.079 -06:00 [ERR] An exception occurred while iterating over the results of a query for context type 'Pos.Infrastructure.Persistence.PosDbContext'.
Microsoft.Data.SqlClient.SqlException (0x80131904): A network-related or instance-specific error occurred while establishing a connection to SQL Server. The server was not found or was not accessible. Verify that the instance name is correct and that SQL Server is configured to allow remote connections. (provider: Named Pipes Provider, error: 40 - Could not open a connection to SQL Server)
 ---> System.ComponentModel.Win32Exception (2): El sistema no puede encontrar el archivo especificado.
   at Microsoft.Data.ProviderBase.DbConnectionPool.TryGetConnection(DbConnection owningObject, UInt32 waitForMultipleObjectsTimeout, Boolean allowCreate, Boolean onlyOneCheckConnection, DbConnectionOptions userOptions, DbConnectionInternal& connection)
   at Microsoft.Data.ProviderBase.DbConnectionPool.WaitForPendingOpen()
--- End of stack trace from previous location ---
   at Microsoft.EntityFrameworkCore.Storage.RelationalConnection.OpenInternalAsync(Boolean errorsExpected, CancellationToken cancellationToken)
   at Microsoft.EntityFrameworkCore.Storage.RelationalConnection.OpenInternalAsync(Boolean errorsExpected, CancellationToken cancellationToken)
   at Microsoft.EntityFrameworkCore.Storage.RelationalConnection.OpenAsync(CancellationToken cancellationToken, Boolean errorsExpected)
   at Microsoft.EntityFrameworkCore.Storage.RelationalCommand.ExecuteReaderAsync(RelationalCommandParameterObject parameterObject, CancellationToken cancellationToken)
   at Microsoft.EntityFrameworkCore.Query.Internal.SingleQueryingEnumerable`1.AsyncEnumerator.InitializeReaderAsync(AsyncEnumerator enumerator, CancellationToken cancellationToken)
   at Microsoft.EntityFrameworkCore.Storage.ExecutionStrategy.<>c__DisplayClass30_0`2.<<ExecuteAsync>b__0>d.MoveNext()
--- End of stack trace from previous location ---
   at Microsoft.EntityFrameworkCore.Storage.ExecutionStrategy.ExecuteImplementationAsync[TState,TResult](Func`4 operation, Func`4 verifySucceeded, TState state, CancellationToken cancellationToken)
   at Microsoft.EntityFrameworkCore.Storage.ExecutionStrategy.ExecuteImplementationAsync[TState,TResult](Func`4 operation, Func`4 verifySucceeded, TState state, CancellationToken cancellationToken)
   at Microsoft.EntityFrameworkCore.Storage.ExecutionStrategy.ExecuteAsync[TState,TResult](TState state, Func`4 operation, Func`4 verifySucceeded, CancellationToken cancellationToken)
   at Microsoft.EntityFrameworkCore.Query.Internal.SingleQueryingEnumerable`1.AsyncEnumerator.MoveNextAsync()
ClientConnectionId:00000000-0000-0000-0000-000000000000
Error Number:2,State:0,Class:20
Microsoft.Data.SqlClient.SqlException (0x80131904): A network-related or instance-specific error occurred while establishing a connection to SQL Server. The server was not found or was not accessible. Verify that the instance name is correct and that SQL Server is configured to allow remote connections. (provider: Named Pipes Provider, error: 40 - Could not open a connection to SQL Server)
 ---> System.ComponentModel.Win32Exception (2): El sistema no puede encontrar el archivo especificado.
   at Microsoft.Data.ProviderBase.DbConnectionPool.TryGetConnection(DbConnection owningObject, UInt32 waitForMultipleObjectsTimeout, Boolean allowCreate, Boolean onlyOneCheckConnection, DbConnectionOptions userOptions, DbConnectionInternal& connection)
   at Microsoft.Data.ProviderBase.DbConnectionPool.WaitForPendingOpen()
--- End of stack trace from previous location ---
   at Microsoft.EntityFrameworkCore.Storage.RelationalConnection.OpenInternalAsync(Boolean errorsExpected, CancellationToken cancellationToken)
   at Microsoft.EntityFrameworkCore.Storage.RelationalConnection.OpenInternalAsync(Boolean errorsExpected, CancellationToken cancellationToken)
   at Microsoft.EntityFrameworkCore.Storage.RelationalConnection.OpenAsync(CancellationToken cancellationToken, Boolean errorsExpected)
   at Microsoft.EntityFrameworkCore.Storage.RelationalCommand.ExecuteReaderAsync(RelationalCommandParameterObject parameterObject, CancellationToken cancellationToken)
   at Microsoft.EntityFrameworkCore.Query.Internal.SingleQueryingEnumerable`1.AsyncEnumerator.InitializeReaderAsync(AsyncEnumerator enumerator, CancellationToken cancellationToken)
   at Microsoft.EntityFrameworkCore.Storage.ExecutionStrategy.<>c__DisplayClass30_0`2.<<ExecuteAsync>b__0>d.MoveNext()
--- End of stack trace from previous location ---
   at Microsoft.EntityFrameworkCore.Storage.ExecutionStrategy.ExecuteImplementationAsync[TState,TResult](Func`4 operation, Func`4 verifySucceeded, TState state, CancellationToken cancellationToken)
   at Microsoft.EntityFrameworkCore.Storage.ExecutionStrategy.ExecuteImplementationAsync[TState,TResult](Func`4 operation, Func`4 verifySucceeded, TState state, CancellationToken cancellationToken)
   at Microsoft.EntityFrameworkCore.Storage.ExecutionStrategy.ExecuteAsync[TState,TResult](TState state, Func`4 operation, Func`4 verifySucceeded, CancellationToken cancellationToken)
   at Microsoft.EntityFrameworkCore.Query.Internal.SingleQueryingEnumerable`1.AsyncEnumerator.MoveNextAsync()
ClientConnectionId:00000000-0000-0000-0000-000000000000
Error Number:2,State:0,Class:20
2026-08-07 21:28:59.081 -06:00 [ERR] An exception occurred while iterating over the results of a query for context type 'Pos.Infrastructure.Persistence.PosDbContext'.
Microsoft.Data.SqlClient.SqlException (0x80131904): A network-related or instance-specific error occurred while establishing a connection to SQL Server. The server was not found or was not accessible. Verify that the instance name is correct and that SQL Server is configured to allow remote connections. (provider: Named Pipes Provider, error: 40 - Could not open a connection to SQL Server)
 ---> System.ComponentModel.Win32Exception (2): El sistema no puede encontrar el archivo especificado.
   at Microsoft.Data.ProviderBase.DbConnectionPool.TryGetConnection(DbConnection owningObject, UInt32 waitForMultipleObjectsTimeout, Boolean allowCreate, Boolean onlyOneCheckConnection, DbConnectionOptions userOptions, DbConnectionInternal& connection)
   at Microsoft.Data.ProviderBase.DbConnectionPool.WaitForPendingOpen()
--- End of stack trace from previous location ---
   at Microsoft.EntityFrameworkCore.Storage.RelationalConnection.OpenInternalAsync(Boolean errorsExpected, CancellationToken cancellationToken)
   at Microsoft.EntityFrameworkCore.Storage.RelationalConnection.OpenInternalAsync(Boolean errorsExpected, CancellationToken cancellationToken)
   at Microsoft.EntityFrameworkCore.Storage.RelationalConnection.OpenAsync(CancellationToken cancellationToken, Boolean errorsExpected)
   at Microsoft.EntityFrameworkCore.Storage.RelationalCommand.ExecuteReaderAsync(RelationalCommandParameterObject parameterObject, CancellationToken cancellationToken)
   at Microsoft.EntityFrameworkCore.Query.Internal.SingleQueryingEnumerable`1.AsyncEnumerator.InitializeReaderAsync(AsyncEnumerator enumerator, CancellationToken cancellationToken)
   at Microsoft.EntityFrameworkCore.Storage.ExecutionStrategy.<>c__DisplayClass30_0`2.<<ExecuteAsync>b__0>d.MoveNext()
--- End of stack trace from previous location ---
   at Microsoft.EntityFrameworkCore.Storage.ExecutionStrategy.ExecuteImplementationAsync[TState,TResult](Func`4 operation, Func`4 verifySucceeded, TState state, CancellationToken cancellationToken)
   at Microsoft.EntityFrameworkCore.Storage.ExecutionStrategy.ExecuteImplementationAsync[TState,TResult](Func`4 operation, Func`4 verifySucceeded, TState state, CancellationToken cancellationToken)
   at Microsoft.EntityFrameworkCore.Storage.ExecutionStrategy.ExecuteAsync[TState,TResult](TState state, Func`4 operation, Func`4 verifySucceeded, CancellationToken cancellationToken)
   at Microsoft.EntityFrameworkCore.Query.Internal.SingleQueryingEnumerable`1.AsyncEnumerator.MoveNextAsync()
ClientConnectionId:00000000-0000-0000-0000-000000000000
Error Number:2,State:0,Class:20
Microsoft.Data.SqlClient.SqlException (0x80131904): A network-related or instance-specific error occurred while establishing a connection to SQL Server. The server was not found or was not accessible. Verify that the instance name is correct and that SQL Server is configured to allow remote connections. (provider: Named Pipes Provider, error: 40 - Could not open a connection to SQL Server)
 ---> System.ComponentModel.Win32Exception (2): El sistema no puede encontrar el archivo especificado.
   at Microsoft.Data.ProviderBase.DbConnectionPool.TryGetConnection(DbConnection owningObject, UInt32 waitForMultipleObjectsTimeout, Boolean allowCreate, Boolean onlyOneCheckConnection, DbConnectionOptions userOptions, DbConnectionInternal& connection)
   at Microsoft.Data.ProviderBase.DbConnectionPool.WaitForPendingOpen()
--- End of stack trace from previous location ---
   at Microsoft.EntityFrameworkCore.Storage.RelationalConnection.OpenInternalAsync(Boolean errorsExpected, CancellationToken cancellationToken)
   at Microsoft.EntityFrameworkCore.Storage.RelationalConnection.OpenInternalAsync(Boolean errorsExpected, CancellationToken cancellationToken)
   at Microsoft.EntityFrameworkCore.Storage.RelationalConnection.OpenAsync(CancellationToken cancellationToken, Boolean errorsExpected)
   at Microsoft.EntityFrameworkCore.Storage.RelationalCommand.ExecuteReaderAsync(RelationalCommandParameterObject parameterObject, CancellationToken cancellationToken)
   at Microsoft.EntityFrameworkCore.Query.Internal.SingleQueryingEnumerable`1.AsyncEnumerator.InitializeReaderAsync(AsyncEnumerator enumerator, CancellationToken cancellationToken)
   at Microsoft.EntityFrameworkCore.Storage.ExecutionStrategy.<>c__DisplayClass30_0`2.<<ExecuteAsync>b__0>d.MoveNext()
--- End of stack trace from previous location ---
   at Microsoft.EntityFrameworkCore.Storage.ExecutionStrategy.ExecuteImplementationAsync[TState,TResult](Func`4 operation, Func`4 verifySucceeded, TState state, CancellationToken cancellationToken)
   at Microsoft.EntityFrameworkCore.Storage.ExecutionStrategy.ExecuteImplementationAsync[TState,TResult](Func`4 operation, Func`4 verifySucceeded, TState state, CancellationToken cancellationToken)
   at Microsoft.EntityFrameworkCore.Storage.ExecutionStrategy.ExecuteAsync[TState,TResult](TState state, Func`4 operation, Func`4 verifySucceeded, CancellationToken cancellationToken)
   at Microsoft.EntityFrameworkCore.Query.Internal.SingleQueryingEnumerable`1.AsyncEnumerator.MoveNextAsync()
ClientConnectionId:00000000-0000-0000-0000-000000000000
Error Number:2,State:0,Class:20
2026-08-07 21:28:59.095 -06:00 [INF] Executed action Pos.Api.Controllers.v1.ReportsController.GetSalesSummary (Pos.Api) in 20596.5084ms
2026-08-07 21:28:59.101 -06:00 [INF] Executed action Pos.Api.Controllers.v1.ReportsController.GetTopProducts (Pos.Api) in 20598.0971ms
2026-08-07 21:28:59.109 -06:00 [INF] Executed action Pos.Api.Controllers.v1.AuditController.GetLogs (Pos.Api) in 20604.1122ms
2026-08-07 21:28:59.117 -06:00 [INF] Executed action Pos.Api.Controllers.v1.ReportsController.GetInventorySummary (Pos.Api) in 20610.3157ms
2026-08-07 21:28:59.118 -06:00 [INF] Executed endpoint 'Pos.Api.Controllers.v1.ReportsController.GetSalesSummary (Pos.Api)'
2026-08-07 21:28:59.119 -06:00 [INF] Executed endpoint 'Pos.Api.Controllers.v1.ReportsController.GetTopProducts (Pos.Api)'
2026-08-07 21:28:59.120 -06:00 [INF] Executed endpoint 'Pos.Api.Controllers.v1.AuditController.GetLogs (Pos.Api)'
2026-08-07 21:28:59.122 -06:00 [INF] Executed endpoint 'Pos.Api.Controllers.v1.ReportsController.GetInventorySummary (Pos.Api)'
2026-08-07 21:28:59.123 -06:00 [ERR] Connection id "0HNNKV7C8AS64", Request id "0HNNKV7C8AS64:00000001": An unhandled exception was thrown by the application.
Microsoft.Data.SqlClient.SqlException (0x80131904): A network-related or instance-specific error occurred while establishing a connection to SQL Server. The server was not found or was not accessible. Verify that the instance name is correct and that SQL Server is configured to allow remote connections. (provider: Named Pipes Provider, error: 40 - Could not open a connection to SQL Server)
 ---> System.ComponentModel.Win32Exception (2): El sistema no puede encontrar el archivo especificado.
   at Microsoft.Data.SqlClient.SqlInternalConnection.OnError(SqlException exception, Boolean breakConnection, Action`1 wrapCloseInAction)
   at Microsoft.Data.SqlClient.TdsParser.ThrowExceptionAndWarning(TdsParserStateObject stateObj, Boolean callerHasConnectionLock, Boolean asyncClose)
   at Microsoft.Data.SqlClient.TdsParser.Connect(ServerInfo serverInfo, SqlInternalConnectionTds connHandler, Boolean ignoreSniOpenTimeout, Int64 timerExpire, SqlConnectionString connectionOptions, Boolean withFailover)
   at Microsoft.Data.SqlClient.SqlInternalConnectionTds.AttemptOneLogin(ServerInfo serverInfo, String newPassword, SecureString newSecurePassword, Boolean ignoreSniOpenTimeout, TimeoutTimer timeout, Boolean withFailover)
   at Microsoft.Data.SqlClient.SqlInternalConnectionTds.LoginNoFailover(ServerInfo serverInfo, String newPassword, SecureString newSecurePassword, Boolean redirectedUserInstance, SqlConnectionString connectionOptions, SqlCredential credential, TimeoutTimer timeout)
   at Microsoft.Data.SqlClient.SqlInternalConnectionTds.OpenLoginEnlist(TimeoutTimer timeout, SqlConnectionString connectionOptions, SqlCredential credential, String newPassword, SecureString newSecurePassword, Boolean redirectedUserInstance)
   at Microsoft.Data.SqlClient.SqlInternalConnectionTds..ctor(DbConnectionPoolIdentity identity, SqlConnectionString connectionOptions, SqlCredential credential, Object providerInfo, String newPassword, SecureString newSecurePassword, Boolean redirectedUserInstance, SqlConnectionString userConnectionOptions, SessionData reconnectSessionData, Boolean applyTransientFaultHandling, String accessToken, DbConnectionPool pool)
   at Microsoft.Data.SqlClient.SqlConnectionFactory.CreateConnection(DbConnectionOptions options, DbConnectionPoolKey poolKey, Object poolGroupProviderInfo, DbConnectionPool pool, DbConnection owningConnection, DbConnectionOptions userOptions)
   at Microsoft.Data.ProviderBase.DbConnectionFactory.CreatePooledConnection(DbConnectionPool pool, DbConnection owningObject, DbConnectionOptions options, DbConnectionPoolKey poolKey, DbConnectionOptions userOptions)
   at Microsoft.Data.ProviderBase.DbConnectionPool.CreateObject(DbConnection owningObject, DbConnectionOptions userOptions, DbConnectionInternal oldConnection)
   at Microsoft.Data.ProviderBase.DbConnectionPool.UserCreateRequest(DbConnection owningObject, DbConnectionOptions userOptions, DbConnectionInternal oldConnection)
   at Microsoft.Data.ProviderBase.DbConnectionPool.TryGetConnection(DbConnection owningObject, UInt32 waitForMultipleObjectsTimeout, Boolean allowCreate, Boolean onlyOneCheckConnection, DbConnectionOptions userOptions, DbConnectionInternal& connection)
   at Microsoft.Data.ProviderBase.DbConnectionPool.WaitForPendingOpen()
--- End of stack trace from previous location ---
   at Microsoft.EntityFrameworkCore.Storage.RelationalConnection.OpenInternalAsync(Boolean errorsExpected, CancellationToken cancellationToken)
   at Microsoft.EntityFrameworkCore.Storage.RelationalConnection.OpenInternalAsync(Boolean errorsExpected, CancellationToken cancellationToken)
   at Microsoft.EntityFrameworkCore.Storage.RelationalConnection.OpenAsync(CancellationToken cancellationToken, Boolean errorsExpected)
   at Microsoft.EntityFrameworkCore.Storage.RelationalCommand.ExecuteReaderAsync(RelationalCommandParameterObject parameterObject, CancellationToken cancellationToken)
   at Microsoft.EntityFrameworkCore.Query.Internal.SingleQueryingEnumerable`1.AsyncEnumerator.InitializeReaderAsync(AsyncEnumerator enumerator, CancellationToken cancellationToken)
   at Microsoft.EntityFrameworkCore.Storage.ExecutionStrategy.<>c__DisplayClass30_0`2.<<ExecuteAsync>b__0>d.MoveNext()
--- End of stack trace from previous location ---
   at Microsoft.EntityFrameworkCore.Storage.ExecutionStrategy.ExecuteImplementationAsync[TState,TResult](Func`4 operation, Func`4 verifySucceeded, TState state, CancellationToken cancellationToken)
   at Microsoft.EntityFrameworkCore.Storage.ExecutionStrategy.ExecuteImplementationAsync[TState,TResult](Func`4 operation, Func`4 verifySucceeded, TState state, CancellationToken cancellationToken)
   at Microsoft.EntityFrameworkCore.Storage.ExecutionStrategy.ExecuteAsync[TState,TResult](TState state, Func`4 operation, Func`4 verifySucceeded, CancellationToken cancellationToken)
   at Microsoft.EntityFrameworkCore.Query.Internal.SingleQueryingEnumerable`1.AsyncEnumerator.MoveNextAsync()
   at Microsoft.EntityFrameworkCore.EntityFrameworkQueryableExtensions.ToListAsync[TSource](IQueryable`1 source, CancellationToken cancellationToken)
   at Microsoft.EntityFrameworkCore.EntityFrameworkQueryableExtensions.ToListAsync[TSource](IQueryable`1 source, CancellationToken cancellationToken)
   at Pos.Infrastructure.Services.ReportingApplicationService.GetSalesSummaryReportAsync(Nullable`1 startDate, Nullable`1 endDate, CancellationToken cancellationToken) in D:\Proyecto_PDV-CDC\src\backend\Pos.Infrastructure\Services\ReportingApplicationService.cs:line 26
   at Pos.Api.Controllers.v1.ReportsController.GetSalesSummary(Nullable`1 startDate, Nullable`1 endDate, CancellationToken cancellationToken) in D:\Proyecto_PDV-CDC\src\backend\Pos.Api\Controllers\v1\ReportsController.cs:line 27
   at lambda_method1706(Closure, Object)
   at Microsoft.AspNetCore.Mvc.Infrastructure.ActionMethodExecutor.AwaitableObjectResultExecutor.Execute(ActionContext actionContext, IActionResultTypeMapper mapper, ObjectMethodExecutor executor, Object controller, Object[] arguments)
   at Microsoft.AspNetCore.Mvc.Infrastructure.ControllerActionInvoker.<InvokeActionMethodAsync>g__Awaited|12_0(ControllerActionInvoker invoker, ValueTask`1 actionResultValueTask)
   at Microsoft.AspNetCore.Mvc.Infrastructure.ControllerActionInvoker.<InvokeNextActionFilterAsync>g__Awaited|10_0(ControllerActionInvoker invoker, Task lastTask, State next, Scope scope, Object state, Boolean isCompleted)
   at Microsoft.AspNetCore.Mvc.Infrastructure.ControllerActionInvoker.Rethrow(ActionExecutedContextSealed context)
   at Microsoft.AspNetCore.Mvc.Infrastructure.ControllerActionInvoker.Next(State& next, Scope& scope, Object& state, Boolean& isCompleted)
   at Microsoft.AspNetCore.Mvc.Infrastructure.ControllerActionInvoker.<InvokeInnerFilterAsync>g__Awaited|13_0(ControllerActionInvoker invoker, Task lastTask, State next, Scope scope, Object state, Boolean isCompleted)
   at Microsoft.AspNetCore.Mvc.Infrastructure.ResourceInvoker.<InvokeFilterPipelineAsync>g__Awaited|20_0(ResourceInvoker invoker, Task lastTask, State next, Scope scope, Object state, Boolean isCompleted)
   at Microsoft.AspNetCore.Mvc.Infrastructure.ResourceInvoker.<InvokeAsync>g__Logged|17_1(ResourceInvoker invoker)
   at Microsoft.AspNetCore.Mvc.Infrastructure.ResourceInvoker.<InvokeAsync>g__Logged|17_1(ResourceInvoker invoker)
   at Microsoft.AspNetCore.Routing.EndpointMiddleware.<Invoke>g__AwaitRequestTask|7_0(Endpoint endpoint, Task requestTask, ILogger logger)
   at Microsoft.AspNetCore.Authorization.AuthorizationMiddleware.Invoke(HttpContext context)
   at Microsoft.AspNetCore.Authentication.AuthenticationMiddleware.Invoke(HttpContext context)
   at Pos.Api.Middleware.AuditMiddleware.InvokeAsync(HttpContext context, IServiceProvider serviceProvider) in D:\Proyecto_PDV-CDC\src\backend\Pos.Api\Middleware\AuditMiddleware.cs:line 32
   at Pos.Api.Middleware.SerilogAuthMiddleware.InvokeAsync(HttpContext context) in D:\Proyecto_PDV-CDC\src\backend\Pos.Api\Middleware\SerilogAuthMiddleware.cs:line 54
   at Microsoft.AspNetCore.Server.Kestrel.Core.Internal.Http.HttpProtocol.ProcessRequests[TContext](IHttpApplication`1 application)
ClientConnectionId:00000000-0000-0000-0000-000000000000
Error Number:2,State:0,Class:20
2026-08-07 21:28:59.124 -06:00 [ERR] Connection id "0HNNKV7C8AS65", Request id "0HNNKV7C8AS65:00000001": An unhandled exception was thrown by the application.
Microsoft.Data.SqlClient.SqlException (0x80131904): A network-related or instance-specific error occurred while establishing a connection to SQL Server. The server was not found or was not accessible. Verify that the instance name is correct and that SQL Server is configured to allow remote connections. (provider: Named Pipes Provider, error: 40 - Could not open a connection to SQL Server)
 ---> System.ComponentModel.Win32Exception (2): El sistema no puede encontrar el archivo especificado.
   at Microsoft.Data.ProviderBase.DbConnectionPool.TryGetConnection(DbConnection owningObject, UInt32 waitForMultipleObjectsTimeout, Boolean allowCreate, Boolean onlyOneCheckConnection, DbConnectionOptions userOptions, DbConnectionInternal& connection)
   at Microsoft.Data.ProviderBase.DbConnectionPool.WaitForPendingOpen()
--- End of stack trace from previous location ---
   at Microsoft.EntityFrameworkCore.Storage.RelationalConnection.OpenInternalAsync(Boolean errorsExpected, CancellationToken cancellationToken)
   at Microsoft.EntityFrameworkCore.Storage.RelationalConnection.OpenInternalAsync(Boolean errorsExpected, CancellationToken cancellationToken)
   at Microsoft.EntityFrameworkCore.Storage.RelationalConnection.OpenAsync(CancellationToken cancellationToken, Boolean errorsExpected)
   at Microsoft.EntityFrameworkCore.Storage.RelationalCommand.ExecuteReaderAsync(RelationalCommandParameterObject parameterObject, CancellationToken cancellationToken)
   at Microsoft.EntityFrameworkCore.Query.Internal.SingleQueryingEnumerable`1.AsyncEnumerator.InitializeReaderAsync(AsyncEnumerator enumerator, CancellationToken cancellationToken)
   at Microsoft.EntityFrameworkCore.Storage.ExecutionStrategy.<>c__DisplayClass30_0`2.<<ExecuteAsync>b__0>d.MoveNext()
--- End of stack trace from previous location ---
   at Microsoft.EntityFrameworkCore.Storage.ExecutionStrategy.ExecuteImplementationAsync[TState,TResult](Func`4 operation, Func`4 verifySucceeded, TState state, CancellationToken cancellationToken)
   at Microsoft.EntityFrameworkCore.Storage.ExecutionStrategy.ExecuteImplementationAsync[TState,TResult](Func`4 operation, Func`4 verifySucceeded, TState state, CancellationToken cancellationToken)
   at Microsoft.EntityFrameworkCore.Storage.ExecutionStrategy.ExecuteAsync[TState,TResult](TState state, Func`4 operation, Func`4 verifySucceeded, CancellationToken cancellationToken)
   at Microsoft.EntityFrameworkCore.Query.Internal.SingleQueryingEnumerable`1.AsyncEnumerator.MoveNextAsync()
   at Microsoft.EntityFrameworkCore.EntityFrameworkQueryableExtensions.ToListAsync[TSource](IQueryable`1 source, CancellationToken cancellationToken)
   at Microsoft.EntityFrameworkCore.EntityFrameworkQueryableExtensions.ToListAsync[TSource](IQueryable`1 source, CancellationToken cancellationToken)
   at Pos.Infrastructure.Services.ReportingApplicationService.GetTopSellingProductsReportAsync(Nullable`1 startDate, Nullable`1 endDate, Int32 top, CancellationToken cancellationToken) in D:\Proyecto_PDV-CDC\src\backend\Pos.Infrastructure\Services\ReportingApplicationService.cs:line 96
   at Pos.Api.Controllers.v1.ReportsController.GetTopProducts(Nullable`1 startDate, Nullable`1 endDate, Int32 top, CancellationToken cancellationToken) in D:\Proyecto_PDV-CDC\src\backend\Pos.Api\Controllers\v1\ReportsController.cs:line 46
   at lambda_method1729(Closure, Object)
   at Microsoft.AspNetCore.Mvc.Infrastructure.ActionMethodExecutor.AwaitableObjectResultExecutor.Execute(ActionContext actionContext, IActionResultTypeMapper mapper, ObjectMethodExecutor executor, Object controller, Object[] arguments)
   at Microsoft.AspNetCore.Mvc.Infrastructure.ControllerActionInvoker.<InvokeActionMethodAsync>g__Awaited|12_0(ControllerActionInvoker invoker, ValueTask`1 actionResultValueTask)
   at Microsoft.AspNetCore.Mvc.Infrastructure.ControllerActionInvoker.<InvokeNextActionFilterAsync>g__Awaited|10_0(ControllerActionInvoker invoker, Task lastTask, State next, Scope scope, Object state, Boolean isCompleted)
   at Microsoft.AspNetCore.Mvc.Infrastructure.ControllerActionInvoker.Rethrow(ActionExecutedContextSealed context)
   at Microsoft.AspNetCore.Mvc.Infrastructure.ControllerActionInvoker.Next(State& next, Scope& scope, Object& state, Boolean& isCompleted)
   at Microsoft.AspNetCore.Mvc.Infrastructure.ControllerActionInvoker.<InvokeInnerFilterAsync>g__Awaited|13_0(ControllerActionInvoker invoker, Task lastTask, State next, Scope scope, Object state, Boolean isCompleted)
   at Microsoft.AspNetCore.Mvc.Infrastructure.ResourceInvoker.<InvokeFilterPipelineAsync>g__Awaited|20_0(ResourceInvoker invoker, Task lastTask, State next, Scope scope, Object state, Boolean isCompleted)
   at Microsoft.AspNetCore.Mvc.Infrastructure.ResourceInvoker.<InvokeAsync>g__Logged|17_1(ResourceInvoker invoker)
   at Microsoft.AspNetCore.Mvc.Infrastructure.ResourceInvoker.<InvokeAsync>g__Logged|17_1(ResourceInvoker invoker)
   at Microsoft.AspNetCore.Routing.EndpointMiddleware.<Invoke>g__AwaitRequestTask|7_0(Endpoint endpoint, Task requestTask, ILogger logger)
   at Microsoft.AspNetCore.Authorization.AuthorizationMiddleware.Invoke(HttpContext context)
   at Microsoft.AspNetCore.Authentication.AuthenticationMiddleware.Invoke(HttpContext context)
   at Pos.Api.Middleware.AuditMiddleware.InvokeAsync(HttpContext context, IServiceProvider serviceProvider) in D:\Proyecto_PDV-CDC\src\backend\Pos.Api\Middleware\AuditMiddleware.cs:line 32
   at Pos.Api.Middleware.SerilogAuthMiddleware.InvokeAsync(HttpContext context) in D:\Proyecto_PDV-CDC\src\backend\Pos.Api\Middleware\SerilogAuthMiddleware.cs:line 54
   at Microsoft.AspNetCore.Server.Kestrel.Core.Internal.Http.HttpProtocol.ProcessRequests[TContext](IHttpApplication`1 application)
ClientConnectionId:00000000-0000-0000-0000-000000000000
Error Number:2,State:0,Class:20
2026-08-07 21:28:59.125 -06:00 [ERR] Connection id "0HNNKV7C8AS67", Request id "0HNNKV7C8AS67:00000001": An unhandled exception was thrown by the application.
Microsoft.Data.SqlClient.SqlException (0x80131904): A network-related or instance-specific error occurred while establishing a connection to SQL Server. The server was not found or was not accessible. Verify that the instance name is correct and that SQL Server is configured to allow remote connections. (provider: Named Pipes Provider, error: 40 - Could not open a connection to SQL Server)
 ---> System.ComponentModel.Win32Exception (2): El sistema no puede encontrar el archivo especificado.
   at Microsoft.Data.ProviderBase.DbConnectionPool.TryGetConnection(DbConnection owningObject, UInt32 waitForMultipleObjectsTimeout, Boolean allowCreate, Boolean onlyOneCheckConnection, DbConnectionOptions userOptions, DbConnectionInternal& connection)
   at Microsoft.Data.ProviderBase.DbConnectionPool.WaitForPendingOpen()
--- End of stack trace from previous location ---
   at Microsoft.EntityFrameworkCore.Storage.RelationalConnection.OpenInternalAsync(Boolean errorsExpected, CancellationToken cancellationToken)
   at Microsoft.EntityFrameworkCore.Storage.RelationalConnection.OpenInternalAsync(Boolean errorsExpected, CancellationToken cancellationToken)
   at Microsoft.EntityFrameworkCore.Storage.RelationalConnection.OpenAsync(CancellationToken cancellationToken, Boolean errorsExpected)
   at Microsoft.EntityFrameworkCore.Storage.RelationalCommand.ExecuteReaderAsync(RelationalCommandParameterObject parameterObject, CancellationToken cancellationToken)
   at Microsoft.EntityFrameworkCore.Query.Internal.SingleQueryingEnumerable`1.AsyncEnumerator.InitializeReaderAsync(AsyncEnumerator enumerator, CancellationToken cancellationToken)
   at Microsoft.EntityFrameworkCore.Storage.ExecutionStrategy.<>c__DisplayClass30_0`2.<<ExecuteAsync>b__0>d.MoveNext()
--- End of stack trace from previous location ---
   at Microsoft.EntityFrameworkCore.Storage.ExecutionStrategy.ExecuteImplementationAsync[TState,TResult](Func`4 operation, Func`4 verifySucceeded, TState state, CancellationToken cancellationToken)
   at Microsoft.EntityFrameworkCore.Storage.ExecutionStrategy.ExecuteImplementationAsync[TState,TResult](Func`4 operation, Func`4 verifySucceeded, TState state, CancellationToken cancellationToken)
   at Microsoft.EntityFrameworkCore.Storage.ExecutionStrategy.ExecuteAsync[TState,TResult](TState state, Func`4 operation, Func`4 verifySucceeded, CancellationToken cancellationToken)
   at Microsoft.EntityFrameworkCore.Query.Internal.SingleQueryingEnumerable`1.AsyncEnumerator.MoveNextAsync()
   at Microsoft.EntityFrameworkCore.EntityFrameworkQueryableExtensions.ToListAsync[TSource](IQueryable`1 source, CancellationToken cancellationToken)
   at Microsoft.EntityFrameworkCore.EntityFrameworkQueryableExtensions.ToListAsync[TSource](IQueryable`1 source, CancellationToken cancellationToken)
   at Pos.Infrastructure.Services.ReportingApplicationService.GetAuditLogsAsync(String correlationId, String userSearch, String action, Nullable`1 startDate, Nullable`1 endDate, CancellationToken cancellationToken) in D:\Proyecto_PDV-CDC\src\backend\Pos.Infrastructure\Services\ReportingApplicationService.cs:line 229
   at Pos.Api.Controllers.v1.AuditController.GetLogs(String correlationId, String user, String action, Nullable`1 startDate, Nullable`1 endDate, CancellationToken cancellationToken) in D:\Proyecto_PDV-CDC\src\backend\Pos.Api\Controllers\v1\AuditController.cs:line 32
   at lambda_method1722(Closure, Object)
   at Microsoft.AspNetCore.Mvc.Infrastructure.ActionMethodExecutor.AwaitableObjectResultExecutor.Execute(ActionContext actionContext, IActionResultTypeMapper mapper, ObjectMethodExecutor executor, Object controller, Object[] arguments)
   at Microsoft.AspNetCore.Mvc.Infrastructure.ControllerActionInvoker.<InvokeActionMethodAsync>g__Awaited|12_0(ControllerActionInvoker invoker, ValueTask`1 actionResultValueTask)
   at Microsoft.AspNetCore.Mvc.Infrastructure.ControllerActionInvoker.<InvokeNextActionFilterAsync>g__Awaited|10_0(ControllerActionInvoker invoker, Task lastTask, State next, Scope scope, Object state, Boolean isCompleted)
   at Microsoft.AspNetCore.Mvc.Infrastructure.ControllerActionInvoker.Rethrow(ActionExecutedContextSealed context)
   at Microsoft.AspNetCore.Mvc.Infrastructure.ControllerActionInvoker.Next(State& next, Scope& scope, Object& state, Boolean& isCompleted)
   at Microsoft.AspNetCore.Mvc.Infrastructure.ControllerActionInvoker.<InvokeInnerFilterAsync>g__Awaited|13_0(ControllerActionInvoker invoker, Task lastTask, State next, Scope scope, Object state, Boolean isCompleted)
   at Microsoft.AspNetCore.Mvc.Infrastructure.ResourceInvoker.<InvokeFilterPipelineAsync>g__Awaited|20_0(ResourceInvoker invoker, Task lastTask, State next, Scope scope, Object state, Boolean isCompleted)
   at Microsoft.AspNetCore.Mvc.Infrastructure.ResourceInvoker.<InvokeAsync>g__Logged|17_1(ResourceInvoker invoker)
   at Microsoft.AspNetCore.Mvc.Infrastructure.ResourceInvoker.<InvokeAsync>g__Logged|17_1(ResourceInvoker invoker)
   at Microsoft.AspNetCore.Routing.EndpointMiddleware.<Invoke>g__AwaitRequestTask|7_0(Endpoint endpoint, Task requestTask, ILogger logger)
   at Microsoft.AspNetCore.Authorization.AuthorizationMiddleware.Invoke(HttpContext context)
   at Microsoft.AspNetCore.Authentication.AuthenticationMiddleware.Invoke(HttpContext context)
   at Pos.Api.Middleware.AuditMiddleware.InvokeAsync(HttpContext context, IServiceProvider serviceProvider) in D:\Proyecto_PDV-CDC\src\backend\Pos.Api\Middleware\AuditMiddleware.cs:line 32
   at Pos.Api.Middleware.SerilogAuthMiddleware.InvokeAsync(HttpContext context) in D:\Proyecto_PDV-CDC\src\backend\Pos.Api\Middleware\SerilogAuthMiddleware.cs:line 54
   at Microsoft.AspNetCore.Server.Kestrel.Core.Internal.Http.HttpProtocol.ProcessRequests[TContext](IHttpApplication`1 application)
ClientConnectionId:00000000-0000-0000-0000-000000000000
Error Number:2,State:0,Class:20
2026-08-07 21:28:59.153 -06:00 [INF] Request finished HTTP/1.1 GET http://localhost:5000/api/v1/reports/sales-summary - 500 0 null 20667.9399ms
2026-08-07 21:28:59.126 -06:00 [ERR] Connection id "0HNNKV7C8AS66", Request id "0HNNKV7C8AS66:00000001": An unhandled exception was thrown by the application.
Microsoft.Data.SqlClient.SqlException (0x80131904): A network-related or instance-specific error occurred while establishing a connection to SQL Server. The server was not found or was not accessible. Verify that the instance name is correct and that SQL Server is configured to allow remote connections. (provider: Named Pipes Provider, error: 40 - Could not open a connection to SQL Server)
 ---> System.ComponentModel.Win32Exception (2): El sistema no puede encontrar el archivo especificado.
   at Microsoft.Data.ProviderBase.DbConnectionPool.TryGetConnection(DbConnection owningObject, UInt32 waitForMultipleObjectsTimeout, Boolean allowCreate, Boolean onlyOneCheckConnection, DbConnectionOptions userOptions, DbConnectionInternal& connection)
   at Microsoft.Data.ProviderBase.DbConnectionPool.WaitForPendingOpen()
--- End of stack trace from previous location ---
   at Microsoft.EntityFrameworkCore.Storage.RelationalConnection.OpenInternalAsync(Boolean errorsExpected, CancellationToken cancellationToken)
   at Microsoft.EntityFrameworkCore.Storage.RelationalConnection.OpenInternalAsync(Boolean errorsExpected, CancellationToken cancellationToken)
   at Microsoft.EntityFrameworkCore.Storage.RelationalConnection.OpenAsync(CancellationToken cancellationToken, Boolean errorsExpected)
   at Microsoft.EntityFrameworkCore.Storage.RelationalCommand.ExecuteReaderAsync(RelationalCommandParameterObject parameterObject, CancellationToken cancellationToken)
   at Microsoft.EntityFrameworkCore.Query.Internal.SingleQueryingEnumerable`1.AsyncEnumerator.InitializeReaderAsync(AsyncEnumerator enumerator, CancellationToken cancellationToken)
   at Microsoft.EntityFrameworkCore.Storage.ExecutionStrategy.<>c__DisplayClass30_0`2.<<ExecuteAsync>b__0>d.MoveNext()
--- End of stack trace from previous location ---
   at Microsoft.EntityFrameworkCore.Storage.ExecutionStrategy.ExecuteImplementationAsync[TState,TResult](Func`4 operation, Func`4 verifySucceeded, TState state, CancellationToken cancellationToken)
   at Microsoft.EntityFrameworkCore.Storage.ExecutionStrategy.ExecuteImplementationAsync[TState,TResult](Func`4 operation, Func`4 verifySucceeded, TState state, CancellationToken cancellationToken)
   at Microsoft.EntityFrameworkCore.Storage.ExecutionStrategy.ExecuteAsync[TState,TResult](TState state, Func`4 operation, Func`4 verifySucceeded, CancellationToken cancellationToken)
   at Microsoft.EntityFrameworkCore.Query.Internal.SingleQueryingEnumerable`1.AsyncEnumerator.MoveNextAsync()
   at Microsoft.EntityFrameworkCore.EntityFrameworkQueryableExtensions.ToListAsync[TSource](IQueryable`1 source, CancellationToken cancellationToken)
   at Microsoft.EntityFrameworkCore.EntityFrameworkQueryableExtensions.ToListAsync[TSource](IQueryable`1 source, CancellationToken cancellationToken)
   at Pos.Infrastructure.Services.ReportingApplicationService.GetInventorySummaryReportAsync(CancellationToken cancellationToken) in D:\Proyecto_PDV-CDC\src\backend\Pos.Infrastructure\Services\ReportingApplicationService.cs:line 168
   at Pos.Api.Controllers.v1.ReportsController.GetInventorySummary(CancellationToken cancellationToken) in D:\Proyecto_PDV-CDC\src\backend\Pos.Api\Controllers\v1\ReportsController.cs:line 59
   at lambda_method1714(Closure, Object)
   at Microsoft.AspNetCore.Mvc.Infrastructure.ActionMethodExecutor.AwaitableObjectResultExecutor.Execute(ActionContext actionContext, IActionResultTypeMapper mapper, ObjectMethodExecutor executor, Object controller, Object[] arguments)
   at Microsoft.AspNetCore.Mvc.Infrastructure.ControllerActionInvoker.<InvokeActionMethodAsync>g__Awaited|12_0(ControllerActionInvoker invoker, ValueTask`1 actionResultValueTask)
   at Microsoft.AspNetCore.Mvc.Infrastructure.ControllerActionInvoker.<InvokeNextActionFilterAsync>g__Awaited|10_0(ControllerActionInvoker invoker, Task lastTask, State next, Scope scope, Object state, Boolean isCompleted)
   at Microsoft.AspNetCore.Mvc.Infrastructure.ControllerActionInvoker.Rethrow(ActionExecutedContextSealed context)
   at Microsoft.AspNetCore.Mvc.Infrastructure.ControllerActionInvoker.Next(State& next, Scope& scope, Object& state, Boolean& isCompleted)
   at Microsoft.AspNetCore.Mvc.Infrastructure.ControllerActionInvoker.<InvokeInnerFilterAsync>g__Awaited|13_0(ControllerActionInvoker invoker, Task lastTask, State next, Scope scope, Object state, Boolean isCompleted)
   at Microsoft.AspNetCore.Mvc.Infrastructure.ResourceInvoker.<InvokeFilterPipelineAsync>g__Awaited|20_0(ResourceInvoker invoker, Task lastTask, State next, Scope scope, Object state, Boolean isCompleted)
   at Microsoft.AspNetCore.Mvc.Infrastructure.ResourceInvoker.<InvokeAsync>g__Logged|17_1(ResourceInvoker invoker)
   at Microsoft.AspNetCore.Mvc.Infrastructure.ResourceInvoker.<InvokeAsync>g__Logged|17_1(ResourceInvoker invoker)
   at Microsoft.AspNetCore.Routing.EndpointMiddleware.<Invoke>g__AwaitRequestTask|7_0(Endpoint endpoint, Task requestTask, ILogger logger)
   at Microsoft.AspNetCore.Authorization.AuthorizationMiddleware.Invoke(HttpContext context)
   at Microsoft.AspNetCore.Authentication.AuthenticationMiddleware.Invoke(HttpContext context)
   at Pos.Api.Middleware.AuditMiddleware.InvokeAsync(HttpContext context, IServiceProvider serviceProvider) in D:\Proyecto_PDV-CDC\src\backend\Pos.Api\Middleware\AuditMiddleware.cs:line 32
   at Pos.Api.Middleware.SerilogAuthMiddleware.InvokeAsync(HttpContext context) in D:\Proyecto_PDV-CDC\src\backend\Pos.Api\Middleware\SerilogAuthMiddleware.cs:line 54
   at Microsoft.AspNetCore.Server.Kestrel.Core.Internal.Http.HttpProtocol.ProcessRequests[TContext](IHttpApplication`1 application)
ClientConnectionId:00000000-0000-0000-0000-000000000000
Error Number:2,State:0,Class:20
2026-08-07 21:28:59.162 -06:00 [INF] Request starting HTTP/1.1 GET http://localhost:5000/api/v1/reports/inventory-summary - application/json null
2026-08-07 21:28:59.170 -06:00 [INF] Request finished HTTP/1.1 GET http://localhost:5000/api/v1/reports/top-products?top=10 - 500 0 null 20681.6904ms
2026-08-07 21:28:59.179 -06:00 [INF] Request starting HTTP/1.1 GET http://localhost:5000/api/v1/audit/logs - application/json null
2026-08-07 21:28:59.193 -06:00 [INF] Request finished HTTP/1.1 GET http://localhost:5000/api/v1/audit/logs - 500 0 null 20704.2369ms
2026-08-07 21:28:59.217 -06:00 [INF] Request finished HTTP/1.1 GET http://localhost:5000/api/v1/reports/inventory-summary - 500 0 null 20728.051ms
2026-08-07 21:28:59.217 -06:00 [INF] Executing endpoint 'Pos.Api.Controllers.v1.ReportsController.GetInventorySummary (Pos.Api)'
2026-08-07 21:28:59.225 -06:00 [INF] Executing endpoint 'Pos.Api.Controllers.v1.AuditController.GetLogs (Pos.Api)'
2026-08-07 21:28:59.233 -06:00 [INF] Route matched with {action = "GetInventorySummary", controller = "Reports"}. Executing controller action with signature System.Threading.Tasks.Task`1[Microsoft.AspNetCore.Mvc.ActionResult`1[Pos.Application.Reporting.DTOs.InventorySummaryReportDto]] GetInventorySummary(System.Threading.CancellationToken) on controller Pos.Api.Controllers.v1.ReportsController (Pos.Api).
2026-08-07 21:28:59.234 -06:00 [INF] Route matched with {action = "GetLogs", controller = "Audit"}. Executing controller action with signature System.Threading.Tasks.Task`1[Microsoft.AspNetCore.Mvc.ActionResult`1[System.Collections.Generic.List`1[Pos.Application.Reporting.DTOs.AuditLogDto]]] GetLogs(System.String, System.String, System.String, System.Nullable`1[System.DateTime], System.Nullable`1[System.DateTime], System.Threading.CancellationToken) on controller Pos.Api.Controllers.v1.AuditController (Pos.Api).
2026-08-07 21:29:19.113 -06:00 [ERR] An error occurred using the connection to database 'PosLambrinDb' on server 'AAM'.
2026-08-07 21:29:19.113 -06:00 [ERR] An error occurred using the connection to database 'PosLambrinDb' on server 'AAM'.
2026-08-07 21:29:19.113 -06:00 [ERR] An error occurred using the connection to database 'PosLambrinDb' on server 'AAM'.
2026-08-07 21:29:19.113 -06:00 [ERR] An error occurred using the connection to database 'PosLambrinDb' on server 'AAM'.
2026-08-07 21:29:19.116 -06:00 [ERR] An exception occurred while iterating over the results of a query for context type 'Pos.Infrastructure.Persistence.PosDbContext'.
Microsoft.Data.SqlClient.SqlException (0x80131904): A network-related or instance-specific error occurred while establishing a connection to SQL Server. The server was not found or was not accessible. Verify that the instance name is correct and that SQL Server is configured to allow remote connections. (provider: Named Pipes Provider, error: 40 - Could not open a connection to SQL Server)
 ---> System.ComponentModel.Win32Exception (2): El sistema no puede encontrar el archivo especificado.
   at Microsoft.Data.SqlClient.SqlInternalConnection.OnError(SqlException exception, Boolean breakConnection, Action`1 wrapCloseInAction)
   at Microsoft.Data.SqlClient.TdsParser.ThrowExceptionAndWarning(TdsParserStateObject stateObj, Boolean callerHasConnectionLock, Boolean asyncClose)
   at Microsoft.Data.SqlClient.TdsParser.Connect(ServerInfo serverInfo, SqlInternalConnectionTds connHandler, Boolean ignoreSniOpenTimeout, Int64 timerExpire, SqlConnectionString connectionOptions, Boolean withFailover)
   at Microsoft.Data.SqlClient.SqlInternalConnectionTds.AttemptOneLogin(ServerInfo serverInfo, String newPassword, SecureString newSecurePassword, Boolean ignoreSniOpenTimeout, TimeoutTimer timeout, Boolean withFailover)
   at Microsoft.Data.SqlClient.SqlInternalConnectionTds.LoginNoFailover(ServerInfo serverInfo, String newPassword, SecureString newSecurePassword, Boolean redirectedUserInstance, SqlConnectionString connectionOptions, SqlCredential credential, TimeoutTimer timeout)
   at Microsoft.Data.SqlClient.SqlInternalConnectionTds.OpenLoginEnlist(TimeoutTimer timeout, SqlConnectionString connectionOptions, SqlCredential credential, String newPassword, SecureString newSecurePassword, Boolean redirectedUserInstance)
   at Microsoft.Data.SqlClient.SqlInternalConnectionTds..ctor(DbConnectionPoolIdentity identity, SqlConnectionString connectionOptions, SqlCredential credential, Object providerInfo, String newPassword, SecureString newSecurePassword, Boolean redirectedUserInstance, SqlConnectionString userConnectionOptions, SessionData reconnectSessionData, Boolean applyTransientFaultHandling, String accessToken, DbConnectionPool pool)
   at Microsoft.Data.SqlClient.SqlConnectionFactory.CreateConnection(DbConnectionOptions options, DbConnectionPoolKey poolKey, Object poolGroupProviderInfo, DbConnectionPool pool, DbConnection owningConnection, DbConnectionOptions userOptions)
   at Microsoft.Data.ProviderBase.DbConnectionFactory.CreatePooledConnection(DbConnectionPool pool, DbConnection owningObject, DbConnectionOptions options, DbConnectionPoolKey poolKey, DbConnectionOptions userOptions)
   at Microsoft.Data.ProviderBase.DbConnectionPool.CreateObject(DbConnection owningObject, DbConnectionOptions userOptions, DbConnectionInternal oldConnection)
   at Microsoft.Data.ProviderBase.DbConnectionPool.UserCreateRequest(DbConnection owningObject, DbConnectionOptions userOptions, DbConnectionInternal oldConnection)
   at Microsoft.Data.ProviderBase.DbConnectionPool.TryGetConnection(DbConnection owningObject, UInt32 waitForMultipleObjectsTimeout, Boolean allowCreate, Boolean onlyOneCheckConnection, DbConnectionOptions userOptions, DbConnectionInternal& connection)
   at Microsoft.Data.ProviderBase.DbConnectionPool.WaitForPendingOpen()
--- End of stack trace from previous location ---
   at Microsoft.EntityFrameworkCore.Storage.RelationalConnection.OpenInternalAsync(Boolean errorsExpected, CancellationToken cancellationToken)
   at Microsoft.EntityFrameworkCore.Storage.RelationalConnection.OpenInternalAsync(Boolean errorsExpected, CancellationToken cancellationToken)
   at Microsoft.EntityFrameworkCore.Storage.RelationalConnection.OpenAsync(CancellationToken cancellationToken, Boolean errorsExpected)
   at Microsoft.EntityFrameworkCore.Storage.RelationalCommand.ExecuteReaderAsync(RelationalCommandParameterObject parameterObject, CancellationToken cancellationToken)
   at Microsoft.EntityFrameworkCore.Query.Internal.SingleQueryingEnumerable`1.AsyncEnumerator.InitializeReaderAsync(AsyncEnumerator enumerator, CancellationToken cancellationToken)
   at Microsoft.EntityFrameworkCore.Storage.ExecutionStrategy.<>c__DisplayClass30_0`2.<<ExecuteAsync>b__0>d.MoveNext()
--- End of stack trace from previous location ---
   at Microsoft.EntityFrameworkCore.Storage.ExecutionStrategy.ExecuteImplementationAsync[TState,TResult](Func`4 operation, Func`4 verifySucceeded, TState state, CancellationToken cancellationToken)
   at Microsoft.EntityFrameworkCore.Storage.ExecutionStrategy.ExecuteImplementationAsync[TState,TResult](Func`4 operation, Func`4 verifySucceeded, TState state, CancellationToken cancellationToken)
   at Microsoft.EntityFrameworkCore.Storage.ExecutionStrategy.ExecuteAsync[TState,TResult](TState state, Func`4 operation, Func`4 verifySucceeded, CancellationToken cancellationToken)
   at Microsoft.EntityFrameworkCore.Query.Internal.SingleQueryingEnumerable`1.AsyncEnumerator.MoveNextAsync()
ClientConnectionId:00000000-0000-0000-0000-000000000000
Error Number:2,State:0,Class:20
Microsoft.Data.SqlClient.SqlException (0x80131904): A network-related or instance-specific error occurred while establishing a connection to SQL Server. The server was not found or was not accessible. Verify that the instance name is correct and that SQL Server is configured to allow remote connections. (provider: Named Pipes Provider, error: 40 - Could not open a connection to SQL Server)
 ---> System.ComponentModel.Win32Exception (2): El sistema no puede encontrar el archivo especificado.
   at Microsoft.Data.SqlClient.SqlInternalConnection.OnError(SqlException exception, Boolean breakConnection, Action`1 wrapCloseInAction)
   at Microsoft.Data.SqlClient.TdsParser.ThrowExceptionAndWarning(TdsParserStateObject stateObj, Boolean callerHasConnectionLock, Boolean asyncClose)
   at Microsoft.Data.SqlClient.TdsParser.Connect(ServerInfo serverInfo, SqlInternalConnectionTds connHandler, Boolean ignoreSniOpenTimeout, Int64 timerExpire, SqlConnectionString connectionOptions, Boolean withFailover)
   at Microsoft.Data.SqlClient.SqlInternalConnectionTds.AttemptOneLogin(ServerInfo serverInfo, String newPassword, SecureString newSecurePassword, Boolean ignoreSniOpenTimeout, TimeoutTimer timeout, Boolean withFailover)
   at Microsoft.Data.SqlClient.SqlInternalConnectionTds.LoginNoFailover(ServerInfo serverInfo, String newPassword, SecureString newSecurePassword, Boolean redirectedUserInstance, SqlConnectionString connectionOptions, SqlCredential credential, TimeoutTimer timeout)
   at Microsoft.Data.SqlClient.SqlInternalConnectionTds.OpenLoginEnlist(TimeoutTimer timeout, SqlConnectionString connectionOptions, SqlCredential credential, String newPassword, SecureString newSecurePassword, Boolean redirectedUserInstance)
   at Microsoft.Data.SqlClient.SqlInternalConnectionTds..ctor(DbConnectionPoolIdentity identity, SqlConnectionString connectionOptions, SqlCredential credential, Object providerInfo, String newPassword, SecureString newSecurePassword, Boolean redirectedUserInstance, SqlConnectionString userConnectionOptions, SessionData reconnectSessionData, Boolean applyTransientFaultHandling, String accessToken, DbConnectionPool pool)
   at Microsoft.Data.SqlClient.SqlConnectionFactory.CreateConnection(DbConnectionOptions options, DbConnectionPoolKey poolKey, Object poolGroupProviderInfo, DbConnectionPool pool, DbConnection owningConnection, DbConnectionOptions userOptions)
   at Microsoft.Data.ProviderBase.DbConnectionFactory.CreatePooledConnection(DbConnectionPool pool, DbConnection owningObject, DbConnectionOptions options, DbConnectionPoolKey poolKey, DbConnectionOptions userOptions)
   at Microsoft.Data.ProviderBase.DbConnectionPool.CreateObject(DbConnection owningObject, DbConnectionOptions userOptions, DbConnectionInternal oldConnection)
   at Microsoft.Data.ProviderBase.DbConnectionPool.UserCreateRequest(DbConnection owningObject, DbConnectionOptions userOptions, DbConnectionInternal oldConnection)
   at Microsoft.Data.ProviderBase.DbConnectionPool.TryGetConnection(DbConnection owningObject, UInt32 waitForMultipleObjectsTimeout, Boolean allowCreate, Boolean onlyOneCheckConnection, DbConnectionOptions userOptions, DbConnectionInternal& connection)
   at Microsoft.Data.ProviderBase.DbConnectionPool.WaitForPendingOpen()
--- End of stack trace from previous location ---
   at Microsoft.EntityFrameworkCore.Storage.RelationalConnection.OpenInternalAsync(Boolean errorsExpected, CancellationToken cancellationToken)
   at Microsoft.EntityFrameworkCore.Storage.RelationalConnection.OpenInternalAsync(Boolean errorsExpected, CancellationToken cancellationToken)
   at Microsoft.EntityFrameworkCore.Storage.RelationalConnection.OpenAsync(CancellationToken cancellationToken, Boolean errorsExpected)
   at Microsoft.EntityFrameworkCore.Storage.RelationalCommand.ExecuteReaderAsync(RelationalCommandParameterObject parameterObject, CancellationToken cancellationToken)
   at Microsoft.EntityFrameworkCore.Query.Internal.SingleQueryingEnumerable`1.AsyncEnumerator.InitializeReaderAsync(AsyncEnumerator enumerator, CancellationToken cancellationToken)
   at Microsoft.EntityFrameworkCore.Storage.ExecutionStrategy.<>c__DisplayClass30_0`2.<<ExecuteAsync>b__0>d.MoveNext()
--- End of stack trace from previous location ---
   at Microsoft.EntityFrameworkCore.Storage.ExecutionStrategy.ExecuteImplementationAsync[TState,TResult](Func`4 operation, Func`4 verifySucceeded, TState state, CancellationToken cancellationToken)
   at Microsoft.EntityFrameworkCore.Storage.ExecutionStrategy.ExecuteImplementationAsync[TState,TResult](Func`4 operation, Func`4 verifySucceeded, TState state, CancellationToken cancellationToken)
   at Microsoft.EntityFrameworkCore.Storage.ExecutionStrategy.ExecuteAsync[TState,TResult](TState state, Func`4 operation, Func`4 verifySucceeded, CancellationToken cancellationToken)
   at Microsoft.EntityFrameworkCore.Query.Internal.SingleQueryingEnumerable`1.AsyncEnumerator.MoveNextAsync()
ClientConnectionId:00000000-0000-0000-0000-000000000000
Error Number:2,State:0,Class:20
2026-08-07 21:29:19.117 -06:00 [ERR] An exception occurred while iterating over the results of a query for context type 'Pos.Infrastructure.Persistence.PosDbContext'.
Microsoft.Data.SqlClient.SqlException (0x80131904): A network-related or instance-specific error occurred while establishing a connection to SQL Server. The server was not found or was not accessible. Verify that the instance name is correct and that SQL Server is configured to allow remote connections. (provider: Named Pipes Provider, error: 40 - Could not open a connection to SQL Server)
 ---> System.ComponentModel.Win32Exception (2): El sistema no puede encontrar el archivo especificado.
   at Microsoft.Data.ProviderBase.DbConnectionPool.TryGetConnection(DbConnection owningObject, UInt32 waitForMultipleObjectsTimeout, Boolean allowCreate, Boolean onlyOneCheckConnection, DbConnectionOptions userOptions, DbConnectionInternal& connection)
   at Microsoft.Data.ProviderBase.DbConnectionPool.WaitForPendingOpen()
--- End of stack trace from previous location ---
   at Microsoft.EntityFrameworkCore.Storage.RelationalConnection.OpenInternalAsync(Boolean errorsExpected, CancellationToken cancellationToken)
   at Microsoft.EntityFrameworkCore.Storage.RelationalConnection.OpenInternalAsync(Boolean errorsExpected, CancellationToken cancellationToken)
   at Microsoft.EntityFrameworkCore.Storage.RelationalConnection.OpenAsync(CancellationToken cancellationToken, Boolean errorsExpected)
   at Microsoft.EntityFrameworkCore.Storage.RelationalCommand.ExecuteReaderAsync(RelationalCommandParameterObject parameterObject, CancellationToken cancellationToken)
   at Microsoft.EntityFrameworkCore.Query.Internal.SingleQueryingEnumerable`1.AsyncEnumerator.InitializeReaderAsync(AsyncEnumerator enumerator, CancellationToken cancellationToken)
   at Microsoft.EntityFrameworkCore.Storage.ExecutionStrategy.<>c__DisplayClass30_0`2.<<ExecuteAsync>b__0>d.MoveNext()
--- End of stack trace from previous location ---
   at Microsoft.EntityFrameworkCore.Storage.ExecutionStrategy.ExecuteImplementationAsync[TState,TResult](Func`4 operation, Func`4 verifySucceeded, TState state, CancellationToken cancellationToken)
   at Microsoft.EntityFrameworkCore.Storage.ExecutionStrategy.ExecuteImplementationAsync[TState,TResult](Func`4 operation, Func`4 verifySucceeded, TState state, CancellationToken cancellationToken)
   at Microsoft.EntityFrameworkCore.Storage.ExecutionStrategy.ExecuteAsync[TState,TResult](TState state, Func`4 operation, Func`4 verifySucceeded, CancellationToken cancellationToken)
   at Microsoft.EntityFrameworkCore.Query.Internal.SingleQueryingEnumerable`1.AsyncEnumerator.MoveNextAsync()
ClientConnectionId:00000000-0000-0000-0000-000000000000
Error Number:2,State:0,Class:20
Microsoft.Data.SqlClient.SqlException (0x80131904): A network-related or instance-specific error occurred while establishing a connection to SQL Server. The server was not found or was not accessible. Verify that the instance name is correct and that SQL Server is configured to allow remote connections. (provider: Named Pipes Provider, error: 40 - Could not open a connection to SQL Server)
 ---> System.ComponentModel.Win32Exception (2): El sistema no puede encontrar el archivo especificado.
   at Microsoft.Data.ProviderBase.DbConnectionPool.TryGetConnection(DbConnection owningObject, UInt32 waitForMultipleObjectsTimeout, Boolean allowCreate, Boolean onlyOneCheckConnection, DbConnectionOptions userOptions, DbConnectionInternal& connection)
   at Microsoft.Data.ProviderBase.DbConnectionPool.WaitForPendingOpen()
--- End of stack trace from previous location ---
   at Microsoft.EntityFrameworkCore.Storage.RelationalConnection.OpenInternalAsync(Boolean errorsExpected, CancellationToken cancellationToken)
   at Microsoft.EntityFrameworkCore.Storage.RelationalConnection.OpenInternalAsync(Boolean errorsExpected, CancellationToken cancellationToken)
   at Microsoft.EntityFrameworkCore.Storage.RelationalConnection.OpenAsync(CancellationToken cancellationToken, Boolean errorsExpected)
   at Microsoft.EntityFrameworkCore.Storage.RelationalCommand.ExecuteReaderAsync(RelationalCommandParameterObject parameterObject, CancellationToken cancellationToken)
   at Microsoft.EntityFrameworkCore.Query.Internal.SingleQueryingEnumerable`1.AsyncEnumerator.InitializeReaderAsync(AsyncEnumerator enumerator, CancellationToken cancellationToken)
   at Microsoft.EntityFrameworkCore.Storage.ExecutionStrategy.<>c__DisplayClass30_0`2.<<ExecuteAsync>b__0>d.MoveNext()
--- End of stack trace from previous location ---
   at Microsoft.EntityFrameworkCore.Storage.ExecutionStrategy.ExecuteImplementationAsync[TState,TResult](Func`4 operation, Func`4 verifySucceeded, TState state, CancellationToken cancellationToken)
   at Microsoft.EntityFrameworkCore.Storage.ExecutionStrategy.ExecuteImplementationAsync[TState,TResult](Func`4 operation, Func`4 verifySucceeded, TState state, CancellationToken cancellationToken)
   at Microsoft.EntityFrameworkCore.Storage.ExecutionStrategy.ExecuteAsync[TState,TResult](TState state, Func`4 operation, Func`4 verifySucceeded, CancellationToken cancellationToken)
   at Microsoft.EntityFrameworkCore.Query.Internal.SingleQueryingEnumerable`1.AsyncEnumerator.MoveNextAsync()
ClientConnectionId:00000000-0000-0000-0000-000000000000
Error Number:2,State:0,Class:20
2026-08-07 21:29:19.119 -06:00 [ERR] An exception occurred while iterating over the results of a query for context type 'Pos.Infrastructure.Persistence.PosDbContext'.
Microsoft.Data.SqlClient.SqlException (0x80131904): A network-related or instance-specific error occurred while establishing a connection to SQL Server. The server was not found or was not accessible. Verify that the instance name is correct and that SQL Server is configured to allow remote connections. (provider: Named Pipes Provider, error: 40 - Could not open a connection to SQL Server)
 ---> System.ComponentModel.Win32Exception (2): El sistema no puede encontrar el archivo especificado.
   at Microsoft.Data.ProviderBase.DbConnectionPool.TryGetConnection(DbConnection owningObject, UInt32 waitForMultipleObjectsTimeout, Boolean allowCreate, Boolean onlyOneCheckConnection, DbConnectionOptions userOptions, DbConnectionInternal& connection)
   at Microsoft.Data.ProviderBase.DbConnectionPool.WaitForPendingOpen()
--- End of stack trace from previous location ---
   at Microsoft.EntityFrameworkCore.Storage.RelationalConnection.OpenInternalAsync(Boolean errorsExpected, CancellationToken cancellationToken)
   at Microsoft.EntityFrameworkCore.Storage.RelationalConnection.OpenInternalAsync(Boolean errorsExpected, CancellationToken cancellationToken)
   at Microsoft.EntityFrameworkCore.Storage.RelationalConnection.OpenAsync(CancellationToken cancellationToken, Boolean errorsExpected)
   at Microsoft.EntityFrameworkCore.Storage.RelationalCommand.ExecuteReaderAsync(RelationalCommandParameterObject parameterObject, CancellationToken cancellationToken)
   at Microsoft.EntityFrameworkCore.Query.Internal.SingleQueryingEnumerable`1.AsyncEnumerator.InitializeReaderAsync(AsyncEnumerator enumerator, CancellationToken cancellationToken)
   at Microsoft.EntityFrameworkCore.Storage.ExecutionStrategy.<>c__DisplayClass30_0`2.<<ExecuteAsync>b__0>d.MoveNext()
--- End of stack trace from previous location ---
   at Microsoft.EntityFrameworkCore.Storage.ExecutionStrategy.ExecuteImplementationAsync[TState,TResult](Func`4 operation, Func`4 verifySucceeded, TState state, CancellationToken cancellationToken)
   at Microsoft.EntityFrameworkCore.Storage.ExecutionStrategy.ExecuteImplementationAsync[TState,TResult](Func`4 operation, Func`4 verifySucceeded, TState state, CancellationToken cancellationToken)
   at Microsoft.EntityFrameworkCore.Storage.ExecutionStrategy.ExecuteAsync[TState,TResult](TState state, Func`4 operation, Func`4 verifySucceeded, CancellationToken cancellationToken)
   at Microsoft.EntityFrameworkCore.Query.Internal.SingleQueryingEnumerable`1.AsyncEnumerator.MoveNextAsync()
ClientConnectionId:00000000-0000-0000-0000-000000000000
Error Number:2,State:0,Class:20
Microsoft.Data.SqlClient.SqlException (0x80131904): A network-related or instance-specific error occurred while establishing a connection to SQL Server. The server was not found or was not accessible. Verify that the instance name is correct and that SQL Server is configured to allow remote connections. (provider: Named Pipes Provider, error: 40 - Could not open a connection to SQL Server)
 ---> System.ComponentModel.Win32Exception (2): El sistema no puede encontrar el archivo especificado.
   at Microsoft.Data.ProviderBase.DbConnectionPool.TryGetConnection(DbConnection owningObject, UInt32 waitForMultipleObjectsTimeout, Boolean allowCreate, Boolean onlyOneCheckConnection, DbConnectionOptions userOptions, DbConnectionInternal& connection)
   at Microsoft.Data.ProviderBase.DbConnectionPool.WaitForPendingOpen()
--- End of stack trace from previous location ---
   at Microsoft.EntityFrameworkCore.Storage.RelationalConnection.OpenInternalAsync(Boolean errorsExpected, CancellationToken cancellationToken)
   at Microsoft.EntityFrameworkCore.Storage.RelationalConnection.OpenInternalAsync(Boolean errorsExpected, CancellationToken cancellationToken)
   at Microsoft.EntityFrameworkCore.Storage.RelationalConnection.OpenAsync(CancellationToken cancellationToken, Boolean errorsExpected)
   at Microsoft.EntityFrameworkCore.Storage.RelationalCommand.ExecuteReaderAsync(RelationalCommandParameterObject parameterObject, CancellationToken cancellationToken)
   at Microsoft.EntityFrameworkCore.Query.Internal.SingleQueryingEnumerable`1.AsyncEnumerator.InitializeReaderAsync(AsyncEnumerator enumerator, CancellationToken cancellationToken)
   at Microsoft.EntityFrameworkCore.Storage.ExecutionStrategy.<>c__DisplayClass30_0`2.<<ExecuteAsync>b__0>d.MoveNext()
--- End of stack trace from previous location ---
   at Microsoft.EntityFrameworkCore.Storage.ExecutionStrategy.ExecuteImplementationAsync[TState,TResult](Func`4 operation, Func`4 verifySucceeded, TState state, CancellationToken cancellationToken)
   at Microsoft.EntityFrameworkCore.Storage.ExecutionStrategy.ExecuteImplementationAsync[TState,TResult](Func`4 operation, Func`4 verifySucceeded, TState state, CancellationToken cancellationToken)
   at Microsoft.EntityFrameworkCore.Storage.ExecutionStrategy.ExecuteAsync[TState,TResult](TState state, Func`4 operation, Func`4 verifySucceeded, CancellationToken cancellationToken)
   at Microsoft.EntityFrameworkCore.Query.Internal.SingleQueryingEnumerable`1.AsyncEnumerator.MoveNextAsync()
ClientConnectionId:00000000-0000-0000-0000-000000000000
Error Number:2,State:0,Class:20
2026-08-07 21:29:19.121 -06:00 [ERR] An exception occurred while iterating over the results of a query for context type 'Pos.Infrastructure.Persistence.PosDbContext'.
Microsoft.Data.SqlClient.SqlException (0x80131904): A network-related or instance-specific error occurred while establishing a connection to SQL Server. The server was not found or was not accessible. Verify that the instance name is correct and that SQL Server is configured to allow remote connections. (provider: Named Pipes Provider, error: 40 - Could not open a connection to SQL Server)
 ---> System.ComponentModel.Win32Exception (2): El sistema no puede encontrar el archivo especificado.
   at Microsoft.Data.ProviderBase.DbConnectionPool.TryGetConnection(DbConnection owningObject, UInt32 waitForMultipleObjectsTimeout, Boolean allowCreate, Boolean onlyOneCheckConnection, DbConnectionOptions userOptions, DbConnectionInternal& connection)
   at Microsoft.Data.ProviderBase.DbConnectionPool.WaitForPendingOpen()
--- End of stack trace from previous location ---
   at Microsoft.EntityFrameworkCore.Storage.RelationalConnection.OpenInternalAsync(Boolean errorsExpected, CancellationToken cancellationToken)
   at Microsoft.EntityFrameworkCore.Storage.RelationalConnection.OpenInternalAsync(Boolean errorsExpected, CancellationToken cancellationToken)
   at Microsoft.EntityFrameworkCore.Storage.RelationalConnection.OpenAsync(CancellationToken cancellationToken, Boolean errorsExpected)
   at Microsoft.EntityFrameworkCore.Storage.RelationalCommand.ExecuteReaderAsync(RelationalCommandParameterObject parameterObject, CancellationToken cancellationToken)
   at Microsoft.EntityFrameworkCore.Query.Internal.SingleQueryingEnumerable`1.AsyncEnumerator.InitializeReaderAsync(AsyncEnumerator enumerator, CancellationToken cancellationToken)
   at Microsoft.EntityFrameworkCore.Storage.ExecutionStrategy.<>c__DisplayClass30_0`2.<<ExecuteAsync>b__0>d.MoveNext()
--- End of stack trace from previous location ---
   at Microsoft.EntityFrameworkCore.Storage.ExecutionStrategy.ExecuteImplementationAsync[TState,TResult](Func`4 operation, Func`4 verifySucceeded, TState state, CancellationToken cancellationToken)
   at Microsoft.EntityFrameworkCore.Storage.ExecutionStrategy.ExecuteImplementationAsync[TState,TResult](Func`4 operation, Func`4 verifySucceeded, TState state, CancellationToken cancellationToken)
   at Microsoft.EntityFrameworkCore.Storage.ExecutionStrategy.ExecuteAsync[TState,TResult](TState state, Func`4 operation, Func`4 verifySucceeded, CancellationToken cancellationToken)
   at Microsoft.EntityFrameworkCore.Query.Internal.SingleQueryingEnumerable`1.AsyncEnumerator.MoveNextAsync()
ClientConnectionId:00000000-0000-0000-0000-000000000000
Error Number:2,State:0,Class:20
Microsoft.Data.SqlClient.SqlException (0x80131904): A network-related or instance-specific error occurred while establishing a connection to SQL Server. The server was not found or was not accessible. Verify that the instance name is correct and that SQL Server is configured to allow remote connections. (provider: Named Pipes Provider, error: 40 - Could not open a connection to SQL Server)
 ---> System.ComponentModel.Win32Exception (2): El sistema no puede encontrar el archivo especificado.
   at Microsoft.Data.ProviderBase.DbConnectionPool.TryGetConnection(DbConnection owningObject, UInt32 waitForMultipleObjectsTimeout, Boolean allowCreate, Boolean onlyOneCheckConnection, DbConnectionOptions userOptions, DbConnectionInternal& connection)
   at Microsoft.Data.ProviderBase.DbConnectionPool.WaitForPendingOpen()
--- End of stack trace from previous location ---
   at Microsoft.EntityFrameworkCore.Storage.RelationalConnection.OpenInternalAsync(Boolean errorsExpected, CancellationToken cancellationToken)
   at Microsoft.EntityFrameworkCore.Storage.RelationalConnection.OpenInternalAsync(Boolean errorsExpected, CancellationToken cancellationToken)
   at Microsoft.EntityFrameworkCore.Storage.RelationalConnection.OpenAsync(CancellationToken cancellationToken, Boolean errorsExpected)
   at Microsoft.EntityFrameworkCore.Storage.RelationalCommand.ExecuteReaderAsync(RelationalCommandParameterObject parameterObject, CancellationToken cancellationToken)
   at Microsoft.EntityFrameworkCore.Query.Internal.SingleQueryingEnumerable`1.AsyncEnumerator.InitializeReaderAsync(AsyncEnumerator enumerator, CancellationToken cancellationToken)
   at Microsoft.EntityFrameworkCore.Storage.ExecutionStrategy.<>c__DisplayClass30_0`2.<<ExecuteAsync>b__0>d.MoveNext()
--- End of stack trace from previous location ---
   at Microsoft.EntityFrameworkCore.Storage.ExecutionStrategy.ExecuteImplementationAsync[TState,TResult](Func`4 operation, Func`4 verifySucceeded, TState state, CancellationToken cancellationToken)
   at Microsoft.EntityFrameworkCore.Storage.ExecutionStrategy.ExecuteImplementationAsync[TState,TResult](Func`4 operation, Func`4 verifySucceeded, TState state, CancellationToken cancellationToken)
   at Microsoft.EntityFrameworkCore.Storage.ExecutionStrategy.ExecuteAsync[TState,TResult](TState state, Func`4 operation, Func`4 verifySucceeded, CancellationToken cancellationToken)
   at Microsoft.EntityFrameworkCore.Query.Internal.SingleQueryingEnumerable`1.AsyncEnumerator.MoveNextAsync()
ClientConnectionId:00000000-0000-0000-0000-000000000000
Error Number:2,State:0,Class:20
2026-08-07 21:29:19.137 -06:00 [INF] Executed action Pos.Api.Controllers.v1.ReportsController.GetSalesSummary (Pos.Api) in 20623.9465ms
2026-08-07 21:29:19.144 -06:00 [INF] Executed action Pos.Api.Controllers.v1.ReportsController.GetInventorySummary (Pos.Api) in 19908.1765ms
2026-08-07 21:29:19.153 -06:00 [INF] Executed action Pos.Api.Controllers.v1.ReportsController.GetTopProducts (Pos.Api) in 20637.5203ms
2026-08-07 21:29:19.162 -06:00 [INF] Executed action Pos.Api.Controllers.v1.AuditController.GetLogs (Pos.Api) in 19924.0972ms
2026-08-07 21:29:19.166 -06:00 [INF] Executed endpoint 'Pos.Api.Controllers.v1.ReportsController.GetSalesSummary (Pos.Api)'
2026-08-07 21:29:19.168 -06:00 [INF] Executed endpoint 'Pos.Api.Controllers.v1.ReportsController.GetInventorySummary (Pos.Api)'
2026-08-07 21:29:19.169 -06:00 [INF] Executed endpoint 'Pos.Api.Controllers.v1.ReportsController.GetTopProducts (Pos.Api)'
2026-08-07 21:29:19.170 -06:00 [INF] Executed endpoint 'Pos.Api.Controllers.v1.AuditController.GetLogs (Pos.Api)'
2026-08-07 21:29:19.171 -06:00 [ERR] Connection id "0HNNKV7C8AS68", Request id "0HNNKV7C8AS68:00000001": An unhandled exception was thrown by the application.
Microsoft.Data.SqlClient.SqlException (0x80131904): A network-related or instance-specific error occurred while establishing a connection to SQL Server. The server was not found or was not accessible. Verify that the instance name is correct and that SQL Server is configured to allow remote connections. (provider: Named Pipes Provider, error: 40 - Could not open a connection to SQL Server)
 ---> System.ComponentModel.Win32Exception (2): El sistema no puede encontrar el archivo especificado.
   at Microsoft.Data.SqlClient.SqlInternalConnection.OnError(SqlException exception, Boolean breakConnection, Action`1 wrapCloseInAction)
   at Microsoft.Data.SqlClient.TdsParser.ThrowExceptionAndWarning(TdsParserStateObject stateObj, Boolean callerHasConnectionLock, Boolean asyncClose)
   at Microsoft.Data.SqlClient.TdsParser.Connect(ServerInfo serverInfo, SqlInternalConnectionTds connHandler, Boolean ignoreSniOpenTimeout, Int64 timerExpire, SqlConnectionString connectionOptions, Boolean withFailover)
   at Microsoft.Data.SqlClient.SqlInternalConnectionTds.AttemptOneLogin(ServerInfo serverInfo, String newPassword, SecureString newSecurePassword, Boolean ignoreSniOpenTimeout, TimeoutTimer timeout, Boolean withFailover)
   at Microsoft.Data.SqlClient.SqlInternalConnectionTds.LoginNoFailover(ServerInfo serverInfo, String newPassword, SecureString newSecurePassword, Boolean redirectedUserInstance, SqlConnectionString connectionOptions, SqlCredential credential, TimeoutTimer timeout)
   at Microsoft.Data.SqlClient.SqlInternalConnectionTds.OpenLoginEnlist(TimeoutTimer timeout, SqlConnectionString connectionOptions, SqlCredential credential, String newPassword, SecureString newSecurePassword, Boolean redirectedUserInstance)
   at Microsoft.Data.SqlClient.SqlInternalConnectionTds..ctor(DbConnectionPoolIdentity identity, SqlConnectionString connectionOptions, SqlCredential credential, Object providerInfo, String newPassword, SecureString newSecurePassword, Boolean redirectedUserInstance, SqlConnectionString userConnectionOptions, SessionData reconnectSessionData, Boolean applyTransientFaultHandling, String accessToken, DbConnectionPool pool)
   at Microsoft.Data.SqlClient.SqlConnectionFactory.CreateConnection(DbConnectionOptions options, DbConnectionPoolKey poolKey, Object poolGroupProviderInfo, DbConnectionPool pool, DbConnection owningConnection, DbConnectionOptions userOptions)
   at Microsoft.Data.ProviderBase.DbConnectionFactory.CreatePooledConnection(DbConnectionPool pool, DbConnection owningObject, DbConnectionOptions options, DbConnectionPoolKey poolKey, DbConnectionOptions userOptions)
   at Microsoft.Data.ProviderBase.DbConnectionPool.CreateObject(DbConnection owningObject, DbConnectionOptions userOptions, DbConnectionInternal oldConnection)
   at Microsoft.Data.ProviderBase.DbConnectionPool.UserCreateRequest(DbConnection owningObject, DbConnectionOptions userOptions, DbConnectionInternal oldConnection)
   at Microsoft.Data.ProviderBase.DbConnectionPool.TryGetConnection(DbConnection owningObject, UInt32 waitForMultipleObjectsTimeout, Boolean allowCreate, Boolean onlyOneCheckConnection, DbConnectionOptions userOptions, DbConnectionInternal& connection)
   at Microsoft.Data.ProviderBase.DbConnectionPool.WaitForPendingOpen()
--- End of stack trace from previous location ---
   at Microsoft.EntityFrameworkCore.Storage.RelationalConnection.OpenInternalAsync(Boolean errorsExpected, CancellationToken cancellationToken)
   at Microsoft.EntityFrameworkCore.Storage.RelationalConnection.OpenInternalAsync(Boolean errorsExpected, CancellationToken cancellationToken)
   at Microsoft.EntityFrameworkCore.Storage.RelationalConnection.OpenAsync(CancellationToken cancellationToken, Boolean errorsExpected)
   at Microsoft.EntityFrameworkCore.Storage.RelationalCommand.ExecuteReaderAsync(RelationalCommandParameterObject parameterObject, CancellationToken cancellationToken)
   at Microsoft.EntityFrameworkCore.Query.Internal.SingleQueryingEnumerable`1.AsyncEnumerator.InitializeReaderAsync(AsyncEnumerator enumerator, CancellationToken cancellationToken)
   at Microsoft.EntityFrameworkCore.Storage.ExecutionStrategy.<>c__DisplayClass30_0`2.<<ExecuteAsync>b__0>d.MoveNext()
--- End of stack trace from previous location ---
   at Microsoft.EntityFrameworkCore.Storage.ExecutionStrategy.ExecuteImplementationAsync[TState,TResult](Func`4 operation, Func`4 verifySucceeded, TState state, CancellationToken cancellationToken)
   at Microsoft.EntityFrameworkCore.Storage.ExecutionStrategy.ExecuteImplementationAsync[TState,TResult](Func`4 operation, Func`4 verifySucceeded, TState state, CancellationToken cancellationToken)
   at Microsoft.EntityFrameworkCore.Storage.ExecutionStrategy.ExecuteAsync[TState,TResult](TState state, Func`4 operation, Func`4 verifySucceeded, CancellationToken cancellationToken)
   at Microsoft.EntityFrameworkCore.Query.Internal.SingleQueryingEnumerable`1.AsyncEnumerator.MoveNextAsync()
   at Microsoft.EntityFrameworkCore.EntityFrameworkQueryableExtensions.ToListAsync[TSource](IQueryable`1 source, CancellationToken cancellationToken)
   at Microsoft.EntityFrameworkCore.EntityFrameworkQueryableExtensions.ToListAsync[TSource](IQueryable`1 source, CancellationToken cancellationToken)
   at Pos.Infrastructure.Services.ReportingApplicationService.GetSalesSummaryReportAsync(Nullable`1 startDate, Nullable`1 endDate, CancellationToken cancellationToken) in D:\Proyecto_PDV-CDC\src\backend\Pos.Infrastructure\Services\ReportingApplicationService.cs:line 26
   at Pos.Api.Controllers.v1.ReportsController.GetSalesSummary(Nullable`1 startDate, Nullable`1 endDate, CancellationToken cancellationToken) in D:\Proyecto_PDV-CDC\src\backend\Pos.Api\Controllers\v1\ReportsController.cs:line 27
   at lambda_method1706(Closure, Object)
   at Microsoft.AspNetCore.Mvc.Infrastructure.ActionMethodExecutor.AwaitableObjectResultExecutor.Execute(ActionContext actionContext, IActionResultTypeMapper mapper, ObjectMethodExecutor executor, Object controller, Object[] arguments)
   at Microsoft.AspNetCore.Mvc.Infrastructure.ControllerActionInvoker.<InvokeActionMethodAsync>g__Awaited|12_0(ControllerActionInvoker invoker, ValueTask`1 actionResultValueTask)
   at Microsoft.AspNetCore.Mvc.Infrastructure.ControllerActionInvoker.<InvokeNextActionFilterAsync>g__Awaited|10_0(ControllerActionInvoker invoker, Task lastTask, State next, Scope scope, Object state, Boolean isCompleted)
   at Microsoft.AspNetCore.Mvc.Infrastructure.ControllerActionInvoker.Rethrow(ActionExecutedContextSealed context)
   at Microsoft.AspNetCore.Mvc.Infrastructure.ControllerActionInvoker.Next(State& next, Scope& scope, Object& state, Boolean& isCompleted)
   at Microsoft.AspNetCore.Mvc.Infrastructure.ControllerActionInvoker.<InvokeInnerFilterAsync>g__Awaited|13_0(ControllerActionInvoker invoker, Task lastTask, State next, Scope scope, Object state, Boolean isCompleted)
   at Microsoft.AspNetCore.Mvc.Infrastructure.ResourceInvoker.<InvokeFilterPipelineAsync>g__Awaited|20_0(ResourceInvoker invoker, Task lastTask, State next, Scope scope, Object state, Boolean isCompleted)
   at Microsoft.AspNetCore.Mvc.Infrastructure.ResourceInvoker.<InvokeAsync>g__Logged|17_1(ResourceInvoker invoker)
   at Microsoft.AspNetCore.Mvc.Infrastructure.ResourceInvoker.<InvokeAsync>g__Logged|17_1(ResourceInvoker invoker)
   at Microsoft.AspNetCore.Routing.EndpointMiddleware.<Invoke>g__AwaitRequestTask|7_0(Endpoint endpoint, Task requestTask, ILogger logger)
   at Microsoft.AspNetCore.Authorization.AuthorizationMiddleware.Invoke(HttpContext context)
   at Microsoft.AspNetCore.Authentication.AuthenticationMiddleware.Invoke(HttpContext context)
   at Pos.Api.Middleware.AuditMiddleware.InvokeAsync(HttpContext context, IServiceProvider serviceProvider) in D:\Proyecto_PDV-CDC\src\backend\Pos.Api\Middleware\AuditMiddleware.cs:line 32
   at Pos.Api.Middleware.SerilogAuthMiddleware.InvokeAsync(HttpContext context) in D:\Proyecto_PDV-CDC\src\backend\Pos.Api\Middleware\SerilogAuthMiddleware.cs:line 54
   at Microsoft.AspNetCore.Server.Kestrel.Core.Internal.Http.HttpProtocol.ProcessRequests[TContext](IHttpApplication`1 application)
ClientConnectionId:00000000-0000-0000-0000-000000000000
Error Number:2,State:0,Class:20
2026-08-07 21:29:19.172 -06:00 [ERR] Connection id "0HNNKV7C8AS6A", Request id "0HNNKV7C8AS6A:00000001": An unhandled exception was thrown by the application.
Microsoft.Data.SqlClient.SqlException (0x80131904): A network-related or instance-specific error occurred while establishing a connection to SQL Server. The server was not found or was not accessible. Verify that the instance name is correct and that SQL Server is configured to allow remote connections. (provider: Named Pipes Provider, error: 40 - Could not open a connection to SQL Server)
 ---> System.ComponentModel.Win32Exception (2): El sistema no puede encontrar el archivo especificado.
   at Microsoft.Data.ProviderBase.DbConnectionPool.TryGetConnection(DbConnection owningObject, UInt32 waitForMultipleObjectsTimeout, Boolean allowCreate, Boolean onlyOneCheckConnection, DbConnectionOptions userOptions, DbConnectionInternal& connection)
   at Microsoft.Data.ProviderBase.DbConnectionPool.WaitForPendingOpen()
--- End of stack trace from previous location ---
   at Microsoft.EntityFrameworkCore.Storage.RelationalConnection.OpenInternalAsync(Boolean errorsExpected, CancellationToken cancellationToken)
   at Microsoft.EntityFrameworkCore.Storage.RelationalConnection.OpenInternalAsync(Boolean errorsExpected, CancellationToken cancellationToken)
   at Microsoft.EntityFrameworkCore.Storage.RelationalConnection.OpenAsync(CancellationToken cancellationToken, Boolean errorsExpected)
   at Microsoft.EntityFrameworkCore.Storage.RelationalCommand.ExecuteReaderAsync(RelationalCommandParameterObject parameterObject, CancellationToken cancellationToken)
   at Microsoft.EntityFrameworkCore.Query.Internal.SingleQueryingEnumerable`1.AsyncEnumerator.InitializeReaderAsync(AsyncEnumerator enumerator, CancellationToken cancellationToken)
   at Microsoft.EntityFrameworkCore.Storage.ExecutionStrategy.<>c__DisplayClass30_0`2.<<ExecuteAsync>b__0>d.MoveNext()
--- End of stack trace from previous location ---
   at Microsoft.EntityFrameworkCore.Storage.ExecutionStrategy.ExecuteImplementationAsync[TState,TResult](Func`4 operation, Func`4 verifySucceeded, TState state, CancellationToken cancellationToken)
   at Microsoft.EntityFrameworkCore.Storage.ExecutionStrategy.ExecuteImplementationAsync[TState,TResult](Func`4 operation, Func`4 verifySucceeded, TState state, CancellationToken cancellationToken)
   at Microsoft.EntityFrameworkCore.Storage.ExecutionStrategy.ExecuteAsync[TState,TResult](TState state, Func`4 operation, Func`4 verifySucceeded, CancellationToken cancellationToken)
   at Microsoft.EntityFrameworkCore.Query.Internal.SingleQueryingEnumerable`1.AsyncEnumerator.MoveNextAsync()
   at Microsoft.EntityFrameworkCore.EntityFrameworkQueryableExtensions.ToListAsync[TSource](IQueryable`1 source, CancellationToken cancellationToken)
   at Microsoft.EntityFrameworkCore.EntityFrameworkQueryableExtensions.ToListAsync[TSource](IQueryable`1 source, CancellationToken cancellationToken)
   at Pos.Infrastructure.Services.ReportingApplicationService.GetInventorySummaryReportAsync(CancellationToken cancellationToken) in D:\Proyecto_PDV-CDC\src\backend\Pos.Infrastructure\Services\ReportingApplicationService.cs:line 168
   at Pos.Api.Controllers.v1.ReportsController.GetInventorySummary(CancellationToken cancellationToken) in D:\Proyecto_PDV-CDC\src\backend\Pos.Api\Controllers\v1\ReportsController.cs:line 59
   at lambda_method1714(Closure, Object)
   at Microsoft.AspNetCore.Mvc.Infrastructure.ActionMethodExecutor.AwaitableObjectResultExecutor.Execute(ActionContext actionContext, IActionResultTypeMapper mapper, ObjectMethodExecutor executor, Object controller, Object[] arguments)
   at Microsoft.AspNetCore.Mvc.Infrastructure.ControllerActionInvoker.<InvokeActionMethodAsync>g__Awaited|12_0(ControllerActionInvoker invoker, ValueTask`1 actionResultValueTask)
   at Microsoft.AspNetCore.Mvc.Infrastructure.ControllerActionInvoker.<InvokeNextActionFilterAsync>g__Awaited|10_0(ControllerActionInvoker invoker, Task lastTask, State next, Scope scope, Object state, Boolean isCompleted)
   at Microsoft.AspNetCore.Mvc.Infrastructure.ControllerActionInvoker.Rethrow(ActionExecutedContextSealed context)
   at Microsoft.AspNetCore.Mvc.Infrastructure.ControllerActionInvoker.Next(State& next, Scope& scope, Object& state, Boolean& isCompleted)
   at Microsoft.AspNetCore.Mvc.Infrastructure.ControllerActionInvoker.<InvokeInnerFilterAsync>g__Awaited|13_0(ControllerActionInvoker invoker, Task lastTask, State next, Scope scope, Object state, Boolean isCompleted)
   at Microsoft.AspNetCore.Mvc.Infrastructure.ResourceInvoker.<InvokeFilterPipelineAsync>g__Awaited|20_0(ResourceInvoker invoker, Task lastTask, State next, Scope scope, Object state, Boolean isCompleted)
   at Microsoft.AspNetCore.Mvc.Infrastructure.ResourceInvoker.<InvokeAsync>g__Logged|17_1(ResourceInvoker invoker)
   at Microsoft.AspNetCore.Mvc.Infrastructure.ResourceInvoker.<InvokeAsync>g__Logged|17_1(ResourceInvoker invoker)
   at Microsoft.AspNetCore.Routing.EndpointMiddleware.<Invoke>g__AwaitRequestTask|7_0(Endpoint endpoint, Task requestTask, ILogger logger)
   at Microsoft.AspNetCore.Authorization.AuthorizationMiddleware.Invoke(HttpContext context)
   at Microsoft.AspNetCore.Authentication.AuthenticationMiddleware.Invoke(HttpContext context)
   at Pos.Api.Middleware.AuditMiddleware.InvokeAsync(HttpContext context, IServiceProvider serviceProvider) in D:\Proyecto_PDV-CDC\src\backend\Pos.Api\Middleware\AuditMiddleware.cs:line 32
   at Pos.Api.Middleware.SerilogAuthMiddleware.InvokeAsync(HttpContext context) in D:\Proyecto_PDV-CDC\src\backend\Pos.Api\Middleware\SerilogAuthMiddleware.cs:line 54
   at Microsoft.AspNetCore.Server.Kestrel.Core.Internal.Http.HttpProtocol.ProcessRequests[TContext](IHttpApplication`1 application)
ClientConnectionId:00000000-0000-0000-0000-000000000000
Error Number:2,State:0,Class:20
2026-08-07 21:29:19.174 -06:00 [ERR] Connection id "0HNNKV7C8AS69", Request id "0HNNKV7C8AS69:00000001": An unhandled exception was thrown by the application.
Microsoft.Data.SqlClient.SqlException (0x80131904): A network-related or instance-specific error occurred while establishing a connection to SQL Server. The server was not found or was not accessible. Verify that the instance name is correct and that SQL Server is configured to allow remote connections. (provider: Named Pipes Provider, error: 40 - Could not open a connection to SQL Server)
 ---> System.ComponentModel.Win32Exception (2): El sistema no puede encontrar el archivo especificado.
   at Microsoft.Data.ProviderBase.DbConnectionPool.TryGetConnection(DbConnection owningObject, UInt32 waitForMultipleObjectsTimeout, Boolean allowCreate, Boolean onlyOneCheckConnection, DbConnectionOptions userOptions, DbConnectionInternal& connection)
   at Microsoft.Data.ProviderBase.DbConnectionPool.WaitForPendingOpen()
--- End of stack trace from previous location ---
   at Microsoft.EntityFrameworkCore.Storage.RelationalConnection.OpenInternalAsync(Boolean errorsExpected, CancellationToken cancellationToken)
   at Microsoft.EntityFrameworkCore.Storage.RelationalConnection.OpenInternalAsync(Boolean errorsExpected, CancellationToken cancellationToken)
   at Microsoft.EntityFrameworkCore.Storage.RelationalConnection.OpenAsync(CancellationToken cancellationToken, Boolean errorsExpected)
   at Microsoft.EntityFrameworkCore.Storage.RelationalCommand.ExecuteReaderAsync(RelationalCommandParameterObject parameterObject, CancellationToken cancellationToken)
   at Microsoft.EntityFrameworkCore.Query.Internal.SingleQueryingEnumerable`1.AsyncEnumerator.InitializeReaderAsync(AsyncEnumerator enumerator, CancellationToken cancellationToken)
   at Microsoft.EntityFrameworkCore.Storage.ExecutionStrategy.<>c__DisplayClass30_0`2.<<ExecuteAsync>b__0>d.MoveNext()
--- End of stack trace from previous location ---
   at Microsoft.EntityFrameworkCore.Storage.ExecutionStrategy.ExecuteImplementationAsync[TState,TResult](Func`4 operation, Func`4 verifySucceeded, TState state, CancellationToken cancellationToken)
   at Microsoft.EntityFrameworkCore.Storage.ExecutionStrategy.ExecuteImplementationAsync[TState,TResult](Func`4 operation, Func`4 verifySucceeded, TState state, CancellationToken cancellationToken)
   at Microsoft.EntityFrameworkCore.Storage.ExecutionStrategy.ExecuteAsync[TState,TResult](TState state, Func`4 operation, Func`4 verifySucceeded, CancellationToken cancellationToken)
   at Microsoft.EntityFrameworkCore.Query.Internal.SingleQueryingEnumerable`1.AsyncEnumerator.MoveNextAsync()
   at Microsoft.EntityFrameworkCore.EntityFrameworkQueryableExtensions.ToListAsync[TSource](IQueryable`1 source, CancellationToken cancellationToken)
   at Microsoft.EntityFrameworkCore.EntityFrameworkQueryableExtensions.ToListAsync[TSource](IQueryable`1 source, CancellationToken cancellationToken)
   at Pos.Infrastructure.Services.ReportingApplicationService.GetTopSellingProductsReportAsync(Nullable`1 startDate, Nullable`1 endDate, Int32 top, CancellationToken cancellationToken) in D:\Proyecto_PDV-CDC\src\backend\Pos.Infrastructure\Services\ReportingApplicationService.cs:line 96
   at Pos.Api.Controllers.v1.ReportsController.GetTopProducts(Nullable`1 startDate, Nullable`1 endDate, Int32 top, CancellationToken cancellationToken) in D:\Proyecto_PDV-CDC\src\backend\Pos.Api\Controllers\v1\ReportsController.cs:line 46
   at lambda_method1729(Closure, Object)
   at Microsoft.AspNetCore.Mvc.Infrastructure.ActionMethodExecutor.AwaitableObjectResultExecutor.Execute(ActionContext actionContext, IActionResultTypeMapper mapper, ObjectMethodExecutor executor, Object controller, Object[] arguments)
   at Microsoft.AspNetCore.Mvc.Infrastructure.ControllerActionInvoker.<InvokeActionMethodAsync>g__Awaited|12_0(ControllerActionInvoker invoker, ValueTask`1 actionResultValueTask)
   at Microsoft.AspNetCore.Mvc.Infrastructure.ControllerActionInvoker.<InvokeNextActionFilterAsync>g__Awaited|10_0(ControllerActionInvoker invoker, Task lastTask, State next, Scope scope, Object state, Boolean isCompleted)
   at Microsoft.AspNetCore.Mvc.Infrastructure.ControllerActionInvoker.Rethrow(ActionExecutedContextSealed context)
   at Microsoft.AspNetCore.Mvc.Infrastructure.ControllerActionInvoker.Next(State& next, Scope& scope, Object& state, Boolean& isCompleted)
   at Microsoft.AspNetCore.Mvc.Infrastructure.ControllerActionInvoker.<InvokeInnerFilterAsync>g__Awaited|13_0(ControllerActionInvoker invoker, Task lastTask, State next, Scope scope, Object state, Boolean isCompleted)
   at Microsoft.AspNetCore.Mvc.Infrastructure.ResourceInvoker.<InvokeFilterPipelineAsync>g__Awaited|20_0(ResourceInvoker invoker, Task lastTask, State next, Scope scope, Object state, Boolean isCompleted)
   at Microsoft.AspNetCore.Mvc.Infrastructure.ResourceInvoker.<InvokeAsync>g__Logged|17_1(ResourceInvoker invoker)
   at Microsoft.AspNetCore.Mvc.Infrastructure.ResourceInvoker.<InvokeAsync>g__Logged|17_1(ResourceInvoker invoker)
   at Microsoft.AspNetCore.Routing.EndpointMiddleware.<Invoke>g__AwaitRequestTask|7_0(Endpoint endpoint, Task requestTask, ILogger logger)
   at Microsoft.AspNetCore.Authorization.AuthorizationMiddleware.Invoke(HttpContext context)
   at Microsoft.AspNetCore.Authentication.AuthenticationMiddleware.Invoke(HttpContext context)
   at Pos.Api.Middleware.AuditMiddleware.InvokeAsync(HttpContext context, IServiceProvider serviceProvider) in D:\Proyecto_PDV-CDC\src\backend\Pos.Api\Middleware\AuditMiddleware.cs:line 32
   at Pos.Api.Middleware.SerilogAuthMiddleware.InvokeAsync(HttpContext context) in D:\Proyecto_PDV-CDC\src\backend\Pos.Api\Middleware\SerilogAuthMiddleware.cs:line 54
   at Microsoft.AspNetCore.Server.Kestrel.Core.Internal.Http.HttpProtocol.ProcessRequests[TContext](IHttpApplication`1 application)
ClientConnectionId:00000000-0000-0000-0000-000000000000
Error Number:2,State:0,Class:20
2026-08-07 21:29:19.175 -06:00 [ERR] Connection id "0HNNKV7C8AS6B", Request id "0HNNKV7C8AS6B:00000001": An unhandled exception was thrown by the application.
Microsoft.Data.SqlClient.SqlException (0x80131904): A network-related or instance-specific error occurred while establishing a connection to SQL Server. The server was not found or was not accessible. Verify that the instance name is correct and that SQL Server is configured to allow remote connections. (provider: Named Pipes Provider, error: 40 - Could not open a connection to SQL Server)
 ---> System.ComponentModel.Win32Exception (2): El sistema no puede encontrar el archivo especificado.
   at Microsoft.Data.ProviderBase.DbConnectionPool.TryGetConnection(DbConnection owningObject, UInt32 waitForMultipleObjectsTimeout, Boolean allowCreate, Boolean onlyOneCheckConnection, DbConnectionOptions userOptions, DbConnectionInternal& connection)
   at Microsoft.Data.ProviderBase.DbConnectionPool.WaitForPendingOpen()
--- End of stack trace from previous location ---
   at Microsoft.EntityFrameworkCore.Storage.RelationalConnection.OpenInternalAsync(Boolean errorsExpected, CancellationToken cancellationToken)
   at Microsoft.EntityFrameworkCore.Storage.RelationalConnection.OpenInternalAsync(Boolean errorsExpected, CancellationToken cancellationToken)
   at Microsoft.EntityFrameworkCore.Storage.RelationalConnection.OpenAsync(CancellationToken cancellationToken, Boolean errorsExpected)
   at Microsoft.EntityFrameworkCore.Storage.RelationalCommand.ExecuteReaderAsync(RelationalCommandParameterObject parameterObject, CancellationToken cancellationToken)
   at Microsoft.EntityFrameworkCore.Query.Internal.SingleQueryingEnumerable`1.AsyncEnumerator.InitializeReaderAsync(AsyncEnumerator enumerator, CancellationToken cancellationToken)
   at Microsoft.EntityFrameworkCore.Storage.ExecutionStrategy.<>c__DisplayClass30_0`2.<<ExecuteAsync>b__0>d.MoveNext()
--- End of stack trace from previous location ---
   at Microsoft.EntityFrameworkCore.Storage.ExecutionStrategy.ExecuteImplementationAsync[TState,TResult](Func`4 operation, Func`4 verifySucceeded, TState state, CancellationToken cancellationToken)
   at Microsoft.EntityFrameworkCore.Storage.ExecutionStrategy.ExecuteImplementationAsync[TState,TResult](Func`4 operation, Func`4 verifySucceeded, TState state, CancellationToken cancellationToken)
   at Microsoft.EntityFrameworkCore.Storage.ExecutionStrategy.ExecuteAsync[TState,TResult](TState state, Func`4 operation, Func`4 verifySucceeded, CancellationToken cancellationToken)
   at Microsoft.EntityFrameworkCore.Query.Internal.SingleQueryingEnumerable`1.AsyncEnumerator.MoveNextAsync()
   at Microsoft.EntityFrameworkCore.EntityFrameworkQueryableExtensions.ToListAsync[TSource](IQueryable`1 source, CancellationToken cancellationToken)
   at Microsoft.EntityFrameworkCore.EntityFrameworkQueryableExtensions.ToListAsync[TSource](IQueryable`1 source, CancellationToken cancellationToken)
   at Pos.Infrastructure.Services.ReportingApplicationService.GetAuditLogsAsync(String correlationId, String userSearch, String action, Nullable`1 startDate, Nullable`1 endDate, CancellationToken cancellationToken) in D:\Proyecto_PDV-CDC\src\backend\Pos.Infrastructure\Services\ReportingApplicationService.cs:line 229
   at Pos.Api.Controllers.v1.AuditController.GetLogs(String correlationId, String user, String action, Nullable`1 startDate, Nullable`1 endDate, CancellationToken cancellationToken) in D:\Proyecto_PDV-CDC\src\backend\Pos.Api\Controllers\v1\AuditController.cs:line 32
   at lambda_method1722(Closure, Object)
   at Microsoft.AspNetCore.Mvc.Infrastructure.ActionMethodExecutor.AwaitableObjectResultExecutor.Execute(ActionContext actionContext, IActionResultTypeMapper mapper, ObjectMethodExecutor executor, Object controller, Object[] arguments)
   at Microsoft.AspNetCore.Mvc.Infrastructure.ControllerActionInvoker.<InvokeActionMethodAsync>g__Awaited|12_0(ControllerActionInvoker invoker, ValueTask`1 actionResultValueTask)
   at Microsoft.AspNetCore.Mvc.Infrastructure.ControllerActionInvoker.<InvokeNextActionFilterAsync>g__Awaited|10_0(ControllerActionInvoker invoker, Task lastTask, State next, Scope scope, Object state, Boolean isCompleted)
   at Microsoft.AspNetCore.Mvc.Infrastructure.ControllerActionInvoker.Rethrow(ActionExecutedContextSealed context)
   at Microsoft.AspNetCore.Mvc.Infrastructure.ControllerActionInvoker.Next(State& next, Scope& scope, Object& state, Boolean& isCompleted)
   at Microsoft.AspNetCore.Mvc.Infrastructure.ControllerActionInvoker.<InvokeInnerFilterAsync>g__Awaited|13_0(ControllerActionInvoker invoker, Task lastTask, State next, Scope scope, Object state, Boolean isCompleted)
   at Microsoft.AspNetCore.Mvc.Infrastructure.ResourceInvoker.<InvokeFilterPipelineAsync>g__Awaited|20_0(ResourceInvoker invoker, Task lastTask, State next, Scope scope, Object state, Boolean isCompleted)
   at Microsoft.AspNetCore.Mvc.Infrastructure.ResourceInvoker.<InvokeAsync>g__Logged|17_1(ResourceInvoker invoker)
   at Microsoft.AspNetCore.Mvc.Infrastructure.ResourceInvoker.<InvokeAsync>g__Logged|17_1(ResourceInvoker invoker)
   at Microsoft.AspNetCore.Routing.EndpointMiddleware.<Invoke>g__AwaitRequestTask|7_0(Endpoint endpoint, Task requestTask, ILogger logger)
   at Microsoft.AspNetCore.Authorization.AuthorizationMiddleware.Invoke(HttpContext context)
   at Microsoft.AspNetCore.Authentication.AuthenticationMiddleware.Invoke(HttpContext context)
   at Pos.Api.Middleware.AuditMiddleware.InvokeAsync(HttpContext context, IServiceProvider serviceProvider) in D:\Proyecto_PDV-CDC\src\backend\Pos.Api\Middleware\AuditMiddleware.cs:line 32
   at Pos.Api.Middleware.SerilogAuthMiddleware.InvokeAsync(HttpContext context) in D:\Proyecto_PDV-CDC\src\backend\Pos.Api\Middleware\SerilogAuthMiddleware.cs:line 54
   at Microsoft.AspNetCore.Server.Kestrel.Core.Internal.Http.HttpProtocol.ProcessRequests[TContext](IHttpApplication`1 application)
ClientConnectionId:00000000-0000-0000-0000-000000000000
Error Number:2,State:0,Class:20
2026-08-07 21:29:19.194 -06:00 [INF] Request finished HTTP/1.1 GET http://localhost:5000/api/v1/reports/sales-summary - 500 0 null 20691.9303ms
2026-08-07 21:29:19.214 -06:00 [INF] Request finished HTTP/1.1 GET http://localhost:5000/api/v1/reports/inventory-summary - 500 0 null 20051.7058ms
2026-08-07 21:29:19.233 -06:00 [INF] Request finished HTTP/1.1 GET http://localhost:5000/api/v1/reports/top-products?top=10 - 500 0 null 20730.2507ms
2026-08-07 21:29:19.261 -06:00 [INF] Request finished HTTP/1.1 GET http://localhost:5000/api/v1/audit/logs - 500 0 null 20081.7196ms
2026-08-07 21:31:05.271 -06:00 [INF] Request starting HTTP/1.1 GET http://localhost:5000/api/v1/quotes - application/json null
2026-08-07 21:31:05.271 -06:00 [INF] Request starting HTTP/1.1 GET http://localhost:5000/api/v1/quotes/options - application/json null
2026-08-07 21:31:05.275 -06:00 [INF] Executing endpoint 'Pos.Api.Controllers.v1.QuotesController.GetQuotes (Pos.Api)'
2026-08-07 21:31:05.276 -06:00 [INF] Executing endpoint 'Pos.Api.Controllers.v1.QuotesController.GetOptions (Pos.Api)'
2026-08-07 21:31:05.277 -06:00 [INF] Route matched with {action = "GetQuotes", controller = "Quotes"}. Executing controller action with signature System.Threading.Tasks.Task`1[Microsoft.AspNetCore.Mvc.ActionResult`1[System.Collections.Generic.List`1[Pos.Application.Commercial.DTOs.QuoteDto]]] GetQuotes(System.String, System.String, System.Threading.CancellationToken) on controller Pos.Api.Controllers.v1.QuotesController (Pos.Api).
2026-08-07 21:31:05.278 -06:00 [INF] Route matched with {action = "GetOptions", controller = "Quotes"}. Executing controller action with signature System.Threading.Tasks.Task`1[Microsoft.AspNetCore.Mvc.ActionResult`1[Pos.Application.Commercial.DTOs.QuoteOptionsDto]] GetOptions(System.Threading.CancellationToken) on controller Pos.Api.Controllers.v1.QuotesController (Pos.Api).
2026-08-07 21:31:25.277 -06:00 [INF] Request starting HTTP/1.1 GET http://localhost:5000/api/v1/quotes - application/json null
2026-08-07 21:31:25.278 -06:00 [INF] Request starting HTTP/1.1 GET http://localhost:5000/api/v1/quotes/options - application/json null
2026-08-07 21:31:25.280 -06:00 [INF] Executing endpoint 'Pos.Api.Controllers.v1.QuotesController.GetQuotes (Pos.Api)'
2026-08-07 21:31:25.282 -06:00 [INF] Executing endpoint 'Pos.Api.Controllers.v1.QuotesController.GetOptions (Pos.Api)'
2026-08-07 21:31:25.282 -06:00 [INF] Route matched with {action = "GetQuotes", controller = "Quotes"}. Executing controller action with signature System.Threading.Tasks.Task`1[Microsoft.AspNetCore.Mvc.ActionResult`1[System.Collections.Generic.List`1[Pos.Application.Commercial.DTOs.QuoteDto]]] GetQuotes(System.String, System.String, System.Threading.CancellationToken) on controller Pos.Api.Controllers.v1.QuotesController (Pos.Api).
2026-08-07 21:31:25.283 -06:00 [INF] Route matched with {action = "GetOptions", controller = "Quotes"}. Executing controller action with signature System.Threading.Tasks.Task`1[Microsoft.AspNetCore.Mvc.ActionResult`1[Pos.Application.Commercial.DTOs.QuoteOptionsDto]] GetOptions(System.Threading.CancellationToken) on controller Pos.Api.Controllers.v1.QuotesController (Pos.Api).
2026-08-07 21:31:25.821 -06:00 [ERR] An error occurred using the connection to database 'PosLambrinDb' on server 'AAM'.
2026-08-07 21:31:25.821 -06:00 [ERR] An error occurred using the connection to database 'PosLambrinDb' on server 'AAM'.
2026-08-07 21:31:25.823 -06:00 [ERR] An exception occurred while iterating over the results of a query for context type 'Pos.Infrastructure.Persistence.PosDbContext'.
Microsoft.Data.SqlClient.SqlException (0x80131904): A network-related or instance-specific error occurred while establishing a connection to SQL Server. The server was not found or was not accessible. Verify that the instance name is correct and that SQL Server is configured to allow remote connections. (provider: Named Pipes Provider, error: 40 - Could not open a connection to SQL Server)
 ---> System.ComponentModel.Win32Exception (2): El sistema no puede encontrar el archivo especificado.
   at Microsoft.Data.ProviderBase.DbConnectionPool.TryGetConnection(DbConnection owningObject, UInt32 waitForMultipleObjectsTimeout, Boolean allowCreate, Boolean onlyOneCheckConnection, DbConnectionOptions userOptions, DbConnectionInternal& connection)
   at Microsoft.Data.ProviderBase.DbConnectionPool.WaitForPendingOpen()
--- End of stack trace from previous location ---
   at Microsoft.EntityFrameworkCore.Storage.RelationalConnection.OpenInternalAsync(Boolean errorsExpected, CancellationToken cancellationToken)
   at Microsoft.EntityFrameworkCore.Storage.RelationalConnection.OpenInternalAsync(Boolean errorsExpected, CancellationToken cancellationToken)
   at Microsoft.EntityFrameworkCore.Storage.RelationalConnection.OpenAsync(CancellationToken cancellationToken, Boolean errorsExpected)
   at Microsoft.EntityFrameworkCore.Storage.RelationalCommand.ExecuteReaderAsync(RelationalCommandParameterObject parameterObject, CancellationToken cancellationToken)
   at Microsoft.EntityFrameworkCore.Query.Internal.SingleQueryingEnumerable`1.AsyncEnumerator.InitializeReaderAsync(AsyncEnumerator enumerator, CancellationToken cancellationToken)
   at Microsoft.EntityFrameworkCore.Storage.ExecutionStrategy.<>c__DisplayClass30_0`2.<<ExecuteAsync>b__0>d.MoveNext()
--- End of stack trace from previous location ---
   at Microsoft.EntityFrameworkCore.Storage.ExecutionStrategy.ExecuteImplementationAsync[TState,TResult](Func`4 operation, Func`4 verifySucceeded, TState state, CancellationToken cancellationToken)
   at Microsoft.EntityFrameworkCore.Storage.ExecutionStrategy.ExecuteImplementationAsync[TState,TResult](Func`4 operation, Func`4 verifySucceeded, TState state, CancellationToken cancellationToken)
   at Microsoft.EntityFrameworkCore.Storage.ExecutionStrategy.ExecuteAsync[TState,TResult](TState state, Func`4 operation, Func`4 verifySucceeded, CancellationToken cancellationToken)
   at Microsoft.EntityFrameworkCore.Query.Internal.SingleQueryingEnumerable`1.AsyncEnumerator.MoveNextAsync()
ClientConnectionId:00000000-0000-0000-0000-000000000000
Error Number:2,State:0,Class:20
Microsoft.Data.SqlClient.SqlException (0x80131904): A network-related or instance-specific error occurred while establishing a connection to SQL Server. The server was not found or was not accessible. Verify that the instance name is correct and that SQL Server is configured to allow remote connections. (provider: Named Pipes Provider, error: 40 - Could not open a connection to SQL Server)
 ---> System.ComponentModel.Win32Exception (2): El sistema no puede encontrar el archivo especificado.
   at Microsoft.Data.ProviderBase.DbConnectionPool.TryGetConnection(DbConnection owningObject, UInt32 waitForMultipleObjectsTimeout, Boolean allowCreate, Boolean onlyOneCheckConnection, DbConnectionOptions userOptions, DbConnectionInternal& connection)
   at Microsoft.Data.ProviderBase.DbConnectionPool.WaitForPendingOpen()
--- End of stack trace from previous location ---
   at Microsoft.EntityFrameworkCore.Storage.RelationalConnection.OpenInternalAsync(Boolean errorsExpected, CancellationToken cancellationToken)
   at Microsoft.EntityFrameworkCore.Storage.RelationalConnection.OpenInternalAsync(Boolean errorsExpected, CancellationToken cancellationToken)
   at Microsoft.EntityFrameworkCore.Storage.RelationalConnection.OpenAsync(CancellationToken cancellationToken, Boolean errorsExpected)
   at Microsoft.EntityFrameworkCore.Storage.RelationalCommand.ExecuteReaderAsync(RelationalCommandParameterObject parameterObject, CancellationToken cancellationToken)
   at Microsoft.EntityFrameworkCore.Query.Internal.SingleQueryingEnumerable`1.AsyncEnumerator.InitializeReaderAsync(AsyncEnumerator enumerator, CancellationToken cancellationToken)
   at Microsoft.EntityFrameworkCore.Storage.ExecutionStrategy.<>c__DisplayClass30_0`2.<<ExecuteAsync>b__0>d.MoveNext()
--- End of stack trace from previous location ---
   at Microsoft.EntityFrameworkCore.Storage.ExecutionStrategy.ExecuteImplementationAsync[TState,TResult](Func`4 operation, Func`4 verifySucceeded, TState state, CancellationToken cancellationToken)
   at Microsoft.EntityFrameworkCore.Storage.ExecutionStrategy.ExecuteImplementationAsync[TState,TResult](Func`4 operation, Func`4 verifySucceeded, TState state, CancellationToken cancellationToken)
   at Microsoft.EntityFrameworkCore.Storage.ExecutionStrategy.ExecuteAsync[TState,TResult](TState state, Func`4 operation, Func`4 verifySucceeded, CancellationToken cancellationToken)
   at Microsoft.EntityFrameworkCore.Query.Internal.SingleQueryingEnumerable`1.AsyncEnumerator.MoveNextAsync()
ClientConnectionId:00000000-0000-0000-0000-000000000000
Error Number:2,State:0,Class:20
2026-08-07 21:31:25.824 -06:00 [ERR] An exception occurred while iterating over the results of a query for context type 'Pos.Infrastructure.Persistence.PosDbContext'.
Microsoft.Data.SqlClient.SqlException (0x80131904): A network-related or instance-specific error occurred while establishing a connection to SQL Server. The server was not found or was not accessible. Verify that the instance name is correct and that SQL Server is configured to allow remote connections. (provider: Named Pipes Provider, error: 40 - Could not open a connection to SQL Server)
 ---> System.ComponentModel.Win32Exception (2): El sistema no puede encontrar el archivo especificado.
   at Microsoft.Data.SqlClient.SqlInternalConnection.OnError(SqlException exception, Boolean breakConnection, Action`1 wrapCloseInAction)
   at Microsoft.Data.SqlClient.TdsParser.ThrowExceptionAndWarning(TdsParserStateObject stateObj, Boolean callerHasConnectionLock, Boolean asyncClose)
   at Microsoft.Data.SqlClient.TdsParser.Connect(ServerInfo serverInfo, SqlInternalConnectionTds connHandler, Boolean ignoreSniOpenTimeout, Int64 timerExpire, SqlConnectionString connectionOptions, Boolean withFailover)
   at Microsoft.Data.SqlClient.SqlInternalConnectionTds.AttemptOneLogin(ServerInfo serverInfo, String newPassword, SecureString newSecurePassword, Boolean ignoreSniOpenTimeout, TimeoutTimer timeout, Boolean withFailover)
   at Microsoft.Data.SqlClient.SqlInternalConnectionTds.LoginNoFailover(ServerInfo serverInfo, String newPassword, SecureString newSecurePassword, Boolean redirectedUserInstance, SqlConnectionString connectionOptions, SqlCredential credential, TimeoutTimer timeout)
   at Microsoft.Data.SqlClient.SqlInternalConnectionTds.OpenLoginEnlist(TimeoutTimer timeout, SqlConnectionString connectionOptions, SqlCredential credential, String newPassword, SecureString newSecurePassword, Boolean redirectedUserInstance)
   at Microsoft.Data.SqlClient.SqlInternalConnectionTds..ctor(DbConnectionPoolIdentity identity, SqlConnectionString connectionOptions, SqlCredential credential, Object providerInfo, String newPassword, SecureString newSecurePassword, Boolean redirectedUserInstance, SqlConnectionString userConnectionOptions, SessionData reconnectSessionData, Boolean applyTransientFaultHandling, String accessToken, DbConnectionPool pool)
   at Microsoft.Data.SqlClient.SqlConnectionFactory.CreateConnection(DbConnectionOptions options, DbConnectionPoolKey poolKey, Object poolGroupProviderInfo, DbConnectionPool pool, DbConnection owningConnection, DbConnectionOptions userOptions)
   at Microsoft.Data.ProviderBase.DbConnectionFactory.CreatePooledConnection(DbConnectionPool pool, DbConnection owningObject, DbConnectionOptions options, DbConnectionPoolKey poolKey, DbConnectionOptions userOptions)
   at Microsoft.Data.ProviderBase.DbConnectionPool.CreateObject(DbConnection owningObject, DbConnectionOptions userOptions, DbConnectionInternal oldConnection)
   at Microsoft.Data.ProviderBase.DbConnectionPool.UserCreateRequest(DbConnection owningObject, DbConnectionOptions userOptions, DbConnectionInternal oldConnection)
   at Microsoft.Data.ProviderBase.DbConnectionPool.TryGetConnection(DbConnection owningObject, UInt32 waitForMultipleObjectsTimeout, Boolean allowCreate, Boolean onlyOneCheckConnection, DbConnectionOptions userOptions, DbConnectionInternal& connection)
   at Microsoft.Data.ProviderBase.DbConnectionPool.WaitForPendingOpen()
--- End of stack trace from previous location ---
   at Microsoft.EntityFrameworkCore.Storage.RelationalConnection.OpenInternalAsync(Boolean errorsExpected, CancellationToken cancellationToken)
   at Microsoft.EntityFrameworkCore.Storage.RelationalConnection.OpenInternalAsync(Boolean errorsExpected, CancellationToken cancellationToken)
   at Microsoft.EntityFrameworkCore.Storage.RelationalConnection.OpenAsync(CancellationToken cancellationToken, Boolean errorsExpected)
   at Microsoft.EntityFrameworkCore.Storage.RelationalCommand.ExecuteReaderAsync(RelationalCommandParameterObject parameterObject, CancellationToken cancellationToken)
   at Microsoft.EntityFrameworkCore.Query.Internal.SingleQueryingEnumerable`1.AsyncEnumerator.InitializeReaderAsync(AsyncEnumerator enumerator, CancellationToken cancellationToken)
   at Microsoft.EntityFrameworkCore.Storage.ExecutionStrategy.<>c__DisplayClass30_0`2.<<ExecuteAsync>b__0>d.MoveNext()
--- End of stack trace from previous location ---
   at Microsoft.EntityFrameworkCore.Storage.ExecutionStrategy.ExecuteImplementationAsync[TState,TResult](Func`4 operation, Func`4 verifySucceeded, TState state, CancellationToken cancellationToken)
   at Microsoft.EntityFrameworkCore.Storage.ExecutionStrategy.ExecuteImplementationAsync[TState,TResult](Func`4 operation, Func`4 verifySucceeded, TState state, CancellationToken cancellationToken)
   at Microsoft.EntityFrameworkCore.Storage.ExecutionStrategy.ExecuteAsync[TState,TResult](TState state, Func`4 operation, Func`4 verifySucceeded, CancellationToken cancellationToken)
   at Microsoft.EntityFrameworkCore.Query.Internal.SingleQueryingEnumerable`1.AsyncEnumerator.MoveNextAsync()
ClientConnectionId:00000000-0000-0000-0000-000000000000
Error Number:2,State:0,Class:20
Microsoft.Data.SqlClient.SqlException (0x80131904): A network-related or instance-specific error occurred while establishing a connection to SQL Server. The server was not found or was not accessible. Verify that the instance name is correct and that SQL Server is configured to allow remote connections. (provider: Named Pipes Provider, error: 40 - Could not open a connection to SQL Server)
 ---> System.ComponentModel.Win32Exception (2): El sistema no puede encontrar el archivo especificado.
   at Microsoft.Data.SqlClient.SqlInternalConnection.OnError(SqlException exception, Boolean breakConnection, Action`1 wrapCloseInAction)
   at Microsoft.Data.SqlClient.TdsParser.ThrowExceptionAndWarning(TdsParserStateObject stateObj, Boolean callerHasConnectionLock, Boolean asyncClose)
   at Microsoft.Data.SqlClient.TdsParser.Connect(ServerInfo serverInfo, SqlInternalConnectionTds connHandler, Boolean ignoreSniOpenTimeout, Int64 timerExpire, SqlConnectionString connectionOptions, Boolean withFailover)
   at Microsoft.Data.SqlClient.SqlInternalConnectionTds.AttemptOneLogin(ServerInfo serverInfo, String newPassword, SecureString newSecurePassword, Boolean ignoreSniOpenTimeout, TimeoutTimer timeout, Boolean withFailover)
   at Microsoft.Data.SqlClient.SqlInternalConnectionTds.LoginNoFailover(ServerInfo serverInfo, String newPassword, SecureString newSecurePassword, Boolean redirectedUserInstance, SqlConnectionString connectionOptions, SqlCredential credential, TimeoutTimer timeout)
   at Microsoft.Data.SqlClient.SqlInternalConnectionTds.OpenLoginEnlist(TimeoutTimer timeout, SqlConnectionString connectionOptions, SqlCredential credential, String newPassword, SecureString newSecurePassword, Boolean redirectedUserInstance)
   at Microsoft.Data.SqlClient.SqlInternalConnectionTds..ctor(DbConnectionPoolIdentity identity, SqlConnectionString connectionOptions, SqlCredential credential, Object providerInfo, String newPassword, SecureString newSecurePassword, Boolean redirectedUserInstance, SqlConnectionString userConnectionOptions, SessionData reconnectSessionData, Boolean applyTransientFaultHandling, String accessToken, DbConnectionPool pool)
   at Microsoft.Data.SqlClient.SqlConnectionFactory.CreateConnection(DbConnectionOptions options, DbConnectionPoolKey poolKey, Object poolGroupProviderInfo, DbConnectionPool pool, DbConnection owningConnection, DbConnectionOptions userOptions)
   at Microsoft.Data.ProviderBase.DbConnectionFactory.CreatePooledConnection(DbConnectionPool pool, DbConnection owningObject, DbConnectionOptions options, DbConnectionPoolKey poolKey, DbConnectionOptions userOptions)
   at Microsoft.Data.ProviderBase.DbConnectionPool.CreateObject(DbConnection owningObject, DbConnectionOptions userOptions, DbConnectionInternal oldConnection)
   at Microsoft.Data.ProviderBase.DbConnectionPool.UserCreateRequest(DbConnection owningObject, DbConnectionOptions userOptions, DbConnectionInternal oldConnection)
   at Microsoft.Data.ProviderBase.DbConnectionPool.TryGetConnection(DbConnection owningObject, UInt32 waitForMultipleObjectsTimeout, Boolean allowCreate, Boolean onlyOneCheckConnection, DbConnectionOptions userOptions, DbConnectionInternal& connection)
   at Microsoft.Data.ProviderBase.DbConnectionPool.WaitForPendingOpen()
--- End of stack trace from previous location ---
   at Microsoft.EntityFrameworkCore.Storage.RelationalConnection.OpenInternalAsync(Boolean errorsExpected, CancellationToken cancellationToken)
   at Microsoft.EntityFrameworkCore.Storage.RelationalConnection.OpenInternalAsync(Boolean errorsExpected, CancellationToken cancellationToken)
   at Microsoft.EntityFrameworkCore.Storage.RelationalConnection.OpenAsync(CancellationToken cancellationToken, Boolean errorsExpected)
   at Microsoft.EntityFrameworkCore.Storage.RelationalCommand.ExecuteReaderAsync(RelationalCommandParameterObject parameterObject, CancellationToken cancellationToken)
   at Microsoft.EntityFrameworkCore.Query.Internal.SingleQueryingEnumerable`1.AsyncEnumerator.InitializeReaderAsync(AsyncEnumerator enumerator, CancellationToken cancellationToken)
   at Microsoft.EntityFrameworkCore.Storage.ExecutionStrategy.<>c__DisplayClass30_0`2.<<ExecuteAsync>b__0>d.MoveNext()
--- End of stack trace from previous location ---
   at Microsoft.EntityFrameworkCore.Storage.ExecutionStrategy.ExecuteImplementationAsync[TState,TResult](Func`4 operation, Func`4 verifySucceeded, TState state, CancellationToken cancellationToken)
   at Microsoft.EntityFrameworkCore.Storage.ExecutionStrategy.ExecuteImplementationAsync[TState,TResult](Func`4 operation, Func`4 verifySucceeded, TState state, CancellationToken cancellationToken)
   at Microsoft.EntityFrameworkCore.Storage.ExecutionStrategy.ExecuteAsync[TState,TResult](TState state, Func`4 operation, Func`4 verifySucceeded, CancellationToken cancellationToken)
   at Microsoft.EntityFrameworkCore.Query.Internal.SingleQueryingEnumerable`1.AsyncEnumerator.MoveNextAsync()
ClientConnectionId:00000000-0000-0000-0000-000000000000
Error Number:2,State:0,Class:20
2026-08-07 21:31:25.831 -06:00 [INF] Executed action Pos.Api.Controllers.v1.QuotesController.GetOptions (Pos.Api) in 20548.5081ms
2026-08-07 21:31:25.842 -06:00 [INF] Executed endpoint 'Pos.Api.Controllers.v1.QuotesController.GetOptions (Pos.Api)'
2026-08-07 21:31:25.842 -06:00 [INF] Executed action Pos.Api.Controllers.v1.QuotesController.GetQuotes (Pos.Api) in 20561.9077ms
2026-08-07 21:31:25.843 -06:00 [ERR] Connection id "0HNNKV7C8AS6D", Request id "0HNNKV7C8AS6D:00000001": An unhandled exception was thrown by the application.
Microsoft.Data.SqlClient.SqlException (0x80131904): A network-related or instance-specific error occurred while establishing a connection to SQL Server. The server was not found or was not accessible. Verify that the instance name is correct and that SQL Server is configured to allow remote connections. (provider: Named Pipes Provider, error: 40 - Could not open a connection to SQL Server)
 ---> System.ComponentModel.Win32Exception (2): El sistema no puede encontrar el archivo especificado.
   at Microsoft.Data.ProviderBase.DbConnectionPool.TryGetConnection(DbConnection owningObject, UInt32 waitForMultipleObjectsTimeout, Boolean allowCreate, Boolean onlyOneCheckConnection, DbConnectionOptions userOptions, DbConnectionInternal& connection)
   at Microsoft.Data.ProviderBase.DbConnectionPool.WaitForPendingOpen()
--- End of stack trace from previous location ---
   at Microsoft.EntityFrameworkCore.Storage.RelationalConnection.OpenInternalAsync(Boolean errorsExpected, CancellationToken cancellationToken)
   at Microsoft.EntityFrameworkCore.Storage.RelationalConnection.OpenInternalAsync(Boolean errorsExpected, CancellationToken cancellationToken)
   at Microsoft.EntityFrameworkCore.Storage.RelationalConnection.OpenAsync(CancellationToken cancellationToken, Boolean errorsExpected)
   at Microsoft.EntityFrameworkCore.Storage.RelationalCommand.ExecuteReaderAsync(RelationalCommandParameterObject parameterObject, CancellationToken cancellationToken)
   at Microsoft.EntityFrameworkCore.Query.Internal.SingleQueryingEnumerable`1.AsyncEnumerator.InitializeReaderAsync(AsyncEnumerator enumerator, CancellationToken cancellationToken)
   at Microsoft.EntityFrameworkCore.Storage.ExecutionStrategy.<>c__DisplayClass30_0`2.<<ExecuteAsync>b__0>d.MoveNext()
--- End of stack trace from previous location ---
   at Microsoft.EntityFrameworkCore.Storage.ExecutionStrategy.ExecuteImplementationAsync[TState,TResult](Func`4 operation, Func`4 verifySucceeded, TState state, CancellationToken cancellationToken)
   at Microsoft.EntityFrameworkCore.Storage.ExecutionStrategy.ExecuteImplementationAsync[TState,TResult](Func`4 operation, Func`4 verifySucceeded, TState state, CancellationToken cancellationToken)
   at Microsoft.EntityFrameworkCore.Storage.ExecutionStrategy.ExecuteAsync[TState,TResult](TState state, Func`4 operation, Func`4 verifySucceeded, CancellationToken cancellationToken)
   at Microsoft.EntityFrameworkCore.Query.Internal.SingleQueryingEnumerable`1.AsyncEnumerator.MoveNextAsync()
   at Microsoft.EntityFrameworkCore.EntityFrameworkQueryableExtensions.ToListAsync[TSource](IQueryable`1 source, CancellationToken cancellationToken)
   at Microsoft.EntityFrameworkCore.EntityFrameworkQueryableExtensions.ToListAsync[TSource](IQueryable`1 source, CancellationToken cancellationToken)
   at Pos.Infrastructure.Services.CatalogApplicationService.GetProductsAsync(String search, Nullable`1 categoryId, Nullable`1 isTopSellerOnly, CancellationToken cancellationToken) in D:\Proyecto_PDV-CDC\src\backend\Pos.Infrastructure\Services\CatalogApplicationService.cs:line 149
   at Pos.Api.Controllers.v1.QuotesController.GetOptions(CancellationToken cancellationToken) in D:\Proyecto_PDV-CDC\src\backend\Pos.Api\Controllers\v1\QuotesController.cs:line 29
   at lambda_method1843(Closure, Object)
   at Microsoft.AspNetCore.Mvc.Infrastructure.ActionMethodExecutor.AwaitableObjectResultExecutor.Execute(ActionContext actionContext, IActionResultTypeMapper mapper, ObjectMethodExecutor executor, Object controller, Object[] arguments)
   at Microsoft.AspNetCore.Mvc.Infrastructure.ControllerActionInvoker.<InvokeActionMethodAsync>g__Awaited|12_0(ControllerActionInvoker invoker, ValueTask`1 actionResultValueTask)
   at Microsoft.AspNetCore.Mvc.Infrastructure.ControllerActionInvoker.<InvokeNextActionFilterAsync>g__Awaited|10_0(ControllerActionInvoker invoker, Task lastTask, State next, Scope scope, Object state, Boolean isCompleted)
   at Microsoft.AspNetCore.Mvc.Infrastructure.ControllerActionInvoker.Rethrow(ActionExecutedContextSealed context)
   at Microsoft.AspNetCore.Mvc.Infrastructure.ControllerActionInvoker.Next(State& next, Scope& scope, Object& state, Boolean& isCompleted)
   at Microsoft.AspNetCore.Mvc.Infrastructure.ControllerActionInvoker.<InvokeInnerFilterAsync>g__Awaited|13_0(ControllerActionInvoker invoker, Task lastTask, State next, Scope scope, Object state, Boolean isCompleted)
   at Microsoft.AspNetCore.Mvc.Infrastructure.ResourceInvoker.<InvokeFilterPipelineAsync>g__Awaited|20_0(ResourceInvoker invoker, Task lastTask, State next, Scope scope, Object state, Boolean isCompleted)
   at Microsoft.AspNetCore.Mvc.Infrastructure.ResourceInvoker.<InvokeAsync>g__Logged|17_1(ResourceInvoker invoker)
   at Microsoft.AspNetCore.Mvc.Infrastructure.ResourceInvoker.<InvokeAsync>g__Logged|17_1(ResourceInvoker invoker)
   at Microsoft.AspNetCore.Routing.EndpointMiddleware.<Invoke>g__AwaitRequestTask|7_0(Endpoint endpoint, Task requestTask, ILogger logger)
   at Microsoft.AspNetCore.Authorization.AuthorizationMiddleware.Invoke(HttpContext context)
   at Microsoft.AspNetCore.Authentication.AuthenticationMiddleware.Invoke(HttpContext context)
   at Pos.Api.Middleware.AuditMiddleware.InvokeAsync(HttpContext context, IServiceProvider serviceProvider) in D:\Proyecto_PDV-CDC\src\backend\Pos.Api\Middleware\AuditMiddleware.cs:line 32
   at Pos.Api.Middleware.SerilogAuthMiddleware.InvokeAsync(HttpContext context) in D:\Proyecto_PDV-CDC\src\backend\Pos.Api\Middleware\SerilogAuthMiddleware.cs:line 54
   at Microsoft.AspNetCore.Server.Kestrel.Core.Internal.Http.HttpProtocol.ProcessRequests[TContext](IHttpApplication`1 application)
ClientConnectionId:00000000-0000-0000-0000-000000000000
Error Number:2,State:0,Class:20
2026-08-07 21:31:25.844 -06:00 [INF] Executed endpoint 'Pos.Api.Controllers.v1.QuotesController.GetQuotes (Pos.Api)'
2026-08-07 21:31:25.858 -06:00 [ERR] Connection id "0HNNKV7C8AS6C", Request id "0HNNKV7C8AS6C:00000001": An unhandled exception was thrown by the application.
Microsoft.Data.SqlClient.SqlException (0x80131904): A network-related or instance-specific error occurred while establishing a connection to SQL Server. The server was not found or was not accessible. Verify that the instance name is correct and that SQL Server is configured to allow remote connections. (provider: Named Pipes Provider, error: 40 - Could not open a connection to SQL Server)
 ---> System.ComponentModel.Win32Exception (2): El sistema no puede encontrar el archivo especificado.
   at Microsoft.Data.SqlClient.SqlInternalConnection.OnError(SqlException exception, Boolean breakConnection, Action`1 wrapCloseInAction)
   at Microsoft.Data.SqlClient.TdsParser.ThrowExceptionAndWarning(TdsParserStateObject stateObj, Boolean callerHasConnectionLock, Boolean asyncClose)
   at Microsoft.Data.SqlClient.TdsParser.Connect(ServerInfo serverInfo, SqlInternalConnectionTds connHandler, Boolean ignoreSniOpenTimeout, Int64 timerExpire, SqlConnectionString connectionOptions, Boolean withFailover)
   at Microsoft.Data.SqlClient.SqlInternalConnectionTds.AttemptOneLogin(ServerInfo serverInfo, String newPassword, SecureString newSecurePassword, Boolean ignoreSniOpenTimeout, TimeoutTimer timeout, Boolean withFailover)
   at Microsoft.Data.SqlClient.SqlInternalConnectionTds.LoginNoFailover(ServerInfo serverInfo, String newPassword, SecureString newSecurePassword, Boolean redirectedUserInstance, SqlConnectionString connectionOptions, SqlCredential credential, TimeoutTimer timeout)
   at Microsoft.Data.SqlClient.SqlInternalConnectionTds.OpenLoginEnlist(TimeoutTimer timeout, SqlConnectionString connectionOptions, SqlCredential credential, String newPassword, SecureString newSecurePassword, Boolean redirectedUserInstance)
   at Microsoft.Data.SqlClient.SqlInternalConnectionTds..ctor(DbConnectionPoolIdentity identity, SqlConnectionString connectionOptions, SqlCredential credential, Object providerInfo, String newPassword, SecureString newSecurePassword, Boolean redirectedUserInstance, SqlConnectionString userConnectionOptions, SessionData reconnectSessionData, Boolean applyTransientFaultHandling, String accessToken, DbConnectionPool pool)
   at Microsoft.Data.SqlClient.SqlConnectionFactory.CreateConnection(DbConnectionOptions options, DbConnectionPoolKey poolKey, Object poolGroupProviderInfo, DbConnectionPool pool, DbConnection owningConnection, DbConnectionOptions userOptions)
   at Microsoft.Data.ProviderBase.DbConnectionFactory.CreatePooledConnection(DbConnectionPool pool, DbConnection owningObject, DbConnectionOptions options, DbConnectionPoolKey poolKey, DbConnectionOptions userOptions)
   at Microsoft.Data.ProviderBase.DbConnectionPool.CreateObject(DbConnection owningObject, DbConnectionOptions userOptions, DbConnectionInternal oldConnection)
   at Microsoft.Data.ProviderBase.DbConnectionPool.UserCreateRequest(DbConnection owningObject, DbConnectionOptions userOptions, DbConnectionInternal oldConnection)
   at Microsoft.Data.ProviderBase.DbConnectionPool.TryGetConnection(DbConnection owningObject, UInt32 waitForMultipleObjectsTimeout, Boolean allowCreate, Boolean onlyOneCheckConnection, DbConnectionOptions userOptions, DbConnectionInternal& connection)
   at Microsoft.Data.ProviderBase.DbConnectionPool.WaitForPendingOpen()
--- End of stack trace from previous location ---
   at Microsoft.EntityFrameworkCore.Storage.RelationalConnection.OpenInternalAsync(Boolean errorsExpected, CancellationToken cancellationToken)
   at Microsoft.EntityFrameworkCore.Storage.RelationalConnection.OpenInternalAsync(Boolean errorsExpected, CancellationToken cancellationToken)
   at Microsoft.EntityFrameworkCore.Storage.RelationalConnection.OpenAsync(CancellationToken cancellationToken, Boolean errorsExpected)
   at Microsoft.EntityFrameworkCore.Storage.RelationalCommand.ExecuteReaderAsync(RelationalCommandParameterObject parameterObject, CancellationToken cancellationToken)
   at Microsoft.EntityFrameworkCore.Query.Internal.SingleQueryingEnumerable`1.AsyncEnumerator.InitializeReaderAsync(AsyncEnumerator enumerator, CancellationToken cancellationToken)
   at Microsoft.EntityFrameworkCore.Storage.ExecutionStrategy.<>c__DisplayClass30_0`2.<<ExecuteAsync>b__0>d.MoveNext()
--- End of stack trace from previous location ---
   at Microsoft.EntityFrameworkCore.Storage.ExecutionStrategy.ExecuteImplementationAsync[TState,TResult](Func`4 operation, Func`4 verifySucceeded, TState state, CancellationToken cancellationToken)
   at Microsoft.EntityFrameworkCore.Storage.ExecutionStrategy.ExecuteImplementationAsync[TState,TResult](Func`4 operation, Func`4 verifySucceeded, TState state, CancellationToken cancellationToken)
   at Microsoft.EntityFrameworkCore.Storage.ExecutionStrategy.ExecuteAsync[TState,TResult](TState state, Func`4 operation, Func`4 verifySucceeded, CancellationToken cancellationToken)
   at Microsoft.EntityFrameworkCore.Query.Internal.SingleQueryingEnumerable`1.AsyncEnumerator.MoveNextAsync()
   at Microsoft.EntityFrameworkCore.EntityFrameworkQueryableExtensions.ToListAsync[TSource](IQueryable`1 source, CancellationToken cancellationToken)
   at Microsoft.EntityFrameworkCore.EntityFrameworkQueryableExtensions.ToListAsync[TSource](IQueryable`1 source, CancellationToken cancellationToken)
   at Pos.Infrastructure.Services.CommercialOperationsService.GetQuotesAsync(String search, String status, CancellationToken cancellationToken) in D:\Proyecto_PDV-CDC\src\backend\Pos.Infrastructure\Services\CommercialOperationsService.cs:line 62
   at Pos.Api.Controllers.v1.QuotesController.GetQuotes(String search, String status, CancellationToken cancellationToken) in D:\Proyecto_PDV-CDC\src\backend\Pos.Api\Controllers\v1\QuotesController.cs:line 37
   at lambda_method1847(Closure, Object)
   at Microsoft.AspNetCore.Mvc.Infrastructure.ActionMethodExecutor.AwaitableObjectResultExecutor.Execute(ActionContext actionContext, IActionResultTypeMapper mapper, ObjectMethodExecutor executor, Object controller, Object[] arguments)
   at Microsoft.AspNetCore.Mvc.Infrastructure.ControllerActionInvoker.<InvokeActionMethodAsync>g__Awaited|12_0(ControllerActionInvoker invoker, ValueTask`1 actionResultValueTask)
   at Microsoft.AspNetCore.Mvc.Infrastructure.ControllerActionInvoker.<InvokeNextActionFilterAsync>g__Awaited|10_0(ControllerActionInvoker invoker, Task lastTask, State next, Scope scope, Object state, Boolean isCompleted)
   at Microsoft.AspNetCore.Mvc.Infrastructure.ControllerActionInvoker.Rethrow(ActionExecutedContextSealed context)
   at Microsoft.AspNetCore.Mvc.Infrastructure.ControllerActionInvoker.Next(State& next, Scope& scope, Object& state, Boolean& isCompleted)
   at Microsoft.AspNetCore.Mvc.Infrastructure.ControllerActionInvoker.<InvokeInnerFilterAsync>g__Awaited|13_0(ControllerActionInvoker invoker, Task lastTask, State next, Scope scope, Object state, Boolean isCompleted)
   at Microsoft.AspNetCore.Mvc.Infrastructure.ResourceInvoker.<InvokeFilterPipelineAsync>g__Awaited|20_0(ResourceInvoker invoker, Task lastTask, State next, Scope scope, Object state, Boolean isCompleted)
   at Microsoft.AspNetCore.Mvc.Infrastructure.ResourceInvoker.<InvokeAsync>g__Logged|17_1(ResourceInvoker invoker)
   at Microsoft.AspNetCore.Mvc.Infrastructure.ResourceInvoker.<InvokeAsync>g__Logged|17_1(ResourceInvoker invoker)
   at Microsoft.AspNetCore.Routing.EndpointMiddleware.<Invoke>g__AwaitRequestTask|7_0(Endpoint endpoint, Task requestTask, ILogger logger)
   at Microsoft.AspNetCore.Authorization.AuthorizationMiddleware.Invoke(HttpContext context)
   at Microsoft.AspNetCore.Authentication.AuthenticationMiddleware.Invoke(HttpContext context)
   at Pos.Api.Middleware.AuditMiddleware.InvokeAsync(HttpContext context, IServiceProvider serviceProvider) in D:\Proyecto_PDV-CDC\src\backend\Pos.Api\Middleware\AuditMiddleware.cs:line 32
   at Pos.Api.Middleware.SerilogAuthMiddleware.InvokeAsync(HttpContext context) in D:\Proyecto_PDV-CDC\src\backend\Pos.Api\Middleware\SerilogAuthMiddleware.cs:line 54
   at Microsoft.AspNetCore.Server.Kestrel.Core.Internal.Http.HttpProtocol.ProcessRequests[TContext](IHttpApplication`1 application)
ClientConnectionId:00000000-0000-0000-0000-000000000000
Error Number:2,State:0,Class:20
2026-08-07 21:31:25.858 -06:00 [INF] Request finished HTTP/1.1 GET http://localhost:5000/api/v1/quotes/options - 500 0 null 20587.099ms
2026-08-07 21:31:25.891 -06:00 [INF] Request finished HTTP/1.1 GET http://localhost:5000/api/v1/quotes - 500 0 null 20619.8978ms
2026-08-07 21:31:29.054 -06:00 [INF] Request starting HTTP/1.1 GET http://localhost:5000/api/v1/payments/pending-sales - application/json null
2026-08-07 21:31:29.057 -06:00 [INF] Executing endpoint 'Pos.Api.Controllers.v1.PaymentsController.GetPendingSales (Pos.Api)'
2026-08-07 21:31:29.057 -06:00 [INF] Request starting HTTP/1.1 GET http://localhost:5000/api/v1/returns/eligible-sales - application/json null
2026-08-07 21:31:29.057 -06:00 [INF] Request starting HTTP/1.1 GET http://localhost:5000/api/v1/documents/templates - application/json null
2026-08-07 21:31:29.058 -06:00 [INF] Request starting HTTP/1.1 GET http://localhost:5000/api/v1/returns - application/json null
2026-08-07 21:31:29.058 -06:00 [INF] Route matched with {action = "GetPendingSales", controller = "Payments"}. Executing controller action with signature System.Threading.Tasks.Task`1[Microsoft.AspNetCore.Mvc.ActionResult`1[System.Collections.Generic.List`1[Pos.Application.Sales.DTOs.SaleDto]]] GetPendingSales(System.Threading.CancellationToken) on controller Pos.Api.Controllers.v1.PaymentsController (Pos.Api).
2026-08-07 21:31:29.060 -06:00 [INF] Executing endpoint 'Pos.Api.Controllers.v1.ReturnsController.GetEligibleSales (Pos.Api)'
2026-08-07 21:31:29.062 -06:00 [INF] Executing endpoint 'Pos.Api.Controllers.v1.DocumentsController.GetTemplates (Pos.Api)'
2026-08-07 21:31:29.064 -06:00 [INF] Executing endpoint 'Pos.Api.Controllers.v1.ReturnsController.GetReturns (Pos.Api)'
2026-08-07 21:31:29.066 -06:00 [INF] Route matched with {action = "GetEligibleSales", controller = "Returns"}. Executing controller action with signature System.Threading.Tasks.Task`1[Microsoft.AspNetCore.Mvc.ActionResult`1[System.Collections.Generic.List`1[Pos.Application.Sales.DTOs.SaleDto]]] GetEligibleSales(System.Threading.CancellationToken) on controller Pos.Api.Controllers.v1.ReturnsController (Pos.Api).
2026-08-07 21:31:29.067 -06:00 [INF] Route matched with {action = "GetTemplates", controller = "Documents"}. Executing controller action with signature System.Threading.Tasks.Task`1[Microsoft.AspNetCore.Mvc.ActionResult`1[System.Collections.Generic.List`1[Pos.Application.Commercial.DTOs.DocumentTemplateDto]]] GetTemplates(System.Threading.CancellationToken) on controller Pos.Api.Controllers.v1.DocumentsController (Pos.Api).
2026-08-07 21:31:29.068 -06:00 [INF] Route matched with {action = "GetReturns", controller = "Returns"}. Executing controller action with signature System.Threading.Tasks.Task`1[Microsoft.AspNetCore.Mvc.ActionResult`1[System.Collections.Generic.List`1[Pos.Application.Commercial.DTOs.ReturnHeaderDto]]] GetReturns(System.Nullable`1[System.Guid], System.Threading.CancellationToken) on controller Pos.Api.Controllers.v1.ReturnsController (Pos.Api).
2026-08-07 21:31:45.485 -06:00 [INF] Application is shutting down...
2026-08-07 21:31:45.871 -06:00 [ERR] An error occurred using the connection to database 'PosLambrinDb' on server 'AAM'.
2026-08-07 21:31:45.872 -06:00 [ERR] An error occurred using the connection to database 'PosLambrinDb' on server 'AAM'.
2026-08-07 21:31:45.873 -06:00 [ERR] An error occurred using the connection to database 'PosLambrinDb' on server 'AAM'.
2026-08-07 21:31:45.874 -06:00 [ERR] An error occurred using the connection to database 'PosLambrinDb' on server 'AAM'.
2026-08-07 21:31:45.874 -06:00 [ERR] An error occurred using the connection to database 'PosLambrinDb' on server 'AAM'.
2026-08-07 21:31:45.874 -06:00 [ERR] An error occurred using the connection to database 'PosLambrinDb' on server 'AAM'.
2026-08-07 21:31:45.877 -06:00 [ERR] An exception occurred while iterating over the results of a query for context type 'Pos.Infrastructure.Persistence.PosDbContext'.
Microsoft.Data.SqlClient.SqlException (0x80131904): A network-related or instance-specific error occurred while establishing a connection to SQL Server. The server was not found or was not accessible. Verify that the instance name is correct and that SQL Server is configured to allow remote connections. (provider: Named Pipes Provider, error: 40 - Could not open a connection to SQL Server)
 ---> System.ComponentModel.Win32Exception (2): El sistema no puede encontrar el archivo especificado.
   at Microsoft.Data.SqlClient.SqlInternalConnection.OnError(SqlException exception, Boolean breakConnection, Action`1 wrapCloseInAction)
   at Microsoft.Data.SqlClient.TdsParser.ThrowExceptionAndWarning(TdsParserStateObject stateObj, Boolean callerHasConnectionLock, Boolean asyncClose)
   at Microsoft.Data.SqlClient.TdsParser.Connect(ServerInfo serverInfo, SqlInternalConnectionTds connHandler, Boolean ignoreSniOpenTimeout, Int64 timerExpire, SqlConnectionString connectionOptions, Boolean withFailover)
   at Microsoft.Data.SqlClient.SqlInternalConnectionTds.AttemptOneLogin(ServerInfo serverInfo, String newPassword, SecureString newSecurePassword, Boolean ignoreSniOpenTimeout, TimeoutTimer timeout, Boolean withFailover)
   at Microsoft.Data.SqlClient.SqlInternalConnectionTds.LoginNoFailover(ServerInfo serverInfo, String newPassword, SecureString newSecurePassword, Boolean redirectedUserInstance, SqlConnectionString connectionOptions, SqlCredential credential, TimeoutTimer timeout)
   at Microsoft.Data.SqlClient.SqlInternalConnectionTds.OpenLoginEnlist(TimeoutTimer timeout, SqlConnectionString connectionOptions, SqlCredential credential, String newPassword, SecureString newSecurePassword, Boolean redirectedUserInstance)
   at Microsoft.Data.SqlClient.SqlInternalConnectionTds..ctor(DbConnectionPoolIdentity identity, SqlConnectionString connectionOptions, SqlCredential credential, Object providerInfo, String newPassword, SecureString newSecurePassword, Boolean redirectedUserInstance, SqlConnectionString userConnectionOptions, SessionData reconnectSessionData, Boolean applyTransientFaultHandling, String accessToken, DbConnectionPool pool)
   at Microsoft.Data.SqlClient.SqlConnectionFactory.CreateConnection(DbConnectionOptions options, DbConnectionPoolKey poolKey, Object poolGroupProviderInfo, DbConnectionPool pool, DbConnection owningConnection, DbConnectionOptions userOptions)
   at Microsoft.Data.ProviderBase.DbConnectionFactory.CreatePooledConnection(DbConnectionPool pool, DbConnection owningObject, DbConnectionOptions options, DbConnectionPoolKey poolKey, DbConnectionOptions userOptions)
   at Microsoft.Data.ProviderBase.DbConnectionPool.CreateObject(DbConnection owningObject, DbConnectionOptions userOptions, DbConnectionInternal oldConnection)
   at Microsoft.Data.ProviderBase.DbConnectionPool.UserCreateRequest(DbConnection owningObject, DbConnectionOptions userOptions, DbConnectionInternal oldConnection)
   at Microsoft.Data.ProviderBase.DbConnectionPool.TryGetConnection(DbConnection owningObject, UInt32 waitForMultipleObjectsTimeout, Boolean allowCreate, Boolean onlyOneCheckConnection, DbConnectionOptions userOptions, DbConnectionInternal& connection)
   at Microsoft.Data.ProviderBase.DbConnectionPool.WaitForPendingOpen()
--- End of stack trace from previous location ---
   at Microsoft.EntityFrameworkCore.Storage.RelationalConnection.OpenInternalAsync(Boolean errorsExpected, CancellationToken cancellationToken)
   at Microsoft.EntityFrameworkCore.Storage.RelationalConnection.OpenInternalAsync(Boolean errorsExpected, CancellationToken cancellationToken)
   at Microsoft.EntityFrameworkCore.Storage.RelationalConnection.OpenAsync(CancellationToken cancellationToken, Boolean errorsExpected)
   at Microsoft.EntityFrameworkCore.Storage.RelationalCommand.ExecuteReaderAsync(RelationalCommandParameterObject parameterObject, CancellationToken cancellationToken)
   at Microsoft.EntityFrameworkCore.Query.Internal.SingleQueryingEnumerable`1.AsyncEnumerator.InitializeReaderAsync(AsyncEnumerator enumerator, CancellationToken cancellationToken)
   at Microsoft.EntityFrameworkCore.Storage.ExecutionStrategy.<>c__DisplayClass30_0`2.<<ExecuteAsync>b__0>d.MoveNext()
--- End of stack trace from previous location ---
   at Microsoft.EntityFrameworkCore.Storage.ExecutionStrategy.ExecuteImplementationAsync[TState,TResult](Func`4 operation, Func`4 verifySucceeded, TState state, CancellationToken cancellationToken)
   at Microsoft.EntityFrameworkCore.Storage.ExecutionStrategy.ExecuteImplementationAsync[TState,TResult](Func`4 operation, Func`4 verifySucceeded, TState state, CancellationToken cancellationToken)
   at Microsoft.EntityFrameworkCore.Storage.ExecutionStrategy.ExecuteAsync[TState,TResult](TState state, Func`4 operation, Func`4 verifySucceeded, CancellationToken cancellationToken)
   at Microsoft.EntityFrameworkCore.Query.Internal.SingleQueryingEnumerable`1.AsyncEnumerator.MoveNextAsync()
ClientConnectionId:00000000-0000-0000-0000-000000000000
Error Number:2,State:0,Class:20
Microsoft.Data.SqlClient.SqlException (0x80131904): A network-related or instance-specific error occurred while establishing a connection to SQL Server. The server was not found or was not accessible. Verify that the instance name is correct and that SQL Server is configured to allow remote connections. (provider: Named Pipes Provider, error: 40 - Could not open a connection to SQL Server)
 ---> System.ComponentModel.Win32Exception (2): El sistema no puede encontrar el archivo especificado.
   at Microsoft.Data.SqlClient.SqlInternalConnection.OnError(SqlException exception, Boolean breakConnection, Action`1 wrapCloseInAction)
   at Microsoft.Data.SqlClient.TdsParser.ThrowExceptionAndWarning(TdsParserStateObject stateObj, Boolean callerHasConnectionLock, Boolean asyncClose)
   at Microsoft.Data.SqlClient.TdsParser.Connect(ServerInfo serverInfo, SqlInternalConnectionTds connHandler, Boolean ignoreSniOpenTimeout, Int64 timerExpire, SqlConnectionString connectionOptions, Boolean withFailover)
   at Microsoft.Data.SqlClient.SqlInternalConnectionTds.AttemptOneLogin(ServerInfo serverInfo, String newPassword, SecureString newSecurePassword, Boolean ignoreSniOpenTimeout, TimeoutTimer timeout, Boolean withFailover)
   at Microsoft.Data.SqlClient.SqlInternalConnectionTds.LoginNoFailover(ServerInfo serverInfo, String newPassword, SecureString newSecurePassword, Boolean redirectedUserInstance, SqlConnectionString connectionOptions, SqlCredential credential, TimeoutTimer timeout)
   at Microsoft.Data.SqlClient.SqlInternalConnectionTds.OpenLoginEnlist(TimeoutTimer timeout, SqlConnectionString connectionOptions, SqlCredential credential, String newPassword, SecureString newSecurePassword, Boolean redirectedUserInstance)
   at Microsoft.Data.SqlClient.SqlInternalConnectionTds..ctor(DbConnectionPoolIdentity identity, SqlConnectionString connectionOptions, SqlCredential credential, Object providerInfo, String newPassword, SecureString newSecurePassword, Boolean redirectedUserInstance, SqlConnectionString userConnectionOptions, SessionData reconnectSessionData, Boolean applyTransientFaultHandling, String accessToken, DbConnectionPool pool)
   at Microsoft.Data.SqlClient.SqlConnectionFactory.CreateConnection(DbConnectionOptions options, DbConnectionPoolKey poolKey, Object poolGroupProviderInfo, DbConnectionPool pool, DbConnection owningConnection, DbConnectionOptions userOptions)
   at Microsoft.Data.ProviderBase.DbConnectionFactory.CreatePooledConnection(DbConnectionPool pool, DbConnection owningObject, DbConnectionOptions options, DbConnectionPoolKey poolKey, DbConnectionOptions userOptions)
   at Microsoft.Data.ProviderBase.DbConnectionPool.CreateObject(DbConnection owningObject, DbConnectionOptions userOptions, DbConnectionInternal oldConnection)
   at Microsoft.Data.ProviderBase.DbConnectionPool.UserCreateRequest(DbConnection owningObject, DbConnectionOptions userOptions, DbConnectionInternal oldConnection)
   at Microsoft.Data.ProviderBase.DbConnectionPool.TryGetConnection(DbConnection owningObject, UInt32 waitForMultipleObjectsTimeout, Boolean allowCreate, Boolean onlyOneCheckConnection, DbConnectionOptions userOptions, DbConnectionInternal& connection)
   at Microsoft.Data.ProviderBase.DbConnectionPool.WaitForPendingOpen()
--- End of stack trace from previous location ---
   at Microsoft.EntityFrameworkCore.Storage.RelationalConnection.OpenInternalAsync(Boolean errorsExpected, CancellationToken cancellationToken)
   at Microsoft.EntityFrameworkCore.Storage.RelationalConnection.OpenInternalAsync(Boolean errorsExpected, CancellationToken cancellationToken)
   at Microsoft.EntityFrameworkCore.Storage.RelationalConnection.OpenAsync(CancellationToken cancellationToken, Boolean errorsExpected)
   at Microsoft.EntityFrameworkCore.Storage.RelationalCommand.ExecuteReaderAsync(RelationalCommandParameterObject parameterObject, CancellationToken cancellationToken)
   at Microsoft.EntityFrameworkCore.Query.Internal.SingleQueryingEnumerable`1.AsyncEnumerator.InitializeReaderAsync(AsyncEnumerator enumerator, CancellationToken cancellationToken)
   at Microsoft.EntityFrameworkCore.Storage.ExecutionStrategy.<>c__DisplayClass30_0`2.<<ExecuteAsync>b__0>d.MoveNext()
--- End of stack trace from previous location ---
   at Microsoft.EntityFrameworkCore.Storage.ExecutionStrategy.ExecuteImplementationAsync[TState,TResult](Func`4 operation, Func`4 verifySucceeded, TState state, CancellationToken cancellationToken)
   at Microsoft.EntityFrameworkCore.Storage.ExecutionStrategy.ExecuteImplementationAsync[TState,TResult](Func`4 operation, Func`4 verifySucceeded, TState state, CancellationToken cancellationToken)
   at Microsoft.EntityFrameworkCore.Storage.ExecutionStrategy.ExecuteAsync[TState,TResult](TState state, Func`4 operation, Func`4 verifySucceeded, CancellationToken cancellationToken)
   at Microsoft.EntityFrameworkCore.Query.Internal.SingleQueryingEnumerable`1.AsyncEnumerator.MoveNextAsync()
ClientConnectionId:00000000-0000-0000-0000-000000000000
Error Number:2,State:0,Class:20
2026-08-07 21:31:45.879 -06:00 [ERR] An exception occurred while iterating over the results of a query for context type 'Pos.Infrastructure.Persistence.PosDbContext'.
Microsoft.Data.SqlClient.SqlException (0x80131904): A network-related or instance-specific error occurred while establishing a connection to SQL Server. The server was not found or was not accessible. Verify that the instance name is correct and that SQL Server is configured to allow remote connections. (provider: Named Pipes Provider, error: 40 - Could not open a connection to SQL Server)
 ---> System.ComponentModel.Win32Exception (2): El sistema no puede encontrar el archivo especificado.
   at Microsoft.Data.ProviderBase.DbConnectionPool.TryGetConnection(DbConnection owningObject, UInt32 waitForMultipleObjectsTimeout, Boolean allowCreate, Boolean onlyOneCheckConnection, DbConnectionOptions userOptions, DbConnectionInternal& connection)
   at Microsoft.Data.ProviderBase.DbConnectionPool.WaitForPendingOpen()
--- End of stack trace from previous location ---
   at Microsoft.EntityFrameworkCore.Storage.RelationalConnection.OpenInternalAsync(Boolean errorsExpected, CancellationToken cancellationToken)
   at Microsoft.EntityFrameworkCore.Storage.RelationalConnection.OpenInternalAsync(Boolean errorsExpected, CancellationToken cancellationToken)
   at Microsoft.EntityFrameworkCore.Storage.RelationalConnection.OpenAsync(CancellationToken cancellationToken, Boolean errorsExpected)
   at Microsoft.EntityFrameworkCore.Storage.RelationalCommand.ExecuteReaderAsync(RelationalCommandParameterObject parameterObject, CancellationToken cancellationToken)
   at Microsoft.EntityFrameworkCore.Query.Internal.SingleQueryingEnumerable`1.AsyncEnumerator.InitializeReaderAsync(AsyncEnumerator enumerator, CancellationToken cancellationToken)
   at Microsoft.EntityFrameworkCore.Storage.ExecutionStrategy.<>c__DisplayClass30_0`2.<<ExecuteAsync>b__0>d.MoveNext()
--- End of stack trace from previous location ---
   at Microsoft.EntityFrameworkCore.Storage.ExecutionStrategy.ExecuteImplementationAsync[TState,TResult](Func`4 operation, Func`4 verifySucceeded, TState state, CancellationToken cancellationToken)
   at Microsoft.EntityFrameworkCore.Storage.ExecutionStrategy.ExecuteImplementationAsync[TState,TResult](Func`4 operation, Func`4 verifySucceeded, TState state, CancellationToken cancellationToken)
   at Microsoft.EntityFrameworkCore.Storage.ExecutionStrategy.ExecuteAsync[TState,TResult](TState state, Func`4 operation, Func`4 verifySucceeded, CancellationToken cancellationToken)
   at Microsoft.EntityFrameworkCore.Query.Internal.SingleQueryingEnumerable`1.AsyncEnumerator.MoveNextAsync()
ClientConnectionId:00000000-0000-0000-0000-000000000000
Error Number:2,State:0,Class:20
Microsoft.Data.SqlClient.SqlException (0x80131904): A network-related or instance-specific error occurred while establishing a connection to SQL Server. The server was not found or was not accessible. Verify that the instance name is correct and that SQL Server is configured to allow remote connections. (provider: Named Pipes Provider, error: 40 - Could not open a connection to SQL Server)
 ---> System.ComponentModel.Win32Exception (2): El sistema no puede encontrar el archivo especificado.
   at Microsoft.Data.ProviderBase.DbConnectionPool.TryGetConnection(DbConnection owningObject, UInt32 waitForMultipleObjectsTimeout, Boolean allowCreate, Boolean onlyOneCheckConnection, DbConnectionOptions userOptions, DbConnectionInternal& connection)
   at Microsoft.Data.ProviderBase.DbConnectionPool.WaitForPendingOpen()
--- End of stack trace from previous location ---
   at Microsoft.EntityFrameworkCore.Storage.RelationalConnection.OpenInternalAsync(Boolean errorsExpected, CancellationToken cancellationToken)
   at Microsoft.EntityFrameworkCore.Storage.RelationalConnection.OpenInternalAsync(Boolean errorsExpected, CancellationToken cancellationToken)
   at Microsoft.EntityFrameworkCore.Storage.RelationalConnection.OpenAsync(CancellationToken cancellationToken, Boolean errorsExpected)
   at Microsoft.EntityFrameworkCore.Storage.RelationalCommand.ExecuteReaderAsync(RelationalCommandParameterObject parameterObject, CancellationToken cancellationToken)
   at Microsoft.EntityFrameworkCore.Query.Internal.SingleQueryingEnumerable`1.AsyncEnumerator.InitializeReaderAsync(AsyncEnumerator enumerator, CancellationToken cancellationToken)
   at Microsoft.EntityFrameworkCore.Storage.ExecutionStrategy.<>c__DisplayClass30_0`2.<<ExecuteAsync>b__0>d.MoveNext()
--- End of stack trace from previous location ---
   at Microsoft.EntityFrameworkCore.Storage.ExecutionStrategy.ExecuteImplementationAsync[TState,TResult](Func`4 operation, Func`4 verifySucceeded, TState state, CancellationToken cancellationToken)
   at Microsoft.EntityFrameworkCore.Storage.ExecutionStrategy.ExecuteImplementationAsync[TState,TResult](Func`4 operation, Func`4 verifySucceeded, TState state, CancellationToken cancellationToken)
   at Microsoft.EntityFrameworkCore.Storage.ExecutionStrategy.ExecuteAsync[TState,TResult](TState state, Func`4 operation, Func`4 verifySucceeded, CancellationToken cancellationToken)
   at Microsoft.EntityFrameworkCore.Query.Internal.SingleQueryingEnumerable`1.AsyncEnumerator.MoveNextAsync()
ClientConnectionId:00000000-0000-0000-0000-000000000000
Error Number:2,State:0,Class:20
2026-08-07 21:31:45.881 -06:00 [ERR] An exception occurred while iterating over the results of a query for context type 'Pos.Infrastructure.Persistence.PosDbContext'.
Microsoft.Data.SqlClient.SqlException (0x80131904): A network-related or instance-specific error occurred while establishing a connection to SQL Server. The server was not found or was not accessible. Verify that the instance name is correct and that SQL Server is configured to allow remote connections. (provider: Named Pipes Provider, error: 40 - Could not open a connection to SQL Server)
 ---> System.ComponentModel.Win32Exception (2): El sistema no puede encontrar el archivo especificado.
   at Microsoft.Data.ProviderBase.DbConnectionPool.TryGetConnection(DbConnection owningObject, UInt32 waitForMultipleObjectsTimeout, Boolean allowCreate, Boolean onlyOneCheckConnection, DbConnectionOptions userOptions, DbConnectionInternal& connection)
   at Microsoft.Data.ProviderBase.DbConnectionPool.WaitForPendingOpen()
--- End of stack trace from previous location ---
   at Microsoft.EntityFrameworkCore.Storage.RelationalConnection.OpenInternalAsync(Boolean errorsExpected, CancellationToken cancellationToken)
   at Microsoft.EntityFrameworkCore.Storage.RelationalConnection.OpenInternalAsync(Boolean errorsExpected, CancellationToken cancellationToken)
   at Microsoft.EntityFrameworkCore.Storage.RelationalConnection.OpenAsync(CancellationToken cancellationToken, Boolean errorsExpected)
   at Microsoft.EntityFrameworkCore.Storage.RelationalCommand.ExecuteReaderAsync(RelationalCommandParameterObject parameterObject, CancellationToken cancellationToken)
   at Microsoft.EntityFrameworkCore.Query.Internal.SingleQueryingEnumerable`1.AsyncEnumerator.InitializeReaderAsync(AsyncEnumerator enumerator, CancellationToken cancellationToken)
   at Microsoft.EntityFrameworkCore.Storage.ExecutionStrategy.<>c__DisplayClass30_0`2.<<ExecuteAsync>b__0>d.MoveNext()
--- End of stack trace from previous location ---
   at Microsoft.EntityFrameworkCore.Storage.ExecutionStrategy.ExecuteImplementationAsync[TState,TResult](Func`4 operation, Func`4 verifySucceeded, TState state, CancellationToken cancellationToken)
   at Microsoft.EntityFrameworkCore.Storage.ExecutionStrategy.ExecuteImplementationAsync[TState,TResult](Func`4 operation, Func`4 verifySucceeded, TState state, CancellationToken cancellationToken)
   at Microsoft.EntityFrameworkCore.Storage.ExecutionStrategy.ExecuteAsync[TState,TResult](TState state, Func`4 operation, Func`4 verifySucceeded, CancellationToken cancellationToken)
   at Microsoft.EntityFrameworkCore.Query.Internal.SingleQueryingEnumerable`1.AsyncEnumerator.MoveNextAsync()
ClientConnectionId:00000000-0000-0000-0000-000000000000
Error Number:2,State:0,Class:20
Microsoft.Data.SqlClient.SqlException (0x80131904): A network-related or instance-specific error occurred while establishing a connection to SQL Server. The server was not found or was not accessible. Verify that the instance name is correct and that SQL Server is configured to allow remote connections. (provider: Named Pipes Provider, error: 40 - Could not open a connection to SQL Server)
 ---> System.ComponentModel.Win32Exception (2): El sistema no puede encontrar el archivo especificado.
   at Microsoft.Data.ProviderBase.DbConnectionPool.TryGetConnection(DbConnection owningObject, UInt32 waitForMultipleObjectsTimeout, Boolean allowCreate, Boolean onlyOneCheckConnection, DbConnectionOptions userOptions, DbConnectionInternal& connection)
   at Microsoft.Data.ProviderBase.DbConnectionPool.WaitForPendingOpen()
--- End of stack trace from previous location ---
   at Microsoft.EntityFrameworkCore.Storage.RelationalConnection.OpenInternalAsync(Boolean errorsExpected, CancellationToken cancellationToken)
   at Microsoft.EntityFrameworkCore.Storage.RelationalConnection.OpenInternalAsync(Boolean errorsExpected, CancellationToken cancellationToken)
   at Microsoft.EntityFrameworkCore.Storage.RelationalConnection.OpenAsync(CancellationToken cancellationToken, Boolean errorsExpected)
   at Microsoft.EntityFrameworkCore.Storage.RelationalCommand.ExecuteReaderAsync(RelationalCommandParameterObject parameterObject, CancellationToken cancellationToken)
   at Microsoft.EntityFrameworkCore.Query.Internal.SingleQueryingEnumerable`1.AsyncEnumerator.InitializeReaderAsync(AsyncEnumerator enumerator, CancellationToken cancellationToken)
   at Microsoft.EntityFrameworkCore.Storage.ExecutionStrategy.<>c__DisplayClass30_0`2.<<ExecuteAsync>b__0>d.MoveNext()
--- End of stack trace from previous location ---
   at Microsoft.EntityFrameworkCore.Storage.ExecutionStrategy.ExecuteImplementationAsync[TState,TResult](Func`4 operation, Func`4 verifySucceeded, TState state, CancellationToken cancellationToken)
   at Microsoft.EntityFrameworkCore.Storage.ExecutionStrategy.ExecuteImplementationAsync[TState,TResult](Func`4 operation, Func`4 verifySucceeded, TState state, CancellationToken cancellationToken)
   at Microsoft.EntityFrameworkCore.Storage.ExecutionStrategy.ExecuteAsync[TState,TResult](TState state, Func`4 operation, Func`4 verifySucceeded, CancellationToken cancellationToken)
   at Microsoft.EntityFrameworkCore.Query.Internal.SingleQueryingEnumerable`1.AsyncEnumerator.MoveNextAsync()
ClientConnectionId:00000000-0000-0000-0000-000000000000
Error Number:2,State:0,Class:20
2026-08-07 21:31:45.885 -06:00 [ERR] An exception occurred while iterating over the results of a query for context type 'Pos.Infrastructure.Persistence.PosDbContext'.
Microsoft.Data.SqlClient.SqlException (0x80131904): A network-related or instance-specific error occurred while establishing a connection to SQL Server. The server was not found or was not accessible. Verify that the instance name is correct and that SQL Server is configured to allow remote connections. (provider: Named Pipes Provider, error: 40 - Could not open a connection to SQL Server)
 ---> System.ComponentModel.Win32Exception (2): El sistema no puede encontrar el archivo especificado.
   at Microsoft.Data.ProviderBase.DbConnectionPool.TryGetConnection(DbConnection owningObject, UInt32 waitForMultipleObjectsTimeout, Boolean allowCreate, Boolean onlyOneCheckConnection, DbConnectionOptions userOptions, DbConnectionInternal& connection)
   at Microsoft.Data.ProviderBase.DbConnectionPool.WaitForPendingOpen()
--- End of stack trace from previous location ---
   at Microsoft.EntityFrameworkCore.Storage.RelationalConnection.OpenInternalAsync(Boolean errorsExpected, CancellationToken cancellationToken)
   at Microsoft.EntityFrameworkCore.Storage.RelationalConnection.OpenInternalAsync(Boolean errorsExpected, CancellationToken cancellationToken)
   at Microsoft.EntityFrameworkCore.Storage.RelationalConnection.OpenAsync(CancellationToken cancellationToken, Boolean errorsExpected)
   at Microsoft.EntityFrameworkCore.Storage.RelationalCommand.ExecuteReaderAsync(RelationalCommandParameterObject parameterObject, CancellationToken cancellationToken)
   at Microsoft.EntityFrameworkCore.Query.Internal.SingleQueryingEnumerable`1.AsyncEnumerator.InitializeReaderAsync(AsyncEnumerator enumerator, CancellationToken cancellationToken)
   at Microsoft.EntityFrameworkCore.Storage.ExecutionStrategy.<>c__DisplayClass30_0`2.<<ExecuteAsync>b__0>d.MoveNext()
--- End of stack trace from previous location ---
   at Microsoft.EntityFrameworkCore.Storage.ExecutionStrategy.ExecuteImplementationAsync[TState,TResult](Func`4 operation, Func`4 verifySucceeded, TState state, CancellationToken cancellationToken)
   at Microsoft.EntityFrameworkCore.Storage.ExecutionStrategy.ExecuteImplementationAsync[TState,TResult](Func`4 operation, Func`4 verifySucceeded, TState state, CancellationToken cancellationToken)
   at Microsoft.EntityFrameworkCore.Storage.ExecutionStrategy.ExecuteAsync[TState,TResult](TState state, Func`4 operation, Func`4 verifySucceeded, CancellationToken cancellationToken)
   at Microsoft.EntityFrameworkCore.Query.Internal.SingleQueryingEnumerable`1.AsyncEnumerator.MoveNextAsync()
ClientConnectionId:00000000-0000-0000-0000-000000000000
Error Number:2,State:0,Class:20
Microsoft.Data.SqlClient.SqlException (0x80131904): A network-related or instance-specific error occurred while establishing a connection to SQL Server. The server was not found or was not accessible. Verify that the instance name is correct and that SQL Server is configured to allow remote connections. (provider: Named Pipes Provider, error: 40 - Could not open a connection to SQL Server)
 ---> System.ComponentModel.Win32Exception (2): El sistema no puede encontrar el archivo especificado.
   at Microsoft.Data.ProviderBase.DbConnectionPool.TryGetConnection(DbConnection owningObject, UInt32 waitForMultipleObjectsTimeout, Boolean allowCreate, Boolean onlyOneCheckConnection, DbConnectionOptions userOptions, DbConnectionInternal& connection)
   at Microsoft.Data.ProviderBase.DbConnectionPool.WaitForPendingOpen()
--- End of stack trace from previous location ---
   at Microsoft.EntityFrameworkCore.Storage.RelationalConnection.OpenInternalAsync(Boolean errorsExpected, CancellationToken cancellationToken)
   at Microsoft.EntityFrameworkCore.Storage.RelationalConnection.OpenInternalAsync(Boolean errorsExpected, CancellationToken cancellationToken)
   at Microsoft.EntityFrameworkCore.Storage.RelationalConnection.OpenAsync(CancellationToken cancellationToken, Boolean errorsExpected)
   at Microsoft.EntityFrameworkCore.Storage.RelationalCommand.ExecuteReaderAsync(RelationalCommandParameterObject parameterObject, CancellationToken cancellationToken)
   at Microsoft.EntityFrameworkCore.Query.Internal.SingleQueryingEnumerable`1.AsyncEnumerator.InitializeReaderAsync(AsyncEnumerator enumerator, CancellationToken cancellationToken)
   at Microsoft.EntityFrameworkCore.Storage.ExecutionStrategy.<>c__DisplayClass30_0`2.<<ExecuteAsync>b__0>d.MoveNext()
--- End of stack trace from previous location ---
   at Microsoft.EntityFrameworkCore.Storage.ExecutionStrategy.ExecuteImplementationAsync[TState,TResult](Func`4 operation, Func`4 verifySucceeded, TState state, CancellationToken cancellationToken)
   at Microsoft.EntityFrameworkCore.Storage.ExecutionStrategy.ExecuteImplementationAsync[TState,TResult](Func`4 operation, Func`4 verifySucceeded, TState state, CancellationToken cancellationToken)
   at Microsoft.EntityFrameworkCore.Storage.ExecutionStrategy.ExecuteAsync[TState,TResult](TState state, Func`4 operation, Func`4 verifySucceeded, CancellationToken cancellationToken)
   at Microsoft.EntityFrameworkCore.Query.Internal.SingleQueryingEnumerable`1.AsyncEnumerator.MoveNextAsync()
ClientConnectionId:00000000-0000-0000-0000-000000000000
Error Number:2,State:0,Class:20
2026-08-07 21:31:45.887 -06:00 [ERR] An exception occurred while iterating over the results of a query for context type 'Pos.Infrastructure.Persistence.PosDbContext'.
Microsoft.Data.SqlClient.SqlException (0x80131904): A network-related or instance-specific error occurred while establishing a connection to SQL Server. The server was not found or was not accessible. Verify that the instance name is correct and that SQL Server is configured to allow remote connections. (provider: Named Pipes Provider, error: 40 - Could not open a connection to SQL Server)
 ---> System.ComponentModel.Win32Exception (2): El sistema no puede encontrar el archivo especificado.
   at Microsoft.Data.ProviderBase.DbConnectionPool.TryGetConnection(DbConnection owningObject, UInt32 waitForMultipleObjectsTimeout, Boolean allowCreate, Boolean onlyOneCheckConnection, DbConnectionOptions userOptions, DbConnectionInternal& connection)
   at Microsoft.Data.ProviderBase.DbConnectionPool.WaitForPendingOpen()
--- End of stack trace from previous location ---
   at Microsoft.EntityFrameworkCore.Storage.RelationalConnection.OpenInternalAsync(Boolean errorsExpected, CancellationToken cancellationToken)
   at Microsoft.EntityFrameworkCore.Storage.RelationalConnection.OpenInternalAsync(Boolean errorsExpected, CancellationToken cancellationToken)
   at Microsoft.EntityFrameworkCore.Storage.RelationalConnection.OpenAsync(CancellationToken cancellationToken, Boolean errorsExpected)
   at Microsoft.EntityFrameworkCore.Storage.RelationalCommand.ExecuteReaderAsync(RelationalCommandParameterObject parameterObject, CancellationToken cancellationToken)
   at Microsoft.EntityFrameworkCore.Query.Internal.SingleQueryingEnumerable`1.AsyncEnumerator.InitializeReaderAsync(AsyncEnumerator enumerator, CancellationToken cancellationToken)
   at Microsoft.EntityFrameworkCore.Storage.ExecutionStrategy.<>c__DisplayClass30_0`2.<<ExecuteAsync>b__0>d.MoveNext()
--- End of stack trace from previous location ---
   at Microsoft.EntityFrameworkCore.Storage.ExecutionStrategy.ExecuteImplementationAsync[TState,TResult](Func`4 operation, Func`4 verifySucceeded, TState state, CancellationToken cancellationToken)
   at Microsoft.EntityFrameworkCore.Storage.ExecutionStrategy.ExecuteImplementationAsync[TState,TResult](Func`4 operation, Func`4 verifySucceeded, TState state, CancellationToken cancellationToken)
   at Microsoft.EntityFrameworkCore.Storage.ExecutionStrategy.ExecuteAsync[TState,TResult](TState state, Func`4 operation, Func`4 verifySucceeded, CancellationToken cancellationToken)
   at Microsoft.EntityFrameworkCore.Query.Internal.SingleQueryingEnumerable`1.AsyncEnumerator.MoveNextAsync()
ClientConnectionId:00000000-0000-0000-0000-000000000000
Error Number:2,State:0,Class:20
Microsoft.Data.SqlClient.SqlException (0x80131904): A network-related or instance-specific error occurred while establishing a connection to SQL Server. The server was not found or was not accessible. Verify that the instance name is correct and that SQL Server is configured to allow remote connections. (provider: Named Pipes Provider, error: 40 - Could not open a connection to SQL Server)
 ---> System.ComponentModel.Win32Exception (2): El sistema no puede encontrar el archivo especificado.
   at Microsoft.Data.ProviderBase.DbConnectionPool.TryGetConnection(DbConnection owningObject, UInt32 waitForMultipleObjectsTimeout, Boolean allowCreate, Boolean onlyOneCheckConnection, DbConnectionOptions userOptions, DbConnectionInternal& connection)
   at Microsoft.Data.ProviderBase.DbConnectionPool.WaitForPendingOpen()
--- End of stack trace from previous location ---
   at Microsoft.EntityFrameworkCore.Storage.RelationalConnection.OpenInternalAsync(Boolean errorsExpected, CancellationToken cancellationToken)
   at Microsoft.EntityFrameworkCore.Storage.RelationalConnection.OpenInternalAsync(Boolean errorsExpected, CancellationToken cancellationToken)
   at Microsoft.EntityFrameworkCore.Storage.RelationalConnection.OpenAsync(CancellationToken cancellationToken, Boolean errorsExpected)
   at Microsoft.EntityFrameworkCore.Storage.RelationalCommand.ExecuteReaderAsync(RelationalCommandParameterObject parameterObject, CancellationToken cancellationToken)
   at Microsoft.EntityFrameworkCore.Query.Internal.SingleQueryingEnumerable`1.AsyncEnumerator.InitializeReaderAsync(AsyncEnumerator enumerator, CancellationToken cancellationToken)
   at Microsoft.EntityFrameworkCore.Storage.ExecutionStrategy.<>c__DisplayClass30_0`2.<<ExecuteAsync>b__0>d.MoveNext()
--- End of stack trace from previous location ---
   at Microsoft.EntityFrameworkCore.Storage.ExecutionStrategy.ExecuteImplementationAsync[TState,TResult](Func`4 operation, Func`4 verifySucceeded, TState state, CancellationToken cancellationToken)
   at Microsoft.EntityFrameworkCore.Storage.ExecutionStrategy.ExecuteImplementationAsync[TState,TResult](Func`4 operation, Func`4 verifySucceeded, TState state, CancellationToken cancellationToken)
   at Microsoft.EntityFrameworkCore.Storage.ExecutionStrategy.ExecuteAsync[TState,TResult](TState state, Func`4 operation, Func`4 verifySucceeded, CancellationToken cancellationToken)
   at Microsoft.EntityFrameworkCore.Query.Internal.SingleQueryingEnumerable`1.AsyncEnumerator.MoveNextAsync()
ClientConnectionId:00000000-0000-0000-0000-000000000000
Error Number:2,State:0,Class:20
2026-08-07 21:31:45.888 -06:00 [ERR] An exception occurred while iterating over the results of a query for context type 'Pos.Infrastructure.Persistence.PosDbContext'.
Microsoft.Data.SqlClient.SqlException (0x80131904): A network-related or instance-specific error occurred while establishing a connection to SQL Server. The server was not found or was not accessible. Verify that the instance name is correct and that SQL Server is configured to allow remote connections. (provider: Named Pipes Provider, error: 40 - Could not open a connection to SQL Server)
 ---> System.ComponentModel.Win32Exception (2): El sistema no puede encontrar el archivo especificado.
   at Microsoft.Data.ProviderBase.DbConnectionPool.TryGetConnection(DbConnection owningObject, UInt32 waitForMultipleObjectsTimeout, Boolean allowCreate, Boolean onlyOneCheckConnection, DbConnectionOptions userOptions, DbConnectionInternal& connection)
   at Microsoft.Data.ProviderBase.DbConnectionPool.WaitForPendingOpen()
--- End of stack trace from previous location ---
   at Microsoft.EntityFrameworkCore.Storage.RelationalConnection.OpenInternalAsync(Boolean errorsExpected, CancellationToken cancellationToken)
   at Microsoft.EntityFrameworkCore.Storage.RelationalConnection.OpenInternalAsync(Boolean errorsExpected, CancellationToken cancellationToken)
   at Microsoft.EntityFrameworkCore.Storage.RelationalConnection.OpenAsync(CancellationToken cancellationToken, Boolean errorsExpected)
   at Microsoft.EntityFrameworkCore.Storage.RelationalCommand.ExecuteReaderAsync(RelationalCommandParameterObject parameterObject, CancellationToken cancellationToken)
   at Microsoft.EntityFrameworkCore.Query.Internal.SingleQueryingEnumerable`1.AsyncEnumerator.InitializeReaderAsync(AsyncEnumerator enumerator, CancellationToken cancellationToken)
   at Microsoft.EntityFrameworkCore.Storage.ExecutionStrategy.<>c__DisplayClass30_0`2.<<ExecuteAsync>b__0>d.MoveNext()
--- End of stack trace from previous location ---
   at Microsoft.EntityFrameworkCore.Storage.ExecutionStrategy.ExecuteImplementationAsync[TState,TResult](Func`4 operation, Func`4 verifySucceeded, TState state, CancellationToken cancellationToken)
   at Microsoft.EntityFrameworkCore.Storage.ExecutionStrategy.ExecuteImplementationAsync[TState,TResult](Func`4 operation, Func`4 verifySucceeded, TState state, CancellationToken cancellationToken)
   at Microsoft.EntityFrameworkCore.Storage.ExecutionStrategy.ExecuteAsync[TState,TResult](TState state, Func`4 operation, Func`4 verifySucceeded, CancellationToken cancellationToken)
   at Microsoft.EntityFrameworkCore.Query.Internal.SingleQueryingEnumerable`1.AsyncEnumerator.MoveNextAsync()
ClientConnectionId:00000000-0000-0000-0000-000000000000
Error Number:2,State:0,Class:20
Microsoft.Data.SqlClient.SqlException (0x80131904): A network-related or instance-specific error occurred while establishing a connection to SQL Server. The server was not found or was not accessible. Verify that the instance name is correct and that SQL Server is configured to allow remote connections. (provider: Named Pipes Provider, error: 40 - Could not open a connection to SQL Server)
 ---> System.ComponentModel.Win32Exception (2): El sistema no puede encontrar el archivo especificado.
   at Microsoft.Data.ProviderBase.DbConnectionPool.TryGetConnection(DbConnection owningObject, UInt32 waitForMultipleObjectsTimeout, Boolean allowCreate, Boolean onlyOneCheckConnection, DbConnectionOptions userOptions, DbConnectionInternal& connection)
   at Microsoft.Data.ProviderBase.DbConnectionPool.WaitForPendingOpen()
--- End of stack trace from previous location ---
   at Microsoft.EntityFrameworkCore.Storage.RelationalConnection.OpenInternalAsync(Boolean errorsExpected, CancellationToken cancellationToken)
   at Microsoft.EntityFrameworkCore.Storage.RelationalConnection.OpenInternalAsync(Boolean errorsExpected, CancellationToken cancellationToken)
   at Microsoft.EntityFrameworkCore.Storage.RelationalConnection.OpenAsync(CancellationToken cancellationToken, Boolean errorsExpected)
   at Microsoft.EntityFrameworkCore.Storage.RelationalCommand.ExecuteReaderAsync(RelationalCommandParameterObject parameterObject, CancellationToken cancellationToken)
   at Microsoft.EntityFrameworkCore.Query.Internal.SingleQueryingEnumerable`1.AsyncEnumerator.InitializeReaderAsync(AsyncEnumerator enumerator, CancellationToken cancellationToken)
   at Microsoft.EntityFrameworkCore.Storage.ExecutionStrategy.<>c__DisplayClass30_0`2.<<ExecuteAsync>b__0>d.MoveNext()
--- End of stack trace from previous location ---
   at Microsoft.EntityFrameworkCore.Storage.ExecutionStrategy.ExecuteImplementationAsync[TState,TResult](Func`4 operation, Func`4 verifySucceeded, TState state, CancellationToken cancellationToken)
   at Microsoft.EntityFrameworkCore.Storage.ExecutionStrategy.ExecuteImplementationAsync[TState,TResult](Func`4 operation, Func`4 verifySucceeded, TState state, CancellationToken cancellationToken)
   at Microsoft.EntityFrameworkCore.Storage.ExecutionStrategy.ExecuteAsync[TState,TResult](TState state, Func`4 operation, Func`4 verifySucceeded, CancellationToken cancellationToken)
   at Microsoft.EntityFrameworkCore.Query.Internal.SingleQueryingEnumerable`1.AsyncEnumerator.MoveNextAsync()
ClientConnectionId:00000000-0000-0000-0000-000000000000
Error Number:2,State:0,Class:20
2026-08-07 21:31:45.902 -06:00 [INF] Executed action Pos.Api.Controllers.v1.QuotesController.GetQuotes (Pos.Api) in 20616.5947ms
2026-08-07 21:31:45.910 -06:00 [INF] Executed action Pos.Api.Controllers.v1.DocumentsController.GetTemplates (Pos.Api) in 16839.1924ms
2026-08-07 21:31:45.918 -06:00 [INF] Executed action Pos.Api.Controllers.v1.ReturnsController.GetReturns (Pos.Api) in 16845.2456ms
2026-08-07 21:31:45.926 -06:00 [INF] Executed action Pos.Api.Controllers.v1.QuotesController.GetOptions (Pos.Api) in 20639.2153ms
2026-08-07 21:31:45.937 -06:00 [INF] Executed action Pos.Api.Controllers.v1.PaymentsController.GetPendingSales (Pos.Api) in 16871.8902ms
2026-08-07 21:31:45.944 -06:00 [INF] Executed action Pos.Api.Controllers.v1.ReturnsController.GetEligibleSales (Pos.Api) in 16874.5616ms
2026-08-07 21:31:45.944 -06:00 [INF] Executed endpoint 'Pos.Api.Controllers.v1.QuotesController.GetQuotes (Pos.Api)'
2026-08-07 21:31:45.945 -06:00 [INF] Executed endpoint 'Pos.Api.Controllers.v1.DocumentsController.GetTemplates (Pos.Api)'
2026-08-07 21:31:45.947 -06:00 [INF] Executed endpoint 'Pos.Api.Controllers.v1.ReturnsController.GetReturns (Pos.Api)'
2026-08-07 21:31:45.948 -06:00 [INF] Executed endpoint 'Pos.Api.Controllers.v1.QuotesController.GetOptions (Pos.Api)'
2026-08-07 21:31:45.949 -06:00 [INF] Executed endpoint 'Pos.Api.Controllers.v1.PaymentsController.GetPendingSales (Pos.Api)'
2026-08-07 21:31:45.950 -06:00 [INF] Executed endpoint 'Pos.Api.Controllers.v1.ReturnsController.GetEligibleSales (Pos.Api)'
2026-08-07 21:31:45.951 -06:00 [ERR] Connection id "0HNNKV7C8AS6E", Request id "0HNNKV7C8AS6E:00000001": An unhandled exception was thrown by the application.
Microsoft.Data.SqlClient.SqlException (0x80131904): A network-related or instance-specific error occurred while establishing a connection to SQL Server. The server was not found or was not accessible. Verify that the instance name is correct and that SQL Server is configured to allow remote connections. (provider: Named Pipes Provider, error: 40 - Could not open a connection to SQL Server)
 ---> System.ComponentModel.Win32Exception (2): El sistema no puede encontrar el archivo especificado.
   at Microsoft.Data.SqlClient.SqlInternalConnection.OnError(SqlException exception, Boolean breakConnection, Action`1 wrapCloseInAction)
   at Microsoft.Data.SqlClient.TdsParser.ThrowExceptionAndWarning(TdsParserStateObject stateObj, Boolean callerHasConnectionLock, Boolean asyncClose)
   at Microsoft.Data.SqlClient.TdsParser.Connect(ServerInfo serverInfo, SqlInternalConnectionTds connHandler, Boolean ignoreSniOpenTimeout, Int64 timerExpire, SqlConnectionString connectionOptions, Boolean withFailover)
   at Microsoft.Data.SqlClient.SqlInternalConnectionTds.AttemptOneLogin(ServerInfo serverInfo, String newPassword, SecureString newSecurePassword, Boolean ignoreSniOpenTimeout, TimeoutTimer timeout, Boolean withFailover)
   at Microsoft.Data.SqlClient.SqlInternalConnectionTds.LoginNoFailover(ServerInfo serverInfo, String newPassword, SecureString newSecurePassword, Boolean redirectedUserInstance, SqlConnectionString connectionOptions, SqlCredential credential, TimeoutTimer timeout)
   at Microsoft.Data.SqlClient.SqlInternalConnectionTds.OpenLoginEnlist(TimeoutTimer timeout, SqlConnectionString connectionOptions, SqlCredential credential, String newPassword, SecureString newSecurePassword, Boolean redirectedUserInstance)
   at Microsoft.Data.SqlClient.SqlInternalConnectionTds..ctor(DbConnectionPoolIdentity identity, SqlConnectionString connectionOptions, SqlCredential credential, Object providerInfo, String newPassword, SecureString newSecurePassword, Boolean redirectedUserInstance, SqlConnectionString userConnectionOptions, SessionData reconnectSessionData, Boolean applyTransientFaultHandling, String accessToken, DbConnectionPool pool)
   at Microsoft.Data.SqlClient.SqlConnectionFactory.CreateConnection(DbConnectionOptions options, DbConnectionPoolKey poolKey, Object poolGroupProviderInfo, DbConnectionPool pool, DbConnection owningConnection, DbConnectionOptions userOptions)
   at Microsoft.Data.ProviderBase.DbConnectionFactory.CreatePooledConnection(DbConnectionPool pool, DbConnection owningObject, DbConnectionOptions options, DbConnectionPoolKey poolKey, DbConnectionOptions userOptions)
   at Microsoft.Data.ProviderBase.DbConnectionPool.CreateObject(DbConnection owningObject, DbConnectionOptions userOptions, DbConnectionInternal oldConnection)
   at Microsoft.Data.ProviderBase.DbConnectionPool.UserCreateRequest(DbConnection owningObject, DbConnectionOptions userOptions, DbConnectionInternal oldConnection)
   at Microsoft.Data.ProviderBase.DbConnectionPool.TryGetConnection(DbConnection owningObject, UInt32 waitForMultipleObjectsTimeout, Boolean allowCreate, Boolean onlyOneCheckConnection, DbConnectionOptions userOptions, DbConnectionInternal& connection)
   at Microsoft.Data.ProviderBase.DbConnectionPool.WaitForPendingOpen()
--- End of stack trace from previous location ---
   at Microsoft.EntityFrameworkCore.Storage.RelationalConnection.OpenInternalAsync(Boolean errorsExpected, CancellationToken cancellationToken)
   at Microsoft.EntityFrameworkCore.Storage.RelationalConnection.OpenInternalAsync(Boolean errorsExpected, CancellationToken cancellationToken)
   at Microsoft.EntityFrameworkCore.Storage.RelationalConnection.OpenAsync(CancellationToken cancellationToken, Boolean errorsExpected)
   at Microsoft.EntityFrameworkCore.Storage.RelationalCommand.ExecuteReaderAsync(RelationalCommandParameterObject parameterObject, CancellationToken cancellationToken)
   at Microsoft.EntityFrameworkCore.Query.Internal.SingleQueryingEnumerable`1.AsyncEnumerator.InitializeReaderAsync(AsyncEnumerator enumerator, CancellationToken cancellationToken)
   at Microsoft.EntityFrameworkCore.Storage.ExecutionStrategy.<>c__DisplayClass30_0`2.<<ExecuteAsync>b__0>d.MoveNext()
--- End of stack trace from previous location ---
   at Microsoft.EntityFrameworkCore.Storage.ExecutionStrategy.ExecuteImplementationAsync[TState,TResult](Func`4 operation, Func`4 verifySucceeded, TState state, CancellationToken cancellationToken)
   at Microsoft.EntityFrameworkCore.Storage.ExecutionStrategy.ExecuteImplementationAsync[TState,TResult](Func`4 operation, Func`4 verifySucceeded, TState state, CancellationToken cancellationToken)
   at Microsoft.EntityFrameworkCore.Storage.ExecutionStrategy.ExecuteAsync[TState,TResult](TState state, Func`4 operation, Func`4 verifySucceeded, CancellationToken cancellationToken)
   at Microsoft.EntityFrameworkCore.Query.Internal.SingleQueryingEnumerable`1.AsyncEnumerator.MoveNextAsync()
   at Microsoft.EntityFrameworkCore.EntityFrameworkQueryableExtensions.ToListAsync[TSource](IQueryable`1 source, CancellationToken cancellationToken)
   at Microsoft.EntityFrameworkCore.EntityFrameworkQueryableExtensions.ToListAsync[TSource](IQueryable`1 source, CancellationToken cancellationToken)
   at Pos.Infrastructure.Services.CommercialOperationsService.GetQuotesAsync(String search, String status, CancellationToken cancellationToken) in D:\Proyecto_PDV-CDC\src\backend\Pos.Infrastructure\Services\CommercialOperationsService.cs:line 62
   at Pos.Api.Controllers.v1.QuotesController.GetQuotes(String search, String status, CancellationToken cancellationToken) in D:\Proyecto_PDV-CDC\src\backend\Pos.Api\Controllers\v1\QuotesController.cs:line 37
   at lambda_method1847(Closure, Object)
   at Microsoft.AspNetCore.Mvc.Infrastructure.ActionMethodExecutor.AwaitableObjectResultExecutor.Execute(ActionContext actionContext, IActionResultTypeMapper mapper, ObjectMethodExecutor executor, Object controller, Object[] arguments)
   at Microsoft.AspNetCore.Mvc.Infrastructure.ControllerActionInvoker.<InvokeActionMethodAsync>g__Awaited|12_0(ControllerActionInvoker invoker, ValueTask`1 actionResultValueTask)
   at Microsoft.AspNetCore.Mvc.Infrastructure.ControllerActionInvoker.<InvokeNextActionFilterAsync>g__Awaited|10_0(ControllerActionInvoker invoker, Task lastTask, State next, Scope scope, Object state, Boolean isCompleted)
   at Microsoft.AspNetCore.Mvc.Infrastructure.ControllerActionInvoker.Rethrow(ActionExecutedContextSealed context)
   at Microsoft.AspNetCore.Mvc.Infrastructure.ControllerActionInvoker.Next(State& next, Scope& scope, Object& state, Boolean& isCompleted)
   at Microsoft.AspNetCore.Mvc.Infrastructure.ControllerActionInvoker.<InvokeInnerFilterAsync>g__Awaited|13_0(ControllerActionInvoker invoker, Task lastTask, State next, Scope scope, Object state, Boolean isCompleted)
   at Microsoft.AspNetCore.Mvc.Infrastructure.ResourceInvoker.<InvokeFilterPipelineAsync>g__Awaited|20_0(ResourceInvoker invoker, Task lastTask, State next, Scope scope, Object state, Boolean isCompleted)
   at Microsoft.AspNetCore.Mvc.Infrastructure.ResourceInvoker.<InvokeAsync>g__Logged|17_1(ResourceInvoker invoker)
   at Microsoft.AspNetCore.Mvc.Infrastructure.ResourceInvoker.<InvokeAsync>g__Logged|17_1(ResourceInvoker invoker)
   at Microsoft.AspNetCore.Routing.EndpointMiddleware.<Invoke>g__AwaitRequestTask|7_0(Endpoint endpoint, Task requestTask, ILogger logger)
   at Microsoft.AspNetCore.Authorization.AuthorizationMiddleware.Invoke(HttpContext context)
   at Microsoft.AspNetCore.Authentication.AuthenticationMiddleware.Invoke(HttpContext context)
   at Pos.Api.Middleware.AuditMiddleware.InvokeAsync(HttpContext context, IServiceProvider serviceProvider) in D:\Proyecto_PDV-CDC\src\backend\Pos.Api\Middleware\AuditMiddleware.cs:line 32
   at Pos.Api.Middleware.SerilogAuthMiddleware.InvokeAsync(HttpContext context) in D:\Proyecto_PDV-CDC\src\backend\Pos.Api\Middleware\SerilogAuthMiddleware.cs:line 54
   at Microsoft.AspNetCore.Server.Kestrel.Core.Internal.Http.HttpProtocol.ProcessRequests[TContext](IHttpApplication`1 application)
ClientConnectionId:00000000-0000-0000-0000-000000000000
Error Number:2,State:0,Class:20
2026-08-07 21:31:45.952 -06:00 [ERR] Connection id "0HNNKV7C8AS6I", Request id "0HNNKV7C8AS6I:00000001": An unhandled exception was thrown by the application.
Microsoft.Data.SqlClient.SqlException (0x80131904): A network-related or instance-specific error occurred while establishing a connection to SQL Server. The server was not found or was not accessible. Verify that the instance name is correct and that SQL Server is configured to allow remote connections. (provider: Named Pipes Provider, error: 40 - Could not open a connection to SQL Server)
 ---> System.ComponentModel.Win32Exception (2): El sistema no puede encontrar el archivo especificado.
   at Microsoft.Data.ProviderBase.DbConnectionPool.TryGetConnection(DbConnection owningObject, UInt32 waitForMultipleObjectsTimeout, Boolean allowCreate, Boolean onlyOneCheckConnection, DbConnectionOptions userOptions, DbConnectionInternal& connection)
   at Microsoft.Data.ProviderBase.DbConnectionPool.WaitForPendingOpen()
--- End of stack trace from previous location ---
   at Microsoft.EntityFrameworkCore.Storage.RelationalConnection.OpenInternalAsync(Boolean errorsExpected, CancellationToken cancellationToken)
   at Microsoft.EntityFrameworkCore.Storage.RelationalConnection.OpenInternalAsync(Boolean errorsExpected, CancellationToken cancellationToken)
   at Microsoft.EntityFrameworkCore.Storage.RelationalConnection.OpenAsync(CancellationToken cancellationToken, Boolean errorsExpected)
   at Microsoft.EntityFrameworkCore.Storage.RelationalCommand.ExecuteReaderAsync(RelationalCommandParameterObject parameterObject, CancellationToken cancellationToken)
   at Microsoft.EntityFrameworkCore.Query.Internal.SingleQueryingEnumerable`1.AsyncEnumerator.InitializeReaderAsync(AsyncEnumerator enumerator, CancellationToken cancellationToken)
   at Microsoft.EntityFrameworkCore.Storage.ExecutionStrategy.<>c__DisplayClass30_0`2.<<ExecuteAsync>b__0>d.MoveNext()
--- End of stack trace from previous location ---
   at Microsoft.EntityFrameworkCore.Storage.ExecutionStrategy.ExecuteImplementationAsync[TState,TResult](Func`4 operation, Func`4 verifySucceeded, TState state, CancellationToken cancellationToken)
   at Microsoft.EntityFrameworkCore.Storage.ExecutionStrategy.ExecuteImplementationAsync[TState,TResult](Func`4 operation, Func`4 verifySucceeded, TState state, CancellationToken cancellationToken)
   at Microsoft.EntityFrameworkCore.Storage.ExecutionStrategy.ExecuteAsync[TState,TResult](TState state, Func`4 operation, Func`4 verifySucceeded, CancellationToken cancellationToken)
   at Microsoft.EntityFrameworkCore.Query.Internal.SingleQueryingEnumerable`1.AsyncEnumerator.MoveNextAsync()
   at Microsoft.EntityFrameworkCore.EntityFrameworkQueryableExtensions.ToListAsync[TSource](IQueryable`1 source, CancellationToken cancellationToken)
   at Microsoft.EntityFrameworkCore.EntityFrameworkQueryableExtensions.ToListAsync[TSource](IQueryable`1 source, CancellationToken cancellationToken)
   at Pos.Infrastructure.Services.CommercialOperationsService.GetDocumentTemplatesAsync(CancellationToken cancellationToken) in D:\Proyecto_PDV-CDC\src\backend\Pos.Infrastructure\Services\CommercialOperationsService.cs:line 561
   at Pos.Api.Controllers.v1.DocumentsController.GetTemplates(CancellationToken cancellationToken) in D:\Proyecto_PDV-CDC\src\backend\Pos.Api\Controllers\v1\DocumentsController.cs:line 25
   at lambda_method2050(Closure, Object)
   at Microsoft.AspNetCore.Mvc.Infrastructure.ActionMethodExecutor.AwaitableObjectResultExecutor.Execute(ActionContext actionContext, IActionResultTypeMapper mapper, ObjectMethodExecutor executor, Object controller, Object[] arguments)
   at Microsoft.AspNetCore.Mvc.Infrastructure.ControllerActionInvoker.<InvokeActionMethodAsync>g__Awaited|12_0(ControllerActionInvoker invoker, ValueTask`1 actionResultValueTask)
   at Microsoft.AspNetCore.Mvc.Infrastructure.ControllerActionInvoker.<InvokeNextActionFilterAsync>g__Awaited|10_0(ControllerActionInvoker invoker, Task lastTask, State next, Scope scope, Object state, Boolean isCompleted)
   at Microsoft.AspNetCore.Mvc.Infrastructure.ControllerActionInvoker.Rethrow(ActionExecutedContextSealed context)
   at Microsoft.AspNetCore.Mvc.Infrastructure.ControllerActionInvoker.Next(State& next, Scope& scope, Object& state, Boolean& isCompleted)
   at Microsoft.AspNetCore.Mvc.Infrastructure.ControllerActionInvoker.<InvokeInnerFilterAsync>g__Awaited|13_0(ControllerActionInvoker invoker, Task lastTask, State next, Scope scope, Object state, Boolean isCompleted)
   at Microsoft.AspNetCore.Mvc.Infrastructure.ResourceInvoker.<InvokeFilterPipelineAsync>g__Awaited|20_0(ResourceInvoker invoker, Task lastTask, State next, Scope scope, Object state, Boolean isCompleted)
   at Microsoft.AspNetCore.Mvc.Infrastructure.ResourceInvoker.<InvokeAsync>g__Logged|17_1(ResourceInvoker invoker)
   at Microsoft.AspNetCore.Mvc.Infrastructure.ResourceInvoker.<InvokeAsync>g__Logged|17_1(ResourceInvoker invoker)
   at Microsoft.AspNetCore.Routing.EndpointMiddleware.<Invoke>g__AwaitRequestTask|7_0(Endpoint endpoint, Task requestTask, ILogger logger)
   at Microsoft.AspNetCore.Authorization.AuthorizationMiddleware.Invoke(HttpContext context)
   at Microsoft.AspNetCore.Authentication.AuthenticationMiddleware.Invoke(HttpContext context)
   at Pos.Api.Middleware.AuditMiddleware.InvokeAsync(HttpContext context, IServiceProvider serviceProvider) in D:\Proyecto_PDV-CDC\src\backend\Pos.Api\Middleware\AuditMiddleware.cs:line 32
   at Pos.Api.Middleware.SerilogAuthMiddleware.InvokeAsync(HttpContext context) in D:\Proyecto_PDV-CDC\src\backend\Pos.Api\Middleware\SerilogAuthMiddleware.cs:line 54
   at Microsoft.AspNetCore.Server.Kestrel.Core.Internal.Http.HttpProtocol.ProcessRequests[TContext](IHttpApplication`1 application)
ClientConnectionId:00000000-0000-0000-0000-000000000000
Error Number:2,State:0,Class:20
2026-08-07 21:31:45.954 -06:00 [ERR] Connection id "0HNNKV7C8AS6J", Request id "0HNNKV7C8AS6J:00000001": An unhandled exception was thrown by the application.
Microsoft.Data.SqlClient.SqlException (0x80131904): A network-related or instance-specific error occurred while establishing a connection to SQL Server. The server was not found or was not accessible. Verify that the instance name is correct and that SQL Server is configured to allow remote connections. (provider: Named Pipes Provider, error: 40 - Could not open a connection to SQL Server)
 ---> System.ComponentModel.Win32Exception (2): El sistema no puede encontrar el archivo especificado.
   at Microsoft.Data.ProviderBase.DbConnectionPool.TryGetConnection(DbConnection owningObject, UInt32 waitForMultipleObjectsTimeout, Boolean allowCreate, Boolean onlyOneCheckConnection, DbConnectionOptions userOptions, DbConnectionInternal& connection)
   at Microsoft.Data.ProviderBase.DbConnectionPool.WaitForPendingOpen()
--- End of stack trace from previous location ---
   at Microsoft.EntityFrameworkCore.Storage.RelationalConnection.OpenInternalAsync(Boolean errorsExpected, CancellationToken cancellationToken)
   at Microsoft.EntityFrameworkCore.Storage.RelationalConnection.OpenInternalAsync(Boolean errorsExpected, CancellationToken cancellationToken)
   at Microsoft.EntityFrameworkCore.Storage.RelationalConnection.OpenAsync(CancellationToken cancellationToken, Boolean errorsExpected)
   at Microsoft.EntityFrameworkCore.Storage.RelationalCommand.ExecuteReaderAsync(RelationalCommandParameterObject parameterObject, CancellationToken cancellationToken)
   at Microsoft.EntityFrameworkCore.Query.Internal.SingleQueryingEnumerable`1.AsyncEnumerator.InitializeReaderAsync(AsyncEnumerator enumerator, CancellationToken cancellationToken)
   at Microsoft.EntityFrameworkCore.Storage.ExecutionStrategy.<>c__DisplayClass30_0`2.<<ExecuteAsync>b__0>d.MoveNext()
--- End of stack trace from previous location ---
   at Microsoft.EntityFrameworkCore.Storage.ExecutionStrategy.ExecuteImplementationAsync[TState,TResult](Func`4 operation, Func`4 verifySucceeded, TState state, CancellationToken cancellationToken)
   at Microsoft.EntityFrameworkCore.Storage.ExecutionStrategy.ExecuteImplementationAsync[TState,TResult](Func`4 operation, Func`4 verifySucceeded, TState state, CancellationToken cancellationToken)
   at Microsoft.EntityFrameworkCore.Storage.ExecutionStrategy.ExecuteAsync[TState,TResult](TState state, Func`4 operation, Func`4 verifySucceeded, CancellationToken cancellationToken)
   at Microsoft.EntityFrameworkCore.Query.Internal.SingleQueryingEnumerable`1.AsyncEnumerator.MoveNextAsync()
   at Microsoft.EntityFrameworkCore.EntityFrameworkQueryableExtensions.ToListAsync[TSource](IQueryable`1 source, CancellationToken cancellationToken)
   at Microsoft.EntityFrameworkCore.EntityFrameworkQueryableExtensions.ToListAsync[TSource](IQueryable`1 source, CancellationToken cancellationToken)
   at Pos.Infrastructure.Services.CommercialOperationsService.GetReturnsAsync(Nullable`1 saleId, CancellationToken cancellationToken) in D:\Proyecto_PDV-CDC\src\backend\Pos.Infrastructure\Services\CommercialOperationsService.cs:line 552
   at Pos.Api.Controllers.v1.ReturnsController.GetReturns(Nullable`1 saleId, CancellationToken cancellationToken) in D:\Proyecto_PDV-CDC\src\backend\Pos.Api\Controllers\v1\ReturnsController.cs:line 37
   at lambda_method2044(Closure, Object)
   at Microsoft.AspNetCore.Mvc.Infrastructure.ActionMethodExecutor.AwaitableObjectResultExecutor.Execute(ActionContext actionContext, IActionResultTypeMapper mapper, ObjectMethodExecutor executor, Object controller, Object[] arguments)
   at Microsoft.AspNetCore.Mvc.Infrastructure.ControllerActionInvoker.<InvokeActionMethodAsync>g__Awaited|12_0(ControllerActionInvoker invoker, ValueTask`1 actionResultValueTask)
   at Microsoft.AspNetCore.Mvc.Infrastructure.ControllerActionInvoker.<InvokeNextActionFilterAsync>g__Awaited|10_0(ControllerActionInvoker invoker, Task lastTask, State next, Scope scope, Object state, Boolean isCompleted)
   at Microsoft.AspNetCore.Mvc.Infrastructure.ControllerActionInvoker.Rethrow(ActionExecutedContextSealed context)
   at Microsoft.AspNetCore.Mvc.Infrastructure.ControllerActionInvoker.Next(State& next, Scope& scope, Object& state, Boolean& isCompleted)
   at Microsoft.AspNetCore.Mvc.Infrastructure.ControllerActionInvoker.<InvokeInnerFilterAsync>g__Awaited|13_0(ControllerActionInvoker invoker, Task lastTask, State next, Scope scope, Object state, Boolean isCompleted)
   at Microsoft.AspNetCore.Mvc.Infrastructure.ResourceInvoker.<InvokeFilterPipelineAsync>g__Awaited|20_0(ResourceInvoker invoker, Task lastTask, State next, Scope scope, Object state, Boolean isCompleted)
   at Microsoft.AspNetCore.Mvc.Infrastructure.ResourceInvoker.<InvokeAsync>g__Logged|17_1(ResourceInvoker invoker)
   at Microsoft.AspNetCore.Mvc.Infrastructure.ResourceInvoker.<InvokeAsync>g__Logged|17_1(ResourceInvoker invoker)
   at Microsoft.AspNetCore.Routing.EndpointMiddleware.<Invoke>g__AwaitRequestTask|7_0(Endpoint endpoint, Task requestTask, ILogger logger)
   at Microsoft.AspNetCore.Authorization.AuthorizationMiddleware.Invoke(HttpContext context)
   at Microsoft.AspNetCore.Authentication.AuthenticationMiddleware.Invoke(HttpContext context)
   at Pos.Api.Middleware.AuditMiddleware.InvokeAsync(HttpContext context, IServiceProvider serviceProvider) in D:\Proyecto_PDV-CDC\src\backend\Pos.Api\Middleware\AuditMiddleware.cs:line 32
   at Pos.Api.Middleware.SerilogAuthMiddleware.InvokeAsync(HttpContext context) in D:\Proyecto_PDV-CDC\src\backend\Pos.Api\Middleware\SerilogAuthMiddleware.cs:line 54
   at Microsoft.AspNetCore.Server.Kestrel.Core.Internal.Http.HttpProtocol.ProcessRequests[TContext](IHttpApplication`1 application)
ClientConnectionId:00000000-0000-0000-0000-000000000000
Error Number:2,State:0,Class:20
2026-08-07 21:31:45.955 -06:00 [ERR] Connection id "0HNNKV7C8AS6F", Request id "0HNNKV7C8AS6F:00000001": An unhandled exception was thrown by the application.
Microsoft.Data.SqlClient.SqlException (0x80131904): A network-related or instance-specific error occurred while establishing a connection to SQL Server. The server was not found or was not accessible. Verify that the instance name is correct and that SQL Server is configured to allow remote connections. (provider: Named Pipes Provider, error: 40 - Could not open a connection to SQL Server)
 ---> System.ComponentModel.Win32Exception (2): El sistema no puede encontrar el archivo especificado.
   at Microsoft.Data.ProviderBase.DbConnectionPool.TryGetConnection(DbConnection owningObject, UInt32 waitForMultipleObjectsTimeout, Boolean allowCreate, Boolean onlyOneCheckConnection, DbConnectionOptions userOptions, DbConnectionInternal& connection)
   at Microsoft.Data.ProviderBase.DbConnectionPool.WaitForPendingOpen()
--- End of stack trace from previous location ---
   at Microsoft.EntityFrameworkCore.Storage.RelationalConnection.OpenInternalAsync(Boolean errorsExpected, CancellationToken cancellationToken)
   at Microsoft.EntityFrameworkCore.Storage.RelationalConnection.OpenInternalAsync(Boolean errorsExpected, CancellationToken cancellationToken)
   at Microsoft.EntityFrameworkCore.Storage.RelationalConnection.OpenAsync(CancellationToken cancellationToken, Boolean errorsExpected)
   at Microsoft.EntityFrameworkCore.Storage.RelationalCommand.ExecuteReaderAsync(RelationalCommandParameterObject parameterObject, CancellationToken cancellationToken)
   at Microsoft.EntityFrameworkCore.Query.Internal.SingleQueryingEnumerable`1.AsyncEnumerator.InitializeReaderAsync(AsyncEnumerator enumerator, CancellationToken cancellationToken)
   at Microsoft.EntityFrameworkCore.Storage.ExecutionStrategy.<>c__DisplayClass30_0`2.<<ExecuteAsync>b__0>d.MoveNext()
--- End of stack trace from previous location ---
   at Microsoft.EntityFrameworkCore.Storage.ExecutionStrategy.ExecuteImplementationAsync[TState,TResult](Func`4 operation, Func`4 verifySucceeded, TState state, CancellationToken cancellationToken)
   at Microsoft.EntityFrameworkCore.Storage.ExecutionStrategy.ExecuteImplementationAsync[TState,TResult](Func`4 operation, Func`4 verifySucceeded, TState state, CancellationToken cancellationToken)
   at Microsoft.EntityFrameworkCore.Storage.ExecutionStrategy.ExecuteAsync[TState,TResult](TState state, Func`4 operation, Func`4 verifySucceeded, CancellationToken cancellationToken)
   at Microsoft.EntityFrameworkCore.Query.Internal.SingleQueryingEnumerable`1.AsyncEnumerator.MoveNextAsync()
   at Microsoft.EntityFrameworkCore.EntityFrameworkQueryableExtensions.ToListAsync[TSource](IQueryable`1 source, CancellationToken cancellationToken)
   at Microsoft.EntityFrameworkCore.EntityFrameworkQueryableExtensions.ToListAsync[TSource](IQueryable`1 source, CancellationToken cancellationToken)
   at Pos.Infrastructure.Services.CatalogApplicationService.GetProductsAsync(String search, Nullable`1 categoryId, Nullable`1 isTopSellerOnly, CancellationToken cancellationToken) in D:\Proyecto_PDV-CDC\src\backend\Pos.Infrastructure\Services\CatalogApplicationService.cs:line 149
   at Pos.Api.Controllers.v1.QuotesController.GetOptions(CancellationToken cancellationToken) in D:\Proyecto_PDV-CDC\src\backend\Pos.Api\Controllers\v1\QuotesController.cs:line 29
   at lambda_method1843(Closure, Object)
   at Microsoft.AspNetCore.Mvc.Infrastructure.ActionMethodExecutor.AwaitableObjectResultExecutor.Execute(ActionContext actionContext, IActionResultTypeMapper mapper, ObjectMethodExecutor executor, Object controller, Object[] arguments)
   at Microsoft.AspNetCore.Mvc.Infrastructure.ControllerActionInvoker.<InvokeActionMethodAsync>g__Awaited|12_0(ControllerActionInvoker invoker, ValueTask`1 actionResultValueTask)
   at Microsoft.AspNetCore.Mvc.Infrastructure.ControllerActionInvoker.<InvokeNextActionFilterAsync>g__Awaited|10_0(ControllerActionInvoker invoker, Task lastTask, State next, Scope scope, Object state, Boolean isCompleted)
   at Microsoft.AspNetCore.Mvc.Infrastructure.ControllerActionInvoker.Rethrow(ActionExecutedContextSealed context)
   at Microsoft.AspNetCore.Mvc.Infrastructure.ControllerActionInvoker.Next(State& next, Scope& scope, Object& state, Boolean& isCompleted)
   at Microsoft.AspNetCore.Mvc.Infrastructure.ControllerActionInvoker.<InvokeInnerFilterAsync>g__Awaited|13_0(ControllerActionInvoker invoker, Task lastTask, State next, Scope scope, Object state, Boolean isCompleted)
   at Microsoft.AspNetCore.Mvc.Infrastructure.ResourceInvoker.<InvokeFilterPipelineAsync>g__Awaited|20_0(ResourceInvoker invoker, Task lastTask, State next, Scope scope, Object state, Boolean isCompleted)
   at Microsoft.AspNetCore.Mvc.Infrastructure.ResourceInvoker.<InvokeAsync>g__Logged|17_1(ResourceInvoker invoker)
   at Microsoft.AspNetCore.Mvc.Infrastructure.ResourceInvoker.<InvokeAsync>g__Logged|17_1(ResourceInvoker invoker)
   at Microsoft.AspNetCore.Routing.EndpointMiddleware.<Invoke>g__AwaitRequestTask|7_0(Endpoint endpoint, Task requestTask, ILogger logger)
   at Microsoft.AspNetCore.Authorization.AuthorizationMiddleware.Invoke(HttpContext context)
   at Microsoft.AspNetCore.Authentication.AuthenticationMiddleware.Invoke(HttpContext context)
   at Pos.Api.Middleware.AuditMiddleware.InvokeAsync(HttpContext context, IServiceProvider serviceProvider) in D:\Proyecto_PDV-CDC\src\backend\Pos.Api\Middleware\AuditMiddleware.cs:line 32
   at Pos.Api.Middleware.SerilogAuthMiddleware.InvokeAsync(HttpContext context) in D:\Proyecto_PDV-CDC\src\backend\Pos.Api\Middleware\SerilogAuthMiddleware.cs:line 54
   at Microsoft.AspNetCore.Server.Kestrel.Core.Internal.Http.HttpProtocol.ProcessRequests[TContext](IHttpApplication`1 application)
ClientConnectionId:00000000-0000-0000-0000-000000000000
Error Number:2,State:0,Class:20
2026-08-07 21:31:45.956 -06:00 [ERR] Connection id "0HNNKV7C8AS6G", Request id "0HNNKV7C8AS6G:00000001": An unhandled exception was thrown by the application.
Microsoft.Data.SqlClient.SqlException (0x80131904): A network-related or instance-specific error occurred while establishing a connection to SQL Server. The server was not found or was not accessible. Verify that the instance name is correct and that SQL Server is configured to allow remote connections. (provider: Named Pipes Provider, error: 40 - Could not open a connection to SQL Server)
 ---> System.ComponentModel.Win32Exception (2): El sistema no puede encontrar el archivo especificado.
   at Microsoft.Data.ProviderBase.DbConnectionPool.TryGetConnection(DbConnection owningObject, UInt32 waitForMultipleObjectsTimeout, Boolean allowCreate, Boolean onlyOneCheckConnection, DbConnectionOptions userOptions, DbConnectionInternal& connection)
   at Microsoft.Data.ProviderBase.DbConnectionPool.WaitForPendingOpen()
--- End of stack trace from previous location ---
   at Microsoft.EntityFrameworkCore.Storage.RelationalConnection.OpenInternalAsync(Boolean errorsExpected, CancellationToken cancellationToken)
   at Microsoft.EntityFrameworkCore.Storage.RelationalConnection.OpenInternalAsync(Boolean errorsExpected, CancellationToken cancellationToken)
   at Microsoft.EntityFrameworkCore.Storage.RelationalConnection.OpenAsync(CancellationToken cancellationToken, Boolean errorsExpected)
   at Microsoft.EntityFrameworkCore.Storage.RelationalCommand.ExecuteReaderAsync(RelationalCommandParameterObject parameterObject, CancellationToken cancellationToken)
   at Microsoft.EntityFrameworkCore.Query.Internal.SingleQueryingEnumerable`1.AsyncEnumerator.InitializeReaderAsync(AsyncEnumerator enumerator, CancellationToken cancellationToken)
   at Microsoft.EntityFrameworkCore.Storage.ExecutionStrategy.<>c__DisplayClass30_0`2.<<ExecuteAsync>b__0>d.MoveNext()
--- End of stack trace from previous location ---
   at Microsoft.EntityFrameworkCore.Storage.ExecutionStrategy.ExecuteImplementationAsync[TState,TResult](Func`4 operation, Func`4 verifySucceeded, TState state, CancellationToken cancellationToken)
   at Microsoft.EntityFrameworkCore.Storage.ExecutionStrategy.ExecuteImplementationAsync[TState,TResult](Func`4 operation, Func`4 verifySucceeded, TState state, CancellationToken cancellationToken)
   at Microsoft.EntityFrameworkCore.Storage.ExecutionStrategy.ExecuteAsync[TState,TResult](TState state, Func`4 operation, Func`4 verifySucceeded, CancellationToken cancellationToken)
   at Microsoft.EntityFrameworkCore.Query.Internal.SingleQueryingEnumerable`1.AsyncEnumerator.MoveNextAsync()
   at Microsoft.EntityFrameworkCore.EntityFrameworkQueryableExtensions.ToListAsync[TSource](IQueryable`1 source, CancellationToken cancellationToken)
   at Microsoft.EntityFrameworkCore.EntityFrameworkQueryableExtensions.ToListAsync[TSource](IQueryable`1 source, CancellationToken cancellationToken)
   at Pos.Infrastructure.Services.SaleApplicationService.GetSalesAsync(String search, Nullable`1 customerId, String status, CancellationToken cancellationToken) in D:\Proyecto_PDV-CDC\src\backend\Pos.Infrastructure\Services\SaleApplicationService.cs:line 278
   at Pos.Api.Controllers.v1.PaymentsController.GetPendingSales(CancellationToken cancellationToken) in D:\Proyecto_PDV-CDC\src\backend\Pos.Api\Controllers\v1\PaymentsController.cs:line 30
   at lambda_method2028(Closure, Object)
   at Microsoft.AspNetCore.Mvc.Infrastructure.ActionMethodExecutor.AwaitableObjectResultExecutor.Execute(ActionContext actionContext, IActionResultTypeMapper mapper, ObjectMethodExecutor executor, Object controller, Object[] arguments)
   at Microsoft.AspNetCore.Mvc.Infrastructure.ControllerActionInvoker.<InvokeActionMethodAsync>g__Awaited|12_0(ControllerActionInvoker invoker, ValueTask`1 actionResultValueTask)
   at Microsoft.AspNetCore.Mvc.Infrastructure.ControllerActionInvoker.<InvokeNextActionFilterAsync>g__Awaited|10_0(ControllerActionInvoker invoker, Task lastTask, State next, Scope scope, Object state, Boolean isCompleted)
   at Microsoft.AspNetCore.Mvc.Infrastructure.ControllerActionInvoker.Rethrow(ActionExecutedContextSealed context)
   at Microsoft.AspNetCore.Mvc.Infrastructure.ControllerActionInvoker.Next(State& next, Scope& scope, Object& state, Boolean& isCompleted)
   at Microsoft.AspNetCore.Mvc.Infrastructure.ControllerActionInvoker.<InvokeInnerFilterAsync>g__Awaited|13_0(ControllerActionInvoker invoker, Task lastTask, State next, Scope scope, Object state, Boolean isCompleted)
   at Microsoft.AspNetCore.Mvc.Infrastructure.ResourceInvoker.<InvokeFilterPipelineAsync>g__Awaited|20_0(ResourceInvoker invoker, Task lastTask, State next, Scope scope, Object state, Boolean isCompleted)
   at Microsoft.AspNetCore.Mvc.Infrastructure.ResourceInvoker.<InvokeAsync>g__Logged|17_1(ResourceInvoker invoker)
   at Microsoft.AspNetCore.Mvc.Infrastructure.ResourceInvoker.<InvokeAsync>g__Logged|17_1(ResourceInvoker invoker)
   at Microsoft.AspNetCore.Routing.EndpointMiddleware.<Invoke>g__AwaitRequestTask|7_0(Endpoint endpoint, Task requestTask, ILogger logger)
   at Microsoft.AspNetCore.Authorization.AuthorizationMiddleware.Invoke(HttpContext context)
   at Microsoft.AspNetCore.Authentication.AuthenticationMiddleware.Invoke(HttpContext context)
   at Pos.Api.Middleware.AuditMiddleware.InvokeAsync(HttpContext context, IServiceProvider serviceProvider) in D:\Proyecto_PDV-CDC\src\backend\Pos.Api\Middleware\AuditMiddleware.cs:line 32
   at Pos.Api.Middleware.SerilogAuthMiddleware.InvokeAsync(HttpContext context) in D:\Proyecto_PDV-CDC\src\backend\Pos.Api\Middleware\SerilogAuthMiddleware.cs:line 54
   at Microsoft.AspNetCore.Server.Kestrel.Core.Internal.Http.HttpProtocol.ProcessRequests[TContext](IHttpApplication`1 application)
ClientConnectionId:00000000-0000-0000-0000-000000000000
Error Number:2,State:0,Class:20
2026-08-07 21:31:45.957 -06:00 [ERR] Connection id "0HNNKV7C8AS6H", Request id "0HNNKV7C8AS6H:00000001": An unhandled exception was thrown by the application.
Microsoft.Data.SqlClient.SqlException (0x80131904): A network-related or instance-specific error occurred while establishing a connection to SQL Server. The server was not found or was not accessible. Verify that the instance name is correct and that SQL Server is configured to allow remote connections. (provider: Named Pipes Provider, error: 40 - Could not open a connection to SQL Server)
 ---> System.ComponentModel.Win32Exception (2): El sistema no puede encontrar el archivo especificado.
   at Microsoft.Data.ProviderBase.DbConnectionPool.TryGetConnection(DbConnection owningObject, UInt32 waitForMultipleObjectsTimeout, Boolean allowCreate, Boolean onlyOneCheckConnection, DbConnectionOptions userOptions, DbConnectionInternal& connection)
   at Microsoft.Data.ProviderBase.DbConnectionPool.WaitForPendingOpen()
--- End of stack trace from previous location ---
   at Microsoft.EntityFrameworkCore.Storage.RelationalConnection.OpenInternalAsync(Boolean errorsExpected, CancellationToken cancellationToken)
   at Microsoft.EntityFrameworkCore.Storage.RelationalConnection.OpenInternalAsync(Boolean errorsExpected, CancellationToken cancellationToken)
   at Microsoft.EntityFrameworkCore.Storage.RelationalConnection.OpenAsync(CancellationToken cancellationToken, Boolean errorsExpected)
   at Microsoft.EntityFrameworkCore.Storage.RelationalCommand.ExecuteReaderAsync(RelationalCommandParameterObject parameterObject, CancellationToken cancellationToken)
   at Microsoft.EntityFrameworkCore.Query.Internal.SingleQueryingEnumerable`1.AsyncEnumerator.InitializeReaderAsync(AsyncEnumerator enumerator, CancellationToken cancellationToken)
   at Microsoft.EntityFrameworkCore.Storage.ExecutionStrategy.<>c__DisplayClass30_0`2.<<ExecuteAsync>b__0>d.MoveNext()
--- End of stack trace from previous location ---
   at Microsoft.EntityFrameworkCore.Storage.ExecutionStrategy.ExecuteImplementationAsync[TState,TResult](Func`4 operation, Func`4 verifySucceeded, TState state, CancellationToken cancellationToken)
   at Microsoft.EntityFrameworkCore.Storage.ExecutionStrategy.ExecuteImplementationAsync[TState,TResult](Func`4 operation, Func`4 verifySucceeded, TState state, CancellationToken cancellationToken)
   at Microsoft.EntityFrameworkCore.Storage.ExecutionStrategy.ExecuteAsync[TState,TResult](TState state, Func`4 operation, Func`4 verifySucceeded, CancellationToken cancellationToken)
   at Microsoft.EntityFrameworkCore.Query.Internal.SingleQueryingEnumerable`1.AsyncEnumerator.MoveNextAsync()
   at Microsoft.EntityFrameworkCore.EntityFrameworkQueryableExtensions.ToListAsync[TSource](IQueryable`1 source, CancellationToken cancellationToken)
   at Microsoft.EntityFrameworkCore.EntityFrameworkQueryableExtensions.ToListAsync[TSource](IQueryable`1 source, CancellationToken cancellationToken)
   at Pos.Infrastructure.Services.SaleApplicationService.GetSalesAsync(String search, Nullable`1 customerId, String status, CancellationToken cancellationToken) in D:\Proyecto_PDV-CDC\src\backend\Pos.Infrastructure\Services\SaleApplicationService.cs:line 278
   at Pos.Api.Controllers.v1.ReturnsController.GetEligibleSales(CancellationToken cancellationToken) in D:\Proyecto_PDV-CDC\src\backend\Pos.Api\Controllers\v1\ReturnsController.cs:line 30
   at lambda_method2036(Closure, Object)
   at Microsoft.AspNetCore.Mvc.Infrastructure.ActionMethodExecutor.AwaitableObjectResultExecutor.Execute(ActionContext actionContext, IActionResultTypeMapper mapper, ObjectMethodExecutor executor, Object controller, Object[] arguments)
   at Microsoft.AspNetCore.Mvc.Infrastructure.ControllerActionInvoker.<InvokeActionMethodAsync>g__Awaited|12_0(ControllerActionInvoker invoker, ValueTask`1 actionResultValueTask)
   at Microsoft.AspNetCore.Mvc.Infrastructure.ControllerActionInvoker.<InvokeNextActionFilterAsync>g__Awaited|10_0(ControllerActionInvoker invoker, Task lastTask, State next, Scope scope, Object state, Boolean isCompleted)
   at Microsoft.AspNetCore.Mvc.Infrastructure.ControllerActionInvoker.Rethrow(ActionExecutedContextSealed context)
   at Microsoft.AspNetCore.Mvc.Infrastructure.ControllerActionInvoker.Next(State& next, Scope& scope, Object& state, Boolean& isCompleted)
   at Microsoft.AspNetCore.Mvc.Infrastructure.ControllerActionInvoker.<InvokeInnerFilterAsync>g__Awaited|13_0(ControllerActionInvoker invoker, Task lastTask, State next, Scope scope, Object state, Boolean isCompleted)
   at Microsoft.AspNetCore.Mvc.Infrastructure.ResourceInvoker.<InvokeFilterPipelineAsync>g__Awaited|20_0(ResourceInvoker invoker, Task lastTask, State next, Scope scope, Object state, Boolean isCompleted)
   at Microsoft.AspNetCore.Mvc.Infrastructure.ResourceInvoker.<InvokeAsync>g__Logged|17_1(ResourceInvoker invoker)
   at Microsoft.AspNetCore.Mvc.Infrastructure.ResourceInvoker.<InvokeAsync>g__Logged|17_1(ResourceInvoker invoker)
   at Microsoft.AspNetCore.Routing.EndpointMiddleware.<Invoke>g__AwaitRequestTask|7_0(Endpoint endpoint, Task requestTask, ILogger logger)
   at Microsoft.AspNetCore.Authorization.AuthorizationMiddleware.Invoke(HttpContext context)
   at Microsoft.AspNetCore.Authentication.AuthenticationMiddleware.Invoke(HttpContext context)
   at Pos.Api.Middleware.AuditMiddleware.InvokeAsync(HttpContext context, IServiceProvider serviceProvider) in D:\Proyecto_PDV-CDC\src\backend\Pos.Api\Middleware\AuditMiddleware.cs:line 32
   at Pos.Api.Middleware.SerilogAuthMiddleware.InvokeAsync(HttpContext context) in D:\Proyecto_PDV-CDC\src\backend\Pos.Api\Middleware\SerilogAuthMiddleware.cs:line 54
   at Microsoft.AspNetCore.Server.Kestrel.Core.Internal.Http.HttpProtocol.ProcessRequests[TContext](IHttpApplication`1 application)
ClientConnectionId:00000000-0000-0000-0000-000000000000
Error Number:2,State:0,Class:20
2026-08-07 21:31:45.981 -06:00 [INF] Request finished HTTP/1.1 GET http://localhost:5000/api/v1/quotes - 500 0 null 20703.2412ms
2026-08-07 21:31:45.993 -06:00 [INF] Request finished HTTP/1.1 GET http://localhost:5000/api/v1/documents/templates - 500 0 null 16935.5012ms
2026-08-07 21:31:46.010 -06:00 [INF] Request finished HTTP/1.1 GET http://localhost:5000/api/v1/returns - 500 0 null 16951.9087ms
2026-08-07 21:31:46.021 -06:00 [INF] Request finished HTTP/1.1 GET http://localhost:5000/api/v1/quotes/options - 500 0 null 20743.1366ms
2026-08-07 21:31:46.033 -06:00 [INF] Request finished HTTP/1.1 GET http://localhost:5000/api/v1/payments/pending-sales - 500 0 null 16978.3936ms
2026-08-07 21:31:46.043 -06:00 [INF] Request finished HTTP/1.1 GET http://localhost:5000/api/v1/returns/eligible-sales - 500 0 null 16985.9704ms
2026-08-07 23:58:52.831 -06:00 [INF] Executed DbCommand (23ms) [Parameters=[], CommandType='"Text"', CommandTimeout='30']
SELECT 1
2026-08-07 23:58:52.916 -06:00 [INF] Acquiring an exclusive lock for migration application. See https://aka.ms/efcore-docs-migrations-lock for more information if this takes too long.
2026-08-07 23:58:52.977 -06:00 [INF] Executed DbCommand (28ms) [Parameters=[], CommandType='"Text"', CommandTimeout='30']
DECLARE @result int;
EXEC @result = sp_getapplock @Resource = '__EFMigrationsLock', @LockOwner = 'Session', @LockMode = 'Exclusive';
SELECT @result
2026-08-07 23:58:53.043 -06:00 [INF] Executed DbCommand (2ms) [Parameters=[], CommandType='"Text"', CommandTimeout='30']
IF OBJECT_ID(N'[__EFMigrationsHistory]') IS NULL
BEGIN
    CREATE TABLE [__EFMigrationsHistory] (
        [MigrationId] nvarchar(150) NOT NULL,
        [ProductVersion] nvarchar(32) NOT NULL,
        CONSTRAINT [PK___EFMigrationsHistory] PRIMARY KEY ([MigrationId])
    );
END;
2026-08-07 23:58:53.062 -06:00 [INF] Executed DbCommand (1ms) [Parameters=[], CommandType='"Text"', CommandTimeout='30']
SELECT 1
2026-08-07 23:58:53.065 -06:00 [INF] Executed DbCommand (1ms) [Parameters=[], CommandType='"Text"', CommandTimeout='30']
SELECT OBJECT_ID(N'[__EFMigrationsHistory]');
2026-08-07 23:58:53.073 -06:00 [INF] Executed DbCommand (4ms) [Parameters=[], CommandType='"Text"', CommandTimeout='30']
SELECT [MigrationId], [ProductVersion]
FROM [__EFMigrationsHistory]
ORDER BY [MigrationId];
2026-08-07 23:58:53.086 -06:00 [INF] No migrations were applied. The database is already up to date.
2026-08-07 23:58:53.096 -06:00 [INF] Executed DbCommand (2ms) [Parameters=[], CommandType='"Text"', CommandTimeout='30']
DECLARE @result int;
EXEC @result = sp_releaseapplock @Resource = '__EFMigrationsLock', @LockOwner = 'Session';
SELECT @result
2026-08-07 23:58:53.323 -06:00 [INF] Executed DbCommand (3ms) [Parameters=[], CommandType='"Text"', CommandTimeout='30']
SELECT TOP(1) [u].[Id], [u].[Email], [u].[EmpleadoId], [u].[EstaActivo], [u].[FechaActualizacionUtc], [u].[FechaCreacionUtc], [u].[NombreUsuario], [u].[PasswordHash]
FROM [Users] AS [u]
WHERE [u].[NombreUsuario] = N'admin'
2026-08-07 23:58:53.408 -06:00 [WRN] The query uses the 'First'/'FirstOrDefault' operator without 'OrderBy' and filter operators. This may lead to unpredictable results.
2026-08-07 23:58:53.419 -06:00 [INF] Executed DbCommand (2ms) [Parameters=[], CommandType='"Text"', CommandTimeout='30']
SELECT TOP(1) [p].[ImagenUrl], [p].[PiezasPorCaja], [p].[CoberturaM2Caja], [p].[LargoCm], [p].[AltoCm], [p].[AnchoCm], [p].[CantidadInventarioInicial]
FROM [Products] AS [p]
2026-08-07 23:58:53.423 -06:00 [WRN] The query uses the 'First'/'FirstOrDefault' operator without 'OrderBy' and filter operators. This may lead to unpredictable results.
2026-08-07 23:58:53.429 -06:00 [INF] Executed DbCommand (2ms) [Parameters=[], CommandType='"Text"', CommandTimeout='30']
SELECT TOP(1) [i].[EvidenceImageUrl]
FROM [InventoryMovements] AS [i]
2026-08-07 23:58:53.453 -06:00 [INF] Executed DbCommand (3ms) [Parameters=[], CommandType='"Text"', CommandTimeout='30']
SELECT CASE
    WHEN EXISTS (
        SELECT 1
        FROM [Users] AS [u]) THEN CAST(1 AS bit)
    ELSE CAST(0 AS bit)
END
2026-08-07 23:58:53.576 -06:00 [INF] User profile is available. Using 'C:\Users\Aaron Arenas Mtz\AppData\Local\ASP.NET\DataProtection-Keys' as key repository and Windows DPAPI to encrypt keys at rest.
2026-08-07 23:58:53.791 -06:00 [INF] Now listening on: http://localhost:5000
2026-08-07 23:58:53.794 -06:00 [INF] Application started. Press Ctrl+C to shut down.
2026-08-07 23:58:53.795 -06:00 [INF] Hosting environment: Production
2026-08-07 23:58:53.795 -06:00 [INF] Content root path: D:\Proyecto_PDV-CDC\src\backend\Pos.Api
2026-08-07 23:59:13.023 -06:00 [INF] Request starting HTTP/1.1 POST http://localhost:5000/api/v1/auth/logout - application/json 107
2026-08-07 23:59:13.078 -06:00 [WRN] Failed to determine the https port for redirect.
2026-08-07 23:59:13.081 -06:00 [INF] CORS policy execution successful.
2026-08-07 23:59:14.854 -06:00 [INF] Request starting HTTP/1.1 POST http://localhost:5000/api/v1/auth/login - application/json 62
2026-08-07 23:59:14.861 -06:00 [INF] CORS policy execution successful.
2026-08-07 23:59:14.981 -06:00 [INF] Executing endpoint 'Pos.Api.Controllers.v1.AuthController.Login (Pos.Api)'
2026-08-07 23:59:15.008 -06:00 [INF] Route matched with {action = "Login", controller = "Auth"}. Executing controller action with signature System.Threading.Tasks.Task`1[Microsoft.AspNetCore.Mvc.ActionResult`1[Pos.Application.Auth.DTOs.AuthResponseDto]] Login(Pos.Application.Auth.DTOs.LoginRequestDto, System.Threading.CancellationToken) on controller Pos.Api.Controllers.v1.AuthController (Pos.Api).
2026-08-07 23:59:15.104 -06:00 [INF] Failed to validate the token.
Microsoft.IdentityModel.Tokens.SecurityTokenExpiredException: IDX10223: Lifetime validation failed. The token is expired. ValidTo (UTC): '04/08/2026 11:59:05 a. m.', Current time (UTC): '08/08/2026 05:59:15 a. m.'.
   at Microsoft.IdentityModel.Tokens.ValidatorUtilities.ValidateLifetime(Nullable`1 notBefore, Nullable`1 expires, SecurityToken securityToken, TokenValidationParameters validationParameters)
   at Microsoft.IdentityModel.Tokens.Validators.ValidateLifetime(Nullable`1 notBefore, Nullable`1 expires, SecurityToken securityToken, TokenValidationParameters validationParameters)
   at Microsoft.IdentityModel.JsonWebTokens.JsonWebTokenHandler.ValidateTokenPayloadAsync(JsonWebToken jsonWebToken, TokenValidationParameters validationParameters, BaseConfiguration configuration)
   at Microsoft.IdentityModel.JsonWebTokens.JsonWebTokenHandler.ValidateJWSAsync(JsonWebToken jsonWebToken, TokenValidationParameters validationParameters, BaseConfiguration configuration)
2026-08-07 23:59:15.124 -06:00 [INF] Bearer was not authenticated. Failure message: IDX10223: Lifetime validation failed. The token is expired. ValidTo (UTC): '04/08/2026 11:59:05 a. m.', Current time (UTC): '08/08/2026 05:59:15 a. m.'.
2026-08-07 23:59:15.131 -06:00 [INF] Authorization failed. These requirements were not met:
DenyAnonymousAuthorizationRequirement: Requires an authenticated user.
2026-08-07 23:59:15.139 -06:00 [INF] AuthenticationScheme: Bearer was challenged.
2026-08-07 23:59:15.300 -06:00 [WRN] Compiling a query which loads related collections for more than one collection navigation, either via 'Include' or through projection, but no 'QuerySplittingBehavior' has been configured. By default, Entity Framework will use 'QuerySplittingBehavior.SingleQuery', which can potentially result in slow query performance. See https://go.microsoft.com/fwlink/?linkid=2134277 for more information. To identify the query that's triggering this warning call 'ConfigureWarnings(w => w.Throw(RelationalEventId.MultipleCollectionIncludeWarning))'.
2026-08-07 23:59:15.452 -06:00 [INF] Executed DbCommand (112ms) [Parameters=[@p0='?' (DbType = Guid), @p1='?' (Size = 100), @p2='?' (Size = 4000), @p3='?' (Size = 4000), @p4='?' (DbType = Boolean), @p5='?' (DbType = DateTime2), @p6='?' (DbType = DateTime2), @p7='?' (Size = 100), @p8='?' (Size = 4000), @p9='?' (Size = 4000), @p10='?' (DbType = Guid), @p11='?' (Size = 4000), @p12='?' (Size = 4000)], CommandType='"Text"', CommandTimeout='30']
SET IMPLICIT_TRANSACTIONS OFF;
SET NOCOUNT ON;
INSERT INTO [AuditLogs] ([Id], [Accion], [DireccionIp], [EntidadId], [EstaActivo], [FechaActualizacionUtc], [FechaCreacionUtc], [IdCorrelacion], [Motivo], [NombreEntidad], [UsuarioId], [ValoresAnterioresJson], [ValoresNuevosJson])
VALUES (@p0, @p1, @p2, @p3, @p4, @p5, @p6, @p7, @p8, @p9, @p10, @p11, @p12);
2026-08-07 23:59:15.470 -06:00 [INF] [AUDITORIA WPC BAJIO] CorrelationId: 395f963b-2ad0-494a-b5f4-ad998fea0250 | Action: POST /api/v1/auth/logout | Entity: HttpRequest (401) | User: Anonimo | IP: ::1 | Reason: HTTP Response StatusCode: 401 | OldValues: N/A | NewValues: N/A
2026-08-07 23:59:15.477 -06:00 [INF] Executed DbCommand (117ms) [Parameters=[@__request_EmailOrUsername_0='?' (Size = 4000)], CommandType='"Text"', CommandTimeout='30']
SELECT [s].[Id], [s].[Email], [s].[EmpleadoId], [s].[EstaActivo], [s].[FechaActualizacionUtc], [s].[FechaCreacionUtc], [s].[NombreUsuario], [s].[PasswordHash], [s].[Id0], [s].[Apellido], [s].[Email0], [s].[EstaActivo0], [s].[FechaActualizacionUtc0], [s].[FechaCreacionUtc0], [s].[Nombre], [s].[Puesto], [s1].[UsuarioId], [s1].[RolId], [s1].[Id], [s1].[Descripcion], [s1].[EstaActivo], [s1].[FechaActualizacionUtc], [s1].[FechaCreacionUtc], [s1].[Nombre], [s1].[RolId0], [s1].[PermisoId], [s1].[Id0], [s1].[Accion], [s1].[Descripcion0], [s1].[EstaActivo0], [s1].[FechaActualizacionUtc0], [s1].[FechaCreacionUtc0], [s1].[Modulo]
FROM (
    SELECT TOP(1) [u].[Id], [u].[Email], [u].[EmpleadoId], [u].[EstaActivo], [u].[FechaActualizacionUtc], [u].[FechaCreacionUtc], [u].[NombreUsuario], [u].[PasswordHash], [e].[Id] AS [Id0], [e].[Apellido], [e].[Email] AS [Email0], [e].[EstaActivo] AS [EstaActivo0], [e].[FechaActualizacionUtc] AS [FechaActualizacionUtc0], [e].[FechaCreacionUtc] AS [FechaCreacionUtc0], [e].[Nombre], [e].[Puesto]
    FROM [Users] AS [u]
    LEFT JOIN [Employees] AS [e] ON [u].[EmpleadoId] = [e].[Id]
    WHERE ([u].[Email] = @__request_EmailOrUsername_0 OR [u].[NombreUsuario] = @__request_EmailOrUsername_0) AND [u].[EstaActivo] = CAST(1 AS bit)
) AS [s]
LEFT JOIN (
    SELECT [u0].[UsuarioId], [u0].[RolId], [r].[Id], [r].[Descripcion], [r].[EstaActivo], [r].[FechaActualizacionUtc], [r].[FechaCreacionUtc], [r].[Nombre], [s0].[RolId] AS [RolId0], [s0].[PermisoId], [s0].[Id] AS [Id0], [s0].[Accion], [s0].[Descripcion] AS [Descripcion0], [s0].[EstaActivo] AS [EstaActivo0], [s0].[FechaActualizacionUtc] AS [FechaActualizacionUtc0], [s0].[FechaCreacionUtc] AS [FechaCreacionUtc0], [s0].[Modulo]
    FROM [UserRoles] AS [u0]
    INNER JOIN [Roles] AS [r] ON [u0].[RolId] = [r].[Id]
    LEFT JOIN (
        SELECT [r0].[RolId], [r0].[PermisoId], [p].[Id], [p].[Accion], [p].[Descripcion], [p].[EstaActivo], [p].[FechaActualizacionUtc], [p].[FechaCreacionUtc], [p].[Modulo]
        FROM [RolePermissions] AS [r0]
        INNER JOIN [Permissions] AS [p] ON [r0].[PermisoId] = [p].[Id]
    ) AS [s0] ON [r].[Id] = [s0].[RolId]
) AS [s1] ON [s].[Id] = [s1].[UsuarioId]
ORDER BY [s].[Id], [s].[Id0], [s1].[UsuarioId], [s1].[RolId], [s1].[Id], [s1].[RolId0], [s1].[PermisoId]
2026-08-07 23:59:15.483 -06:00 [INF] Request finished HTTP/1.1 POST http://localhost:5000/api/v1/auth/logout - 401 0 null 2461.5026ms
2026-08-07 23:59:15.702 -06:00 [INF] Executed DbCommand (4ms) [Parameters=[@p0='?' (DbType = Guid), @p1='?' (DbType = Boolean), @p2='?' (DbType = Boolean), @p3='?' (DbType = DateTime2), @p4='?' (DbType = DateTime2), @p5='?' (DbType = DateTime2), @p6='?' (Size = 4000), @p7='?' (DbType = Guid)], CommandType='"Text"', CommandTimeout='30']
SET IMPLICIT_TRANSACTIONS OFF;
SET NOCOUNT ON;
INSERT INTO [RefreshTokens] ([Id], [EsRevocado], [EstaActivo], [FechaActualizacionUtc], [FechaCreacionUtc], [FechaExpiracionUtc], [Token], [UsuarioId])
VALUES (@p0, @p1, @p2, @p3, @p4, @p5, @p6, @p7);
2026-08-07 23:59:15.713 -06:00 [INF] Executed DbCommand (2ms) [Parameters=[@p0='?' (DbType = Guid), @p1='?' (Size = 100), @p2='?' (Size = 4000), @p3='?' (Size = 4000), @p4='?' (DbType = Boolean), @p5='?' (DbType = DateTime2), @p6='?' (DbType = DateTime2), @p7='?' (Size = 100), @p8='?' (Size = 4000), @p9='?' (Size = 4000), @p10='?' (DbType = Guid), @p11='?' (Size = 4000), @p12='?' (Size = 4000)], CommandType='"Text"', CommandTimeout='30']
SET IMPLICIT_TRANSACTIONS OFF;
SET NOCOUNT ON;
INSERT INTO [AuditLogs] ([Id], [Accion], [DireccionIp], [EntidadId], [EstaActivo], [FechaActualizacionUtc], [FechaCreacionUtc], [IdCorrelacion], [Motivo], [NombreEntidad], [UsuarioId], [ValoresAnterioresJson], [ValoresNuevosJson])
VALUES (@p0, @p1, @p2, @p3, @p4, @p5, @p6, @p7, @p8, @p9, @p10, @p11, @p12);
2026-08-07 23:59:15.718 -06:00 [INF] [AUDITORIA WPC BAJIO] CorrelationId: f62b06bb-38f0-4ab1-8b5c-c218daddc47b | Action: LOGIN_SUCCESS | Entity: Usuario (ebc8b858-2837-4bd5-93e1-8b4c1d0bd81b) | User: ebc8b858-2837-4bd5-93e1-8b4c1d0bd81b | IP: ::1 | Reason: Inicio de sesión exitoso WPC Bajío | OldValues: N/A | NewValues: Username=admin
2026-08-07 23:59:15.729 -06:00 [INF] Executing OkObjectResult, writing value of type 'Pos.Application.Auth.DTOs.AuthResponseDto'.
2026-08-07 23:59:15.760 -06:00 [INF] Executed action Pos.Api.Controllers.v1.AuthController.Login (Pos.Api) in 744.8651ms
2026-08-07 23:59:15.763 -06:00 [INF] Executed endpoint 'Pos.Api.Controllers.v1.AuthController.Login (Pos.Api)'
2026-08-07 23:59:15.822 -06:00 [INF] Executed DbCommand (2ms) [Parameters=[@p0='?' (DbType = Guid), @p1='?' (Size = 100), @p2='?' (Size = 4000), @p3='?' (Size = 4000), @p4='?' (DbType = Boolean), @p5='?' (DbType = DateTime2), @p6='?' (DbType = DateTime2), @p7='?' (Size = 100), @p8='?' (Size = 4000), @p9='?' (Size = 4000), @p10='?' (DbType = Guid), @p11='?' (Size = 4000), @p12='?' (Size = 4000)], CommandType='"Text"', CommandTimeout='30']
SET IMPLICIT_TRANSACTIONS OFF;
SET NOCOUNT ON;
INSERT INTO [AuditLogs] ([Id], [Accion], [DireccionIp], [EntidadId], [EstaActivo], [FechaActualizacionUtc], [FechaCreacionUtc], [IdCorrelacion], [Motivo], [NombreEntidad], [UsuarioId], [ValoresAnterioresJson], [ValoresNuevosJson])
VALUES (@p0, @p1, @p2, @p3, @p4, @p5, @p6, @p7, @p8, @p9, @p10, @p11, @p12);
2026-08-07 23:59:15.827 -06:00 [INF] [AUDITORIA WPC BAJIO] CorrelationId: f62b06bb-38f0-4ab1-8b5c-c218daddc47b | Action: POST /api/v1/auth/login | Entity: HttpRequest (200) | User: Anonimo | IP: ::1 | Reason: HTTP Response StatusCode: 200 | OldValues: N/A | NewValues: N/A
2026-08-07 23:59:15.836 -06:00 [INF] Request finished HTTP/1.1 POST http://localhost:5000/api/v1/auth/login - 200 null application/json; charset=utf-8 982.4176ms
2026-08-07 23:59:15.868 -06:00 [INF] Request starting HTTP/1.1 GET http://localhost:5000/api/v1/products? - application/json null
2026-08-07 23:59:15.868 -06:00 [INF] Request starting HTTP/1.1 GET http://localhost:5000/api/v1/sales - application/json null
2026-08-07 23:59:15.868 -06:00 [INF] Request starting HTTP/1.1 GET http://localhost:5000/api/v1/customers? - application/json null
2026-08-07 23:59:15.887 -06:00 [INF] Executing endpoint 'Pos.Api.Controllers.v1.SalesController.GetSales (Pos.Api)'
2026-08-07 23:59:15.887 -06:00 [INF] Executing endpoint 'Pos.Api.Controllers.v1.CustomersController.GetCustomers (Pos.Api)'
2026-08-07 23:59:15.887 -06:00 [INF] Executing endpoint 'Pos.Api.Controllers.v1.ProductsController.GetProducts (Pos.Api)'
2026-08-07 23:59:15.896 -06:00 [INF] Route matched with {action = "GetSales", controller = "Sales"}. Executing controller action with signature System.Threading.Tasks.Task`1[Microsoft.AspNetCore.Mvc.ActionResult`1[System.Collections.Generic.List`1[Pos.Application.Sales.DTOs.SaleDto]]] GetSales(System.String, System.Nullable`1[System.Guid], System.String, System.Threading.CancellationToken) on controller Pos.Api.Controllers.v1.SalesController (Pos.Api).
2026-08-07 23:59:15.897 -06:00 [INF] Route matched with {action = "GetProducts", controller = "Products"}. Executing controller action with signature System.Threading.Tasks.Task`1[Microsoft.AspNetCore.Mvc.ActionResult`1[System.Collections.Generic.List`1[Pos.Application.Catalog.DTOs.ProductDto]]] GetProducts(System.String, System.Nullable`1[System.Guid], System.Nullable`1[System.Boolean], System.Threading.CancellationToken) on controller Pos.Api.Controllers.v1.ProductsController (Pos.Api).
2026-08-07 23:59:15.898 -06:00 [INF] Route matched with {action = "GetCustomers", controller = "Customers"}. Executing controller action with signature System.Threading.Tasks.Task`1[Microsoft.AspNetCore.Mvc.ActionResult`1[System.Collections.Generic.List`1[Pos.Application.Catalog.DTOs.CustomerDto]]] GetCustomers(System.String, System.String, System.Threading.CancellationToken) on controller Pos.Api.Controllers.v1.CustomersController (Pos.Api).
2026-08-07 23:59:15.960 -06:00 [INF] Executed DbCommand (7ms) [Parameters=[@__p_0='?' (DbType = Int32)], CommandType='"Text"', CommandTimeout='30']
SELECT TOP(@__p_0) [c].[Id], [c].[Apellido], [c].[Ciudad], [c].[CodigoPostal], [c].[Direccion], [c].[Email], [c].[EstaActivo], [c].[Estado], [c].[FechaActualizacionUtc], [c].[FechaCreacionUtc], [c].[Nombre], [c].[NombreEmpresa], [c].[Notas], [c].[PorcentajeDescuentoEspecial], [c].[Rfc], [c].[Telefono], [c].[TipoCliente]
FROM [Customers] AS [c]
WHERE [c].[EstaActivo] = CAST(1 AS bit)
ORDER BY COALESCE([c].[NombreEmpresa], [c].[Nombre])
2026-08-07 23:59:15.968 -06:00 [INF] Executed DbCommand (8ms) [Parameters=[], CommandType='"Text"', CommandTimeout='30']
SELECT [p].[Id], [p].[AltoCm], [p].[AnchoCm], [p].[AnchoMm], [p].[Barcode], [p].[CantidadInventarioInicial], [p].[CantidadMinimaMayoreo], [p].[CategoriaId], [p].[CoberturaM2Caja], [p].[CoberturaPorUnidadM2], [p].[Descripcion], [p].[EspesorMm], [p].[EstaActivo], [p].[FechaActualizacionUtc], [p].[FechaCreacionUtc], [p].[ImagenUrl], [p].[LargoCm], [p].[LargoMm], [p].[Material], [p].[Nombre], [p].[PiezasPorCaja], [p].[PrecioMayoreo], [p].[PrecioUnitario], [p].[Sku], [p].[SoloCotizacion], [p].[UnidadMedida], [p].[VisibleMasVendido], [c].[Id], [c].[CategoriaPadreId], [c].[Descripcion], [c].[EstaActivo], [c].[FechaActualizacionUtc], [c].[FechaCreacionUtc], [c].[Nombre], [c].[Slug], [p0].[Id], [p0].[EsPrincipal], [p0].[EstaActivo], [p0].[FechaActualizacionUtc], [p0].[FechaCreacionUtc], [p0].[ProductoId], [p0].[UrlImagen]
FROM [Products] AS [p]
INNER JOIN [Categories] AS [c] ON [p].[CategoriaId] = [c].[Id]
LEFT JOIN [ProductImages] AS [p0] ON [p].[Id] = [p0].[ProductoId]
ORDER BY [p].[Id], [c].[Id]
2026-08-07 23:59:15.968 -06:00 [INF] Executing OkObjectResult, writing value of type 'System.Collections.Generic.List`1[[Pos.Application.Catalog.DTOs.CustomerDto, Pos.Application, Version=1.0.0.0, Culture=neutral, PublicKeyToken=null]]'.
2026-08-07 23:59:16.022 -06:00 [INF] Executed DbCommand (42ms) [Parameters=[@__p_0='?' (DbType = Int32)], CommandType='"Text"', CommandTimeout='30']
SELECT [s0].[Id], [s0].[ClienteId], [s0].[EstaActivo], [s0].[Estado], [s0].[FechaActualizacionUtc], [s0].[FechaCreacionUtc], [s0].[MontoAnticipo], [s0].[MontoDescuento], [s0].[MontoEfectivo], [s0].[MontoIva], [s0].[MontoTarjeta], [s0].[MontoTotal], [s0].[MontoTransferencia], [s0].[Notas], [s0].[NumeroFolio], [s0].[SaldoPendiente], [s0].[SubTotal], [s0].[TipoPago], [s0].[UsuarioId], [c].[Id], [c].[Apellido], [c].[Ciudad], [c].[CodigoPostal], [c].[Direccion], [c].[Email], [c].[EstaActivo], [c].[Estado], [c].[FechaActualizacionUtc], [c].[FechaCreacionUtc], [c].[Nombre], [c].[NombreEmpresa], [c].[Notas], [c].[PorcentajeDescuentoEspecial], [c].[Rfc], [c].[Telefono], [c].[TipoCliente], [u].[Id], [u].[Email], [u].[EmpleadoId], [u].[EstaActivo], [u].[FechaActualizacionUtc], [u].[FechaCreacionUtc], [u].[NombreUsuario], [u].[PasswordHash], [s2].[Id], [s2].[Cantidad], [s2].[EstaActivo], [s2].[FechaActualizacionUtc], [s2].[FechaCreacionUtc], [s2].[MontoDescuento], [s2].[PrecioTotal], [s2].[PrecioUnitario], [s2].[ProductoId], [s2].[VentaId], [s2].[Id0], [s2].[AltoCm], [s2].[AnchoCm], [s2].[AnchoMm], [s2].[Barcode], [s2].[CantidadInventarioInicial], [s2].[CantidadMinimaMayoreo], [s2].[CategoriaId], [s2].[CoberturaM2Caja], [s2].[CoberturaPorUnidadM2], [s2].[Descripcion], [s2].[EspesorMm], [s2].[EstaActivo0], [s2].[FechaActualizacionUtc0], [s2].[FechaCreacionUtc0], [s2].[ImagenUrl], [s2].[LargoCm], [s2].[LargoMm], [s2].[Material], [s2].[Nombre], [s2].[PiezasPorCaja], [s2].[PrecioMayoreo], [s2].[PrecioUnitario0], [s2].[Sku], [s2].[SoloCotizacion], [s2].[UnidadMedida], [s2].[VisibleMasVendido]
FROM (
    SELECT TOP(@__p_0) [s].[Id], [s].[ClienteId], [s].[EstaActivo], [s].[Estado], [s].[FechaActualizacionUtc], [s].[FechaCreacionUtc], [s].[MontoAnticipo], [s].[MontoDescuento], [s].[MontoEfectivo], [s].[MontoIva], [s].[MontoTarjeta], [s].[MontoTotal], [s].[MontoTransferencia], [s].[Notas], [s].[NumeroFolio], [s].[SaldoPendiente], [s].[SubTotal], [s].[TipoPago], [s].[UsuarioId]
    FROM [Sales] AS [s]
    WHERE [s].[EstaActivo] = CAST(1 AS bit)
    ORDER BY [s].[FechaCreacionUtc] DESC
) AS [s0]
LEFT JOIN [Customers] AS [c] ON [s0].[ClienteId] = [c].[Id]
LEFT JOIN [Users] AS [u] ON [s0].[UsuarioId] = [u].[Id]
LEFT JOIN (
    SELECT [s1].[Id], [s1].[Cantidad], [s1].[EstaActivo], [s1].[FechaActualizacionUtc], [s1].[FechaCreacionUtc], [s1].[MontoDescuento], [s1].[PrecioTotal], [s1].[PrecioUnitario], [s1].[ProductoId], [s1].[VentaId], [p].[Id] AS [Id0], [p].[AltoCm], [p].[AnchoCm], [p].[AnchoMm], [p].[Barcode], [p].[CantidadInventarioInicial], [p].[CantidadMinimaMayoreo], [p].[CategoriaId], [p].[CoberturaM2Caja], [p].[CoberturaPorUnidadM2], [p].[Descripcion], [p].[EspesorMm], [p].[EstaActivo] AS [EstaActivo0], [p].[FechaActualizacionUtc] AS [FechaActualizacionUtc0], [p].[FechaCreacionUtc] AS [FechaCreacionUtc0], [p].[ImagenUrl], [p].[LargoCm], [p].[LargoMm], [p].[Material], [p].[Nombre], [p].[PiezasPorCaja], [p].[PrecioMayoreo], [p].[PrecioUnitario] AS [PrecioUnitario0], [p].[Sku], [p].[SoloCotizacion], [p].[UnidadMedida], [p].[VisibleMasVendido]
    FROM [SaleItems] AS [s1]
    INNER JOIN [Products] AS [p] ON [s1].[ProductoId] = [p].[Id]
) AS [s2] ON [s0].[Id] = [s2].[VentaId]
ORDER BY [s0].[FechaCreacionUtc] DESC, [s0].[Id], [c].[Id], [u].[Id], [s2].[Id]
2026-08-07 23:59:16.023 -06:00 [INF] Executed action Pos.Api.Controllers.v1.CustomersController.GetCustomers (Pos.Api) in 116.6023ms
2026-08-07 23:59:16.029 -06:00 [INF] Request starting HTTP/1.1 GET http://localhost:5000/api/v1/customers? - application/json null
2026-08-07 23:59:16.031 -06:00 [INF] Executed endpoint 'Pos.Api.Controllers.v1.CustomersController.GetCustomers (Pos.Api)'
2026-08-07 23:59:16.037 -06:00 [INF] Executing endpoint 'Pos.Api.Controllers.v1.CustomersController.GetCustomers (Pos.Api)'
2026-08-07 23:59:16.040 -06:00 [INF] Route matched with {action = "GetCustomers", controller = "Customers"}. Executing controller action with signature System.Threading.Tasks.Task`1[Microsoft.AspNetCore.Mvc.ActionResult`1[System.Collections.Generic.List`1[Pos.Application.Catalog.DTOs.CustomerDto]]] GetCustomers(System.String, System.String, System.Threading.CancellationToken) on controller Pos.Api.Controllers.v1.CustomersController (Pos.Api).
2026-08-07 23:59:16.056 -06:00 [INF] Executed DbCommand (4ms) [Parameters=[@p0='?' (DbType = Guid), @p1='?' (Size = 100), @p2='?' (Size = 4000), @p3='?' (Size = 4000), @p4='?' (DbType = Boolean), @p5='?' (DbType = DateTime2), @p6='?' (DbType = DateTime2), @p7='?' (Size = 100), @p8='?' (Size = 4000), @p9='?' (Size = 4000), @p10='?' (DbType = Guid), @p11='?' (Size = 4000), @p12='?' (Size = 4000)], CommandType='"Text"', CommandTimeout='30']
SET IMPLICIT_TRANSACTIONS OFF;
SET NOCOUNT ON;
INSERT INTO [AuditLogs] ([Id], [Accion], [DireccionIp], [EntidadId], [EstaActivo], [FechaActualizacionUtc], [FechaCreacionUtc], [IdCorrelacion], [Motivo], [NombreEntidad], [UsuarioId], [ValoresAnterioresJson], [ValoresNuevosJson])
VALUES (@p0, @p1, @p2, @p3, @p4, @p5, @p6, @p7, @p8, @p9, @p10, @p11, @p12);
2026-08-07 23:59:16.059 -06:00 [INF] Executed DbCommand (1ms) [Parameters=[@__p_0='?' (DbType = Int32)], CommandType='"Text"', CommandTimeout='30']
SELECT TOP(@__p_0) [c].[Id], [c].[Apellido], [c].[Ciudad], [c].[CodigoPostal], [c].[Direccion], [c].[Email], [c].[EstaActivo], [c].[Estado], [c].[FechaActualizacionUtc], [c].[FechaCreacionUtc], [c].[Nombre], [c].[NombreEmpresa], [c].[Notas], [c].[PorcentajeDescuentoEspecial], [c].[Rfc], [c].[Telefono], [c].[TipoCliente]
FROM [Customers] AS [c]
WHERE [c].[EstaActivo] = CAST(1 AS bit)
ORDER BY COALESCE([c].[NombreEmpresa], [c].[Nombre])
2026-08-07 23:59:16.060 -06:00 [INF] [AUDITORIA WPC BAJIO] CorrelationId: 8e1fa856-2a04-412c-a1e4-789bfecb8556 | Action: GET /api/v1/customers | Entity: HttpRequest (200) | User: ebc8b858-2837-4bd5-93e1-8b4c1d0bd81b | IP: ::1 | Reason: HTTP Response StatusCode: 200 | OldValues: N/A | NewValues: N/A
2026-08-07 23:59:16.063 -06:00 [INF] Executing OkObjectResult, writing value of type 'System.Collections.Generic.List`1[[Pos.Application.Catalog.DTOs.CustomerDto, Pos.Application, Version=1.0.0.0, Culture=neutral, PublicKeyToken=null]]'.
2026-08-07 23:59:16.068 -06:00 [INF] Request finished HTTP/1.1 GET http://localhost:5000/api/v1/customers? - 200 null application/json; charset=utf-8 200.4545ms
2026-08-07 23:59:16.072 -06:00 [INF] Executed action Pos.Api.Controllers.v1.CustomersController.GetCustomers (Pos.Api) in 26.7528ms
2026-08-07 23:59:16.079 -06:00 [INF] Executed endpoint 'Pos.Api.Controllers.v1.CustomersController.GetCustomers (Pos.Api)'
2026-08-07 23:59:16.086 -06:00 [INF] Executed DbCommand (1ms) [Parameters=[@p0='?' (DbType = Guid), @p1='?' (Size = 100), @p2='?' (Size = 4000), @p3='?' (Size = 4000), @p4='?' (DbType = Boolean), @p5='?' (DbType = DateTime2), @p6='?' (DbType = DateTime2), @p7='?' (Size = 100), @p8='?' (Size = 4000), @p9='?' (Size = 4000), @p10='?' (DbType = Guid), @p11='?' (Size = 4000), @p12='?' (Size = 4000)], CommandType='"Text"', CommandTimeout='30']
SET IMPLICIT_TRANSACTIONS OFF;
SET NOCOUNT ON;
INSERT INTO [AuditLogs] ([Id], [Accion], [DireccionIp], [EntidadId], [EstaActivo], [FechaActualizacionUtc], [FechaCreacionUtc], [IdCorrelacion], [Motivo], [NombreEntidad], [UsuarioId], [ValoresAnterioresJson], [ValoresNuevosJson])
VALUES (@p0, @p1, @p2, @p3, @p4, @p5, @p6, @p7, @p8, @p9, @p10, @p11, @p12);
2026-08-07 23:59:16.090 -06:00 [INF] [AUDITORIA WPC BAJIO] CorrelationId: 5937f74c-9831-4e07-87ba-7894ba3db5cd | Action: GET /api/v1/customers | Entity: HttpRequest (200) | User: ebc8b858-2837-4bd5-93e1-8b4c1d0bd81b | IP: ::1 | Reason: HTTP Response StatusCode: 200 | OldValues: N/A | NewValues: N/A
2026-08-07 23:59:16.095 -06:00 [INF] Request finished HTTP/1.1 GET http://localhost:5000/api/v1/customers? - 200 null application/json; charset=utf-8 65.9361ms
2026-08-07 23:59:16.256 -06:00 [INF] Executing OkObjectResult, writing value of type 'System.Collections.Generic.List`1[[Pos.Application.Sales.DTOs.SaleDto, Pos.Application, Version=1.0.0.0, Culture=neutral, PublicKeyToken=null]]'.
2026-08-07 23:59:16.257 -06:00 [INF] Executed DbCommand (6ms) [Parameters=[@__productIds_0='?' (Size = 4000)], CommandType='"Text"', CommandTimeout='30']
SELECT [s].[Id], [s].[CantidadDisponible], [s].[CantidadReorden], [s].[EstaActivo], [s].[FechaActualizacionUtc], [s].[FechaCreacionUtc], [s].[ProductoId], [s].[Ubicacion], [s].[UmbralMinimoAlerta], [s].[VersionFila]
FROM [Stocks] AS [s]
WHERE [s].[ProductoId] IN (
    SELECT [p].[value]
    FROM OPENJSON(@__productIds_0) WITH ([value] uniqueidentifier '$') AS [p]
)
2026-08-07 23:59:16.282 -06:00 [INF] Executed action Pos.Api.Controllers.v1.SalesController.GetSales (Pos.Api) in 382.214ms
2026-08-07 23:59:16.285 -06:00 [INF] Executed endpoint 'Pos.Api.Controllers.v1.SalesController.GetSales (Pos.Api)'
2026-08-07 23:59:16.289 -06:00 [INF] Request starting HTTP/1.1 GET http://localhost:5000/api/v1/sales - application/json null
2026-08-07 23:59:16.291 -06:00 [INF] Executed DbCommand (2ms) [Parameters=[@p0='?' (DbType = Guid), @p1='?' (Size = 100), @p2='?' (Size = 4000), @p3='?' (Size = 4000), @p4='?' (DbType = Boolean), @p5='?' (DbType = DateTime2), @p6='?' (DbType = DateTime2), @p7='?' (Size = 100), @p8='?' (Size = 4000), @p9='?' (Size = 4000), @p10='?' (DbType = Guid), @p11='?' (Size = 4000), @p12='?' (Size = 4000)], CommandType='"Text"', CommandTimeout='30']
SET IMPLICIT_TRANSACTIONS OFF;
SET NOCOUNT ON;
INSERT INTO [AuditLogs] ([Id], [Accion], [DireccionIp], [EntidadId], [EstaActivo], [FechaActualizacionUtc], [FechaCreacionUtc], [IdCorrelacion], [Motivo], [NombreEntidad], [UsuarioId], [ValoresAnterioresJson], [ValoresNuevosJson])
VALUES (@p0, @p1, @p2, @p3, @p4, @p5, @p6, @p7, @p8, @p9, @p10, @p11, @p12);
2026-08-07 23:59:16.294 -06:00 [INF] Executing endpoint 'Pos.Api.Controllers.v1.SalesController.GetSales (Pos.Api)'
2026-08-07 23:59:16.297 -06:00 [INF] [AUDITORIA WPC BAJIO] CorrelationId: bb0b55f0-69cf-4695-9ffe-5f680a5452df | Action: GET /api/v1/sales | Entity: HttpRequest (200) | User: ebc8b858-2837-4bd5-93e1-8b4c1d0bd81b | IP: ::1 | Reason: HTTP Response StatusCode: 200 | OldValues: N/A | NewValues: N/A
2026-08-07 23:59:16.298 -06:00 [INF] Route matched with {action = "GetSales", controller = "Sales"}. Executing controller action with signature System.Threading.Tasks.Task`1[Microsoft.AspNetCore.Mvc.ActionResult`1[System.Collections.Generic.List`1[Pos.Application.Sales.DTOs.SaleDto]]] GetSales(System.String, System.Nullable`1[System.Guid], System.String, System.Threading.CancellationToken) on controller Pos.Api.Controllers.v1.SalesController (Pos.Api).
2026-08-07 23:59:16.299 -06:00 [INF] Executing OkObjectResult, writing value of type 'System.Collections.Generic.List`1[[Pos.Application.Catalog.DTOs.ProductDto, Pos.Application, Version=1.0.0.0, Culture=neutral, PublicKeyToken=null]]'.
2026-08-07 23:59:16.305 -06:00 [INF] Request finished HTTP/1.1 GET http://localhost:5000/api/v1/sales - 200 null application/json; charset=utf-8 436.6908ms
2026-08-07 23:59:16.312 -06:00 [INF] Executed DbCommand (1ms) [Parameters=[@__p_0='?' (DbType = Int32)], CommandType='"Text"', CommandTimeout='30']
SELECT [s0].[Id], [s0].[ClienteId], [s0].[EstaActivo], [s0].[Estado], [s0].[FechaActualizacionUtc], [s0].[FechaCreacionUtc], [s0].[MontoAnticipo], [s0].[MontoDescuento], [s0].[MontoEfectivo], [s0].[MontoIva], [s0].[MontoTarjeta], [s0].[MontoTotal], [s0].[MontoTransferencia], [s0].[Notas], [s0].[NumeroFolio], [s0].[SaldoPendiente], [s0].[SubTotal], [s0].[TipoPago], [s0].[UsuarioId], [c].[Id], [c].[Apellido], [c].[Ciudad], [c].[CodigoPostal], [c].[Direccion], [c].[Email], [c].[EstaActivo], [c].[Estado], [c].[FechaActualizacionUtc], [c].[FechaCreacionUtc], [c].[Nombre], [c].[NombreEmpresa], [c].[Notas], [c].[PorcentajeDescuentoEspecial], [c].[Rfc], [c].[Telefono], [c].[TipoCliente], [u].[Id], [u].[Email], [u].[EmpleadoId], [u].[EstaActivo], [u].[FechaActualizacionUtc], [u].[FechaCreacionUtc], [u].[NombreUsuario], [u].[PasswordHash], [s2].[Id], [s2].[Cantidad], [s2].[EstaActivo], [s2].[FechaActualizacionUtc], [s2].[FechaCreacionUtc], [s2].[MontoDescuento], [s2].[PrecioTotal], [s2].[PrecioUnitario], [s2].[ProductoId], [s2].[VentaId], [s2].[Id0], [s2].[AltoCm], [s2].[AnchoCm], [s2].[AnchoMm], [s2].[Barcode], [s2].[CantidadInventarioInicial], [s2].[CantidadMinimaMayoreo], [s2].[CategoriaId], [s2].[CoberturaM2Caja], [s2].[CoberturaPorUnidadM2], [s2].[Descripcion], [s2].[EspesorMm], [s2].[EstaActivo0], [s2].[FechaActualizacionUtc0], [s2].[FechaCreacionUtc0], [s2].[ImagenUrl], [s2].[LargoCm], [s2].[LargoMm], [s2].[Material], [s2].[Nombre], [s2].[PiezasPorCaja], [s2].[PrecioMayoreo], [s2].[PrecioUnitario0], [s2].[Sku], [s2].[SoloCotizacion], [s2].[UnidadMedida], [s2].[VisibleMasVendido]
FROM (
    SELECT TOP(@__p_0) [s].[Id], [s].[ClienteId], [s].[EstaActivo], [s].[Estado], [s].[FechaActualizacionUtc], [s].[FechaCreacionUtc], [s].[MontoAnticipo], [s].[MontoDescuento], [s].[MontoEfectivo], [s].[MontoIva], [s].[MontoTarjeta], [s].[MontoTotal], [s].[MontoTransferencia], [s].[Notas], [s].[NumeroFolio], [s].[SaldoPendiente], [s].[SubTotal], [s].[TipoPago], [s].[UsuarioId]
    FROM [Sales] AS [s]
    WHERE [s].[EstaActivo] = CAST(1 AS bit)
    ORDER BY [s].[FechaCreacionUtc] DESC
) AS [s0]
LEFT JOIN [Customers] AS [c] ON [s0].[ClienteId] = [c].[Id]
LEFT JOIN [Users] AS [u] ON [s0].[UsuarioId] = [u].[Id]
LEFT JOIN (
    SELECT [s1].[Id], [s1].[Cantidad], [s1].[EstaActivo], [s1].[FechaActualizacionUtc], [s1].[FechaCreacionUtc], [s1].[MontoDescuento], [s1].[PrecioTotal], [s1].[PrecioUnitario], [s1].[ProductoId], [s1].[VentaId], [p].[Id] AS [Id0], [p].[AltoCm], [p].[AnchoCm], [p].[AnchoMm], [p].[Barcode], [p].[CantidadInventarioInicial], [p].[CantidadMinimaMayoreo], [p].[CategoriaId], [p].[CoberturaM2Caja], [p].[CoberturaPorUnidadM2], [p].[Descripcion], [p].[EspesorMm], [p].[EstaActivo] AS [EstaActivo0], [p].[FechaActualizacionUtc] AS [FechaActualizacionUtc0], [p].[FechaCreacionUtc] AS [FechaCreacionUtc0], [p].[ImagenUrl], [p].[LargoCm], [p].[LargoMm], [p].[Material], [p].[Nombre], [p].[PiezasPorCaja], [p].[PrecioMayoreo], [p].[PrecioUnitario] AS [PrecioUnitario0], [p].[Sku], [p].[SoloCotizacion], [p].[UnidadMedida], [p].[VisibleMasVendido]
    FROM [SaleItems] AS [s1]
    INNER JOIN [Products] AS [p] ON [s1].[ProductoId] = [p].[Id]
) AS [s2] ON [s0].[Id] = [s2].[VentaId]
ORDER BY [s0].[FechaCreacionUtc] DESC, [s0].[Id], [c].[Id], [u].[Id], [s2].[Id]
2026-08-07 23:59:16.322 -06:00 [INF] Executed action Pos.Api.Controllers.v1.ProductsController.GetProducts (Pos.Api) in 419.5814ms
2026-08-07 23:59:16.326 -06:00 [INF] Executed endpoint 'Pos.Api.Controllers.v1.ProductsController.GetProducts (Pos.Api)'
2026-08-07 23:59:16.328 -06:00 [INF] Request starting HTTP/1.1 GET http://localhost:5000/api/v1/products? - application/json null
2026-08-07 23:59:16.333 -06:00 [INF] Executed DbCommand (1ms) [Parameters=[@p0='?' (DbType = Guid), @p1='?' (Size = 100), @p2='?' (Size = 4000), @p3='?' (Size = 4000), @p4='?' (DbType = Boolean), @p5='?' (DbType = DateTime2), @p6='?' (DbType = DateTime2), @p7='?' (Size = 100), @p8='?' (Size = 4000), @p9='?' (Size = 4000), @p10='?' (DbType = Guid), @p11='?' (Size = 4000), @p12='?' (Size = 4000)], CommandType='"Text"', CommandTimeout='30']
SET IMPLICIT_TRANSACTIONS OFF;
SET NOCOUNT ON;
INSERT INTO [AuditLogs] ([Id], [Accion], [DireccionIp], [EntidadId], [EstaActivo], [FechaActualizacionUtc], [FechaCreacionUtc], [IdCorrelacion], [Motivo], [NombreEntidad], [UsuarioId], [ValoresAnterioresJson], [ValoresNuevosJson])
VALUES (@p0, @p1, @p2, @p3, @p4, @p5, @p6, @p7, @p8, @p9, @p10, @p11, @p12);
2026-08-07 23:59:16.333 -06:00 [INF] Executing endpoint 'Pos.Api.Controllers.v1.ProductsController.GetProducts (Pos.Api)'
2026-08-07 23:59:16.339 -06:00 [INF] [AUDITORIA WPC BAJIO] CorrelationId: ed019369-3f33-40a0-8a70-07e9de010ecc | Action: GET /api/v1/products | Entity: HttpRequest (200) | User: ebc8b858-2837-4bd5-93e1-8b4c1d0bd81b | IP: ::1 | Reason: HTTP Response StatusCode: 200 | OldValues: N/A | NewValues: N/A
2026-08-07 23:59:16.341 -06:00 [INF] Route matched with {action = "GetProducts", controller = "Products"}. Executing controller action with signature System.Threading.Tasks.Task`1[Microsoft.AspNetCore.Mvc.ActionResult`1[System.Collections.Generic.List`1[Pos.Application.Catalog.DTOs.ProductDto]]] GetProducts(System.String, System.Nullable`1[System.Guid], System.Nullable`1[System.Boolean], System.Threading.CancellationToken) on controller Pos.Api.Controllers.v1.ProductsController (Pos.Api).
2026-08-07 23:59:16.346 -06:00 [INF] Request finished HTTP/1.1 GET http://localhost:5000/api/v1/products? - 200 null application/json; charset=utf-8 478.0969ms
2026-08-07 23:59:16.353 -06:00 [INF] Executed DbCommand (1ms) [Parameters=[], CommandType='"Text"', CommandTimeout='30']
SELECT [p].[Id], [p].[AltoCm], [p].[AnchoCm], [p].[AnchoMm], [p].[Barcode], [p].[CantidadInventarioInicial], [p].[CantidadMinimaMayoreo], [p].[CategoriaId], [p].[CoberturaM2Caja], [p].[CoberturaPorUnidadM2], [p].[Descripcion], [p].[EspesorMm], [p].[EstaActivo], [p].[FechaActualizacionUtc], [p].[FechaCreacionUtc], [p].[ImagenUrl], [p].[LargoCm], [p].[LargoMm], [p].[Material], [p].[Nombre], [p].[PiezasPorCaja], [p].[PrecioMayoreo], [p].[PrecioUnitario], [p].[Sku], [p].[SoloCotizacion], [p].[UnidadMedida], [p].[VisibleMasVendido], [c].[Id], [c].[CategoriaPadreId], [c].[Descripcion], [c].[EstaActivo], [c].[FechaActualizacionUtc], [c].[FechaCreacionUtc], [c].[Nombre], [c].[Slug], [p0].[Id], [p0].[EsPrincipal], [p0].[EstaActivo], [p0].[FechaActualizacionUtc], [p0].[FechaCreacionUtc], [p0].[ProductoId], [p0].[UrlImagen]
FROM [Products] AS [p]
INNER JOIN [Categories] AS [c] ON [p].[CategoriaId] = [c].[Id]
LEFT JOIN [ProductImages] AS [p0] ON [p].[Id] = [p0].[ProductoId]
ORDER BY [p].[Id], [c].[Id]
2026-08-07 23:59:16.453 -06:00 [INF] Executed DbCommand (1ms) [Parameters=[@__productIds_0='?' (Size = 4000)], CommandType='"Text"', CommandTimeout='30']
SELECT [s].[Id], [s].[CantidadDisponible], [s].[CantidadReorden], [s].[EstaActivo], [s].[FechaActualizacionUtc], [s].[FechaCreacionUtc], [s].[ProductoId], [s].[Ubicacion], [s].[UmbralMinimoAlerta], [s].[VersionFila]
FROM [Stocks] AS [s]
WHERE [s].[ProductoId] IN (
    SELECT [p].[value]
    FROM OPENJSON(@__productIds_0) WITH ([value] uniqueidentifier '$') AS [p]
)
2026-08-07 23:59:16.457 -06:00 [INF] Executing OkObjectResult, writing value of type 'System.Collections.Generic.List`1[[Pos.Application.Catalog.DTOs.ProductDto, Pos.Application, Version=1.0.0.0, Culture=neutral, PublicKeyToken=null]]'.
2026-08-07 23:59:16.468 -06:00 [INF] Executed action Pos.Api.Controllers.v1.ProductsController.GetProducts (Pos.Api) in 119.1567ms
2026-08-07 23:59:16.470 -06:00 [INF] Executed endpoint 'Pos.Api.Controllers.v1.ProductsController.GetProducts (Pos.Api)'
2026-08-07 23:59:16.475 -06:00 [INF] Executed DbCommand (1ms) [Parameters=[@p0='?' (DbType = Guid), @p1='?' (Size = 100), @p2='?' (Size = 4000), @p3='?' (Size = 4000), @p4='?' (DbType = Boolean), @p5='?' (DbType = DateTime2), @p6='?' (DbType = DateTime2), @p7='?' (Size = 100), @p8='?' (Size = 4000), @p9='?' (Size = 4000), @p10='?' (DbType = Guid), @p11='?' (Size = 4000), @p12='?' (Size = 4000)], CommandType='"Text"', CommandTimeout='30']
SET IMPLICIT_TRANSACTIONS OFF;
SET NOCOUNT ON;
INSERT INTO [AuditLogs] ([Id], [Accion], [DireccionIp], [EntidadId], [EstaActivo], [FechaActualizacionUtc], [FechaCreacionUtc], [IdCorrelacion], [Motivo], [NombreEntidad], [UsuarioId], [ValoresAnterioresJson], [ValoresNuevosJson])
VALUES (@p0, @p1, @p2, @p3, @p4, @p5, @p6, @p7, @p8, @p9, @p10, @p11, @p12);
2026-08-07 23:59:16.479 -06:00 [INF] [AUDITORIA WPC BAJIO] CorrelationId: 5bfe9c2f-6c16-4d7d-ab99-8b46f33a7e7e | Action: GET /api/v1/products | Entity: HttpRequest (200) | User: ebc8b858-2837-4bd5-93e1-8b4c1d0bd81b | IP: ::1 | Reason: HTTP Response StatusCode: 200 | OldValues: N/A | NewValues: N/A
2026-08-07 23:59:16.488 -06:00 [INF] Request finished HTTP/1.1 GET http://localhost:5000/api/v1/products? - 200 null application/json; charset=utf-8 160.9056ms
2026-08-07 23:59:16.540 -06:00 [INF] Executing OkObjectResult, writing value of type 'System.Collections.Generic.List`1[[Pos.Application.Sales.DTOs.SaleDto, Pos.Application, Version=1.0.0.0, Culture=neutral, PublicKeyToken=null]]'.
2026-08-07 23:59:16.543 -06:00 [INF] Executed action Pos.Api.Controllers.v1.SalesController.GetSales (Pos.Api) in 235.2843ms
2026-08-07 23:59:16.546 -06:00 [INF] Executed endpoint 'Pos.Api.Controllers.v1.SalesController.GetSales (Pos.Api)'
2026-08-07 23:59:16.552 -06:00 [INF] Executed DbCommand (1ms) [Parameters=[@p0='?' (DbType = Guid), @p1='?' (Size = 100), @p2='?' (Size = 4000), @p3='?' (Size = 4000), @p4='?' (DbType = Boolean), @p5='?' (DbType = DateTime2), @p6='?' (DbType = DateTime2), @p7='?' (Size = 100), @p8='?' (Size = 4000), @p9='?' (Size = 4000), @p10='?' (DbType = Guid), @p11='?' (Size = 4000), @p12='?' (Size = 4000)], CommandType='"Text"', CommandTimeout='30']
SET IMPLICIT_TRANSACTIONS OFF;
SET NOCOUNT ON;
INSERT INTO [AuditLogs] ([Id], [Accion], [DireccionIp], [EntidadId], [EstaActivo], [FechaActualizacionUtc], [FechaCreacionUtc], [IdCorrelacion], [Motivo], [NombreEntidad], [UsuarioId], [ValoresAnterioresJson], [ValoresNuevosJson])
VALUES (@p0, @p1, @p2, @p3, @p4, @p5, @p6, @p7, @p8, @p9, @p10, @p11, @p12);
2026-08-07 23:59:16.557 -06:00 [INF] [AUDITORIA WPC BAJIO] CorrelationId: 011d6a7e-9b6b-49fd-8cfb-cda5b4b5bc36 | Action: GET /api/v1/sales | Entity: HttpRequest (200) | User: ebc8b858-2837-4bd5-93e1-8b4c1d0bd81b | IP: ::1 | Reason: HTTP Response StatusCode: 200 | OldValues: N/A | NewValues: N/A
2026-08-07 23:59:16.561 -06:00 [INF] Request finished HTTP/1.1 GET http://localhost:5000/api/v1/sales - 200 null application/json; charset=utf-8 271.7109ms
2026-08-07 23:59:25.657 -06:00 [INF] Request starting HTTP/1.1 GET http://localhost:5000/api/v1/cashshifts/current - application/json null
2026-08-07 23:59:25.657 -06:00 [INF] Request starting HTTP/1.1 GET http://localhost:5000/api/v1/cashshifts/history - application/json null
2026-08-07 23:59:25.662 -06:00 [INF] Executing endpoint 'Pos.Api.Controllers.v1.CashShiftController.GetCurrentShift (Pos.Api)'
2026-08-07 23:59:25.664 -06:00 [INF] Executing endpoint 'Pos.Api.Controllers.v1.CashShiftController.GetShiftHistory (Pos.Api)'
2026-08-07 23:59:25.668 -06:00 [INF] Route matched with {action = "GetCurrentShift", controller = "CashShift"}. Executing controller action with signature System.Threading.Tasks.Task`1[Microsoft.AspNetCore.Mvc.ActionResult`1[Pos.Application.CashShift.DTOs.CashShiftDto]] GetCurrentShift(System.Threading.CancellationToken) on controller Pos.Api.Controllers.v1.CashShiftController (Pos.Api).
2026-08-07 23:59:25.669 -06:00 [INF] Route matched with {action = "GetShiftHistory", controller = "CashShift"}. Executing controller action with signature System.Threading.Tasks.Task`1[Microsoft.AspNetCore.Mvc.ActionResult`1[System.Collections.Generic.List`1[Pos.Application.CashShift.DTOs.CashShiftDto]]] GetShiftHistory(System.Threading.CancellationToken) on controller Pos.Api.Controllers.v1.CashShiftController (Pos.Api).
2026-08-07 23:59:25.731 -06:00 [INF] Executed DbCommand (14ms) [Parameters=[@__userId_0='?' (DbType = Guid)], CommandType='"Text"', CommandTimeout='30']
SELECT [s].[Id], [s].[EstaActivo], [s].[Estado], [s].[FechaActualizacionUtc], [s].[FechaAperturaUtc], [s].[FechaCierreUtc], [s].[FechaCreacionUtc], [s].[MontoApertura], [s].[MontoCierreEsperado], [s].[MontoCierreReal], [s].[MontoDiferencia], [s].[Notas], [s].[NumeroTurno], [s].[TotalRetiros], [s].[TotalVentasEfectivo], [s].[TotalVentasTarjeta], [s].[TotalVentasTransferencia], [s].[UsuarioId], [s].[Id0], [s].[Email], [s].[EmpleadoId], [s].[EstaActivo0], [s].[FechaActualizacionUtc0], [s].[FechaCreacionUtc0], [s].[NombreUsuario], [s].[PasswordHash], [s0].[Id], [s0].[EstaActivo], [s0].[FechaActualizacionUtc], [s0].[FechaCreacionUtc], [s0].[Monto], [s0].[Motivo], [s0].[TipoTransaccion], [s0].[TurnoCajaId], [s0].[UsuarioId], [s0].[Id0], [s0].[Email], [s0].[EmpleadoId], [s0].[EstaActivo0], [s0].[FechaActualizacionUtc0], [s0].[FechaCreacionUtc0], [s0].[NombreUsuario], [s0].[PasswordHash]
FROM (
    SELECT TOP(1) [c].[Id], [c].[EstaActivo], [c].[Estado], [c].[FechaActualizacionUtc], [c].[FechaAperturaUtc], [c].[FechaCierreUtc], [c].[FechaCreacionUtc], [c].[MontoApertura], [c].[MontoCierreEsperado], [c].[MontoCierreReal], [c].[MontoDiferencia], [c].[Notas], [c].[NumeroTurno], [c].[TotalRetiros], [c].[TotalVentasEfectivo], [c].[TotalVentasTarjeta], [c].[TotalVentasTransferencia], [c].[UsuarioId], [u].[Id] AS [Id0], [u].[Email], [u].[EmpleadoId], [u].[EstaActivo] AS [EstaActivo0], [u].[FechaActualizacionUtc] AS [FechaActualizacionUtc0], [u].[FechaCreacionUtc] AS [FechaCreacionUtc0], [u].[NombreUsuario], [u].[PasswordHash]
    FROM [CashShifts] AS [c]
    INNER JOIN [Users] AS [u] ON [c].[UsuarioId] = [u].[Id]
    WHERE [c].[UsuarioId] = @__userId_0 AND [c].[Estado] = N'Abierto'
) AS [s]
LEFT JOIN (
    SELECT [c0].[Id], [c0].[EstaActivo], [c0].[FechaActualizacionUtc], [c0].[FechaCreacionUtc], [c0].[Monto], [c0].[Motivo], [c0].[TipoTransaccion], [c0].[TurnoCajaId], [c0].[UsuarioId], [u0].[Id] AS [Id0], [u0].[Email], [u0].[EmpleadoId], [u0].[EstaActivo] AS [EstaActivo0], [u0].[FechaActualizacionUtc] AS [FechaActualizacionUtc0], [u0].[FechaCreacionUtc] AS [FechaCreacionUtc0], [u0].[NombreUsuario], [u0].[PasswordHash]
    FROM [CashTransactions] AS [c0]
    LEFT JOIN [Users] AS [u0] ON [c0].[UsuarioId] = [u0].[Id]
) AS [s0] ON [s].[Id] = [s0].[TurnoCajaId]
ORDER BY [s].[Id], [s].[Id0], [s0].[Id]
2026-08-07 23:59:25.731 -06:00 [INF] Executed DbCommand (14ms) [Parameters=[@__p_0='?' (DbType = Int32)], CommandType='"Text"', CommandTimeout='30']
SELECT [c0].[Id], [c0].[EstaActivo], [c0].[Estado], [c0].[FechaActualizacionUtc], [c0].[FechaAperturaUtc], [c0].[FechaCierreUtc], [c0].[FechaCreacionUtc], [c0].[MontoApertura], [c0].[MontoCierreEsperado], [c0].[MontoCierreReal], [c0].[MontoDiferencia], [c0].[Notas], [c0].[NumeroTurno], [c0].[TotalRetiros], [c0].[TotalVentasEfectivo], [c0].[TotalVentasTarjeta], [c0].[TotalVentasTransferencia], [c0].[UsuarioId], [u].[Id], [u].[Email], [u].[EmpleadoId], [u].[EstaActivo], [u].[FechaActualizacionUtc], [u].[FechaCreacionUtc], [u].[NombreUsuario], [u].[PasswordHash], [s].[Id], [s].[EstaActivo], [s].[FechaActualizacionUtc], [s].[FechaCreacionUtc], [s].[Monto], [s].[Motivo], [s].[TipoTransaccion], [s].[TurnoCajaId], [s].[UsuarioId], [s].[Id0], [s].[Email], [s].[EmpleadoId], [s].[EstaActivo0], [s].[FechaActualizacionUtc0], [s].[FechaCreacionUtc0], [s].[NombreUsuario], [s].[PasswordHash]
FROM (
    SELECT TOP(@__p_0) [c].[Id], [c].[EstaActivo], [c].[Estado], [c].[FechaActualizacionUtc], [c].[FechaAperturaUtc], [c].[FechaCierreUtc], [c].[FechaCreacionUtc], [c].[MontoApertura], [c].[MontoCierreEsperado], [c].[MontoCierreReal], [c].[MontoDiferencia], [c].[Notas], [c].[NumeroTurno], [c].[TotalRetiros], [c].[TotalVentasEfectivo], [c].[TotalVentasTarjeta], [c].[TotalVentasTransferencia], [c].[UsuarioId]
    FROM [CashShifts] AS [c]
    ORDER BY [c].[FechaAperturaUtc] DESC
) AS [c0]
INNER JOIN [Users] AS [u] ON [c0].[UsuarioId] = [u].[Id]
LEFT JOIN (
    SELECT [c1].[Id], [c1].[EstaActivo], [c1].[FechaActualizacionUtc], [c1].[FechaCreacionUtc], [c1].[Monto], [c1].[Motivo], [c1].[TipoTransaccion], [c1].[TurnoCajaId], [c1].[UsuarioId], [u0].[Id] AS [Id0], [u0].[Email], [u0].[EmpleadoId], [u0].[EstaActivo] AS [EstaActivo0], [u0].[FechaActualizacionUtc] AS [FechaActualizacionUtc0], [u0].[FechaCreacionUtc] AS [FechaCreacionUtc0], [u0].[NombreUsuario], [u0].[PasswordHash]
    FROM [CashTransactions] AS [c1]
    LEFT JOIN [Users] AS [u0] ON [c1].[UsuarioId] = [u0].[Id]
) AS [s] ON [c0].[Id] = [s].[TurnoCajaId]
ORDER BY [c0].[FechaAperturaUtc] DESC, [c0].[Id], [u].[Id], [s].[Id]
2026-08-07 23:59:25.753 -06:00 [INF] Executing OkObjectResult, writing value of type 'System.Collections.Generic.List`1[[Pos.Application.CashShift.DTOs.CashShiftDto, Pos.Application, Version=1.0.0.0, Culture=neutral, PublicKeyToken=null]]'.
2026-08-07 23:59:25.771 -06:00 [INF] Executed DbCommand (5ms) [Parameters=[@__shift_UsuarioId_0='?' (DbType = Guid), @__shift_FechaAperturaUtc_1='?' (DbType = DateTime2), @__endAtUtc_2='?' (DbType = DateTime2)], CommandType='"Text"', CommandTimeout='30']
SELECT [s].[MontoEfectivo], [s].[MontoTarjeta], [s].[MontoTransferencia]
FROM [Sales] AS [s]
WHERE [s].[UsuarioId] = @__shift_UsuarioId_0 AND [s].[FechaCreacionUtc] >= @__shift_FechaAperturaUtc_1 AND [s].[FechaCreacionUtc] <= @__endAtUtc_2 AND [s].[EstaActivo] = CAST(1 AS bit) AND [s].[Estado] <> N'Cancelada'
2026-08-07 23:59:25.771 -06:00 [INF] Executed action Pos.Api.Controllers.v1.CashShiftController.GetShiftHistory (Pos.Api) in 97.4259ms
2026-08-07 23:59:25.777 -06:00 [INF] Request starting HTTP/1.1 GET http://localhost:5000/api/v1/cashshifts/history - application/json null
2026-08-07 23:59:25.777 -06:00 [INF] Executed endpoint 'Pos.Api.Controllers.v1.CashShiftController.GetShiftHistory (Pos.Api)'
2026-08-07 23:59:25.783 -06:00 [INF] Executing endpoint 'Pos.Api.Controllers.v1.CashShiftController.GetShiftHistory (Pos.Api)'
2026-08-07 23:59:25.786 -06:00 [INF] Route matched with {action = "GetShiftHistory", controller = "CashShift"}. Executing controller action with signature System.Threading.Tasks.Task`1[Microsoft.AspNetCore.Mvc.ActionResult`1[System.Collections.Generic.List`1[Pos.Application.CashShift.DTOs.CashShiftDto]]] GetShiftHistory(System.Threading.CancellationToken) on controller Pos.Api.Controllers.v1.CashShiftController (Pos.Api).
2026-08-07 23:59:25.788 -06:00 [INF] Executed DbCommand (4ms) [Parameters=[@__shift_UsuarioId_0='?' (DbType = Guid), @__shift_FechaAperturaUtc_1='?' (DbType = DateTime2), @__endAtUtc_2='?' (DbType = DateTime2)], CommandType='"Text"', CommandTimeout='30']
SELECT [p].[MontoAbonado], [p].[FormaPago]
FROM [PaymentInstallments] AS [p]
WHERE [p].[UsuarioId] = @__shift_UsuarioId_0 AND [p].[FechaCreacionUtc] >= @__shift_FechaAperturaUtc_1 AND [p].[FechaCreacionUtc] <= @__endAtUtc_2 AND [p].[EstaActivo] = CAST(1 AS bit)
2026-08-07 23:59:25.789 -06:00 [INF] Executed DbCommand (2ms) [Parameters=[@p0='?' (DbType = Guid), @p1='?' (Size = 100), @p2='?' (Size = 4000), @p3='?' (Size = 4000), @p4='?' (DbType = Boolean), @p5='?' (DbType = DateTime2), @p6='?' (DbType = DateTime2), @p7='?' (Size = 100), @p8='?' (Size = 4000), @p9='?' (Size = 4000), @p10='?' (DbType = Guid), @p11='?' (Size = 4000), @p12='?' (Size = 4000)], CommandType='"Text"', CommandTimeout='30']
SET IMPLICIT_TRANSACTIONS OFF;
SET NOCOUNT ON;
INSERT INTO [AuditLogs] ([Id], [Accion], [DireccionIp], [EntidadId], [EstaActivo], [FechaActualizacionUtc], [FechaCreacionUtc], [IdCorrelacion], [Motivo], [NombreEntidad], [UsuarioId], [ValoresAnterioresJson], [ValoresNuevosJson])
VALUES (@p0, @p1, @p2, @p3, @p4, @p5, @p6, @p7, @p8, @p9, @p10, @p11, @p12);
2026-08-07 23:59:25.794 -06:00 [INF] Executed DbCommand (1ms) [Parameters=[@__p_0='?' (DbType = Int32)], CommandType='"Text"', CommandTimeout='30']
SELECT [c0].[Id], [c0].[EstaActivo], [c0].[Estado], [c0].[FechaActualizacionUtc], [c0].[FechaAperturaUtc], [c0].[FechaCierreUtc], [c0].[FechaCreacionUtc], [c0].[MontoApertura], [c0].[MontoCierreEsperado], [c0].[MontoCierreReal], [c0].[MontoDiferencia], [c0].[Notas], [c0].[NumeroTurno], [c0].[TotalRetiros], [c0].[TotalVentasEfectivo], [c0].[TotalVentasTarjeta], [c0].[TotalVentasTransferencia], [c0].[UsuarioId], [u].[Id], [u].[Email], [u].[EmpleadoId], [u].[EstaActivo], [u].[FechaActualizacionUtc], [u].[FechaCreacionUtc], [u].[NombreUsuario], [u].[PasswordHash], [s].[Id], [s].[EstaActivo], [s].[FechaActualizacionUtc], [s].[FechaCreacionUtc], [s].[Monto], [s].[Motivo], [s].[TipoTransaccion], [s].[TurnoCajaId], [s].[UsuarioId], [s].[Id0], [s].[Email], [s].[EmpleadoId], [s].[EstaActivo0], [s].[FechaActualizacionUtc0], [s].[FechaCreacionUtc0], [s].[NombreUsuario], [s].[PasswordHash]
FROM (
    SELECT TOP(@__p_0) [c].[Id], [c].[EstaActivo], [c].[Estado], [c].[FechaActualizacionUtc], [c].[FechaAperturaUtc], [c].[FechaCierreUtc], [c].[FechaCreacionUtc], [c].[MontoApertura], [c].[MontoCierreEsperado], [c].[MontoCierreReal], [c].[MontoDiferencia], [c].[Notas], [c].[NumeroTurno], [c].[TotalRetiros], [c].[TotalVentasEfectivo], [c].[TotalVentasTarjeta], [c].[TotalVentasTransferencia], [c].[UsuarioId]
    FROM [CashShifts] AS [c]
    ORDER BY [c].[FechaAperturaUtc] DESC
) AS [c0]
INNER JOIN [Users] AS [u] ON [c0].[UsuarioId] = [u].[Id]
LEFT JOIN (
    SELECT [c1].[Id], [c1].[EstaActivo], [c1].[FechaActualizacionUtc], [c1].[FechaCreacionUtc], [c1].[Monto], [c1].[Motivo], [c1].[TipoTransaccion], [c1].[TurnoCajaId], [c1].[UsuarioId], [u0].[Id] AS [Id0], [u0].[Email], [u0].[EmpleadoId], [u0].[EstaActivo] AS [EstaActivo0], [u0].[FechaActualizacionUtc] AS [FechaActualizacionUtc0], [u0].[FechaCreacionUtc] AS [FechaCreacionUtc0], [u0].[NombreUsuario], [u0].[PasswordHash]
    FROM [CashTransactions] AS [c1]
    LEFT JOIN [Users] AS [u0] ON [c1].[UsuarioId] = [u0].[Id]
) AS [s] ON [c0].[Id] = [s].[TurnoCajaId]
ORDER BY [c0].[FechaAperturaUtc] DESC, [c0].[Id], [u].[Id], [s].[Id]
2026-08-07 23:59:25.798 -06:00 [INF] [AUDITORIA WPC BAJIO] CorrelationId: 7bd6e542-c89f-4a82-9d91-511e31354f15 | Action: GET /api/v1/cashshifts/history | Entity: HttpRequest (200) | User: ebc8b858-2837-4bd5-93e1-8b4c1d0bd81b | IP: ::1 | Reason: HTTP Response StatusCode: 200 | OldValues: N/A | NewValues: N/A
2026-08-07 23:59:25.804 -06:00 [INF] Executing OkObjectResult, writing value of type 'System.Collections.Generic.List`1[[Pos.Application.CashShift.DTOs.CashShiftDto, Pos.Application, Version=1.0.0.0, Culture=neutral, PublicKeyToken=null]]'.
2026-08-07 23:59:25.808 -06:00 [INF] Executed DbCommand (4ms) [Parameters=[@__shift_UsuarioId_0='?' (DbType = Guid), @__shift_FechaAperturaUtc_1='?' (DbType = DateTime2), @__endAtUtc_2='?' (DbType = DateTime2)], CommandType='"Text"', CommandTimeout='30']
SELECT [r].[MontoReembolsado], [r].[FormaReembolso]
FROM [ReturnHeaders] AS [r]
WHERE [r].[UsuarioId] = @__shift_UsuarioId_0 AND [r].[FechaCreacionUtc] >= @__shift_FechaAperturaUtc_1 AND [r].[FechaCreacionUtc] <= @__endAtUtc_2 AND [r].[EstaActivo] = CAST(1 AS bit) AND [r].[Estado] = N'Completada'
2026-08-07 23:59:25.810 -06:00 [INF] Request finished HTTP/1.1 GET http://localhost:5000/api/v1/cashshifts/history - 200 null application/json; charset=utf-8 152.521ms
2026-08-07 23:59:25.812 -06:00 [INF] Executed action Pos.Api.Controllers.v1.CashShiftController.GetShiftHistory (Pos.Api) in 23.2296ms
2026-08-07 23:59:25.821 -06:00 [INF] Executing OkObjectResult, writing value of type 'Pos.Application.CashShift.DTOs.CashShiftDto'.
2026-08-07 23:59:25.825 -06:00 [INF] Executed endpoint 'Pos.Api.Controllers.v1.CashShiftController.GetShiftHistory (Pos.Api)'
2026-08-07 23:59:25.828 -06:00 [INF] Executed action Pos.Api.Controllers.v1.CashShiftController.GetCurrentShift (Pos.Api) in 157.4942ms
2026-08-07 23:59:25.833 -06:00 [INF] Executed endpoint 'Pos.Api.Controllers.v1.CashShiftController.GetCurrentShift (Pos.Api)'
2026-08-07 23:59:25.834 -06:00 [INF] Request starting HTTP/1.1 GET http://localhost:5000/api/v1/cashshifts/current - application/json null
2026-08-07 23:59:25.834 -06:00 [INF] Executed DbCommand (2ms) [Parameters=[@p0='?' (DbType = Guid), @p1='?' (Size = 100), @p2='?' (Size = 4000), @p3='?' (Size = 4000), @p4='?' (DbType = Boolean), @p5='?' (DbType = DateTime2), @p6='?' (DbType = DateTime2), @p7='?' (Size = 100), @p8='?' (Size = 4000), @p9='?' (Size = 4000), @p10='?' (DbType = Guid), @p11='?' (Size = 4000), @p12='?' (Size = 4000)], CommandType='"Text"', CommandTimeout='30']
SET IMPLICIT_TRANSACTIONS OFF;
SET NOCOUNT ON;
INSERT INTO [AuditLogs] ([Id], [Accion], [DireccionIp], [EntidadId], [EstaActivo], [FechaActualizacionUtc], [FechaCreacionUtc], [IdCorrelacion], [Motivo], [NombreEntidad], [UsuarioId], [ValoresAnterioresJson], [ValoresNuevosJson])
VALUES (@p0, @p1, @p2, @p3, @p4, @p5, @p6, @p7, @p8, @p9, @p10, @p11, @p12);
2026-08-07 23:59:25.839 -06:00 [INF] Executed DbCommand (2ms) [Parameters=[@p0='?' (DbType = Guid), @p1='?' (Size = 100), @p2='?' (Size = 4000), @p3='?' (Size = 4000), @p4='?' (DbType = Boolean), @p5='?' (DbType = DateTime2), @p6='?' (DbType = DateTime2), @p7='?' (Size = 100), @p8='?' (Size = 4000), @p9='?' (Size = 4000), @p10='?' (DbType = Guid), @p11='?' (Size = 4000), @p12='?' (Size = 4000)], CommandType='"Text"', CommandTimeout='30']
SET IMPLICIT_TRANSACTIONS OFF;
SET NOCOUNT ON;
INSERT INTO [AuditLogs] ([Id], [Accion], [DireccionIp], [EntidadId], [EstaActivo], [FechaActualizacionUtc], [FechaCreacionUtc], [IdCorrelacion], [Motivo], [NombreEntidad], [UsuarioId], [ValoresAnterioresJson], [ValoresNuevosJson])
VALUES (@p0, @p1, @p2, @p3, @p4, @p5, @p6, @p7, @p8, @p9, @p10, @p11, @p12);
2026-08-07 23:59:25.841 -06:00 [INF] Executing endpoint 'Pos.Api.Controllers.v1.CashShiftController.GetCurrentShift (Pos.Api)'
2026-08-07 23:59:25.843 -06:00 [INF] [AUDITORIA WPC BAJIO] CorrelationId: cb1e63c1-d068-454f-9794-971b40b4ffbd | Action: GET /api/v1/cashshifts/history | Entity: HttpRequest (200) | User: ebc8b858-2837-4bd5-93e1-8b4c1d0bd81b | IP: ::1 | Reason: HTTP Response StatusCode: 200 | OldValues: N/A | NewValues: N/A
2026-08-07 23:59:25.847 -06:00 [INF] [AUDITORIA WPC BAJIO] CorrelationId: f47717ca-994a-4f94-a9be-20ddf09b0f7c | Action: GET /api/v1/cashshifts/current | Entity: HttpRequest (200) | User: ebc8b858-2837-4bd5-93e1-8b4c1d0bd81b | IP: ::1 | Reason: HTTP Response StatusCode: 200 | OldValues: N/A | NewValues: N/A
2026-08-07 23:59:25.849 -06:00 [INF] Route matched with {action = "GetCurrentShift", controller = "CashShift"}. Executing controller action with signature System.Threading.Tasks.Task`1[Microsoft.AspNetCore.Mvc.ActionResult`1[Pos.Application.CashShift.DTOs.CashShiftDto]] GetCurrentShift(System.Threading.CancellationToken) on controller Pos.Api.Controllers.v1.CashShiftController (Pos.Api).
2026-08-07 23:59:25.853 -06:00 [INF] Request finished HTTP/1.1 GET http://localhost:5000/api/v1/cashshifts/history - 200 null application/json; charset=utf-8 76.7312ms
2026-08-07 23:59:25.858 -06:00 [INF] Request finished HTTP/1.1 GET http://localhost:5000/api/v1/cashshifts/current - 200 null application/json; charset=utf-8 200.8615ms
2026-08-07 23:59:25.864 -06:00 [INF] Executed DbCommand (1ms) [Parameters=[@__userId_0='?' (DbType = Guid)], CommandType='"Text"', CommandTimeout='30']
SELECT [s].[Id], [s].[EstaActivo], [s].[Estado], [s].[FechaActualizacionUtc], [s].[FechaAperturaUtc], [s].[FechaCierreUtc], [s].[FechaCreacionUtc], [s].[MontoApertura], [s].[MontoCierreEsperado], [s].[MontoCierreReal], [s].[MontoDiferencia], [s].[Notas], [s].[NumeroTurno], [s].[TotalRetiros], [s].[TotalVentasEfectivo], [s].[TotalVentasTarjeta], [s].[TotalVentasTransferencia], [s].[UsuarioId], [s].[Id0], [s].[Email], [s].[EmpleadoId], [s].[EstaActivo0], [s].[FechaActualizacionUtc0], [s].[FechaCreacionUtc0], [s].[NombreUsuario], [s].[PasswordHash], [s0].[Id], [s0].[EstaActivo], [s0].[FechaActualizacionUtc], [s0].[FechaCreacionUtc], [s0].[Monto], [s0].[Motivo], [s0].[TipoTransaccion], [s0].[TurnoCajaId], [s0].[UsuarioId], [s0].[Id0], [s0].[Email], [s0].[EmpleadoId], [s0].[EstaActivo0], [s0].[FechaActualizacionUtc0], [s0].[FechaCreacionUtc0], [s0].[NombreUsuario], [s0].[PasswordHash]
FROM (
    SELECT TOP(1) [c].[Id], [c].[EstaActivo], [c].[Estado], [c].[FechaActualizacionUtc], [c].[FechaAperturaUtc], [c].[FechaCierreUtc], [c].[FechaCreacionUtc], [c].[MontoApertura], [c].[MontoCierreEsperado], [c].[MontoCierreReal], [c].[MontoDiferencia], [c].[Notas], [c].[NumeroTurno], [c].[TotalRetiros], [c].[TotalVentasEfectivo], [c].[TotalVentasTarjeta], [c].[TotalVentasTransferencia], [c].[UsuarioId], [u].[Id] AS [Id0], [u].[Email], [u].[EmpleadoId], [u].[EstaActivo] AS [EstaActivo0], [u].[FechaActualizacionUtc] AS [FechaActualizacionUtc0], [u].[FechaCreacionUtc] AS [FechaCreacionUtc0], [u].[NombreUsuario], [u].[PasswordHash]
    FROM [CashShifts] AS [c]
    INNER JOIN [Users] AS [u] ON [c].[UsuarioId] = [u].[Id]
    WHERE [c].[UsuarioId] = @__userId_0 AND [c].[Estado] = N'Abierto'
) AS [s]
LEFT JOIN (
    SELECT [c0].[Id], [c0].[EstaActivo], [c0].[FechaActualizacionUtc], [c0].[FechaCreacionUtc], [c0].[Monto], [c0].[Motivo], [c0].[TipoTransaccion], [c0].[TurnoCajaId], [c0].[UsuarioId], [u0].[Id] AS [Id0], [u0].[Email], [u0].[EmpleadoId], [u0].[EstaActivo] AS [EstaActivo0], [u0].[FechaActualizacionUtc] AS [FechaActualizacionUtc0], [u0].[FechaCreacionUtc] AS [FechaCreacionUtc0], [u0].[NombreUsuario], [u0].[PasswordHash]
    FROM [CashTransactions] AS [c0]
    LEFT JOIN [Users] AS [u0] ON [c0].[UsuarioId] = [u0].[Id]
) AS [s0] ON [s].[Id] = [s0].[TurnoCajaId]
ORDER BY [s].[Id], [s].[Id0], [s0].[Id]
2026-08-07 23:59:25.877 -06:00 [INF] Executed DbCommand (1ms) [Parameters=[@__shift_UsuarioId_0='?' (DbType = Guid), @__shift_FechaAperturaUtc_1='?' (DbType = DateTime2), @__endAtUtc_2='?' (DbType = DateTime2)], CommandType='"Text"', CommandTimeout='30']
SELECT [s].[MontoEfectivo], [s].[MontoTarjeta], [s].[MontoTransferencia]
FROM [Sales] AS [s]
WHERE [s].[UsuarioId] = @__shift_UsuarioId_0 AND [s].[FechaCreacionUtc] >= @__shift_FechaAperturaUtc_1 AND [s].[FechaCreacionUtc] <= @__endAtUtc_2 AND [s].[EstaActivo] = CAST(1 AS bit) AND [s].[Estado] <> N'Cancelada'
2026-08-07 23:59:25.882 -06:00 [INF] Executed DbCommand (1ms) [Parameters=[@__shift_UsuarioId_0='?' (DbType = Guid), @__shift_FechaAperturaUtc_1='?' (DbType = DateTime2), @__endAtUtc_2='?' (DbType = DateTime2)], CommandType='"Text"', CommandTimeout='30']
SELECT [p].[MontoAbonado], [p].[FormaPago]
FROM [PaymentInstallments] AS [p]
WHERE [p].[UsuarioId] = @__shift_UsuarioId_0 AND [p].[FechaCreacionUtc] >= @__shift_FechaAperturaUtc_1 AND [p].[FechaCreacionUtc] <= @__endAtUtc_2 AND [p].[EstaActivo] = CAST(1 AS bit)
2026-08-07 23:59:25.887 -06:00 [INF] Executed DbCommand (1ms) [Parameters=[@__shift_UsuarioId_0='?' (DbType = Guid), @__shift_FechaAperturaUtc_1='?' (DbType = DateTime2), @__endAtUtc_2='?' (DbType = DateTime2)], CommandType='"Text"', CommandTimeout='30']
SELECT [r].[MontoReembolsado], [r].[FormaReembolso]
FROM [ReturnHeaders] AS [r]
WHERE [r].[UsuarioId] = @__shift_UsuarioId_0 AND [r].[FechaCreacionUtc] >= @__shift_FechaAperturaUtc_1 AND [r].[FechaCreacionUtc] <= @__endAtUtc_2 AND [r].[EstaActivo] = CAST(1 AS bit) AND [r].[Estado] = N'Completada'
2026-08-07 23:59:25.892 -06:00 [INF] Executing OkObjectResult, writing value of type 'Pos.Application.CashShift.DTOs.CashShiftDto'.
2026-08-07 23:59:25.894 -06:00 [INF] Executed action Pos.Api.Controllers.v1.CashShiftController.GetCurrentShift (Pos.Api) in 33.2278ms
2026-08-07 23:59:25.896 -06:00 [INF] Executed endpoint 'Pos.Api.Controllers.v1.CashShiftController.GetCurrentShift (Pos.Api)'
2026-08-07 23:59:25.901 -06:00 [INF] Executed DbCommand (2ms) [Parameters=[@p0='?' (DbType = Guid), @p1='?' (Size = 100), @p2='?' (Size = 4000), @p3='?' (Size = 4000), @p4='?' (DbType = Boolean), @p5='?' (DbType = DateTime2), @p6='?' (DbType = DateTime2), @p7='?' (Size = 100), @p8='?' (Size = 4000), @p9='?' (Size = 4000), @p10='?' (DbType = Guid), @p11='?' (Size = 4000), @p12='?' (Size = 4000)], CommandType='"Text"', CommandTimeout='30']
SET IMPLICIT_TRANSACTIONS OFF;
SET NOCOUNT ON;
INSERT INTO [AuditLogs] ([Id], [Accion], [DireccionIp], [EntidadId], [EstaActivo], [FechaActualizacionUtc], [FechaCreacionUtc], [IdCorrelacion], [Motivo], [NombreEntidad], [UsuarioId], [ValoresAnterioresJson], [ValoresNuevosJson])
VALUES (@p0, @p1, @p2, @p3, @p4, @p5, @p6, @p7, @p8, @p9, @p10, @p11, @p12);
2026-08-07 23:59:25.905 -06:00 [INF] [AUDITORIA WPC BAJIO] CorrelationId: 237d6a5a-4679-43c7-bb4d-4989ca04c51b | Action: GET /api/v1/cashshifts/current | Entity: HttpRequest (200) | User: ebc8b858-2837-4bd5-93e1-8b4c1d0bd81b | IP: ::1 | Reason: HTTP Response StatusCode: 200 | OldValues: N/A | NewValues: N/A
2026-08-07 23:59:25.910 -06:00 [INF] Request finished HTTP/1.1 GET http://localhost:5000/api/v1/cashshifts/current - 200 null application/json; charset=utf-8 76.3959ms
