2026-08-07 09:47:02.915 -06:00 [INF] Request starting HTTP/1.1 GET http://localhost:5000/api/v1/customers? - application/json null
2026-08-07 09:47:02.916 -06:00 [INF] Request starting HTTP/1.1 GET http://localhost:5000/api/v1/products? - application/json null
2026-08-07 09:47:02.962 -06:00 [INF] Request starting HTTP/1.1 GET http://localhost:5000/api/v1/sales - application/json null
2026-08-07 09:47:03.473 -06:00 [INF] Failed to validate the token.
Microsoft.IdentityModel.Tokens.SecurityTokenExpiredException: IDX10223: Lifetime validation failed. The token is expired. ValidTo (UTC): '05/08/2026 10:12:01 p. m.', Current time (UTC): '07/08/2026 03:47:03 p. m.'.
   at Microsoft.IdentityModel.Tokens.ValidatorUtilities.ValidateLifetime(Nullable`1 notBefore, Nullable`1 expires, SecurityToken securityToken, TokenValidationParameters validationParameters)
   at Microsoft.IdentityModel.JsonWebTokens.JsonWebTokenHandler.ValidateTokenPayloadAsync(JsonWebToken jsonWebToken, TokenValidationParameters validationParameters, BaseConfiguration configuration)
   at Microsoft.IdentityModel.JsonWebTokens.JsonWebTokenHandler.ValidateJWSAsync(JsonWebToken jsonWebToken, TokenValidationParameters validationParameters, BaseConfiguration configuration)
2026-08-07 09:47:03.474 -06:00 [INF] Failed to validate the token.
Microsoft.IdentityModel.Tokens.SecurityTokenExpiredException: IDX10223: Lifetime validation failed. The token is expired. ValidTo (UTC): '05/08/2026 10:12:01 p. m.', Current time (UTC): '07/08/2026 03:47:03 p. m.'.
   at Microsoft.IdentityModel.Tokens.ValidatorUtilities.ValidateLifetime(Nullable`1 notBefore, Nullable`1 expires, SecurityToken securityToken, TokenValidationParameters validationParameters)
   at Microsoft.IdentityModel.JsonWebTokens.JsonWebTokenHandler.ValidateTokenPayloadAsync(JsonWebToken jsonWebToken, TokenValidationParameters validationParameters, BaseConfiguration configuration)
   at Microsoft.IdentityModel.JsonWebTokens.JsonWebTokenHandler.ValidateJWSAsync(JsonWebToken jsonWebToken, TokenValidationParameters validationParameters, BaseConfiguration configuration)
2026-08-07 09:47:03.483 -06:00 [INF] Bearer was not authenticated. Failure message: IDX10223: Lifetime validation failed. The token is expired. ValidTo (UTC): '05/08/2026 10:12:01 p. m.', Current time (UTC): '07/08/2026 03:47:03 p. m.'.
2026-08-07 09:47:03.486 -06:00 [INF] Authorization failed. These requirements were not met:
DenyAnonymousAuthorizationRequirement: Requires an authenticated user.
ClaimsAuthorizationRequirement:Claim.Type=permission and Claim.Value is one of the following values: (catalogo:productos_ver)
2026-08-07 09:47:03.489 -06:00 [INF] AuthenticationScheme: Bearer was challenged.
2026-08-07 09:47:03.483 -06:00 [INF] Bearer was not authenticated. Failure message: IDX10223: Lifetime validation failed. The token is expired. ValidTo (UTC): '05/08/2026 10:12:01 p. m.', Current time (UTC): '07/08/2026 03:47:03 p. m.'.
2026-08-07 09:47:03.483 -06:00 [INF] Failed to validate the token.
Microsoft.IdentityModel.Tokens.SecurityTokenExpiredException: IDX10223: Lifetime validation failed. The token is expired. ValidTo (UTC): '05/08/2026 10:12:01 p. m.', Current time (UTC): '07/08/2026 03:47:03 p. m.'.
   at Microsoft.IdentityModel.Tokens.ValidatorUtilities.ValidateLifetime(Nullable`1 notBefore, Nullable`1 expires, SecurityToken securityToken, TokenValidationParameters validationParameters)
   at Microsoft.IdentityModel.JsonWebTokens.JsonWebTokenHandler.ValidateTokenPayloadAsync(JsonWebToken jsonWebToken, TokenValidationParameters validationParameters, BaseConfiguration configuration)
   at Microsoft.IdentityModel.JsonWebTokens.JsonWebTokenHandler.ValidateJWSAsync(JsonWebToken jsonWebToken, TokenValidationParameters validationParameters, BaseConfiguration configuration)
2026-08-07 09:47:03.666 -06:00 [INF] Authorization failed. These requirements were not met:
DenyAnonymousAuthorizationRequirement: Requires an authenticated user.
ClaimsAuthorizationRequirement:Claim.Type=permission and Claim.Value is one of the following values: (ventas:historial)
2026-08-07 09:47:03.693 -06:00 [INF] Bearer was not authenticated. Failure message: IDX10223: Lifetime validation failed. The token is expired. ValidTo (UTC): '05/08/2026 10:12:01 p. m.', Current time (UTC): '07/08/2026 03:47:03 p. m.'.
2026-08-07 09:47:03.697 -06:00 [INF] AuthenticationScheme: Bearer was challenged.
2026-08-07 09:47:03.701 -06:00 [INF] Authorization failed. These requirements were not met:
DenyAnonymousAuthorizationRequirement: Requires an authenticated user.
ClaimsAuthorizationRequirement:Claim.Type=permission and Claim.Value is one of the following values: (clientes:ver)
2026-08-07 09:47:03.708 -06:00 [INF] AuthenticationScheme: Bearer was challenged.
2026-08-07 09:47:03.848 -06:00 [INF] Executed DbCommand (156ms) [Parameters=[@p0='?' (DbType = Guid), @p1='?' (Size = 100), @p2='?' (Size = 4000), @p3='?' (Size = 4000), @p4='?' (DbType = Boolean), @p5='?' (DbType = DateTime2), @p6='?' (DbType = DateTime2), @p7='?' (Size = 100), @p8='?' (Size = 4000), @p9='?' (Size = 4000), @p10='?' (DbType = Guid), @p11='?' (Size = 4000), @p12='?' (Size = 4000)], CommandType='"Text"', CommandTimeout='30']
SET IMPLICIT_TRANSACTIONS OFF;
SET NOCOUNT ON;
INSERT INTO [AuditLogs] ([Id], [Accion], [DireccionIp], [EntidadId], [EstaActivo], [FechaActualizacionUtc], [FechaCreacionUtc], [IdCorrelacion], [Motivo], [NombreEntidad], [UsuarioId], [ValoresAnterioresJson], [ValoresNuevosJson])
VALUES (@p0, @p1, @p2, @p3, @p4, @p5, @p6, @p7, @p8, @p9, @p10, @p11, @p12);
2026-08-07 09:47:03.848 -06:00 [INF] Executed DbCommand (113ms) [Parameters=[@p0='?' (DbType = Guid), @p1='?' (Size = 100), @p2='?' (Size = 4000), @p3='?' (Size = 4000), @p4='?' (DbType = Boolean), @p5='?' (DbType = DateTime2), @p6='?' (DbType = DateTime2), @p7='?' (Size = 100), @p8='?' (Size = 4000), @p9='?' (Size = 4000), @p10='?' (DbType = Guid), @p11='?' (Size = 4000), @p12='?' (Size = 4000)], CommandType='"Text"', CommandTimeout='30']
SET IMPLICIT_TRANSACTIONS OFF;
SET NOCOUNT ON;
INSERT INTO [AuditLogs] ([Id], [Accion], [DireccionIp], [EntidadId], [EstaActivo], [FechaActualizacionUtc], [FechaCreacionUtc], [IdCorrelacion], [Motivo], [NombreEntidad], [UsuarioId], [ValoresAnterioresJson], [ValoresNuevosJson])
VALUES (@p0, @p1, @p2, @p3, @p4, @p5, @p6, @p7, @p8, @p9, @p10, @p11, @p12);
2026-08-07 09:47:03.854 -06:00 [INF] Executed DbCommand (126ms) [Parameters=[@p0='?' (DbType = Guid), @p1='?' (Size = 100), @p2='?' (Size = 4000), @p3='?' (Size = 4000), @p4='?' (DbType = Boolean), @p5='?' (DbType = DateTime2), @p6='?' (DbType = DateTime2), @p7='?' (Size = 100), @p8='?' (Size = 4000), @p9='?' (Size = 4000), @p10='?' (DbType = Guid), @p11='?' (Size = 4000), @p12='?' (Size = 4000)], CommandType='"Text"', CommandTimeout='30']
SET IMPLICIT_TRANSACTIONS OFF;
SET NOCOUNT ON;
INSERT INTO [AuditLogs] ([Id], [Accion], [DireccionIp], [EntidadId], [EstaActivo], [FechaActualizacionUtc], [FechaCreacionUtc], [IdCorrelacion], [Motivo], [NombreEntidad], [UsuarioId], [ValoresAnterioresJson], [ValoresNuevosJson])
VALUES (@p0, @p1, @p2, @p3, @p4, @p5, @p6, @p7, @p8, @p9, @p10, @p11, @p12);
2026-08-07 09:47:03.997 -06:00 [INF] [AUDITORIA WPC BAJIO] CorrelationId: cb17e453-445e-4161-9ecf-df51e0344665 | Action: GET /api/v1/products | Entity: HttpRequest (401) | User: Anonimo | IP: ::1 | Reason: HTTP Response StatusCode: 401 | OldValues: N/A | NewValues: N/A
2026-08-07 09:47:04.014 -06:00 [INF] [AUDITORIA WPC BAJIO] CorrelationId: 78cf1a66-0abf-40bd-94fc-eaf577049646 | Action: GET /api/v1/customers | Entity: HttpRequest (401) | User: Anonimo | IP: ::1 | Reason: HTTP Response StatusCode: 401 | OldValues: N/A | NewValues: N/A
2026-08-07 09:47:04.048 -06:00 [INF] [AUDITORIA WPC BAJIO] CorrelationId: ea4057ba-d33b-4884-b06c-6c93e3197dc6 | Action: GET /api/v1/sales | Entity: HttpRequest (401) | User: Anonimo | IP: ::1 | Reason: HTTP Response StatusCode: 401 | OldValues: N/A | NewValues: N/A
2026-08-07 09:47:04.062 -06:00 [INF] Request finished HTTP/1.1 GET http://localhost:5000/api/v1/products? - 401 0 null 1148.6756ms
2026-08-07 09:47:04.075 -06:00 [INF] Request finished HTTP/1.1 GET http://localhost:5000/api/v1/customers? - 401 0 null 1161.9409ms
2026-08-07 09:47:04.103 -06:00 [INF] Request finished HTTP/1.1 GET http://localhost:5000/api/v1/sales - 401 0 null 1140.7771ms
2026-08-07 09:47:04.104 -06:00 [INF] Request starting HTTP/1.1 GET http://localhost:5000/api/v1/products? - application/json null
2026-08-07 09:47:04.130 -06:00 [INF] Request starting HTTP/1.1 GET http://localhost:5000/api/v1/customers? - application/json null
2026-08-07 09:47:04.165 -06:00 [INF] Failed to validate the token.
Microsoft.IdentityModel.Tokens.SecurityTokenExpiredException: IDX10223: Lifetime validation failed. The token is expired. ValidTo (UTC): '05/08/2026 10:12:01 p. m.', Current time (UTC): '07/08/2026 03:47:04 p. m.'.
   at Microsoft.IdentityModel.Tokens.ValidatorUtilities.ValidateLifetime(Nullable`1 notBefore, Nullable`1 expires, SecurityToken securityToken, TokenValidationParameters validationParameters)
   at Microsoft.IdentityModel.JsonWebTokens.JsonWebTokenHandler.ValidateTokenPayloadAsync(JsonWebToken jsonWebToken, TokenValidationParameters validationParameters, BaseConfiguration configuration)
   at Microsoft.IdentityModel.JsonWebTokens.JsonWebTokenHandler.ValidateJWSAsync(JsonWebToken jsonWebToken, TokenValidationParameters validationParameters, BaseConfiguration configuration)
2026-08-07 09:47:04.175 -06:00 [INF] Bearer was not authenticated. Failure message: IDX10223: Lifetime validation failed. The token is expired. ValidTo (UTC): '05/08/2026 10:12:01 p. m.', Current time (UTC): '07/08/2026 03:47:04 p. m.'.
2026-08-07 09:47:04.182 -06:00 [INF] Authorization failed. These requirements were not met:
DenyAnonymousAuthorizationRequirement: Requires an authenticated user.
ClaimsAuthorizationRequirement:Claim.Type=permission and Claim.Value is one of the following values: (clientes:ver)
2026-08-07 09:47:04.160 -06:00 [INF] Failed to validate the token.
Microsoft.IdentityModel.Tokens.SecurityTokenExpiredException: IDX10223: Lifetime validation failed. The token is expired. ValidTo (UTC): '05/08/2026 10:12:01 p. m.', Current time (UTC): '07/08/2026 03:47:04 p. m.'.
   at Microsoft.IdentityModel.Tokens.ValidatorUtilities.ValidateLifetime(Nullable`1 notBefore, Nullable`1 expires, SecurityToken securityToken, TokenValidationParameters validationParameters)
   at Microsoft.IdentityModel.JsonWebTokens.JsonWebTokenHandler.ValidateTokenPayloadAsync(JsonWebToken jsonWebToken, TokenValidationParameters validationParameters, BaseConfiguration configuration)
   at Microsoft.IdentityModel.JsonWebTokens.JsonWebTokenHandler.ValidateJWSAsync(JsonWebToken jsonWebToken, TokenValidationParameters validationParameters, BaseConfiguration configuration)
2026-08-07 09:47:04.132 -06:00 [INF] Request starting HTTP/1.1 GET http://localhost:5000/api/v1/sales - application/json null
2026-08-07 09:47:04.213 -06:00 [INF] Failed to validate the token.
Microsoft.IdentityModel.Tokens.SecurityTokenExpiredException: IDX10223: Lifetime validation failed. The token is expired. ValidTo (UTC): '05/08/2026 10:12:01 p. m.', Current time (UTC): '07/08/2026 03:47:04 p. m.'.
   at Microsoft.IdentityModel.Tokens.ValidatorUtilities.ValidateLifetime(Nullable`1 notBefore, Nullable`1 expires, SecurityToken securityToken, TokenValidationParameters validationParameters)
   at Microsoft.IdentityModel.JsonWebTokens.JsonWebTokenHandler.ValidateTokenPayloadAsync(JsonWebToken jsonWebToken, TokenValidationParameters validationParameters, BaseConfiguration configuration)
   at Microsoft.IdentityModel.JsonWebTokens.JsonWebTokenHandler.ValidateJWSAsync(JsonWebToken jsonWebToken, TokenValidationParameters validationParameters, BaseConfiguration configuration)
2026-08-07 09:47:04.203 -06:00 [INF] Bearer was not authenticated. Failure message: IDX10223: Lifetime validation failed. The token is expired. ValidTo (UTC): '05/08/2026 10:12:01 p. m.', Current time (UTC): '07/08/2026 03:47:04 p. m.'.
2026-08-07 09:47:04.227 -06:00 [INF] Authorization failed. These requirements were not met:
DenyAnonymousAuthorizationRequirement: Requires an authenticated user.
ClaimsAuthorizationRequirement:Claim.Type=permission and Claim.Value is one of the following values: (catalogo:productos_ver)
2026-08-07 09:47:04.219 -06:00 [INF] Bearer was not authenticated. Failure message: IDX10223: Lifetime validation failed. The token is expired. ValidTo (UTC): '05/08/2026 10:12:01 p. m.', Current time (UTC): '07/08/2026 03:47:04 p. m.'.
2026-08-07 09:47:04.229 -06:00 [INF] Authorization failed. These requirements were not met:
DenyAnonymousAuthorizationRequirement: Requires an authenticated user.
ClaimsAuthorizationRequirement:Claim.Type=permission and Claim.Value is one of the following values: (ventas:historial)
2026-08-07 09:47:04.228 -06:00 [INF] AuthenticationScheme: Bearer was challenged.
2026-08-07 09:47:04.199 -06:00 [INF] AuthenticationScheme: Bearer was challenged.
2026-08-07 09:47:04.245 -06:00 [INF] AuthenticationScheme: Bearer was challenged.
2026-08-07 09:47:04.290 -06:00 [INF] Executed DbCommand (24ms) [Parameters=[@p0='?' (DbType = Guid), @p1='?' (Size = 100), @p2='?' (Size = 4000), @p3='?' (Size = 4000), @p4='?' (DbType = Boolean), @p5='?' (DbType = DateTime2), @p6='?' (DbType = DateTime2), @p7='?' (Size = 100), @p8='?' (Size = 4000), @p9='?' (Size = 4000), @p10='?' (DbType = Guid), @p11='?' (Size = 4000), @p12='?' (Size = 4000)], CommandType='"Text"', CommandTimeout='30']
SET IMPLICIT_TRANSACTIONS OFF;
SET NOCOUNT ON;
INSERT INTO [AuditLogs] ([Id], [Accion], [DireccionIp], [EntidadId], [EstaActivo], [FechaActualizacionUtc], [FechaCreacionUtc], [IdCorrelacion], [Motivo], [NombreEntidad], [UsuarioId], [ValoresAnterioresJson], [ValoresNuevosJson])
VALUES (@p0, @p1, @p2, @p3, @p4, @p5, @p6, @p7, @p8, @p9, @p10, @p11, @p12);
2026-08-07 09:47:04.299 -06:00 [INF] [AUDITORIA WPC BAJIO] CorrelationId: c63597b9-f2a8-4c7a-8a9a-c6ee9cf9a3d0 | Action: GET /api/v1/sales | Entity: HttpRequest (401) | User: Anonimo | IP: ::1 | Reason: HTTP Response StatusCode: 401 | OldValues: N/A | NewValues: N/A
2026-08-07 09:47:04.334 -06:00 [INF] Request finished HTTP/1.1 GET http://localhost:5000/api/v1/sales - 401 0 null 201.6811ms
2026-08-07 09:47:04.292 -06:00 [INF] Executed DbCommand (34ms) [Parameters=[@p0='?' (DbType = Guid), @p1='?' (Size = 100), @p2='?' (Size = 4000), @p3='?' (Size = 4000), @p4='?' (DbType = Boolean), @p5='?' (DbType = DateTime2), @p6='?' (DbType = DateTime2), @p7='?' (Size = 100), @p8='?' (Size = 4000), @p9='?' (Size = 4000), @p10='?' (DbType = Guid), @p11='?' (Size = 4000), @p12='?' (Size = 4000)], CommandType='"Text"', CommandTimeout='30']
SET IMPLICIT_TRANSACTIONS OFF;
SET NOCOUNT ON;
INSERT INTO [AuditLogs] ([Id], [Accion], [DireccionIp], [EntidadId], [EstaActivo], [FechaActualizacionUtc], [FechaCreacionUtc], [IdCorrelacion], [Motivo], [NombreEntidad], [UsuarioId], [ValoresAnterioresJson], [ValoresNuevosJson])
VALUES (@p0, @p1, @p2, @p3, @p4, @p5, @p6, @p7, @p8, @p9, @p10, @p11, @p12);
2026-08-07 09:47:04.431 -06:00 [INF] [AUDITORIA WPC BAJIO] CorrelationId: 5617ee31-fa08-4c7b-9b24-28c8476d8ba4 | Action: GET /api/v1/customers | Entity: HttpRequest (401) | User: Anonimo | IP: ::1 | Reason: HTTP Response StatusCode: 401 | OldValues: N/A | NewValues: N/A
2026-08-07 09:47:04.464 -06:00 [INF] Executed DbCommand (212ms) [Parameters=[@p0='?' (DbType = Guid), @p1='?' (Size = 100), @p2='?' (Size = 4000), @p3='?' (Size = 4000), @p4='?' (DbType = Boolean), @p5='?' (DbType = DateTime2), @p6='?' (DbType = DateTime2), @p7='?' (Size = 100), @p8='?' (Size = 4000), @p9='?' (Size = 4000), @p10='?' (DbType = Guid), @p11='?' (Size = 4000), @p12='?' (Size = 4000)], CommandType='"Text"', CommandTimeout='30']
SET IMPLICIT_TRANSACTIONS OFF;
SET NOCOUNT ON;
INSERT INTO [AuditLogs] ([Id], [Accion], [DireccionIp], [EntidadId], [EstaActivo], [FechaActualizacionUtc], [FechaCreacionUtc], [IdCorrelacion], [Motivo], [NombreEntidad], [UsuarioId], [ValoresAnterioresJson], [ValoresNuevosJson])
VALUES (@p0, @p1, @p2, @p3, @p4, @p5, @p6, @p7, @p8, @p9, @p10, @p11, @p12);
2026-08-07 09:47:04.620 -06:00 [INF] Request finished HTTP/1.1 GET http://localhost:5000/api/v1/customers? - 401 0 null 490.1922ms
2026-08-07 09:47:04.640 -06:00 [INF] [AUDITORIA WPC BAJIO] CorrelationId: b7a8faec-042b-4328-b5ad-a3fc392858c8 | Action: GET /api/v1/products | Entity: HttpRequest (401) | User: Anonimo | IP: ::1 | Reason: HTTP Response StatusCode: 401 | OldValues: N/A | NewValues: N/A
2026-08-07 09:47:04.828 -06:00 [INF] Request finished HTTP/1.1 GET http://localhost:5000/api/v1/products? - 401 0 null 724.3731ms
2026-08-07 09:47:08.144 -06:00 [INF] Request starting HTTP/1.1 POST http://localhost:5000/api/v1/auth/refresh-token - application/json 107
2026-08-07 09:47:08.153 -06:00 [INF] CORS policy execution successful.
2026-08-07 09:47:08.160 -06:00 [INF] Failed to validate the token.
Microsoft.IdentityModel.Tokens.SecurityTokenExpiredException: IDX10223: Lifetime validation failed. The token is expired. ValidTo (UTC): '05/08/2026 10:12:01 p. m.', Current time (UTC): '07/08/2026 03:47:08 p. m.'.
   at Microsoft.IdentityModel.Tokens.ValidatorUtilities.ValidateLifetime(Nullable`1 notBefore, Nullable`1 expires, SecurityToken securityToken, TokenValidationParameters validationParameters)
   at Microsoft.IdentityModel.JsonWebTokens.JsonWebTokenHandler.ValidateTokenPayloadAsync(JsonWebToken jsonWebToken, TokenValidationParameters validationParameters, BaseConfiguration configuration)
   at Microsoft.IdentityModel.JsonWebTokens.JsonWebTokenHandler.ValidateJWSAsync(JsonWebToken jsonWebToken, TokenValidationParameters validationParameters, BaseConfiguration configuration)
2026-08-07 09:47:08.164 -06:00 [INF] Bearer was not authenticated. Failure message: IDX10223: Lifetime validation failed. The token is expired. ValidTo (UTC): '05/08/2026 10:12:01 p. m.', Current time (UTC): '07/08/2026 03:47:08 p. m.'.
2026-08-07 09:47:08.166 -06:00 [INF] Executing endpoint 'Pos.Api.Controllers.v1.AuthController.RefreshToken (Pos.Api)'
2026-08-07 09:47:08.171 -06:00 [INF] Route matched with {action = "RefreshToken", controller = "Auth"}. Executing controller action with signature System.Threading.Tasks.Task`1[Microsoft.AspNetCore.Mvc.ActionResult`1[Pos.Application.Auth.DTOs.AuthResponseDto]] RefreshToken(Pos.Application.Auth.DTOs.RefreshTokenRequestDto, System.Threading.CancellationToken) on controller Pos.Api.Controllers.v1.AuthController (Pos.Api).
2026-08-07 09:47:08.200 -06:00 [INF] Executing BadRequestObjectResult, writing value of type 'Microsoft.AspNetCore.Mvc.ValidationProblemDetails'.
2026-08-07 09:47:08.208 -06:00 [INF] Executed action Pos.Api.Controllers.v1.AuthController.RefreshToken (Pos.Api) in 9.7315ms
2026-08-07 09:47:08.212 -06:00 [INF] Executed endpoint 'Pos.Api.Controllers.v1.AuthController.RefreshToken (Pos.Api)'
2026-08-07 09:47:08.233 -06:00 [INF] Executed DbCommand (17ms) [Parameters=[@p0='?' (DbType = Guid), @p1='?' (Size = 100), @p2='?' (Size = 4000), @p3='?' (Size = 4000), @p4='?' (DbType = Boolean), @p5='?' (DbType = DateTime2), @p6='?' (DbType = DateTime2), @p7='?' (Size = 100), @p8='?' (Size = 4000), @p9='?' (Size = 4000), @p10='?' (DbType = Guid), @p11='?' (Size = 4000), @p12='?' (Size = 4000)], CommandType='"Text"', CommandTimeout='30']
SET IMPLICIT_TRANSACTIONS OFF;
SET NOCOUNT ON;
INSERT INTO [AuditLogs] ([Id], [Accion], [DireccionIp], [EntidadId], [EstaActivo], [FechaActualizacionUtc], [FechaCreacionUtc], [IdCorrelacion], [Motivo], [NombreEntidad], [UsuarioId], [ValoresAnterioresJson], [ValoresNuevosJson])
VALUES (@p0, @p1, @p2, @p3, @p4, @p5, @p6, @p7, @p8, @p9, @p10, @p11, @p12);
2026-08-07 09:47:08.243 -06:00 [INF] [AUDITORIA WPC BAJIO] CorrelationId: a8a37ff2-fb78-4112-bc46-e63762be5e64 | Action: POST /api/v1/auth/refresh-token | Entity: HttpRequest (400) | User: Anonimo | IP: ::1 | Reason: HTTP Response StatusCode: 400 | OldValues: N/A | NewValues: N/A
2026-08-07 09:47:08.252 -06:00 [INF] Request finished HTTP/1.1 POST http://localhost:5000/api/v1/auth/refresh-token - 400 null application/problem+json; charset=utf-8 107.5209ms
2026-08-07 20:38:48.701 -06:00 [INF] Executed DbCommand (34ms) [Parameters=[], CommandType='"Text"', CommandTimeout='30']
SELECT 1
2026-08-07 20:38:48.789 -06:00 [INF] Acquiring an exclusive lock for migration application. See https://aka.ms/efcore-docs-migrations-lock for more information if this takes too long.
2026-08-07 20:38:48.842 -06:00 [INF] Executed DbCommand (45ms) [Parameters=[], CommandType='"Text"', CommandTimeout='30']
DECLARE @result int;
EXEC @result = sp_getapplock @Resource = '__EFMigrationsLock', @LockOwner = 'Session', @LockMode = 'Exclusive';
SELECT @result
2026-08-07 20:38:48.942 -06:00 [INF] Executed DbCommand (9ms) [Parameters=[], CommandType='"Text"', CommandTimeout='30']
IF OBJECT_ID(N'[__EFMigrationsHistory]') IS NULL
BEGIN
    CREATE TABLE [__EFMigrationsHistory] (
        [MigrationId] nvarchar(150) NOT NULL,
        [ProductVersion] nvarchar(32) NOT NULL,
        CONSTRAINT [PK___EFMigrationsHistory] PRIMARY KEY ([MigrationId])
    );
END;
2026-08-07 20:38:48.990 -06:00 [INF] Executed DbCommand (1ms) [Parameters=[], CommandType='"Text"', CommandTimeout='30']
SELECT 1
2026-08-07 20:38:48.997 -06:00 [INF] Executed DbCommand (2ms) [Parameters=[], CommandType='"Text"', CommandTimeout='30']
SELECT OBJECT_ID(N'[__EFMigrationsHistory]');
2026-08-07 20:38:49.038 -06:00 [INF] Executed DbCommand (32ms) [Parameters=[], CommandType='"Text"', CommandTimeout='30']
SELECT [MigrationId], [ProductVersion]
FROM [__EFMigrationsHistory]
ORDER BY [MigrationId];
2026-08-07 20:38:49.060 -06:00 [INF] No migrations were applied. The database is already up to date.
2026-08-07 20:38:49.077 -06:00 [INF] Executed DbCommand (6ms) [Parameters=[], CommandType='"Text"', CommandTimeout='30']
DECLARE @result int;
EXEC @result = sp_releaseapplock @Resource = '__EFMigrationsLock', @LockOwner = 'Session';
SELECT @result
2026-08-07 20:38:49.494 -06:00 [INF] Executed DbCommand (11ms) [Parameters=[], CommandType='"Text"', CommandTimeout='30']
SELECT TOP(1) [u].[Id], [u].[Email], [u].[EmpleadoId], [u].[EstaActivo], [u].[FechaActualizacionUtc], [u].[FechaCreacionUtc], [u].[NombreUsuario], [u].[PasswordHash]
FROM [Users] AS [u]
WHERE [u].[NombreUsuario] = N'admin'
2026-08-07 20:38:49.632 -06:00 [WRN] The query uses the 'First'/'FirstOrDefault' operator without 'OrderBy' and filter operators. This may lead to unpredictable results.
2026-08-07 20:38:49.651 -06:00 [INF] Executed DbCommand (6ms) [Parameters=[], CommandType='"Text"', CommandTimeout='30']
SELECT TOP(1) [p].[ImagenUrl], [p].[PiezasPorCaja], [p].[CoberturaM2Caja], [p].[LargoCm], [p].[AltoCm], [p].[AnchoCm], [p].[CantidadInventarioInicial]
FROM [Products] AS [p]
2026-08-07 20:38:49.660 -06:00 [WRN] The query uses the 'First'/'FirstOrDefault' operator without 'OrderBy' and filter operators. This may lead to unpredictable results.
2026-08-07 20:38:49.670 -06:00 [INF] Executed DbCommand (4ms) [Parameters=[], CommandType='"Text"', CommandTimeout='30']
SELECT TOP(1) [i].[EvidenceImageUrl]
FROM [InventoryMovements] AS [i]
2026-08-07 20:38:49.717 -06:00 [INF] Executed DbCommand (18ms) [Parameters=[], CommandType='"Text"', CommandTimeout='30']
SELECT CASE
    WHEN EXISTS (
        SELECT 1
        FROM [Users] AS [u]) THEN CAST(1 AS bit)
    ELSE CAST(0 AS bit)
END
2026-08-07 20:38:49.947 -06:00 [INF] User profile is available. Using 'C:\Users\Aaron Arenas Mtz\AppData\Local\ASP.NET\DataProtection-Keys' as key repository and Windows DPAPI to encrypt keys at rest.
2026-08-07 20:38:50.281 -06:00 [INF] Now listening on: http://localhost:5000
2026-08-07 20:38:50.286 -06:00 [INF] Application started. Press Ctrl+C to shut down.
2026-08-07 20:38:50.288 -06:00 [INF] Hosting environment: Production
2026-08-07 20:38:50.290 -06:00 [INF] Content root path: D:\Proyecto_PDV-CDC\src\backend\Pos.Api
2026-08-07 20:38:50.459 -06:00 [INF] Request starting HTTP/1.1 GET http://127.0.0.1:5000/health - null null
2026-08-07 20:38:50.515 -06:00 [WRN] Failed to determine the https port for redirect.
2026-08-07 20:38:53.233 -06:00 [INF] Executed DbCommand (174ms) [Parameters=[@p0='?' (DbType = Guid), @p1='?' (Size = 100), @p2='?' (Size = 4000), @p3='?' (Size = 4000), @p4='?' (DbType = Boolean), @p5='?' (DbType = DateTime2), @p6='?' (DbType = DateTime2), @p7='?' (Size = 100), @p8='?' (Size = 4000), @p9='?' (Size = 4000), @p10='?' (DbType = Guid), @p11='?' (Size = 4000), @p12='?' (Size = 4000)], CommandType='"Text"', CommandTimeout='30']
SET IMPLICIT_TRANSACTIONS OFF;
SET NOCOUNT ON;
INSERT INTO [AuditLogs] ([Id], [Accion], [DireccionIp], [EntidadId], [EstaActivo], [FechaActualizacionUtc], [FechaCreacionUtc], [IdCorrelacion], [Motivo], [NombreEntidad], [UsuarioId], [ValoresAnterioresJson], [ValoresNuevosJson])
VALUES (@p0, @p1, @p2, @p3, @p4, @p5, @p6, @p7, @p8, @p9, @p10, @p11, @p12);
2026-08-07 20:38:53.251 -06:00 [INF] [AUDITORIA WPC BAJIO] CorrelationId: ef4f6b78-9e1f-4585-92cc-cf69a02a9f51 | Action: GET /health | Entity: HttpRequest (404) | User: Anonimo | IP: 127.0.0.1 | Reason: HTTP Response StatusCode: 404 | OldValues: N/A | NewValues: N/A
2026-08-07 20:38:53.258 -06:00 [INF] Request finished HTTP/1.1 GET http://127.0.0.1:5000/health - 499 null null 2800.6924ms
2026-08-07 20:38:53.270 -06:00 [INF] Request reached the end of the middleware pipeline without being handled by application code. Request path: GET http://127.0.0.1:5000/health, Response status code: 499
2026-08-07 20:38:53.915 -06:00 [INF] Request starting HTTP/1.1 GET http://127.0.0.1:5000/health - null null
2026-08-07 20:38:54.033 -06:00 [INF] Executed DbCommand (8ms) [Parameters=[@p0='?' (DbType = Guid), @p1='?' (Size = 100), @p2='?' (Size = 4000), @p3='?' (Size = 4000), @p4='?' (DbType = Boolean), @p5='?' (DbType = DateTime2), @p6='?' (DbType = DateTime2), @p7='?' (Size = 100), @p8='?' (Size = 4000), @p9='?' (Size = 4000), @p10='?' (DbType = Guid), @p11='?' (Size = 4000), @p12='?' (Size = 4000)], CommandType='"Text"', CommandTimeout='30']
SET IMPLICIT_TRANSACTIONS OFF;
SET NOCOUNT ON;
INSERT INTO [AuditLogs] ([Id], [Accion], [DireccionIp], [EntidadId], [EstaActivo], [FechaActualizacionUtc], [FechaCreacionUtc], [IdCorrelacion], [Motivo], [NombreEntidad], [UsuarioId], [ValoresAnterioresJson], [ValoresNuevosJson])
VALUES (@p0, @p1, @p2, @p3, @p4, @p5, @p6, @p7, @p8, @p9, @p10, @p11, @p12);
2026-08-07 20:38:54.039 -06:00 [INF] [AUDITORIA WPC BAJIO] CorrelationId: 293a9a58-1988-4a4f-b816-4ae7b9e4088f | Action: GET /health | Entity: HttpRequest (404) | User: Anonimo | IP: 127.0.0.1 | Reason: HTTP Response StatusCode: 404 | OldValues: N/A | NewValues: N/A
2026-08-07 20:38:54.049 -06:00 [INF] Request finished HTTP/1.1 GET http://127.0.0.1:5000/health - 404 0 null 133.7974ms
2026-08-07 20:38:54.060 -06:00 [INF] Request reached the end of the middleware pipeline without being handled by application code. Request path: GET http://127.0.0.1:5000/health, Response status code: 404
2026-08-07 20:38:54.800 -06:00 [INF] Request starting HTTP/1.1 GET http://127.0.0.1:5000/health - null null
2026-08-07 20:38:54.817 -06:00 [INF] Executed DbCommand (6ms) [Parameters=[@p0='?' (DbType = Guid), @p1='?' (Size = 100), @p2='?' (Size = 4000), @p3='?' (Size = 4000), @p4='?' (DbType = Boolean), @p5='?' (DbType = DateTime2), @p6='?' (DbType = DateTime2), @p7='?' (Size = 100), @p8='?' (Size = 4000), @p9='?' (Size = 4000), @p10='?' (DbType = Guid), @p11='?' (Size = 4000), @p12='?' (Size = 4000)], CommandType='"Text"', CommandTimeout='30']
SET IMPLICIT_TRANSACTIONS OFF;
SET NOCOUNT ON;
INSERT INTO [AuditLogs] ([Id], [Accion], [DireccionIp], [EntidadId], [EstaActivo], [FechaActualizacionUtc], [FechaCreacionUtc], [IdCorrelacion], [Motivo], [NombreEntidad], [UsuarioId], [ValoresAnterioresJson], [ValoresNuevosJson])
VALUES (@p0, @p1, @p2, @p3, @p4, @p5, @p6, @p7, @p8, @p9, @p10, @p11, @p12);
2026-08-07 20:38:54.821 -06:00 [INF] [AUDITORIA WPC BAJIO] CorrelationId: 2f3839cc-6c2e-40d2-a05f-fd7257117e3d | Action: GET /health | Entity: HttpRequest (404) | User: Anonimo | IP: 127.0.0.1 | Reason: HTTP Response StatusCode: 404 | OldValues: N/A | NewValues: N/A
2026-08-07 20:38:54.825 -06:00 [INF] Request finished HTTP/1.1 GET http://127.0.0.1:5000/health - 404 0 null 24.7292ms
2026-08-07 20:38:54.829 -06:00 [INF] Request reached the end of the middleware pipeline without being handled by application code. Request path: GET http://127.0.0.1:5000/health, Response status code: 404
2026-08-07 20:38:55.761 -06:00 [INF] Request starting HTTP/1.1 GET http://127.0.0.1:5000/health - null null
2026-08-07 20:38:55.775 -06:00 [INF] Executed DbCommand (8ms) [Parameters=[@p0='?' (DbType = Guid), @p1='?' (Size = 100), @p2='?' (Size = 4000), @p3='?' (Size = 4000), @p4='?' (DbType = Boolean), @p5='?' (DbType = DateTime2), @p6='?' (DbType = DateTime2), @p7='?' (Size = 100), @p8='?' (Size = 4000), @p9='?' (Size = 4000), @p10='?' (DbType = Guid), @p11='?' (Size = 4000), @p12='?' (Size = 4000)], CommandType='"Text"', CommandTimeout='30']
SET IMPLICIT_TRANSACTIONS OFF;
SET NOCOUNT ON;
INSERT INTO [AuditLogs] ([Id], [Accion], [DireccionIp], [EntidadId], [EstaActivo], [FechaActualizacionUtc], [FechaCreacionUtc], [IdCorrelacion], [Motivo], [NombreEntidad], [UsuarioId], [ValoresAnterioresJson], [ValoresNuevosJson])
VALUES (@p0, @p1, @p2, @p3, @p4, @p5, @p6, @p7, @p8, @p9, @p10, @p11, @p12);
2026-08-07 20:38:55.779 -06:00 [INF] [AUDITORIA WPC BAJIO] CorrelationId: 84393c3a-3fac-4936-95d9-8a31759fd68f | Action: GET /health | Entity: HttpRequest (404) | User: Anonimo | IP: 127.0.0.1 | Reason: HTTP Response StatusCode: 404 | OldValues: N/A | NewValues: N/A
2026-08-07 20:38:55.784 -06:00 [INF] Request finished HTTP/1.1 GET http://127.0.0.1:5000/health - 404 0 null 22.146ms
2026-08-07 20:38:55.789 -06:00 [INF] Request reached the end of the middleware pipeline without being handled by application code. Request path: GET http://127.0.0.1:5000/health, Response status code: 404
2026-08-07 20:38:56.323 -06:00 [INF] Request starting HTTP/1.1 GET http://127.0.0.1:5000/health - null null
2026-08-07 20:38:56.334 -06:00 [INF] Executed DbCommand (5ms) [Parameters=[@p0='?' (DbType = Guid), @p1='?' (Size = 100), @p2='?' (Size = 4000), @p3='?' (Size = 4000), @p4='?' (DbType = Boolean), @p5='?' (DbType = DateTime2), @p6='?' (DbType = DateTime2), @p7='?' (Size = 100), @p8='?' (Size = 4000), @p9='?' (Size = 4000), @p10='?' (DbType = Guid), @p11='?' (Size = 4000), @p12='?' (Size = 4000)], CommandType='"Text"', CommandTimeout='30']
SET IMPLICIT_TRANSACTIONS OFF;
SET NOCOUNT ON;
INSERT INTO [AuditLogs] ([Id], [Accion], [DireccionIp], [EntidadId], [EstaActivo], [FechaActualizacionUtc], [FechaCreacionUtc], [IdCorrelacion], [Motivo], [NombreEntidad], [UsuarioId], [ValoresAnterioresJson], [ValoresNuevosJson])
VALUES (@p0, @p1, @p2, @p3, @p4, @p5, @p6, @p7, @p8, @p9, @p10, @p11, @p12);
2026-08-07 20:38:56.339 -06:00 [INF] [AUDITORIA WPC BAJIO] CorrelationId: 56e90b1c-ca0e-431c-9733-01362e6716ae | Action: GET /health | Entity: HttpRequest (404) | User: Anonimo | IP: 127.0.0.1 | Reason: HTTP Response StatusCode: 404 | OldValues: N/A | NewValues: N/A
2026-08-07 20:38:56.343 -06:00 [INF] Request finished HTTP/1.1 GET http://127.0.0.1:5000/health - 404 0 null 19.9755ms
2026-08-07 20:38:56.348 -06:00 [INF] Request reached the end of the middleware pipeline without being handled by application code. Request path: GET http://127.0.0.1:5000/health, Response status code: 404
2026-08-07 20:38:56.883 -06:00 [INF] Request starting HTTP/1.1 GET http://127.0.0.1:5000/health - null null
2026-08-07 20:38:56.894 -06:00 [INF] Executed DbCommand (5ms) [Parameters=[@p0='?' (DbType = Guid), @p1='?' (Size = 100), @p2='?' (Size = 4000), @p3='?' (Size = 4000), @p4='?' (DbType = Boolean), @p5='?' (DbType = DateTime2), @p6='?' (DbType = DateTime2), @p7='?' (Size = 100), @p8='?' (Size = 4000), @p9='?' (Size = 4000), @p10='?' (DbType = Guid), @p11='?' (Size = 4000), @p12='?' (Size = 4000)], CommandType='"Text"', CommandTimeout='30']
SET IMPLICIT_TRANSACTIONS OFF;
SET NOCOUNT ON;
INSERT INTO [AuditLogs] ([Id], [Accion], [DireccionIp], [EntidadId], [EstaActivo], [FechaActualizacionUtc], [FechaCreacionUtc], [IdCorrelacion], [Motivo], [NombreEntidad], [UsuarioId], [ValoresAnterioresJson], [ValoresNuevosJson])
VALUES (@p0, @p1, @p2, @p3, @p4, @p5, @p6, @p7, @p8, @p9, @p10, @p11, @p12);
2026-08-07 20:38:56.898 -06:00 [INF] [AUDITORIA WPC BAJIO] CorrelationId: 82b9af70-7f21-47fa-8458-40f692635d55 | Action: GET /health | Entity: HttpRequest (404) | User: Anonimo | IP: 127.0.0.1 | Reason: HTTP Response StatusCode: 404 | OldValues: N/A | NewValues: N/A
2026-08-07 20:38:56.904 -06:00 [INF] Request finished HTTP/1.1 GET http://127.0.0.1:5000/health - 404 0 null 20.725ms
2026-08-07 20:38:56.909 -06:00 [INF] Request reached the end of the middleware pipeline without being handled by application code. Request path: GET http://127.0.0.1:5000/health, Response status code: 404
2026-08-07 20:38:57.446 -06:00 [INF] Request starting HTTP/1.1 GET http://127.0.0.1:5000/health - null null
2026-08-07 20:38:57.457 -06:00 [INF] Executed DbCommand (5ms) [Parameters=[@p0='?' (DbType = Guid), @p1='?' (Size = 100), @p2='?' (Size = 4000), @p3='?' (Size = 4000), @p4='?' (DbType = Boolean), @p5='?' (DbType = DateTime2), @p6='?' (DbType = DateTime2), @p7='?' (Size = 100), @p8='?' (Size = 4000), @p9='?' (Size = 4000), @p10='?' (DbType = Guid), @p11='?' (Size = 4000), @p12='?' (Size = 4000)], CommandType='"Text"', CommandTimeout='30']
SET IMPLICIT_TRANSACTIONS OFF;
SET NOCOUNT ON;
INSERT INTO [AuditLogs] ([Id], [Accion], [DireccionIp], [EntidadId], [EstaActivo], [FechaActualizacionUtc], [FechaCreacionUtc], [IdCorrelacion], [Motivo], [NombreEntidad], [UsuarioId], [ValoresAnterioresJson], [ValoresNuevosJson])
VALUES (@p0, @p1, @p2, @p3, @p4, @p5, @p6, @p7, @p8, @p9, @p10, @p11, @p12);
2026-08-07 20:38:57.463 -06:00 [INF] [AUDITORIA WPC BAJIO] CorrelationId: dc104731-103b-498f-9d3e-95aa426aad1a | Action: GET /health | Entity: HttpRequest (404) | User: Anonimo | IP: 127.0.0.1 | Reason: HTTP Response StatusCode: 404 | OldValues: N/A | NewValues: N/A
2026-08-07 20:38:57.467 -06:00 [INF] Request finished HTTP/1.1 GET http://127.0.0.1:5000/health - 404 0 null 21.269ms
2026-08-07 20:38:57.471 -06:00 [INF] Request reached the end of the middleware pipeline without being handled by application code. Request path: GET http://127.0.0.1:5000/health, Response status code: 404
2026-08-07 20:38:58.008 -06:00 [INF] Request starting HTTP/1.1 GET http://127.0.0.1:5000/health - null null
2026-08-07 20:38:58.021 -06:00 [INF] Executed DbCommand (6ms) [Parameters=[@p0='?' (DbType = Guid), @p1='?' (Size = 100), @p2='?' (Size = 4000), @p3='?' (Size = 4000), @p4='?' (DbType = Boolean), @p5='?' (DbType = DateTime2), @p6='?' (DbType = DateTime2), @p7='?' (Size = 100), @p8='?' (Size = 4000), @p9='?' (Size = 4000), @p10='?' (DbType = Guid), @p11='?' (Size = 4000), @p12='?' (Size = 4000)], CommandType='"Text"', CommandTimeout='30']
SET IMPLICIT_TRANSACTIONS OFF;
SET NOCOUNT ON;
INSERT INTO [AuditLogs] ([Id], [Accion], [DireccionIp], [EntidadId], [EstaActivo], [FechaActualizacionUtc], [FechaCreacionUtc], [IdCorrelacion], [Motivo], [NombreEntidad], [UsuarioId], [ValoresAnterioresJson], [ValoresNuevosJson])
VALUES (@p0, @p1, @p2, @p3, @p4, @p5, @p6, @p7, @p8, @p9, @p10, @p11, @p12);
2026-08-07 20:38:58.025 -06:00 [INF] [AUDITORIA WPC BAJIO] CorrelationId: 9ec8d008-dab6-4243-8e05-a3284ce72c6a | Action: GET /health | Entity: HttpRequest (404) | User: Anonimo | IP: 127.0.0.1 | Reason: HTTP Response StatusCode: 404 | OldValues: N/A | NewValues: N/A
2026-08-07 20:38:58.030 -06:00 [INF] Request finished HTTP/1.1 GET http://127.0.0.1:5000/health - 404 0 null 21.2249ms
2026-08-07 20:38:58.035 -06:00 [INF] Request reached the end of the middleware pipeline without being handled by application code. Request path: GET http://127.0.0.1:5000/health, Response status code: 404
2026-08-07 20:38:58.570 -06:00 [INF] Request starting HTTP/1.1 GET http://127.0.0.1:5000/health - null null
2026-08-07 20:38:58.581 -06:00 [INF] Executed DbCommand (6ms) [Parameters=[@p0='?' (DbType = Guid), @p1='?' (Size = 100), @p2='?' (Size = 4000), @p3='?' (Size = 4000), @p4='?' (DbType = Boolean), @p5='?' (DbType = DateTime2), @p6='?' (DbType = DateTime2), @p7='?' (Size = 100), @p8='?' (Size = 4000), @p9='?' (Size = 4000), @p10='?' (DbType = Guid), @p11='?' (Size = 4000), @p12='?' (Size = 4000)], CommandType='"Text"', CommandTimeout='30']
SET IMPLICIT_TRANSACTIONS OFF;
SET NOCOUNT ON;
INSERT INTO [AuditLogs] ([Id], [Accion], [DireccionIp], [EntidadId], [EstaActivo], [FechaActualizacionUtc], [FechaCreacionUtc], [IdCorrelacion], [Motivo], [NombreEntidad], [UsuarioId], [ValoresAnterioresJson], [ValoresNuevosJson])
VALUES (@p0, @p1, @p2, @p3, @p4, @p5, @p6, @p7, @p8, @p9, @p10, @p11, @p12);
2026-08-07 20:38:58.588 -06:00 [INF] [AUDITORIA WPC BAJIO] CorrelationId: 273d3076-91ce-48c5-88c3-73fd7aebeb10 | Action: GET /health | Entity: HttpRequest (404) | User: Anonimo | IP: 127.0.0.1 | Reason: HTTP Response StatusCode: 404 | OldValues: N/A | NewValues: N/A
2026-08-07 20:38:58.592 -06:00 [INF] Request finished HTTP/1.1 GET http://127.0.0.1:5000/health - 404 0 null 21.8577ms
2026-08-07 20:38:58.597 -06:00 [INF] Request reached the end of the middleware pipeline without being handled by application code. Request path: GET http://127.0.0.1:5000/health, Response status code: 404
2026-08-07 20:38:59.128 -06:00 [INF] Request starting HTTP/1.1 GET http://127.0.0.1:5000/health - null null
2026-08-07 20:38:59.139 -06:00 [INF] Executed DbCommand (6ms) [Parameters=[@p0='?' (DbType = Guid), @p1='?' (Size = 100), @p2='?' (Size = 4000), @p3='?' (Size = 4000), @p4='?' (DbType = Boolean), @p5='?' (DbType = DateTime2), @p6='?' (DbType = DateTime2), @p7='?' (Size = 100), @p8='?' (Size = 4000), @p9='?' (Size = 4000), @p10='?' (DbType = Guid), @p11='?' (Size = 4000), @p12='?' (Size = 4000)], CommandType='"Text"', CommandTimeout='30']
SET IMPLICIT_TRANSACTIONS OFF;
SET NOCOUNT ON;
INSERT INTO [AuditLogs] ([Id], [Accion], [DireccionIp], [EntidadId], [EstaActivo], [FechaActualizacionUtc], [FechaCreacionUtc], [IdCorrelacion], [Motivo], [NombreEntidad], [UsuarioId], [ValoresAnterioresJson], [ValoresNuevosJson])
VALUES (@p0, @p1, @p2, @p3, @p4, @p5, @p6, @p7, @p8, @p9, @p10, @p11, @p12);
2026-08-07 20:38:59.144 -06:00 [INF] [AUDITORIA WPC BAJIO] CorrelationId: e453ae69-ab0b-423e-afa5-d536b5b94a90 | Action: GET /health | Entity: HttpRequest (404) | User: Anonimo | IP: 127.0.0.1 | Reason: HTTP Response StatusCode: 404 | OldValues: N/A | NewValues: N/A
2026-08-07 20:38:59.149 -06:00 [INF] Request finished HTTP/1.1 GET http://127.0.0.1:5000/health - 404 0 null 20.1438ms
2026-08-07 20:38:59.154 -06:00 [INF] Request reached the end of the middleware pipeline without being handled by application code. Request path: GET http://127.0.0.1:5000/health, Response status code: 404
2026-08-07 20:38:59.690 -06:00 [INF] Request starting HTTP/1.1 GET http://127.0.0.1:5000/health - null null
2026-08-07 20:38:59.704 -06:00 [INF] Executed DbCommand (7ms) [Parameters=[@p0='?' (DbType = Guid), @p1='?' (Size = 100), @p2='?' (Size = 4000), @p3='?' (Size = 4000), @p4='?' (DbType = Boolean), @p5='?' (DbType = DateTime2), @p6='?' (DbType = DateTime2), @p7='?' (Size = 100), @p8='?' (Size = 4000), @p9='?' (Size = 4000), @p10='?' (DbType = Guid), @p11='?' (Size = 4000), @p12='?' (Size = 4000)], CommandType='"Text"', CommandTimeout='30']
SET IMPLICIT_TRANSACTIONS OFF;
SET NOCOUNT ON;
INSERT INTO [AuditLogs] ([Id], [Accion], [DireccionIp], [EntidadId], [EstaActivo], [FechaActualizacionUtc], [FechaCreacionUtc], [IdCorrelacion], [Motivo], [NombreEntidad], [UsuarioId], [ValoresAnterioresJson], [ValoresNuevosJson])
VALUES (@p0, @p1, @p2, @p3, @p4, @p5, @p6, @p7, @p8, @p9, @p10, @p11, @p12);
2026-08-07 20:38:59.708 -06:00 [INF] [AUDITORIA WPC BAJIO] CorrelationId: 2bee594a-2f27-476e-a47e-8de374a915b8 | Action: GET /health | Entity: HttpRequest (404) | User: Anonimo | IP: 127.0.0.1 | Reason: HTTP Response StatusCode: 404 | OldValues: N/A | NewValues: N/A
2026-08-07 20:38:59.713 -06:00 [INF] Request finished HTTP/1.1 GET http://127.0.0.1:5000/health - 404 0 null 23.2755ms
2026-08-07 20:38:59.718 -06:00 [INF] Request reached the end of the middleware pipeline without being handled by application code. Request path: GET http://127.0.0.1:5000/health, Response status code: 404
2026-08-07 20:39:00.264 -06:00 [INF] Request starting HTTP/1.1 GET http://127.0.0.1:5000/health - null null
2026-08-07 20:39:00.276 -06:00 [INF] Executed DbCommand (6ms) [Parameters=[@p0='?' (DbType = Guid), @p1='?' (Size = 100), @p2='?' (Size = 4000), @p3='?' (Size = 4000), @p4='?' (DbType = Boolean), @p5='?' (DbType = DateTime2), @p6='?' (DbType = DateTime2), @p7='?' (Size = 100), @p8='?' (Size = 4000), @p9='?' (Size = 4000), @p10='?' (DbType = Guid), @p11='?' (Size = 4000), @p12='?' (Size = 4000)], CommandType='"Text"', CommandTimeout='30']
SET IMPLICIT_TRANSACTIONS OFF;
SET NOCOUNT ON;
INSERT INTO [AuditLogs] ([Id], [Accion], [DireccionIp], [EntidadId], [EstaActivo], [FechaActualizacionUtc], [FechaCreacionUtc], [IdCorrelacion], [Motivo], [NombreEntidad], [UsuarioId], [ValoresAnterioresJson], [ValoresNuevosJson])
VALUES (@p0, @p1, @p2, @p3, @p4, @p5, @p6, @p7, @p8, @p9, @p10, @p11, @p12);
2026-08-07 20:39:00.279 -06:00 [INF] [AUDITORIA WPC BAJIO] CorrelationId: af13a986-abbc-4d8e-9fd2-4bb4d9cea798 | Action: GET /health | Entity: HttpRequest (404) | User: Anonimo | IP: 127.0.0.1 | Reason: HTTP Response StatusCode: 404 | OldValues: N/A | NewValues: N/A
2026-08-07 20:39:00.283 -06:00 [INF] Request finished HTTP/1.1 GET http://127.0.0.1:5000/health - 404 0 null 18.853ms
2026-08-07 20:39:00.287 -06:00 [INF] Request reached the end of the middleware pipeline without being handled by application code. Request path: GET http://127.0.0.1:5000/health, Response status code: 404
2026-08-07 20:39:00.842 -06:00 [INF] Request starting HTTP/1.1 GET http://127.0.0.1:5000/health - null null
2026-08-07 20:39:00.859 -06:00 [INF] Executed DbCommand (10ms) [Parameters=[@p0='?' (DbType = Guid), @p1='?' (Size = 100), @p2='?' (Size = 4000), @p3='?' (Size = 4000), @p4='?' (DbType = Boolean), @p5='?' (DbType = DateTime2), @p6='?' (DbType = DateTime2), @p7='?' (Size = 100), @p8='?' (Size = 4000), @p9='?' (Size = 4000), @p10='?' (DbType = Guid), @p11='?' (Size = 4000), @p12='?' (Size = 4000)], CommandType='"Text"', CommandTimeout='30']
SET IMPLICIT_TRANSACTIONS OFF;
SET NOCOUNT ON;
INSERT INTO [AuditLogs] ([Id], [Accion], [DireccionIp], [EntidadId], [EstaActivo], [FechaActualizacionUtc], [FechaCreacionUtc], [IdCorrelacion], [Motivo], [NombreEntidad], [UsuarioId], [ValoresAnterioresJson], [ValoresNuevosJson])
VALUES (@p0, @p1, @p2, @p3, @p4, @p5, @p6, @p7, @p8, @p9, @p10, @p11, @p12);
2026-08-07 20:39:00.864 -06:00 [INF] [AUDITORIA WPC BAJIO] CorrelationId: 5aec2404-f340-4c6d-b118-e33ed6aa5c33 | Action: GET /health | Entity: HttpRequest (404) | User: Anonimo | IP: 127.0.0.1 | Reason: HTTP Response StatusCode: 404 | OldValues: N/A | NewValues: N/A
2026-08-07 20:39:00.868 -06:00 [INF] Request finished HTTP/1.1 GET http://127.0.0.1:5000/health - 404 0 null 26.0362ms
2026-08-07 20:39:00.873 -06:00 [INF] Request reached the end of the middleware pipeline without being handled by application code. Request path: GET http://127.0.0.1:5000/health, Response status code: 404
2026-08-07 20:39:01.425 -06:00 [INF] Request starting HTTP/1.1 GET http://127.0.0.1:5000/health - null null
2026-08-07 20:39:01.439 -06:00 [INF] Executed DbCommand (9ms) [Parameters=[@p0='?' (DbType = Guid), @p1='?' (Size = 100), @p2='?' (Size = 4000), @p3='?' (Size = 4000), @p4='?' (DbType = Boolean), @p5='?' (DbType = DateTime2), @p6='?' (DbType = DateTime2), @p7='?' (Size = 100), @p8='?' (Size = 4000), @p9='?' (Size = 4000), @p10='?' (DbType = Guid), @p11='?' (Size = 4000), @p12='?' (Size = 4000)], CommandType='"Text"', CommandTimeout='30']
SET IMPLICIT_TRANSACTIONS OFF;
SET NOCOUNT ON;
INSERT INTO [AuditLogs] ([Id], [Accion], [DireccionIp], [EntidadId], [EstaActivo], [FechaActualizacionUtc], [FechaCreacionUtc], [IdCorrelacion], [Motivo], [NombreEntidad], [UsuarioId], [ValoresAnterioresJson], [ValoresNuevosJson])
VALUES (@p0, @p1, @p2, @p3, @p4, @p5, @p6, @p7, @p8, @p9, @p10, @p11, @p12);
2026-08-07 20:39:01.443 -06:00 [INF] [AUDITORIA WPC BAJIO] CorrelationId: 75f20ade-562f-4241-8b76-4fbe8c29f040 | Action: GET /health | Entity: HttpRequest (404) | User: Anonimo | IP: 127.0.0.1 | Reason: HTTP Response StatusCode: 404 | OldValues: N/A | NewValues: N/A
2026-08-07 20:39:01.447 -06:00 [INF] Request finished HTTP/1.1 GET http://127.0.0.1:5000/health - 404 0 null 21.8082ms
2026-08-07 20:39:01.451 -06:00 [INF] Request reached the end of the middleware pipeline without being handled by application code. Request path: GET http://127.0.0.1:5000/health, Response status code: 404
2026-08-07 20:39:01.987 -06:00 [INF] Request starting HTTP/1.1 GET http://127.0.0.1:5000/health - null null
2026-08-07 20:39:01.999 -06:00 [INF] Executed DbCommand (7ms) [Parameters=[@p0='?' (DbType = Guid), @p1='?' (Size = 100), @p2='?' (Size = 4000), @p3='?' (Size = 4000), @p4='?' (DbType = Boolean), @p5='?' (DbType = DateTime2), @p6='?' (DbType = DateTime2), @p7='?' (Size = 100), @p8='?' (Size = 4000), @p9='?' (Size = 4000), @p10='?' (DbType = Guid), @p11='?' (Size = 4000), @p12='?' (Size = 4000)], CommandType='"Text"', CommandTimeout='30']
SET IMPLICIT_TRANSACTIONS OFF;
SET NOCOUNT ON;
INSERT INTO [AuditLogs] ([Id], [Accion], [DireccionIp], [EntidadId], [EstaActivo], [FechaActualizacionUtc], [FechaCreacionUtc], [IdCorrelacion], [Motivo], [NombreEntidad], [UsuarioId], [ValoresAnterioresJson], [ValoresNuevosJson])
VALUES (@p0, @p1, @p2, @p3, @p4, @p5, @p6, @p7, @p8, @p9, @p10, @p11, @p12);
2026-08-07 20:39:02.004 -06:00 [INF] [AUDITORIA WPC BAJIO] CorrelationId: 71ed28b2-36a7-45c3-b3f2-3f9e2b40aaa4 | Action: GET /health | Entity: HttpRequest (404) | User: Anonimo | IP: 127.0.0.1 | Reason: HTTP Response StatusCode: 404 | OldValues: N/A | NewValues: N/A
2026-08-07 20:39:02.010 -06:00 [INF] Request finished HTTP/1.1 GET http://127.0.0.1:5000/health - 404 0 null 23.4461ms
2026-08-07 20:39:02.015 -06:00 [INF] Request reached the end of the middleware pipeline without being handled by application code. Request path: GET http://127.0.0.1:5000/health, Response status code: 404
2026-08-07 20:39:02.547 -06:00 [INF] Request starting HTTP/1.1 GET http://127.0.0.1:5000/health - null null
2026-08-07 20:39:02.557 -06:00 [INF] Executed DbCommand (5ms) [Parameters=[@p0='?' (DbType = Guid), @p1='?' (Size = 100), @p2='?' (Size = 4000), @p3='?' (Size = 4000), @p4='?' (DbType = Boolean), @p5='?' (DbType = DateTime2), @p6='?' (DbType = DateTime2), @p7='?' (Size = 100), @p8='?' (Size = 4000), @p9='?' (Size = 4000), @p10='?' (DbType = Guid), @p11='?' (Size = 4000), @p12='?' (Size = 4000)], CommandType='"Text"', CommandTimeout='30']
SET IMPLICIT_TRANSACTIONS OFF;
SET NOCOUNT ON;
INSERT INTO [AuditLogs] ([Id], [Accion], [DireccionIp], [EntidadId], [EstaActivo], [FechaActualizacionUtc], [FechaCreacionUtc], [IdCorrelacion], [Motivo], [NombreEntidad], [UsuarioId], [ValoresAnterioresJson], [ValoresNuevosJson])
VALUES (@p0, @p1, @p2, @p3, @p4, @p5, @p6, @p7, @p8, @p9, @p10, @p11, @p12);
2026-08-07 20:39:02.561 -06:00 [INF] [AUDITORIA WPC BAJIO] CorrelationId: 74ef85cb-c1f3-4a4e-818d-5f3c3b00af7d | Action: GET /health | Entity: HttpRequest (404) | User: Anonimo | IP: 127.0.0.1 | Reason: HTTP Response StatusCode: 404 | OldValues: N/A | NewValues: N/A
2026-08-07 20:39:02.566 -06:00 [INF] Request finished HTTP/1.1 GET http://127.0.0.1:5000/health - 404 0 null 18.9659ms
2026-08-07 20:39:02.572 -06:00 [INF] Request reached the end of the middleware pipeline without being handled by application code. Request path: GET http://127.0.0.1:5000/health, Response status code: 404
2026-08-07 20:39:03.105 -06:00 [INF] Request starting HTTP/1.1 GET http://127.0.0.1:5000/health - null null
2026-08-07 20:39:03.117 -06:00 [INF] Executed DbCommand (6ms) [Parameters=[@p0='?' (DbType = Guid), @p1='?' (Size = 100), @p2='?' (Size = 4000), @p3='?' (Size = 4000), @p4='?' (DbType = Boolean), @p5='?' (DbType = DateTime2), @p6='?' (DbType = DateTime2), @p7='?' (Size = 100), @p8='?' (Size = 4000), @p9='?' (Size = 4000), @p10='?' (DbType = Guid), @p11='?' (Size = 4000), @p12='?' (Size = 4000)], CommandType='"Text"', CommandTimeout='30']
SET IMPLICIT_TRANSACTIONS OFF;
SET NOCOUNT ON;
INSERT INTO [AuditLogs] ([Id], [Accion], [DireccionIp], [EntidadId], [EstaActivo], [FechaActualizacionUtc], [FechaCreacionUtc], [IdCorrelacion], [Motivo], [NombreEntidad], [UsuarioId], [ValoresAnterioresJson], [ValoresNuevosJson])
VALUES (@p0, @p1, @p2, @p3, @p4, @p5, @p6, @p7, @p8, @p9, @p10, @p11, @p12);
2026-08-07 20:39:03.120 -06:00 [INF] [AUDITORIA WPC BAJIO] CorrelationId: f44ce425-bdf7-4d1f-8072-d5b47f74220b | Action: GET /health | Entity: HttpRequest (404) | User: Anonimo | IP: 127.0.0.1 | Reason: HTTP Response StatusCode: 404 | OldValues: N/A | NewValues: N/A
2026-08-07 20:39:03.125 -06:00 [INF] Request finished HTTP/1.1 GET http://127.0.0.1:5000/health - 404 0 null 19.0622ms
2026-08-07 20:39:03.129 -06:00 [INF] Request reached the end of the middleware pipeline without being handled by application code. Request path: GET http://127.0.0.1:5000/health, Response status code: 404
2026-08-07 20:39:03.665 -06:00 [INF] Request starting HTTP/1.1 GET http://127.0.0.1:5000/health - null null
2026-08-07 20:39:03.677 -06:00 [INF] Executed DbCommand (5ms) [Parameters=[@p0='?' (DbType = Guid), @p1='?' (Size = 100), @p2='?' (Size = 4000), @p3='?' (Size = 4000), @p4='?' (DbType = Boolean), @p5='?' (DbType = DateTime2), @p6='?' (DbType = DateTime2), @p7='?' (Size = 100), @p8='?' (Size = 4000), @p9='?' (Size = 4000), @p10='?' (DbType = Guid), @p11='?' (Size = 4000), @p12='?' (Size = 4000)], CommandType='"Text"', CommandTimeout='30']
SET IMPLICIT_TRANSACTIONS OFF;
SET NOCOUNT ON;
INSERT INTO [AuditLogs] ([Id], [Accion], [DireccionIp], [EntidadId], [EstaActivo], [FechaActualizacionUtc], [FechaCreacionUtc], [IdCorrelacion], [Motivo], [NombreEntidad], [UsuarioId], [ValoresAnterioresJson], [ValoresNuevosJson])
VALUES (@p0, @p1, @p2, @p3, @p4, @p5, @p6, @p7, @p8, @p9, @p10, @p11, @p12);
2026-08-07 20:39:03.682 -06:00 [INF] [AUDITORIA WPC BAJIO] CorrelationId: e8581fb9-8823-45e5-9447-36194b40e40e | Action: GET /health | Entity: HttpRequest (404) | User: Anonimo | IP: 127.0.0.1 | Reason: HTTP Response StatusCode: 404 | OldValues: N/A | NewValues: N/A
2026-08-07 20:39:03.687 -06:00 [INF] Request finished HTTP/1.1 GET http://127.0.0.1:5000/health - 404 0 null 21.7517ms
2026-08-07 20:39:03.692 -06:00 [INF] Request reached the end of the middleware pipeline without being handled by application code. Request path: GET http://127.0.0.1:5000/health, Response status code: 404
2026-08-07 20:39:04.228 -06:00 [INF] Request starting HTTP/1.1 GET http://127.0.0.1:5000/health - null null
2026-08-07 20:39:04.239 -06:00 [INF] Executed DbCommand (6ms) [Parameters=[@p0='?' (DbType = Guid), @p1='?' (Size = 100), @p2='?' (Size = 4000), @p3='?' (Size = 4000), @p4='?' (DbType = Boolean), @p5='?' (DbType = DateTime2), @p6='?' (DbType = DateTime2), @p7='?' (Size = 100), @p8='?' (Size = 4000), @p9='?' (Size = 4000), @p10='?' (DbType = Guid), @p11='?' (Size = 4000), @p12='?' (Size = 4000)], CommandType='"Text"', CommandTimeout='30']
SET IMPLICIT_TRANSACTIONS OFF;
SET NOCOUNT ON;
INSERT INTO [AuditLogs] ([Id], [Accion], [DireccionIp], [EntidadId], [EstaActivo], [FechaActualizacionUtc], [FechaCreacionUtc], [IdCorrelacion], [Motivo], [NombreEntidad], [UsuarioId], [ValoresAnterioresJson], [ValoresNuevosJson])
VALUES (@p0, @p1, @p2, @p3, @p4, @p5, @p6, @p7, @p8, @p9, @p10, @p11, @p12);
2026-08-07 20:39:04.244 -06:00 [INF] [AUDITORIA WPC BAJIO] CorrelationId: 907c51e0-f390-4b76-960f-8e458000d29b | Action: GET /health | Entity: HttpRequest (404) | User: Anonimo | IP: 127.0.0.1 | Reason: HTTP Response StatusCode: 404 | OldValues: N/A | NewValues: N/A
2026-08-07 20:39:04.249 -06:00 [INF] Request finished HTTP/1.1 GET http://127.0.0.1:5000/health - 404 0 null 21.4458ms
2026-08-07 20:39:04.254 -06:00 [INF] Request reached the end of the middleware pipeline without being handled by application code. Request path: GET http://127.0.0.1:5000/health, Response status code: 404
2026-08-07 20:39:04.786 -06:00 [INF] Request starting HTTP/1.1 GET http://127.0.0.1:5000/health - null null
2026-08-07 20:39:04.798 -06:00 [INF] Executed DbCommand (4ms) [Parameters=[@p0='?' (DbType = Guid), @p1='?' (Size = 100), @p2='?' (Size = 4000), @p3='?' (Size = 4000), @p4='?' (DbType = Boolean), @p5='?' (DbType = DateTime2), @p6='?' (DbType = DateTime2), @p7='?' (Size = 100), @p8='?' (Size = 4000), @p9='?' (Size = 4000), @p10='?' (DbType = Guid), @p11='?' (Size = 4000), @p12='?' (Size = 4000)], CommandType='"Text"', CommandTimeout='30']
SET IMPLICIT_TRANSACTIONS OFF;
SET NOCOUNT ON;
INSERT INTO [AuditLogs] ([Id], [Accion], [DireccionIp], [EntidadId], [EstaActivo], [FechaActualizacionUtc], [FechaCreacionUtc], [IdCorrelacion], [Motivo], [NombreEntidad], [UsuarioId], [ValoresAnterioresJson], [ValoresNuevosJson])
VALUES (@p0, @p1, @p2, @p3, @p4, @p5, @p6, @p7, @p8, @p9, @p10, @p11, @p12);
2026-08-07 20:39:04.802 -06:00 [INF] [AUDITORIA WPC BAJIO] CorrelationId: 81e7969d-c16d-4a7e-9163-36ee0796b891 | Action: GET /health | Entity: HttpRequest (404) | User: Anonimo | IP: 127.0.0.1 | Reason: HTTP Response StatusCode: 404 | OldValues: N/A | NewValues: N/A
2026-08-07 20:39:04.806 -06:00 [INF] Request finished HTTP/1.1 GET http://127.0.0.1:5000/health - 404 0 null 20.1978ms
2026-08-07 20:39:04.811 -06:00 [INF] Request reached the end of the middleware pipeline without being handled by application code. Request path: GET http://127.0.0.1:5000/health, Response status code: 404
2026-08-07 20:39:05.348 -06:00 [INF] Request starting HTTP/1.1 GET http://127.0.0.1:5000/health - null null
2026-08-07 20:39:05.358 -06:00 [INF] Executed DbCommand (6ms) [Parameters=[@p0='?' (DbType = Guid), @p1='?' (Size = 100), @p2='?' (Size = 4000), @p3='?' (Size = 4000), @p4='?' (DbType = Boolean), @p5='?' (DbType = DateTime2), @p6='?' (DbType = DateTime2), @p7='?' (Size = 100), @p8='?' (Size = 4000), @p9='?' (Size = 4000), @p10='?' (DbType = Guid), @p11='?' (Size = 4000), @p12='?' (Size = 4000)], CommandType='"Text"', CommandTimeout='30']
SET IMPLICIT_TRANSACTIONS OFF;
SET NOCOUNT ON;
INSERT INTO [AuditLogs] ([Id], [Accion], [DireccionIp], [EntidadId], [EstaActivo], [FechaActualizacionUtc], [FechaCreacionUtc], [IdCorrelacion], [Motivo], [NombreEntidad], [UsuarioId], [ValoresAnterioresJson], [ValoresNuevosJson])
VALUES (@p0, @p1, @p2, @p3, @p4, @p5, @p6, @p7, @p8, @p9, @p10, @p11, @p12);
2026-08-07 20:39:05.362 -06:00 [INF] [AUDITORIA WPC BAJIO] CorrelationId: 11252973-7db4-4ab6-af14-23ce8037b008 | Action: GET /health | Entity: HttpRequest (404) | User: Anonimo | IP: 127.0.0.1 | Reason: HTTP Response StatusCode: 404 | OldValues: N/A | NewValues: N/A
2026-08-07 20:39:05.366 -06:00 [INF] Request finished HTTP/1.1 GET http://127.0.0.1:5000/health - 404 0 null 18.2208ms
2026-08-07 20:39:05.371 -06:00 [INF] Request reached the end of the middleware pipeline without being handled by application code. Request path: GET http://127.0.0.1:5000/health, Response status code: 404
2026-08-07 20:39:05.889 -06:00 [INF] Request starting HTTP/1.1 GET http://127.0.0.1:5000/health - null null
2026-08-07 20:39:05.898 -06:00 [INF] Executed DbCommand (4ms) [Parameters=[@p0='?' (DbType = Guid), @p1='?' (Size = 100), @p2='?' (Size = 4000), @p3='?' (Size = 4000), @p4='?' (DbType = Boolean), @p5='?' (DbType = DateTime2), @p6='?' (DbType = DateTime2), @p7='?' (Size = 100), @p8='?' (Size = 4000), @p9='?' (Size = 4000), @p10='?' (DbType = Guid), @p11='?' (Size = 4000), @p12='?' (Size = 4000)], CommandType='"Text"', CommandTimeout='30']
SET IMPLICIT_TRANSACTIONS OFF;
SET NOCOUNT ON;
INSERT INTO [AuditLogs] ([Id], [Accion], [DireccionIp], [EntidadId], [EstaActivo], [FechaActualizacionUtc], [FechaCreacionUtc], [IdCorrelacion], [Motivo], [NombreEntidad], [UsuarioId], [ValoresAnterioresJson], [ValoresNuevosJson])
VALUES (@p0, @p1, @p2, @p3, @p4, @p5, @p6, @p7, @p8, @p9, @p10, @p11, @p12);
2026-08-07 20:39:05.902 -06:00 [INF] [AUDITORIA WPC BAJIO] CorrelationId: 3250984c-6041-4d0a-b470-3a7fea9e88ae | Action: GET /health | Entity: HttpRequest (404) | User: Anonimo | IP: 127.0.0.1 | Reason: HTTP Response StatusCode: 404 | OldValues: N/A | NewValues: N/A
2026-08-07 20:39:05.906 -06:00 [INF] Request finished HTTP/1.1 GET http://127.0.0.1:5000/health - 404 0 null 17.6459ms
2026-08-07 20:39:05.910 -06:00 [INF] Request reached the end of the middleware pipeline without being handled by application code. Request path: GET http://127.0.0.1:5000/health, Response status code: 404
2026-08-07 20:39:06.438 -06:00 [INF] Request starting HTTP/1.1 GET http://127.0.0.1:5000/health - null null
2026-08-07 20:39:06.449 -06:00 [INF] Executed DbCommand (5ms) [Parameters=[@p0='?' (DbType = Guid), @p1='?' (Size = 100), @p2='?' (Size = 4000), @p3='?' (Size = 4000), @p4='?' (DbType = Boolean), @p5='?' (DbType = DateTime2), @p6='?' (DbType = DateTime2), @p7='?' (Size = 100), @p8='?' (Size = 4000), @p9='?' (Size = 4000), @p10='?' (DbType = Guid), @p11='?' (Size = 4000), @p12='?' (Size = 4000)], CommandType='"Text"', CommandTimeout='30']
SET IMPLICIT_TRANSACTIONS OFF;
SET NOCOUNT ON;
INSERT INTO [AuditLogs] ([Id], [Accion], [DireccionIp], [EntidadId], [EstaActivo], [FechaActualizacionUtc], [FechaCreacionUtc], [IdCorrelacion], [Motivo], [NombreEntidad], [UsuarioId], [ValoresAnterioresJson], [ValoresNuevosJson])
VALUES (@p0, @p1, @p2, @p3, @p4, @p5, @p6, @p7, @p8, @p9, @p10, @p11, @p12);
2026-08-07 20:39:06.455 -06:00 [INF] [AUDITORIA WPC BAJIO] CorrelationId: 4f2cd844-f1bc-43cd-bac1-1afd45ec61ab | Action: GET /health | Entity: HttpRequest (404) | User: Anonimo | IP: 127.0.0.1 | Reason: HTTP Response StatusCode: 404 | OldValues: N/A | NewValues: N/A
2026-08-07 20:39:06.459 -06:00 [INF] Request finished HTTP/1.1 GET http://127.0.0.1:5000/health - 404 0 null 20.7604ms
2026-08-07 20:39:06.464 -06:00 [INF] Request reached the end of the middleware pipeline without being handled by application code. Request path: GET http://127.0.0.1:5000/health, Response status code: 404
2026-08-07 20:39:07.002 -06:00 [INF] Request starting HTTP/1.1 GET http://127.0.0.1:5000/health - null null
2026-08-07 20:39:07.013 -06:00 [INF] Executed DbCommand (5ms) [Parameters=[@p0='?' (DbType = Guid), @p1='?' (Size = 100), @p2='?' (Size = 4000), @p3='?' (Size = 4000), @p4='?' (DbType = Boolean), @p5='?' (DbType = DateTime2), @p6='?' (DbType = DateTime2), @p7='?' (Size = 100), @p8='?' (Size = 4000), @p9='?' (Size = 4000), @p10='?' (DbType = Guid), @p11='?' (Size = 4000), @p12='?' (Size = 4000)], CommandType='"Text"', CommandTimeout='30']
SET IMPLICIT_TRANSACTIONS OFF;
SET NOCOUNT ON;
INSERT INTO [AuditLogs] ([Id], [Accion], [DireccionIp], [EntidadId], [EstaActivo], [FechaActualizacionUtc], [FechaCreacionUtc], [IdCorrelacion], [Motivo], [NombreEntidad], [UsuarioId], [ValoresAnterioresJson], [ValoresNuevosJson])
VALUES (@p0, @p1, @p2, @p3, @p4, @p5, @p6, @p7, @p8, @p9, @p10, @p11, @p12);
2026-08-07 20:39:07.017 -06:00 [INF] [AUDITORIA WPC BAJIO] CorrelationId: 2408896c-051b-45d7-98ff-503946b455a8 | Action: GET /health | Entity: HttpRequest (404) | User: Anonimo | IP: 127.0.0.1 | Reason: HTTP Response StatusCode: 404 | OldValues: N/A | NewValues: N/A
2026-08-07 20:39:07.022 -06:00 [INF] Request finished HTTP/1.1 GET http://127.0.0.1:5000/health - 404 0 null 20.1126ms
2026-08-07 20:39:07.027 -06:00 [INF] Request reached the end of the middleware pipeline without being handled by application code. Request path: GET http://127.0.0.1:5000/health, Response status code: 404
2026-08-07 20:39:07.576 -06:00 [INF] Request starting HTTP/1.1 GET http://127.0.0.1:5000/health - null null
2026-08-07 20:39:07.587 -06:00 [INF] Executed DbCommand (6ms) [Parameters=[@p0='?' (DbType = Guid), @p1='?' (Size = 100), @p2='?' (Size = 4000), @p3='?' (Size = 4000), @p4='?' (DbType = Boolean), @p5='?' (DbType = DateTime2), @p6='?' (DbType = DateTime2), @p7='?' (Size = 100), @p8='?' (Size = 4000), @p9='?' (Size = 4000), @p10='?' (DbType = Guid), @p11='?' (Size = 4000), @p12='?' (Size = 4000)], CommandType='"Text"', CommandTimeout='30']
SET IMPLICIT_TRANSACTIONS OFF;
SET NOCOUNT ON;
INSERT INTO [AuditLogs] ([Id], [Accion], [DireccionIp], [EntidadId], [EstaActivo], [FechaActualizacionUtc], [FechaCreacionUtc], [IdCorrelacion], [Motivo], [NombreEntidad], [UsuarioId], [ValoresAnterioresJson], [ValoresNuevosJson])
VALUES (@p0, @p1, @p2, @p3, @p4, @p5, @p6, @p7, @p8, @p9, @p10, @p11, @p12);
2026-08-07 20:39:07.592 -06:00 [INF] [AUDITORIA WPC BAJIO] CorrelationId: 82d52898-1d4d-45a2-9b4a-437c5b45ea9d | Action: GET /health | Entity: HttpRequest (404) | User: Anonimo | IP: 127.0.0.1 | Reason: HTTP Response StatusCode: 404 | OldValues: N/A | NewValues: N/A
2026-08-07 20:39:07.597 -06:00 [INF] Request finished HTTP/1.1 GET http://127.0.0.1:5000/health - 404 0 null 21.0943ms
2026-08-07 20:39:07.602 -06:00 [INF] Request reached the end of the middleware pipeline without being handled by application code. Request path: GET http://127.0.0.1:5000/health, Response status code: 404
2026-08-07 20:39:08.136 -06:00 [INF] Request starting HTTP/1.1 GET http://127.0.0.1:5000/health - null null
2026-08-07 20:39:08.147 -06:00 [INF] Executed DbCommand (6ms) [Parameters=[@p0='?' (DbType = Guid), @p1='?' (Size = 100), @p2='?' (Size = 4000), @p3='?' (Size = 4000), @p4='?' (DbType = Boolean), @p5='?' (DbType = DateTime2), @p6='?' (DbType = DateTime2), @p7='?' (Size = 100), @p8='?' (Size = 4000), @p9='?' (Size = 4000), @p10='?' (DbType = Guid), @p11='?' (Size = 4000), @p12='?' (Size = 4000)], CommandType='"Text"', CommandTimeout='30']
SET IMPLICIT_TRANSACTIONS OFF;
SET NOCOUNT ON;
INSERT INTO [AuditLogs] ([Id], [Accion], [DireccionIp], [EntidadId], [EstaActivo], [FechaActualizacionUtc], [FechaCreacionUtc], [IdCorrelacion], [Motivo], [NombreEntidad], [UsuarioId], [ValoresAnterioresJson], [ValoresNuevosJson])
VALUES (@p0, @p1, @p2, @p3, @p4, @p5, @p6, @p7, @p8, @p9, @p10, @p11, @p12);
2026-08-07 20:39:08.151 -06:00 [INF] [AUDITORIA WPC BAJIO] CorrelationId: d09537eb-3a06-4623-8a43-ec5213cab102 | Action: GET /health | Entity: HttpRequest (404) | User: Anonimo | IP: 127.0.0.1 | Reason: HTTP Response StatusCode: 404 | OldValues: N/A | NewValues: N/A
2026-08-07 20:39:08.156 -06:00 [INF] Request finished HTTP/1.1 GET http://127.0.0.1:5000/health - 404 0 null 20.7004ms
2026-08-07 20:39:08.162 -06:00 [INF] Request reached the end of the middleware pipeline without being handled by application code. Request path: GET http://127.0.0.1:5000/health, Response status code: 404
2026-08-07 20:39:08.698 -06:00 [INF] Request starting HTTP/1.1 GET http://127.0.0.1:5000/health - null null
2026-08-07 20:39:08.707 -06:00 [INF] Executed DbCommand (4ms) [Parameters=[@p0='?' (DbType = Guid), @p1='?' (Size = 100), @p2='?' (Size = 4000), @p3='?' (Size = 4000), @p4='?' (DbType = Boolean), @p5='?' (DbType = DateTime2), @p6='?' (DbType = DateTime2), @p7='?' (Size = 100), @p8='?' (Size = 4000), @p9='?' (Size = 4000), @p10='?' (DbType = Guid), @p11='?' (Size = 4000), @p12='?' (Size = 4000)], CommandType='"Text"', CommandTimeout='30']
SET IMPLICIT_TRANSACTIONS OFF;
SET NOCOUNT ON;
INSERT INTO [AuditLogs] ([Id], [Accion], [DireccionIp], [EntidadId], [EstaActivo], [FechaActualizacionUtc], [FechaCreacionUtc], [IdCorrelacion], [Motivo], [NombreEntidad], [UsuarioId], [ValoresAnterioresJson], [ValoresNuevosJson])
VALUES (@p0, @p1, @p2, @p3, @p4, @p5, @p6, @p7, @p8, @p9, @p10, @p11, @p12);
2026-08-07 20:39:08.711 -06:00 [INF] [AUDITORIA WPC BAJIO] CorrelationId: bfecc41f-1a2c-4a56-a780-0295692e95b3 | Action: GET /health | Entity: HttpRequest (404) | User: Anonimo | IP: 127.0.0.1 | Reason: HTTP Response StatusCode: 404 | OldValues: N/A | NewValues: N/A
2026-08-07 20:39:08.716 -06:00 [INF] Request finished HTTP/1.1 GET http://127.0.0.1:5000/health - 404 0 null 17.992ms
2026-08-07 20:39:08.720 -06:00 [INF] Request reached the end of the middleware pipeline without being handled by application code. Request path: GET http://127.0.0.1:5000/health, Response status code: 404
2026-08-07 20:39:09.242 -06:00 [INF] Request starting HTTP/1.1 GET http://127.0.0.1:5000/health - null null
2026-08-07 20:39:09.253 -06:00 [INF] Executed DbCommand (5ms) [Parameters=[@p0='?' (DbType = Guid), @p1='?' (Size = 100), @p2='?' (Size = 4000), @p3='?' (Size = 4000), @p4='?' (DbType = Boolean), @p5='?' (DbType = DateTime2), @p6='?' (DbType = DateTime2), @p7='?' (Size = 100), @p8='?' (Size = 4000), @p9='?' (Size = 4000), @p10='?' (DbType = Guid), @p11='?' (Size = 4000), @p12='?' (Size = 4000)], CommandType='"Text"', CommandTimeout='30']
SET IMPLICIT_TRANSACTIONS OFF;
SET NOCOUNT ON;
INSERT INTO [AuditLogs] ([Id], [Accion], [DireccionIp], [EntidadId], [EstaActivo], [FechaActualizacionUtc], [FechaCreacionUtc], [IdCorrelacion], [Motivo], [NombreEntidad], [UsuarioId], [ValoresAnterioresJson], [ValoresNuevosJson])
VALUES (@p0, @p1, @p2, @p3, @p4, @p5, @p6, @p7, @p8, @p9, @p10, @p11, @p12);
2026-08-07 20:39:09.257 -06:00 [INF] [AUDITORIA WPC BAJIO] CorrelationId: 55ae59be-8ba1-4b1e-a1ae-8eced35a93ee | Action: GET /health | Entity: HttpRequest (404) | User: Anonimo | IP: 127.0.0.1 | Reason: HTTP Response StatusCode: 404 | OldValues: N/A | NewValues: N/A
2026-08-07 20:39:09.263 -06:00 [INF] Request finished HTTP/1.1 GET http://127.0.0.1:5000/health - 404 0 null 20.7345ms
2026-08-07 20:39:09.269 -06:00 [INF] Request reached the end of the middleware pipeline without being handled by application code. Request path: GET http://127.0.0.1:5000/health, Response status code: 404
2026-08-07 20:39:09.802 -06:00 [INF] Request starting HTTP/1.1 GET http://127.0.0.1:5000/health - null null
2026-08-07 20:39:09.814 -06:00 [INF] Executed DbCommand (6ms) [Parameters=[@p0='?' (DbType = Guid), @p1='?' (Size = 100), @p2='?' (Size = 4000), @p3='?' (Size = 4000), @p4='?' (DbType = Boolean), @p5='?' (DbType = DateTime2), @p6='?' (DbType = DateTime2), @p7='?' (Size = 100), @p8='?' (Size = 4000), @p9='?' (Size = 4000), @p10='?' (DbType = Guid), @p11='?' (Size = 4000), @p12='?' (Size = 4000)], CommandType='"Text"', CommandTimeout='30']
SET IMPLICIT_TRANSACTIONS OFF;
SET NOCOUNT ON;
INSERT INTO [AuditLogs] ([Id], [Accion], [DireccionIp], [EntidadId], [EstaActivo], [FechaActualizacionUtc], [FechaCreacionUtc], [IdCorrelacion], [Motivo], [NombreEntidad], [UsuarioId], [ValoresAnterioresJson], [ValoresNuevosJson])
VALUES (@p0, @p1, @p2, @p3, @p4, @p5, @p6, @p7, @p8, @p9, @p10, @p11, @p12);
2026-08-07 20:39:09.819 -06:00 [INF] [AUDITORIA WPC BAJIO] CorrelationId: e951856d-d1b8-434f-ae70-19c8bd03a262 | Action: GET /health | Entity: HttpRequest (404) | User: Anonimo | IP: 127.0.0.1 | Reason: HTTP Response StatusCode: 404 | OldValues: N/A | NewValues: N/A
2026-08-07 20:39:09.824 -06:00 [INF] Request finished HTTP/1.1 GET http://127.0.0.1:5000/health - 404 0 null 22.3048ms
2026-08-07 20:39:09.830 -06:00 [INF] Request reached the end of the middleware pipeline without being handled by application code. Request path: GET http://127.0.0.1:5000/health, Response status code: 404
2026-08-07 20:39:10.363 -06:00 [INF] Request starting HTTP/1.1 GET http://127.0.0.1:5000/health - null null
2026-08-07 20:39:10.374 -06:00 [INF] Executed DbCommand (7ms) [Parameters=[@p0='?' (DbType = Guid), @p1='?' (Size = 100), @p2='?' (Size = 4000), @p3='?' (Size = 4000), @p4='?' (DbType = Boolean), @p5='?' (DbType = DateTime2), @p6='?' (DbType = DateTime2), @p7='?' (Size = 100), @p8='?' (Size = 4000), @p9='?' (Size = 4000), @p10='?' (DbType = Guid), @p11='?' (Size = 4000), @p12='?' (Size = 4000)], CommandType='"Text"', CommandTimeout='30']
SET IMPLICIT_TRANSACTIONS OFF;
SET NOCOUNT ON;
INSERT INTO [AuditLogs] ([Id], [Accion], [DireccionIp], [EntidadId], [EstaActivo], [FechaActualizacionUtc], [FechaCreacionUtc], [IdCorrelacion], [Motivo], [NombreEntidad], [UsuarioId], [ValoresAnterioresJson], [ValoresNuevosJson])
VALUES (@p0, @p1, @p2, @p3, @p4, @p5, @p6, @p7, @p8, @p9, @p10, @p11, @p12);
2026-08-07 20:39:10.377 -06:00 [INF] [AUDITORIA WPC BAJIO] CorrelationId: 105986c7-b497-47a3-b734-227c7263c9c0 | Action: GET /health | Entity: HttpRequest (404) | User: Anonimo | IP: 127.0.0.1 | Reason: HTTP Response StatusCode: 404 | OldValues: N/A | NewValues: N/A
2026-08-07 20:39:10.381 -06:00 [INF] Request finished HTTP/1.1 GET http://127.0.0.1:5000/health - 404 0 null 18.5694ms
2026-08-07 20:39:10.386 -06:00 [INF] Request reached the end of the middleware pipeline without being handled by application code. Request path: GET http://127.0.0.1:5000/health, Response status code: 404
2026-08-07 20:39:10.929 -06:00 [INF] Request starting HTTP/1.1 GET http://127.0.0.1:5000/health - null null
2026-08-07 20:39:10.940 -06:00 [INF] Executed DbCommand (6ms) [Parameters=[@p0='?' (DbType = Guid), @p1='?' (Size = 100), @p2='?' (Size = 4000), @p3='?' (Size = 4000), @p4='?' (DbType = Boolean), @p5='?' (DbType = DateTime2), @p6='?' (DbType = DateTime2), @p7='?' (Size = 100), @p8='?' (Size = 4000), @p9='?' (Size = 4000), @p10='?' (DbType = Guid), @p11='?' (Size = 4000), @p12='?' (Size = 4000)], CommandType='"Text"', CommandTimeout='30']
SET IMPLICIT_TRANSACTIONS OFF;
SET NOCOUNT ON;
INSERT INTO [AuditLogs] ([Id], [Accion], [DireccionIp], [EntidadId], [EstaActivo], [FechaActualizacionUtc], [FechaCreacionUtc], [IdCorrelacion], [Motivo], [NombreEntidad], [UsuarioId], [ValoresAnterioresJson], [ValoresNuevosJson])
VALUES (@p0, @p1, @p2, @p3, @p4, @p5, @p6, @p7, @p8, @p9, @p10, @p11, @p12);
2026-08-07 20:39:10.944 -06:00 [INF] [AUDITORIA WPC BAJIO] CorrelationId: 1d135a56-6ba6-4246-ae8b-0097705add71 | Action: GET /health | Entity: HttpRequest (404) | User: Anonimo | IP: 127.0.0.1 | Reason: HTTP Response StatusCode: 404 | OldValues: N/A | NewValues: N/A
2026-08-07 20:39:10.949 -06:00 [INF] Request finished HTTP/1.1 GET http://127.0.0.1:5000/health - 404 0 null 19.8661ms
2026-08-07 20:39:10.953 -06:00 [INF] Request reached the end of the middleware pipeline without being handled by application code. Request path: GET http://127.0.0.1:5000/health, Response status code: 404
2026-08-07 20:39:11.489 -06:00 [INF] Request starting HTTP/1.1 GET http://127.0.0.1:5000/health - null null
2026-08-07 20:39:11.499 -06:00 [INF] Executed DbCommand (5ms) [Parameters=[@p0='?' (DbType = Guid), @p1='?' (Size = 100), @p2='?' (Size = 4000), @p3='?' (Size = 4000), @p4='?' (DbType = Boolean), @p5='?' (DbType = DateTime2), @p6='?' (DbType = DateTime2), @p7='?' (Size = 100), @p8='?' (Size = 4000), @p9='?' (Size = 4000), @p10='?' (DbType = Guid), @p11='?' (Size = 4000), @p12='?' (Size = 4000)], CommandType='"Text"', CommandTimeout='30']
SET IMPLICIT_TRANSACTIONS OFF;
SET NOCOUNT ON;
INSERT INTO [AuditLogs] ([Id], [Accion], [DireccionIp], [EntidadId], [EstaActivo], [FechaActualizacionUtc], [FechaCreacionUtc], [IdCorrelacion], [Motivo], [NombreEntidad], [UsuarioId], [ValoresAnterioresJson], [ValoresNuevosJson])
VALUES (@p0, @p1, @p2, @p3, @p4, @p5, @p6, @p7, @p8, @p9, @p10, @p11, @p12);
2026-08-07 20:39:11.502 -06:00 [INF] [AUDITORIA WPC BAJIO] CorrelationId: f3b1e4a0-61a0-4951-8a0d-7ea3ea0c704b | Action: GET /health | Entity: HttpRequest (404) | User: Anonimo | IP: 127.0.0.1 | Reason: HTTP Response StatusCode: 404 | OldValues: N/A | NewValues: N/A
2026-08-07 20:39:11.507 -06:00 [INF] Request finished HTTP/1.1 GET http://127.0.0.1:5000/health - 404 0 null 18.0023ms
2026-08-07 20:39:11.511 -06:00 [INF] Request reached the end of the middleware pipeline without being handled by application code. Request path: GET http://127.0.0.1:5000/health, Response status code: 404
2026-08-07 20:39:12.051 -06:00 [INF] Request starting HTTP/1.1 GET http://127.0.0.1:5000/health - null null
2026-08-07 20:39:12.061 -06:00 [INF] Executed DbCommand (6ms) [Parameters=[@p0='?' (DbType = Guid), @p1='?' (Size = 100), @p2='?' (Size = 4000), @p3='?' (Size = 4000), @p4='?' (DbType = Boolean), @p5='?' (DbType = DateTime2), @p6='?' (DbType = DateTime2), @p7='?' (Size = 100), @p8='?' (Size = 4000), @p9='?' (Size = 4000), @p10='?' (DbType = Guid), @p11='?' (Size = 4000), @p12='?' (Size = 4000)], CommandType='"Text"', CommandTimeout='30']
SET IMPLICIT_TRANSACTIONS OFF;
SET NOCOUNT ON;
INSERT INTO [AuditLogs] ([Id], [Accion], [DireccionIp], [EntidadId], [EstaActivo], [FechaActualizacionUtc], [FechaCreacionUtc], [IdCorrelacion], [Motivo], [NombreEntidad], [UsuarioId], [ValoresAnterioresJson], [ValoresNuevosJson])
VALUES (@p0, @p1, @p2, @p3, @p4, @p5, @p6, @p7, @p8, @p9, @p10, @p11, @p12);
2026-08-07 20:39:12.065 -06:00 [INF] [AUDITORIA WPC BAJIO] CorrelationId: 27111f9d-3447-42d0-abdc-54c85e91847e | Action: GET /health | Entity: HttpRequest (404) | User: Anonimo | IP: 127.0.0.1 | Reason: HTTP Response StatusCode: 404 | OldValues: N/A | NewValues: N/A
2026-08-07 20:39:12.069 -06:00 [INF] Request finished HTTP/1.1 GET http://127.0.0.1:5000/health - 404 0 null 18.2498ms
2026-08-07 20:39:12.073 -06:00 [INF] Request reached the end of the middleware pipeline without being handled by application code. Request path: GET http://127.0.0.1:5000/health, Response status code: 404
2026-08-07 20:39:12.596 -06:00 [INF] Request starting HTTP/1.1 GET http://127.0.0.1:5000/health - null null
2026-08-07 20:39:12.605 -06:00 [INF] Executed DbCommand (4ms) [Parameters=[@p0='?' (DbType = Guid), @p1='?' (Size = 100), @p2='?' (Size = 4000), @p3='?' (Size = 4000), @p4='?' (DbType = Boolean), @p5='?' (DbType = DateTime2), @p6='?' (DbType = DateTime2), @p7='?' (Size = 100), @p8='?' (Size = 4000), @p9='?' (Size = 4000), @p10='?' (DbType = Guid), @p11='?' (Size = 4000), @p12='?' (Size = 4000)], CommandType='"Text"', CommandTimeout='30']
SET IMPLICIT_TRANSACTIONS OFF;
SET NOCOUNT ON;
INSERT INTO [AuditLogs] ([Id], [Accion], [DireccionIp], [EntidadId], [EstaActivo], [FechaActualizacionUtc], [FechaCreacionUtc], [IdCorrelacion], [Motivo], [NombreEntidad], [UsuarioId], [ValoresAnterioresJson], [ValoresNuevosJson])
VALUES (@p0, @p1, @p2, @p3, @p4, @p5, @p6, @p7, @p8, @p9, @p10, @p11, @p12);
2026-08-07 20:39:12.608 -06:00 [INF] [AUDITORIA WPC BAJIO] CorrelationId: a1760e9e-4f8e-4131-b018-b3a467aaafdc | Action: GET /health | Entity: HttpRequest (404) | User: Anonimo | IP: 127.0.0.1 | Reason: HTTP Response StatusCode: 404 | OldValues: N/A | NewValues: N/A
2026-08-07 20:39:12.624 -06:00 [INF] Request finished HTTP/1.1 GET http://127.0.0.1:5000/health - 404 0 null 27.4587ms
2026-08-07 20:39:12.656 -06:00 [INF] Request reached the end of the middleware pipeline without being handled by application code. Request path: GET http://127.0.0.1:5000/health, Response status code: 404
2026-08-07 20:39:13.188 -06:00 [INF] Request starting HTTP/1.1 GET http://127.0.0.1:5000/health - null null
2026-08-07 20:39:13.200 -06:00 [INF] Executed DbCommand (6ms) [Parameters=[@p0='?' (DbType = Guid), @p1='?' (Size = 100), @p2='?' (Size = 4000), @p3='?' (Size = 4000), @p4='?' (DbType = Boolean), @p5='?' (DbType = DateTime2), @p6='?' (DbType = DateTime2), @p7='?' (Size = 100), @p8='?' (Size = 4000), @p9='?' (Size = 4000), @p10='?' (DbType = Guid), @p11='?' (Size = 4000), @p12='?' (Size = 4000)], CommandType='"Text"', CommandTimeout='30']
SET IMPLICIT_TRANSACTIONS OFF;
SET NOCOUNT ON;
INSERT INTO [AuditLogs] ([Id], [Accion], [DireccionIp], [EntidadId], [EstaActivo], [FechaActualizacionUtc], [FechaCreacionUtc], [IdCorrelacion], [Motivo], [NombreEntidad], [UsuarioId], [ValoresAnterioresJson], [ValoresNuevosJson])
VALUES (@p0, @p1, @p2, @p3, @p4, @p5, @p6, @p7, @p8, @p9, @p10, @p11, @p12);
2026-08-07 20:39:13.205 -06:00 [INF] [AUDITORIA WPC BAJIO] CorrelationId: fb8f69e1-45bb-426e-822f-05603e965e82 | Action: GET /health | Entity: HttpRequest (404) | User: Anonimo | IP: 127.0.0.1 | Reason: HTTP Response StatusCode: 404 | OldValues: N/A | NewValues: N/A
2026-08-07 20:39:13.210 -06:00 [INF] Request finished HTTP/1.1 GET http://127.0.0.1:5000/health - 404 0 null 21.769ms
2026-08-07 20:39:13.217 -06:00 [INF] Request reached the end of the middleware pipeline without being handled by application code. Request path: GET http://127.0.0.1:5000/health, Response status code: 404
2026-08-07 20:39:13.750 -06:00 [INF] Request starting HTTP/1.1 GET http://127.0.0.1:5000/health - null null
2026-08-07 20:39:13.760 -06:00 [INF] Executed DbCommand (5ms) [Parameters=[@p0='?' (DbType = Guid), @p1='?' (Size = 100), @p2='?' (Size = 4000), @p3='?' (Size = 4000), @p4='?' (DbType = Boolean), @p5='?' (DbType = DateTime2), @p6='?' (DbType = DateTime2), @p7='?' (Size = 100), @p8='?' (Size = 4000), @p9='?' (Size = 4000), @p10='?' (DbType = Guid), @p11='?' (Size = 4000), @p12='?' (Size = 4000)], CommandType='"Text"', CommandTimeout='30']
SET IMPLICIT_TRANSACTIONS OFF;
SET NOCOUNT ON;
INSERT INTO [AuditLogs] ([Id], [Accion], [DireccionIp], [EntidadId], [EstaActivo], [FechaActualizacionUtc], [FechaCreacionUtc], [IdCorrelacion], [Motivo], [NombreEntidad], [UsuarioId], [ValoresAnterioresJson], [ValoresNuevosJson])
VALUES (@p0, @p1, @p2, @p3, @p4, @p5, @p6, @p7, @p8, @p9, @p10, @p11, @p12);
2026-08-07 20:39:13.763 -06:00 [INF] [AUDITORIA WPC BAJIO] CorrelationId: 4836b52a-3733-4fcd-b5db-53141dd04f48 | Action: GET /health | Entity: HttpRequest (404) | User: Anonimo | IP: 127.0.0.1 | Reason: HTTP Response StatusCode: 404 | OldValues: N/A | NewValues: N/A
2026-08-07 20:39:13.768 -06:00 [INF] Request finished HTTP/1.1 GET http://127.0.0.1:5000/health - 404 0 null 18.3635ms
2026-08-07 20:39:13.772 -06:00 [INF] Request reached the end of the middleware pipeline without being handled by application code. Request path: GET http://127.0.0.1:5000/health, Response status code: 404
2026-08-07 20:39:14.310 -06:00 [INF] Request starting HTTP/1.1 GET http://127.0.0.1:5000/health - null null
2026-08-07 20:39:14.321 -06:00 [INF] Executed DbCommand (5ms) [Parameters=[@p0='?' (DbType = Guid), @p1='?' (Size = 100), @p2='?' (Size = 4000), @p3='?' (Size = 4000), @p4='?' (DbType = Boolean), @p5='?' (DbType = DateTime2), @p6='?' (DbType = DateTime2), @p7='?' (Size = 100), @p8='?' (Size = 4000), @p9='?' (Size = 4000), @p10='?' (DbType = Guid), @p11='?' (Size = 4000), @p12='?' (Size = 4000)], CommandType='"Text"', CommandTimeout='30']
SET IMPLICIT_TRANSACTIONS OFF;
SET NOCOUNT ON;
INSERT INTO [AuditLogs] ([Id], [Accion], [DireccionIp], [EntidadId], [EstaActivo], [FechaActualizacionUtc], [FechaCreacionUtc], [IdCorrelacion], [Motivo], [NombreEntidad], [UsuarioId], [ValoresAnterioresJson], [ValoresNuevosJson])
VALUES (@p0, @p1, @p2, @p3, @p4, @p5, @p6, @p7, @p8, @p9, @p10, @p11, @p12);
2026-08-07 20:39:14.325 -06:00 [INF] [AUDITORIA WPC BAJIO] CorrelationId: 0bbfc3aa-c3e5-49ab-9ecb-c6f1157dd9c8 | Action: GET /health | Entity: HttpRequest (404) | User: Anonimo | IP: 127.0.0.1 | Reason: HTTP Response StatusCode: 404 | OldValues: N/A | NewValues: N/A
2026-08-07 20:39:14.330 -06:00 [INF] Request finished HTTP/1.1 GET http://127.0.0.1:5000/health - 404 0 null 20.2873ms
2026-08-07 20:39:14.336 -06:00 [INF] Request reached the end of the middleware pipeline without being handled by application code. Request path: GET http://127.0.0.1:5000/health, Response status code: 404
2026-08-07 20:39:14.868 -06:00 [INF] Request starting HTTP/1.1 GET http://127.0.0.1:5000/health - null null
2026-08-07 20:39:14.877 -06:00 [INF] Executed DbCommand (5ms) [Parameters=[@p0='?' (DbType = Guid), @p1='?' (Size = 100), @p2='?' (Size = 4000), @p3='?' (Size = 4000), @p4='?' (DbType = Boolean), @p5='?' (DbType = DateTime2), @p6='?' (DbType = DateTime2), @p7='?' (Size = 100), @p8='?' (Size = 4000), @p9='?' (Size = 4000), @p10='?' (DbType = Guid), @p11='?' (Size = 4000), @p12='?' (Size = 4000)], CommandType='"Text"', CommandTimeout='30']
SET IMPLICIT_TRANSACTIONS OFF;
SET NOCOUNT ON;
INSERT INTO [AuditLogs] ([Id], [Accion], [DireccionIp], [EntidadId], [EstaActivo], [FechaActualizacionUtc], [FechaCreacionUtc], [IdCorrelacion], [Motivo], [NombreEntidad], [UsuarioId], [ValoresAnterioresJson], [ValoresNuevosJson])
VALUES (@p0, @p1, @p2, @p3, @p4, @p5, @p6, @p7, @p8, @p9, @p10, @p11, @p12);
2026-08-07 20:39:14.881 -06:00 [INF] [AUDITORIA WPC BAJIO] CorrelationId: 03ebd43c-85a4-4f2b-bdc0-221d57ee5c80 | Action: GET /health | Entity: HttpRequest (404) | User: Anonimo | IP: 127.0.0.1 | Reason: HTTP Response StatusCode: 404 | OldValues: N/A | NewValues: N/A
2026-08-07 20:39:14.886 -06:00 [INF] Request finished HTTP/1.1 GET http://127.0.0.1:5000/health - 404 0 null 18.1088ms
2026-08-07 20:39:14.890 -06:00 [INF] Request reached the end of the middleware pipeline without being handled by application code. Request path: GET http://127.0.0.1:5000/health, Response status code: 404
2026-08-07 20:39:15.430 -06:00 [INF] Request starting HTTP/1.1 GET http://127.0.0.1:5000/health - null null
2026-08-07 20:39:15.440 -06:00 [INF] Executed DbCommand (6ms) [Parameters=[@p0='?' (DbType = Guid), @p1='?' (Size = 100), @p2='?' (Size = 4000), @p3='?' (Size = 4000), @p4='?' (DbType = Boolean), @p5='?' (DbType = DateTime2), @p6='?' (DbType = DateTime2), @p7='?' (Size = 100), @p8='?' (Size = 4000), @p9='?' (Size = 4000), @p10='?' (DbType = Guid), @p11='?' (Size = 4000), @p12='?' (Size = 4000)], CommandType='"Text"', CommandTimeout='30']
SET IMPLICIT_TRANSACTIONS OFF;
SET NOCOUNT ON;
INSERT INTO [AuditLogs] ([Id], [Accion], [DireccionIp], [EntidadId], [EstaActivo], [FechaActualizacionUtc], [FechaCreacionUtc], [IdCorrelacion], [Motivo], [NombreEntidad], [UsuarioId], [ValoresAnterioresJson], [ValoresNuevosJson])
VALUES (@p0, @p1, @p2, @p3, @p4, @p5, @p6, @p7, @p8, @p9, @p10, @p11, @p12);
2026-08-07 20:39:15.444 -06:00 [INF] [AUDITORIA WPC BAJIO] CorrelationId: 23924744-06f8-4eb0-a327-aedf4caff20f | Action: GET /health | Entity: HttpRequest (404) | User: Anonimo | IP: 127.0.0.1 | Reason: HTTP Response StatusCode: 404 | OldValues: N/A | NewValues: N/A
2026-08-07 20:39:15.447 -06:00 [INF] Request finished HTTP/1.1 GET http://127.0.0.1:5000/health - 404 0 null 16.5442ms
2026-08-07 20:39:15.462 -06:00 [INF] Request reached the end of the middleware pipeline without being handled by application code. Request path: GET http://127.0.0.1:5000/health, Response status code: 404
2026-08-07 20:39:15.988 -06:00 [INF] Request starting HTTP/1.1 GET http://127.0.0.1:5000/health - null null
2026-08-07 20:39:15.998 -06:00 [INF] Executed DbCommand (6ms) [Parameters=[@p0='?' (DbType = Guid), @p1='?' (Size = 100), @p2='?' (Size = 4000), @p3='?' (Size = 4000), @p4='?' (DbType = Boolean), @p5='?' (DbType = DateTime2), @p6='?' (DbType = DateTime2), @p7='?' (Size = 100), @p8='?' (Size = 4000), @p9='?' (Size = 4000), @p10='?' (DbType = Guid), @p11='?' (Size = 4000), @p12='?' (Size = 4000)], CommandType='"Text"', CommandTimeout='30']
SET IMPLICIT_TRANSACTIONS OFF;
SET NOCOUNT ON;
INSERT INTO [AuditLogs] ([Id], [Accion], [DireccionIp], [EntidadId], [EstaActivo], [FechaActualizacionUtc], [FechaCreacionUtc], [IdCorrelacion], [Motivo], [NombreEntidad], [UsuarioId], [ValoresAnterioresJson], [ValoresNuevosJson])
VALUES (@p0, @p1, @p2, @p3, @p4, @p5, @p6, @p7, @p8, @p9, @p10, @p11, @p12);
2026-08-07 20:39:16.001 -06:00 [INF] [AUDITORIA WPC BAJIO] CorrelationId: f9585837-f9d9-448b-84d8-9b70a3875020 | Action: GET /health | Entity: HttpRequest (404) | User: Anonimo | IP: 127.0.0.1 | Reason: HTTP Response StatusCode: 404 | OldValues: N/A | NewValues: N/A
2026-08-07 20:39:16.005 -06:00 [INF] Request finished HTTP/1.1 GET http://127.0.0.1:5000/health - 404 0 null 17.6394ms
2026-08-07 20:39:16.010 -06:00 [INF] Request reached the end of the middleware pipeline without being handled by application code. Request path: GET http://127.0.0.1:5000/health, Response status code: 404
2026-08-07 20:39:16.548 -06:00 [INF] Request starting HTTP/1.1 GET http://127.0.0.1:5000/health - null null
2026-08-07 20:39:16.559 -06:00 [INF] Executed DbCommand (6ms) [Parameters=[@p0='?' (DbType = Guid), @p1='?' (Size = 100), @p2='?' (Size = 4000), @p3='?' (Size = 4000), @p4='?' (DbType = Boolean), @p5='?' (DbType = DateTime2), @p6='?' (DbType = DateTime2), @p7='?' (Size = 100), @p8='?' (Size = 4000), @p9='?' (Size = 4000), @p10='?' (DbType = Guid), @p11='?' (Size = 4000), @p12='?' (Size = 4000)], CommandType='"Text"', CommandTimeout='30']
SET IMPLICIT_TRANSACTIONS OFF;
SET NOCOUNT ON;
INSERT INTO [AuditLogs] ([Id], [Accion], [DireccionIp], [EntidadId], [EstaActivo], [FechaActualizacionUtc], [FechaCreacionUtc], [IdCorrelacion], [Motivo], [NombreEntidad], [UsuarioId], [ValoresAnterioresJson], [ValoresNuevosJson])
VALUES (@p0, @p1, @p2, @p3, @p4, @p5, @p6, @p7, @p8, @p9, @p10, @p11, @p12);
2026-08-07 20:39:16.564 -06:00 [INF] [AUDITORIA WPC BAJIO] CorrelationId: 0d661e55-1efe-4119-baec-c3610e00b8b3 | Action: GET /health | Entity: HttpRequest (404) | User: Anonimo | IP: 127.0.0.1 | Reason: HTTP Response StatusCode: 404 | OldValues: N/A | NewValues: N/A
2026-08-07 20:39:16.569 -06:00 [INF] Request finished HTTP/1.1 GET http://127.0.0.1:5000/health - 404 0 null 21.3152ms
2026-08-07 20:39:16.575 -06:00 [INF] Request reached the end of the middleware pipeline without being handled by application code. Request path: GET http://127.0.0.1:5000/health, Response status code: 404
2026-08-07 20:39:17.107 -06:00 [INF] Request starting HTTP/1.1 GET http://127.0.0.1:5000/health - null null
2026-08-07 20:39:17.116 -06:00 [INF] Executed DbCommand (4ms) [Parameters=[@p0='?' (DbType = Guid), @p1='?' (Size = 100), @p2='?' (Size = 4000), @p3='?' (Size = 4000), @p4='?' (DbType = Boolean), @p5='?' (DbType = DateTime2), @p6='?' (DbType = DateTime2), @p7='?' (Size = 100), @p8='?' (Size = 4000), @p9='?' (Size = 4000), @p10='?' (DbType = Guid), @p11='?' (Size = 4000), @p12='?' (Size = 4000)], CommandType='"Text"', CommandTimeout='30']
SET IMPLICIT_TRANSACTIONS OFF;
SET NOCOUNT ON;
INSERT INTO [AuditLogs] ([Id], [Accion], [DireccionIp], [EntidadId], [EstaActivo], [FechaActualizacionUtc], [FechaCreacionUtc], [IdCorrelacion], [Motivo], [NombreEntidad], [UsuarioId], [ValoresAnterioresJson], [ValoresNuevosJson])
VALUES (@p0, @p1, @p2, @p3, @p4, @p5, @p6, @p7, @p8, @p9, @p10, @p11, @p12);
2026-08-07 20:39:17.120 -06:00 [INF] [AUDITORIA WPC BAJIO] CorrelationId: 55782ad0-cf7b-4834-acac-a989fbf73d7c | Action: GET /health | Entity: HttpRequest (404) | User: Anonimo | IP: 127.0.0.1 | Reason: HTTP Response StatusCode: 404 | OldValues: N/A | NewValues: N/A
2026-08-07 20:39:17.125 -06:00 [INF] Request finished HTTP/1.1 GET http://127.0.0.1:5000/health - 404 0 null 17.3152ms
2026-08-07 20:39:17.129 -06:00 [INF] Request reached the end of the middleware pipeline without being handled by application code. Request path: GET http://127.0.0.1:5000/health, Response status code: 404
2026-08-07 20:39:17.669 -06:00 [INF] Request starting HTTP/1.1 GET http://127.0.0.1:5000/health - null null
2026-08-07 20:39:17.681 -06:00 [INF] Executed DbCommand (5ms) [Parameters=[@p0='?' (DbType = Guid), @p1='?' (Size = 100), @p2='?' (Size = 4000), @p3='?' (Size = 4000), @p4='?' (DbType = Boolean), @p5='?' (DbType = DateTime2), @p6='?' (DbType = DateTime2), @p7='?' (Size = 100), @p8='?' (Size = 4000), @p9='?' (Size = 4000), @p10='?' (DbType = Guid), @p11='?' (Size = 4000), @p12='?' (Size = 4000)], CommandType='"Text"', CommandTimeout='30']
SET IMPLICIT_TRANSACTIONS OFF;
SET NOCOUNT ON;
INSERT INTO [AuditLogs] ([Id], [Accion], [DireccionIp], [EntidadId], [EstaActivo], [FechaActualizacionUtc], [FechaCreacionUtc], [IdCorrelacion], [Motivo], [NombreEntidad], [UsuarioId], [ValoresAnterioresJson], [ValoresNuevosJson])
VALUES (@p0, @p1, @p2, @p3, @p4, @p5, @p6, @p7, @p8, @p9, @p10, @p11, @p12);
2026-08-07 20:39:17.685 -06:00 [INF] [AUDITORIA WPC BAJIO] CorrelationId: 1924c7c5-268f-41c1-b32d-913cbe277c0e | Action: GET /health | Entity: HttpRequest (404) | User: Anonimo | IP: 127.0.0.1 | Reason: HTTP Response StatusCode: 404 | OldValues: N/A | NewValues: N/A
2026-08-07 20:39:17.690 -06:00 [INF] Request finished HTTP/1.1 GET http://127.0.0.1:5000/health - 404 0 null 20.7819ms
2026-08-07 20:39:17.696 -06:00 [INF] Request reached the end of the middleware pipeline without being handled by application code. Request path: GET http://127.0.0.1:5000/health, Response status code: 404
2026-08-07 20:39:18.231 -06:00 [INF] Request starting HTTP/1.1 GET http://127.0.0.1:5000/health - null null
2026-08-07 20:39:18.240 -06:00 [INF] Executed DbCommand (5ms) [Parameters=[@p0='?' (DbType = Guid), @p1='?' (Size = 100), @p2='?' (Size = 4000), @p3='?' (Size = 4000), @p4='?' (DbType = Boolean), @p5='?' (DbType = DateTime2), @p6='?' (DbType = DateTime2), @p7='?' (Size = 100), @p8='?' (Size = 4000), @p9='?' (Size = 4000), @p10='?' (DbType = Guid), @p11='?' (Size = 4000), @p12='?' (Size = 4000)], CommandType='"Text"', CommandTimeout='30']
SET IMPLICIT_TRANSACTIONS OFF;
SET NOCOUNT ON;
INSERT INTO [AuditLogs] ([Id], [Accion], [DireccionIp], [EntidadId], [EstaActivo], [FechaActualizacionUtc], [FechaCreacionUtc], [IdCorrelacion], [Motivo], [NombreEntidad], [UsuarioId], [ValoresAnterioresJson], [ValoresNuevosJson])
VALUES (@p0, @p1, @p2, @p3, @p4, @p5, @p6, @p7, @p8, @p9, @p10, @p11, @p12);
2026-08-07 20:39:18.244 -06:00 [INF] [AUDITORIA WPC BAJIO] CorrelationId: 55166629-ffef-4c9c-bbd6-b46d80d19d7f | Action: GET /health | Entity: HttpRequest (404) | User: Anonimo | IP: 127.0.0.1 | Reason: HTTP Response StatusCode: 404 | OldValues: N/A | NewValues: N/A
2026-08-07 20:39:18.250 -06:00 [INF] Request finished HTTP/1.1 GET http://127.0.0.1:5000/health - 404 0 null 18.686ms
2026-08-07 20:39:18.255 -06:00 [INF] Request reached the end of the middleware pipeline without being handled by application code. Request path: GET http://127.0.0.1:5000/health, Response status code: 404
2026-08-07 20:39:18.797 -06:00 [INF] Request starting HTTP/1.1 GET http://127.0.0.1:5000/health - null null
2026-08-07 20:39:18.806 -06:00 [INF] Executed DbCommand (4ms) [Parameters=[@p0='?' (DbType = Guid), @p1='?' (Size = 100), @p2='?' (Size = 4000), @p3='?' (Size = 4000), @p4='?' (DbType = Boolean), @p5='?' (DbType = DateTime2), @p6='?' (DbType = DateTime2), @p7='?' (Size = 100), @p8='?' (Size = 4000), @p9='?' (Size = 4000), @p10='?' (DbType = Guid), @p11='?' (Size = 4000), @p12='?' (Size = 4000)], CommandType='"Text"', CommandTimeout='30']
SET IMPLICIT_TRANSACTIONS OFF;
SET NOCOUNT ON;
INSERT INTO [AuditLogs] ([Id], [Accion], [DireccionIp], [EntidadId], [EstaActivo], [FechaActualizacionUtc], [FechaCreacionUtc], [IdCorrelacion], [Motivo], [NombreEntidad], [UsuarioId], [ValoresAnterioresJson], [ValoresNuevosJson])
VALUES (@p0, @p1, @p2, @p3, @p4, @p5, @p6, @p7, @p8, @p9, @p10, @p11, @p12);
2026-08-07 20:39:18.809 -06:00 [INF] [AUDITORIA WPC BAJIO] CorrelationId: 08636b9d-f10e-46fa-89a2-19a147dc3576 | Action: GET /health | Entity: HttpRequest (404) | User: Anonimo | IP: 127.0.0.1 | Reason: HTTP Response StatusCode: 404 | OldValues: N/A | NewValues: N/A
2026-08-07 20:39:18.814 -06:00 [INF] Request finished HTTP/1.1 GET http://127.0.0.1:5000/health - 404 0 null 16.8535ms
2026-08-07 20:39:18.818 -06:00 [INF] Request reached the end of the middleware pipeline without being handled by application code. Request path: GET http://127.0.0.1:5000/health, Response status code: 404
2026-08-07 20:39:19.358 -06:00 [INF] Request starting HTTP/1.1 GET http://127.0.0.1:5000/health - null null
2026-08-07 20:39:19.366 -06:00 [INF] Executed DbCommand (4ms) [Parameters=[@p0='?' (DbType = Guid), @p1='?' (Size = 100), @p2='?' (Size = 4000), @p3='?' (Size = 4000), @p4='?' (DbType = Boolean), @p5='?' (DbType = DateTime2), @p6='?' (DbType = DateTime2), @p7='?' (Size = 100), @p8='?' (Size = 4000), @p9='?' (Size = 4000), @p10='?' (DbType = Guid), @p11='?' (Size = 4000), @p12='?' (Size = 4000)], CommandType='"Text"', CommandTimeout='30']
SET IMPLICIT_TRANSACTIONS OFF;
SET NOCOUNT ON;
INSERT INTO [AuditLogs] ([Id], [Accion], [DireccionIp], [EntidadId], [EstaActivo], [FechaActualizacionUtc], [FechaCreacionUtc], [IdCorrelacion], [Motivo], [NombreEntidad], [UsuarioId], [ValoresAnterioresJson], [ValoresNuevosJson])
VALUES (@p0, @p1, @p2, @p3, @p4, @p5, @p6, @p7, @p8, @p9, @p10, @p11, @p12);
2026-08-07 20:39:19.370 -06:00 [INF] [AUDITORIA WPC BAJIO] CorrelationId: f76b05d9-a5d5-497e-9398-7f108ac7a9ce | Action: GET /health | Entity: HttpRequest (404) | User: Anonimo | IP: 127.0.0.1 | Reason: HTTP Response StatusCode: 404 | OldValues: N/A | NewValues: N/A
2026-08-07 20:39:19.375 -06:00 [INF] Request finished HTTP/1.1 GET http://127.0.0.1:5000/health - 404 0 null 16.8386ms
2026-08-07 20:39:19.380 -06:00 [INF] Request reached the end of the middleware pipeline without being handled by application code. Request path: GET http://127.0.0.1:5000/health, Response status code: 404
2026-08-07 20:39:19.918 -06:00 [INF] Request starting HTTP/1.1 GET http://127.0.0.1:5000/health - null null
2026-08-07 20:39:19.930 -06:00 [INF] Executed DbCommand (6ms) [Parameters=[@p0='?' (DbType = Guid), @p1='?' (Size = 100), @p2='?' (Size = 4000), @p3='?' (Size = 4000), @p4='?' (DbType = Boolean), @p5='?' (DbType = DateTime2), @p6='?' (DbType = DateTime2), @p7='?' (Size = 100), @p8='?' (Size = 4000), @p9='?' (Size = 4000), @p10='?' (DbType = Guid), @p11='?' (Size = 4000), @p12='?' (Size = 4000)], CommandType='"Text"', CommandTimeout='30']
SET IMPLICIT_TRANSACTIONS OFF;
SET NOCOUNT ON;
INSERT INTO [AuditLogs] ([Id], [Accion], [DireccionIp], [EntidadId], [EstaActivo], [FechaActualizacionUtc], [FechaCreacionUtc], [IdCorrelacion], [Motivo], [NombreEntidad], [UsuarioId], [ValoresAnterioresJson], [ValoresNuevosJson])
VALUES (@p0, @p1, @p2, @p3, @p4, @p5, @p6, @p7, @p8, @p9, @p10, @p11, @p12);
2026-08-07 20:39:19.934 -06:00 [INF] [AUDITORIA WPC BAJIO] CorrelationId: e7c20f3f-dc5d-4390-a606-ef70d8d86c36 | Action: GET /health | Entity: HttpRequest (404) | User: Anonimo | IP: 127.0.0.1 | Reason: HTTP Response StatusCode: 404 | OldValues: N/A | NewValues: N/A
2026-08-07 20:39:19.939 -06:00 [INF] Request finished HTTP/1.1 GET http://127.0.0.1:5000/health - 404 0 null 21.3339ms
2026-08-07 20:39:19.944 -06:00 [INF] Request reached the end of the middleware pipeline without being handled by application code. Request path: GET http://127.0.0.1:5000/health, Response status code: 404
2026-08-07 20:39:20.480 -06:00 [INF] Request starting HTTP/1.1 GET http://127.0.0.1:5000/health - null null
2026-08-07 20:39:20.489 -06:00 [INF] Executed DbCommand (5ms) [Parameters=[@p0='?' (DbType = Guid), @p1='?' (Size = 100), @p2='?' (Size = 4000), @p3='?' (Size = 4000), @p4='?' (DbType = Boolean), @p5='?' (DbType = DateTime2), @p6='?' (DbType = DateTime2), @p7='?' (Size = 100), @p8='?' (Size = 4000), @p9='?' (Size = 4000), @p10='?' (DbType = Guid), @p11='?' (Size = 4000), @p12='?' (Size = 4000)], CommandType='"Text"', CommandTimeout='30']
SET IMPLICIT_TRANSACTIONS OFF;
SET NOCOUNT ON;
INSERT INTO [AuditLogs] ([Id], [Accion], [DireccionIp], [EntidadId], [EstaActivo], [FechaActualizacionUtc], [FechaCreacionUtc], [IdCorrelacion], [Motivo], [NombreEntidad], [UsuarioId], [ValoresAnterioresJson], [ValoresNuevosJson])
VALUES (@p0, @p1, @p2, @p3, @p4, @p5, @p6, @p7, @p8, @p9, @p10, @p11, @p12);
2026-08-07 20:39:20.492 -06:00 [INF] [AUDITORIA WPC BAJIO] CorrelationId: cc9fd44a-3004-4ce9-b113-c2b8f596bf1b | Action: GET /health | Entity: HttpRequest (404) | User: Anonimo | IP: 127.0.0.1 | Reason: HTTP Response StatusCode: 404 | OldValues: N/A | NewValues: N/A
2026-08-07 20:39:20.497 -06:00 [INF] Request finished HTTP/1.1 GET http://127.0.0.1:5000/health - 404 0 null 17.369ms
2026-08-07 20:39:20.501 -06:00 [INF] Request reached the end of the middleware pipeline without being handled by application code. Request path: GET http://127.0.0.1:5000/health, Response status code: 404
2026-08-07 20:39:21.028 -06:00 [INF] Request starting HTTP/1.1 GET http://127.0.0.1:5000/health - null null
2026-08-07 20:39:21.038 -06:00 [INF] Executed DbCommand (5ms) [Parameters=[@p0='?' (DbType = Guid), @p1='?' (Size = 100), @p2='?' (Size = 4000), @p3='?' (Size = 4000), @p4='?' (DbType = Boolean), @p5='?' (DbType = DateTime2), @p6='?' (DbType = DateTime2), @p7='?' (Size = 100), @p8='?' (Size = 4000), @p9='?' (Size = 4000), @p10='?' (DbType = Guid), @p11='?' (Size = 4000), @p12='?' (Size = 4000)], CommandType='"Text"', CommandTimeout='30']
SET IMPLICIT_TRANSACTIONS OFF;
SET NOCOUNT ON;
INSERT INTO [AuditLogs] ([Id], [Accion], [DireccionIp], [EntidadId], [EstaActivo], [FechaActualizacionUtc], [FechaCreacionUtc], [IdCorrelacion], [Motivo], [NombreEntidad], [UsuarioId], [ValoresAnterioresJson], [ValoresNuevosJson])
VALUES (@p0, @p1, @p2, @p3, @p4, @p5, @p6, @p7, @p8, @p9, @p10, @p11, @p12);
2026-08-07 20:39:21.041 -06:00 [INF] [AUDITORIA WPC BAJIO] CorrelationId: d799dbe5-1f8b-4718-b38d-7f85a2407c12 | Action: GET /health | Entity: HttpRequest (404) | User: Anonimo | IP: 127.0.0.1 | Reason: HTTP Response StatusCode: 404 | OldValues: N/A | NewValues: N/A
2026-08-07 20:39:21.044 -06:00 [INF] Request finished HTTP/1.1 GET http://127.0.0.1:5000/health - 404 0 null 16.29ms
2026-08-07 20:39:21.049 -06:00 [INF] Request reached the end of the middleware pipeline without being handled by application code. Request path: GET http://127.0.0.1:5000/health, Response status code: 404
2026-08-07 20:39:21.574 -06:00 [INF] Request starting HTTP/1.1 GET http://127.0.0.1:5000/health - null null
2026-08-07 20:39:21.587 -06:00 [INF] Executed DbCommand (7ms) [Parameters=[@p0='?' (DbType = Guid), @p1='?' (Size = 100), @p2='?' (Size = 4000), @p3='?' (Size = 4000), @p4='?' (DbType = Boolean), @p5='?' (DbType = DateTime2), @p6='?' (DbType = DateTime2), @p7='?' (Size = 100), @p8='?' (Size = 4000), @p9='?' (Size = 4000), @p10='?' (DbType = Guid), @p11='?' (Size = 4000), @p12='?' (Size = 4000)], CommandType='"Text"', CommandTimeout='30']
SET IMPLICIT_TRANSACTIONS OFF;
SET NOCOUNT ON;
INSERT INTO [AuditLogs] ([Id], [Accion], [DireccionIp], [EntidadId], [EstaActivo], [FechaActualizacionUtc], [FechaCreacionUtc], [IdCorrelacion], [Motivo], [NombreEntidad], [UsuarioId], [ValoresAnterioresJson], [ValoresNuevosJson])
VALUES (@p0, @p1, @p2, @p3, @p4, @p5, @p6, @p7, @p8, @p9, @p10, @p11, @p12);
2026-08-07 20:39:21.591 -06:00 [INF] [AUDITORIA WPC BAJIO] CorrelationId: 4c12ef2b-945b-48f2-8f1c-b12101b90a5b | Action: GET /health | Entity: HttpRequest (404) | User: Anonimo | IP: 127.0.0.1 | Reason: HTTP Response StatusCode: 404 | OldValues: N/A | NewValues: N/A
2026-08-07 20:39:21.595 -06:00 [INF] Request finished HTTP/1.1 GET http://127.0.0.1:5000/health - 404 0 null 20.459ms
2026-08-07 20:39:21.600 -06:00 [INF] Request reached the end of the middleware pipeline without being handled by application code. Request path: GET http://127.0.0.1:5000/health, Response status code: 404
2026-08-07 20:39:22.134 -06:00 [INF] Request starting HTTP/1.1 GET http://127.0.0.1:5000/health - null null
2026-08-07 20:39:22.145 -06:00 [INF] Executed DbCommand (5ms) [Parameters=[@p0='?' (DbType = Guid), @p1='?' (Size = 100), @p2='?' (Size = 4000), @p3='?' (Size = 4000), @p4='?' (DbType = Boolean), @p5='?' (DbType = DateTime2), @p6='?' (DbType = DateTime2), @p7='?' (Size = 100), @p8='?' (Size = 4000), @p9='?' (Size = 4000), @p10='?' (DbType = Guid), @p11='?' (Size = 4000), @p12='?' (Size = 4000)], CommandType='"Text"', CommandTimeout='30']
SET IMPLICIT_TRANSACTIONS OFF;
SET NOCOUNT ON;
INSERT INTO [AuditLogs] ([Id], [Accion], [DireccionIp], [EntidadId], [EstaActivo], [FechaActualizacionUtc], [FechaCreacionUtc], [IdCorrelacion], [Motivo], [NombreEntidad], [UsuarioId], [ValoresAnterioresJson], [ValoresNuevosJson])
VALUES (@p0, @p1, @p2, @p3, @p4, @p5, @p6, @p7, @p8, @p9, @p10, @p11, @p12);
2026-08-07 20:39:22.149 -06:00 [INF] [AUDITORIA WPC BAJIO] CorrelationId: 30500d93-5180-402b-a4f4-c9ba5f265f73 | Action: GET /health | Entity: HttpRequest (404) | User: Anonimo | IP: 127.0.0.1 | Reason: HTTP Response StatusCode: 404 | OldValues: N/A | NewValues: N/A
2026-08-07 20:39:22.154 -06:00 [INF] Request finished HTTP/1.1 GET http://127.0.0.1:5000/health - 404 0 null 20.2351ms
2026-08-07 20:39:22.158 -06:00 [INF] Request reached the end of the middleware pipeline without being handled by application code. Request path: GET http://127.0.0.1:5000/health, Response status code: 404
2026-08-07 20:39:22.695 -06:00 [INF] Request starting HTTP/1.1 GET http://127.0.0.1:5000/health - null null
2026-08-07 20:39:22.703 -06:00 [INF] Executed DbCommand (5ms) [Parameters=[@p0='?' (DbType = Guid), @p1='?' (Size = 100), @p2='?' (Size = 4000), @p3='?' (Size = 4000), @p4='?' (DbType = Boolean), @p5='?' (DbType = DateTime2), @p6='?' (DbType = DateTime2), @p7='?' (Size = 100), @p8='?' (Size = 4000), @p9='?' (Size = 4000), @p10='?' (DbType = Guid), @p11='?' (Size = 4000), @p12='?' (Size = 4000)], CommandType='"Text"', CommandTimeout='30']
SET IMPLICIT_TRANSACTIONS OFF;
SET NOCOUNT ON;
INSERT INTO [AuditLogs] ([Id], [Accion], [DireccionIp], [EntidadId], [EstaActivo], [FechaActualizacionUtc], [FechaCreacionUtc], [IdCorrelacion], [Motivo], [NombreEntidad], [UsuarioId], [ValoresAnterioresJson], [ValoresNuevosJson])
VALUES (@p0, @p1, @p2, @p3, @p4, @p5, @p6, @p7, @p8, @p9, @p10, @p11, @p12);
2026-08-07 20:39:22.706 -06:00 [INF] [AUDITORIA WPC BAJIO] CorrelationId: e225eb1b-30f9-4c46-97af-3e88a889f5ef | Action: GET /health | Entity: HttpRequest (404) | User: Anonimo | IP: 127.0.0.1 | Reason: HTTP Response StatusCode: 404 | OldValues: N/A | NewValues: N/A
2026-08-07 20:39:22.710 -06:00 [INF] Request finished HTTP/1.1 GET http://127.0.0.1:5000/health - 404 0 null 14.9668ms
2026-08-07 20:39:22.713 -06:00 [INF] Request reached the end of the middleware pipeline without being handled by application code. Request path: GET http://127.0.0.1:5000/health, Response status code: 404
2026-08-07 20:39:23.243 -06:00 [INF] Request starting HTTP/1.1 GET http://127.0.0.1:5000/health - null null
2026-08-07 20:39:23.254 -06:00 [INF] Executed DbCommand (7ms) [Parameters=[@p0='?' (DbType = Guid), @p1='?' (Size = 100), @p2='?' (Size = 4000), @p3='?' (Size = 4000), @p4='?' (DbType = Boolean), @p5='?' (DbType = DateTime2), @p6='?' (DbType = DateTime2), @p7='?' (Size = 100), @p8='?' (Size = 4000), @p9='?' (Size = 4000), @p10='?' (DbType = Guid), @p11='?' (Size = 4000), @p12='?' (Size = 4000)], CommandType='"Text"', CommandTimeout='30']
SET IMPLICIT_TRANSACTIONS OFF;
SET NOCOUNT ON;
INSERT INTO [AuditLogs] ([Id], [Accion], [DireccionIp], [EntidadId], [EstaActivo], [FechaActualizacionUtc], [FechaCreacionUtc], [IdCorrelacion], [Motivo], [NombreEntidad], [UsuarioId], [ValoresAnterioresJson], [ValoresNuevosJson])
VALUES (@p0, @p1, @p2, @p3, @p4, @p5, @p6, @p7, @p8, @p9, @p10, @p11, @p12);
2026-08-07 20:39:23.258 -06:00 [INF] [AUDITORIA WPC BAJIO] CorrelationId: 11454169-164d-4e11-a824-b4cab6321510 | Action: GET /health | Entity: HttpRequest (404) | User: Anonimo | IP: 127.0.0.1 | Reason: HTTP Response StatusCode: 404 | OldValues: N/A | NewValues: N/A
2026-08-07 20:39:23.262 -06:00 [INF] Request finished HTTP/1.1 GET http://127.0.0.1:5000/health - 404 0 null 19.2129ms
2026-08-07 20:39:23.266 -06:00 [INF] Request reached the end of the middleware pipeline without being handled by application code. Request path: GET http://127.0.0.1:5000/health, Response status code: 404
2026-08-07 20:39:23.802 -06:00 [INF] Request starting HTTP/1.1 GET http://127.0.0.1:5000/health - null null
2026-08-07 20:39:23.810 -06:00 [INF] Executed DbCommand (4ms) [Parameters=[@p0='?' (DbType = Guid), @p1='?' (Size = 100), @p2='?' (Size = 4000), @p3='?' (Size = 4000), @p4='?' (DbType = Boolean), @p5='?' (DbType = DateTime2), @p6='?' (DbType = DateTime2), @p7='?' (Size = 100), @p8='?' (Size = 4000), @p9='?' (Size = 4000), @p10='?' (DbType = Guid), @p11='?' (Size = 4000), @p12='?' (Size = 4000)], CommandType='"Text"', CommandTimeout='30']
SET IMPLICIT_TRANSACTIONS OFF;
SET NOCOUNT ON;
INSERT INTO [AuditLogs] ([Id], [Accion], [DireccionIp], [EntidadId], [EstaActivo], [FechaActualizacionUtc], [FechaCreacionUtc], [IdCorrelacion], [Motivo], [NombreEntidad], [UsuarioId], [ValoresAnterioresJson], [ValoresNuevosJson])
VALUES (@p0, @p1, @p2, @p3, @p4, @p5, @p6, @p7, @p8, @p9, @p10, @p11, @p12);
2026-08-07 20:39:23.813 -06:00 [INF] [AUDITORIA WPC BAJIO] CorrelationId: 3cbfbb35-2fd0-4e48-bfd8-cf52e972ef42 | Action: GET /health | Entity: HttpRequest (404) | User: Anonimo | IP: 127.0.0.1 | Reason: HTTP Response StatusCode: 404 | OldValues: N/A | NewValues: N/A
2026-08-07 20:39:23.818 -06:00 [INF] Request finished HTTP/1.1 GET http://127.0.0.1:5000/health - 404 0 null 16.1334ms
2026-08-07 20:39:23.823 -06:00 [INF] Request reached the end of the middleware pipeline without being handled by application code. Request path: GET http://127.0.0.1:5000/health, Response status code: 404
2026-08-07 20:39:24.345 -06:00 [INF] Request starting HTTP/1.1 GET http://127.0.0.1:5000/health - null null
2026-08-07 20:39:24.358 -06:00 [INF] Executed DbCommand (7ms) [Parameters=[@p0='?' (DbType = Guid), @p1='?' (Size = 100), @p2='?' (Size = 4000), @p3='?' (Size = 4000), @p4='?' (DbType = Boolean), @p5='?' (DbType = DateTime2), @p6='?' (DbType = DateTime2), @p7='?' (Size = 100), @p8='?' (Size = 4000), @p9='?' (Size = 4000), @p10='?' (DbType = Guid), @p11='?' (Size = 4000), @p12='?' (Size = 4000)], CommandType='"Text"', CommandTimeout='30']
SET IMPLICIT_TRANSACTIONS OFF;
SET NOCOUNT ON;
INSERT INTO [AuditLogs] ([Id], [Accion], [DireccionIp], [EntidadId], [EstaActivo], [FechaActualizacionUtc], [FechaCreacionUtc], [IdCorrelacion], [Motivo], [NombreEntidad], [UsuarioId], [ValoresAnterioresJson], [ValoresNuevosJson])
VALUES (@p0, @p1, @p2, @p3, @p4, @p5, @p6, @p7, @p8, @p9, @p10, @p11, @p12);
2026-08-07 20:39:24.362 -06:00 [INF] [AUDITORIA WPC BAJIO] CorrelationId: e421f25e-90ee-44ae-9a02-a774548f971e | Action: GET /health | Entity: HttpRequest (404) | User: Anonimo | IP: 127.0.0.1 | Reason: HTTP Response StatusCode: 404 | OldValues: N/A | NewValues: N/A
2026-08-07 20:39:24.366 -06:00 [INF] Request finished HTTP/1.1 GET http://127.0.0.1:5000/health - 404 0 null 20.8205ms
2026-08-07 20:39:24.370 -06:00 [INF] Request reached the end of the middleware pipeline without being handled by application code. Request path: GET http://127.0.0.1:5000/health, Response status code: 404
2026-08-07 20:39:24.906 -06:00 [INF] Request starting HTTP/1.1 GET http://127.0.0.1:5000/health - null null
2026-08-07 20:39:24.915 -06:00 [INF] Executed DbCommand (5ms) [Parameters=[@p0='?' (DbType = Guid), @p1='?' (Size = 100), @p2='?' (Size = 4000), @p3='?' (Size = 4000), @p4='?' (DbType = Boolean), @p5='?' (DbType = DateTime2), @p6='?' (DbType = DateTime2), @p7='?' (Size = 100), @p8='?' (Size = 4000), @p9='?' (Size = 4000), @p10='?' (DbType = Guid), @p11='?' (Size = 4000), @p12='?' (Size = 4000)], CommandType='"Text"', CommandTimeout='30']
SET IMPLICIT_TRANSACTIONS OFF;
SET NOCOUNT ON;
INSERT INTO [AuditLogs] ([Id], [Accion], [DireccionIp], [EntidadId], [EstaActivo], [FechaActualizacionUtc], [FechaCreacionUtc], [IdCorrelacion], [Motivo], [NombreEntidad], [UsuarioId], [ValoresAnterioresJson], [ValoresNuevosJson])
VALUES (@p0, @p1, @p2, @p3, @p4, @p5, @p6, @p7, @p8, @p9, @p10, @p11, @p12);
2026-08-07 20:39:24.918 -06:00 [INF] [AUDITORIA WPC BAJIO] CorrelationId: a08387fe-8f9e-4f0a-a15d-9157cf3bf31a | Action: GET /health | Entity: HttpRequest (404) | User: Anonimo | IP: 127.0.0.1 | Reason: HTTP Response StatusCode: 404 | OldValues: N/A | NewValues: N/A
2026-08-07 20:39:24.923 -06:00 [INF] Request finished HTTP/1.1 GET http://127.0.0.1:5000/health - 404 0 null 16.896ms
2026-08-07 20:39:24.931 -06:00 [INF] Request reached the end of the middleware pipeline without being handled by application code. Request path: GET http://127.0.0.1:5000/health, Response status code: 404
2026-08-07 20:39:25.469 -06:00 [INF] Request starting HTTP/1.1 GET http://127.0.0.1:5000/health - null null
2026-08-07 20:39:25.480 -06:00 [INF] Executed DbCommand (7ms) [Parameters=[@p0='?' (DbType = Guid), @p1='?' (Size = 100), @p2='?' (Size = 4000), @p3='?' (Size = 4000), @p4='?' (DbType = Boolean), @p5='?' (DbType = DateTime2), @p6='?' (DbType = DateTime2), @p7='?' (Size = 100), @p8='?' (Size = 4000), @p9='?' (Size = 4000), @p10='?' (DbType = Guid), @p11='?' (Size = 4000), @p12='?' (Size = 4000)], CommandType='"Text"', CommandTimeout='30']
SET IMPLICIT_TRANSACTIONS OFF;
SET NOCOUNT ON;
INSERT INTO [AuditLogs] ([Id], [Accion], [DireccionIp], [EntidadId], [EstaActivo], [FechaActualizacionUtc], [FechaCreacionUtc], [IdCorrelacion], [Motivo], [NombreEntidad], [UsuarioId], [ValoresAnterioresJson], [ValoresNuevosJson])
VALUES (@p0, @p1, @p2, @p3, @p4, @p5, @p6, @p7, @p8, @p9, @p10, @p11, @p12);
2026-08-07 20:39:25.485 -06:00 [INF] [AUDITORIA WPC BAJIO] CorrelationId: 554f72f1-f30d-4b27-a314-a375a6e1eaf5 | Action: GET /health | Entity: HttpRequest (404) | User: Anonimo | IP: 127.0.0.1 | Reason: HTTP Response StatusCode: 404 | OldValues: N/A | NewValues: N/A
2026-08-07 20:39:25.489 -06:00 [INF] Request finished HTTP/1.1 GET http://127.0.0.1:5000/health - 404 0 null 20.1274ms
2026-08-07 20:39:25.495 -06:00 [INF] Request reached the end of the middleware pipeline without being handled by application code. Request path: GET http://127.0.0.1:5000/health, Response status code: 404
2026-08-07 20:39:26.030 -06:00 [INF] Request starting HTTP/1.1 GET http://127.0.0.1:5000/health - null null
2026-08-07 20:39:26.039 -06:00 [INF] Executed DbCommand (5ms) [Parameters=[@p0='?' (DbType = Guid), @p1='?' (Size = 100), @p2='?' (Size = 4000), @p3='?' (Size = 4000), @p4='?' (DbType = Boolean), @p5='?' (DbType = DateTime2), @p6='?' (DbType = DateTime2), @p7='?' (Size = 100), @p8='?' (Size = 4000), @p9='?' (Size = 4000), @p10='?' (DbType = Guid), @p11='?' (Size = 4000), @p12='?' (Size = 4000)], CommandType='"Text"', CommandTimeout='30']
SET IMPLICIT_TRANSACTIONS OFF;
SET NOCOUNT ON;
INSERT INTO [AuditLogs] ([Id], [Accion], [DireccionIp], [EntidadId], [EstaActivo], [FechaActualizacionUtc], [FechaCreacionUtc], [IdCorrelacion], [Motivo], [NombreEntidad], [UsuarioId], [ValoresAnterioresJson], [ValoresNuevosJson])
VALUES (@p0, @p1, @p2, @p3, @p4, @p5, @p6, @p7, @p8, @p9, @p10, @p11, @p12);
2026-08-07 20:39:26.043 -06:00 [INF] [AUDITORIA WPC BAJIO] CorrelationId: 9868ebe9-0eb1-4f6f-877d-61818ce91710 | Action: GET /health | Entity: HttpRequest (404) | User: Anonimo | IP: 127.0.0.1 | Reason: HTTP Response StatusCode: 404 | OldValues: N/A | NewValues: N/A
2026-08-07 20:39:26.046 -06:00 [INF] Request finished HTTP/1.1 GET http://127.0.0.1:5000/health - 404 0 null 16.4366ms
2026-08-07 20:39:26.050 -06:00 [INF] Request reached the end of the middleware pipeline without being handled by application code. Request path: GET http://127.0.0.1:5000/health, Response status code: 404
2026-08-07 20:39:26.590 -06:00 [INF] Request starting HTTP/1.1 GET http://127.0.0.1:5000/health - null null
2026-08-07 20:39:26.598 -06:00 [INF] Executed DbCommand (4ms) [Parameters=[@p0='?' (DbType = Guid), @p1='?' (Size = 100), @p2='?' (Size = 4000), @p3='?' (Size = 4000), @p4='?' (DbType = Boolean), @p5='?' (DbType = DateTime2), @p6='?' (DbType = DateTime2), @p7='?' (Size = 100), @p8='?' (Size = 4000), @p9='?' (Size = 4000), @p10='?' (DbType = Guid), @p11='?' (Size = 4000), @p12='?' (Size = 4000)], CommandType='"Text"', CommandTimeout='30']
SET IMPLICIT_TRANSACTIONS OFF;
SET NOCOUNT ON;
INSERT INTO [AuditLogs] ([Id], [Accion], [DireccionIp], [EntidadId], [EstaActivo], [FechaActualizacionUtc], [FechaCreacionUtc], [IdCorrelacion], [Motivo], [NombreEntidad], [UsuarioId], [ValoresAnterioresJson], [ValoresNuevosJson])
VALUES (@p0, @p1, @p2, @p3, @p4, @p5, @p6, @p7, @p8, @p9, @p10, @p11, @p12);
2026-08-07 20:39:26.602 -06:00 [INF] [AUDITORIA WPC BAJIO] CorrelationId: ff6b849e-6f56-45aa-abd5-3f0d413a2ea7 | Action: GET /health | Entity: HttpRequest (404) | User: Anonimo | IP: 127.0.0.1 | Reason: HTTP Response StatusCode: 404 | OldValues: N/A | NewValues: N/A
2026-08-07 20:39:26.606 -06:00 [INF] Request finished HTTP/1.1 GET http://127.0.0.1:5000/health - 404 0 null 16.7017ms
2026-08-07 20:39:26.610 -06:00 [INF] Request reached the end of the middleware pipeline without being handled by application code. Request path: GET http://127.0.0.1:5000/health, Response status code: 404
2026-08-07 20:41:57.012 -06:00 [INF] Request starting HTTP/1.1 GET http://localhost:5000/api/v1/sales - application/json null
2026-08-07 20:41:57.016 -06:00 [INF] Request starting HTTP/1.1 GET http://localhost:5000/api/v1/products? - application/json null
2026-08-07 20:41:57.017 -06:00 [INF] Request starting HTTP/1.1 GET http://localhost:5000/api/v1/customers? - application/json null
2026-08-07 20:41:57.200 -06:00 [INF] Failed to validate the token.
Microsoft.IdentityModel.Tokens.SecurityTokenExpiredException: IDX10223: Lifetime validation failed. The token is expired. ValidTo (UTC): '05/08/2026 02:31:31 p. m.', Current time (UTC): '08/08/2026 02:41:57 a. m.'.
   at Microsoft.IdentityModel.Tokens.ValidatorUtilities.ValidateLifetime(Nullable`1 notBefore, Nullable`1 expires, SecurityToken securityToken, TokenValidationParameters validationParameters)
   at Microsoft.IdentityModel.Tokens.Validators.ValidateLifetime(Nullable`1 notBefore, Nullable`1 expires, SecurityToken securityToken, TokenValidationParameters validationParameters)
   at Microsoft.IdentityModel.JsonWebTokens.JsonWebTokenHandler.ValidateTokenPayloadAsync(JsonWebToken jsonWebToken, TokenValidationParameters validationParameters, BaseConfiguration configuration)
   at Microsoft.IdentityModel.JsonWebTokens.JsonWebTokenHandler.ValidateJWSAsync(JsonWebToken jsonWebToken, TokenValidationParameters validationParameters, BaseConfiguration configuration)
2026-08-07 20:41:57.200 -06:00 [INF] Failed to validate the token.
Microsoft.IdentityModel.Tokens.SecurityTokenExpiredException: IDX10223: Lifetime validation failed. The token is expired. ValidTo (UTC): '05/08/2026 02:31:31 p. m.', Current time (UTC): '08/08/2026 02:41:57 a. m.'.
   at Microsoft.IdentityModel.Tokens.ValidatorUtilities.ValidateLifetime(Nullable`1 notBefore, Nullable`1 expires, SecurityToken securityToken, TokenValidationParameters validationParameters)
   at Microsoft.IdentityModel.Tokens.Validators.ValidateLifetime(Nullable`1 notBefore, Nullable`1 expires, SecurityToken securityToken, TokenValidationParameters validationParameters)
   at Microsoft.IdentityModel.JsonWebTokens.JsonWebTokenHandler.ValidateTokenPayloadAsync(JsonWebToken jsonWebToken, TokenValidationParameters validationParameters, BaseConfiguration configuration)
   at Microsoft.IdentityModel.JsonWebTokens.JsonWebTokenHandler.ValidateJWSAsync(JsonWebToken jsonWebToken, TokenValidationParameters validationParameters, BaseConfiguration configuration)
2026-08-07 20:41:57.202 -06:00 [INF] Failed to validate the token.
Microsoft.IdentityModel.Tokens.SecurityTokenExpiredException: IDX10223: Lifetime validation failed. The token is expired. ValidTo (UTC): '05/08/2026 02:31:31 p. m.', Current time (UTC): '08/08/2026 02:41:57 a. m.'.
   at Microsoft.IdentityModel.Tokens.ValidatorUtilities.ValidateLifetime(Nullable`1 notBefore, Nullable`1 expires, SecurityToken securityToken, TokenValidationParameters validationParameters)
   at Microsoft.IdentityModel.Tokens.Validators.ValidateLifetime(Nullable`1 notBefore, Nullable`1 expires, SecurityToken securityToken, TokenValidationParameters validationParameters)
   at Microsoft.IdentityModel.JsonWebTokens.JsonWebTokenHandler.ValidateTokenPayloadAsync(JsonWebToken jsonWebToken, TokenValidationParameters validationParameters, BaseConfiguration configuration)
   at Microsoft.IdentityModel.JsonWebTokens.JsonWebTokenHandler.ValidateJWSAsync(JsonWebToken jsonWebToken, TokenValidationParameters validationParameters, BaseConfiguration configuration)
2026-08-07 20:41:57.236 -06:00 [INF] Bearer was not authenticated. Failure message: IDX10223: Lifetime validation failed. The token is expired. ValidTo (UTC): '05/08/2026 02:31:31 p. m.', Current time (UTC): '08/08/2026 02:41:57 a. m.'.
2026-08-07 20:41:57.240 -06:00 [INF] Bearer was not authenticated. Failure message: IDX10223: Lifetime validation failed. The token is expired. ValidTo (UTC): '05/08/2026 02:31:31 p. m.', Current time (UTC): '08/08/2026 02:41:57 a. m.'.
2026-08-07 20:41:57.252 -06:00 [INF] Bearer was not authenticated. Failure message: IDX10223: Lifetime validation failed. The token is expired. ValidTo (UTC): '05/08/2026 02:31:31 p. m.', Current time (UTC): '08/08/2026 02:41:57 a. m.'.
2026-08-07 20:41:57.266 -06:00 [INF] Authorization failed. These requirements were not met:
DenyAnonymousAuthorizationRequirement: Requires an authenticated user.
ClaimsAuthorizationRequirement:Claim.Type=permission and Claim.Value is one of the following values: (catalogo:productos_ver)
2026-08-07 20:41:57.266 -06:00 [INF] Authorization failed. These requirements were not met:
DenyAnonymousAuthorizationRequirement: Requires an authenticated user.
ClaimsAuthorizationRequirement:Claim.Type=permission and Claim.Value is one of the following values: (ventas:historial)
2026-08-07 20:41:57.267 -06:00 [INF] Authorization failed. These requirements were not met:
DenyAnonymousAuthorizationRequirement: Requires an authenticated user.
ClaimsAuthorizationRequirement:Claim.Type=permission and Claim.Value is one of the following values: (clientes:ver)
2026-08-07 20:41:57.274 -06:00 [INF] AuthenticationScheme: Bearer was challenged.
2026-08-07 20:41:57.274 -06:00 [INF] AuthenticationScheme: Bearer was challenged.
2026-08-07 20:41:57.275 -06:00 [INF] AuthenticationScheme: Bearer was challenged.
2026-08-07 20:41:57.299 -06:00 [INF] Executed DbCommand (15ms) [Parameters=[@p0='?' (DbType = Guid), @p1='?' (Size = 100), @p2='?' (Size = 4000), @p3='?' (Size = 4000), @p4='?' (DbType = Boolean), @p5='?' (DbType = DateTime2), @p6='?' (DbType = DateTime2), @p7='?' (Size = 100), @p8='?' (Size = 4000), @p9='?' (Size = 4000), @p10='?' (DbType = Guid), @p11='?' (Size = 4000), @p12='?' (Size = 4000)], CommandType='"Text"', CommandTimeout='30']
SET IMPLICIT_TRANSACTIONS OFF;
SET NOCOUNT ON;
INSERT INTO [AuditLogs] ([Id], [Accion], [DireccionIp], [EntidadId], [EstaActivo], [FechaActualizacionUtc], [FechaCreacionUtc], [IdCorrelacion], [Motivo], [NombreEntidad], [UsuarioId], [ValoresAnterioresJson], [ValoresNuevosJson])
VALUES (@p0, @p1, @p2, @p3, @p4, @p5, @p6, @p7, @p8, @p9, @p10, @p11, @p12);
2026-08-07 20:41:57.302 -06:00 [INF] Executed DbCommand (3ms) [Parameters=[@p0='?' (DbType = Guid), @p1='?' (Size = 100), @p2='?' (Size = 4000), @p3='?' (Size = 4000), @p4='?' (DbType = Boolean), @p5='?' (DbType = DateTime2), @p6='?' (DbType = DateTime2), @p7='?' (Size = 100), @p8='?' (Size = 4000), @p9='?' (Size = 4000), @p10='?' (DbType = Guid), @p11='?' (Size = 4000), @p12='?' (Size = 4000)], CommandType='"Text"', CommandTimeout='30']
SET IMPLICIT_TRANSACTIONS OFF;
SET NOCOUNT ON;
INSERT INTO [AuditLogs] ([Id], [Accion], [DireccionIp], [EntidadId], [EstaActivo], [FechaActualizacionUtc], [FechaCreacionUtc], [IdCorrelacion], [Motivo], [NombreEntidad], [UsuarioId], [ValoresAnterioresJson], [ValoresNuevosJson])
VALUES (@p0, @p1, @p2, @p3, @p4, @p5, @p6, @p7, @p8, @p9, @p10, @p11, @p12);
2026-08-07 20:41:57.307 -06:00 [INF] [AUDITORIA WPC BAJIO] CorrelationId: 2efa356b-5356-4280-a489-5bd8cbbbf00f | Action: GET /api/v1/products | Entity: HttpRequest (401) | User: Anonimo | IP: ::1 | Reason: HTTP Response StatusCode: 401 | OldValues: N/A | NewValues: N/A
2026-08-07 20:41:57.308 -06:00 [INF] Executed DbCommand (2ms) [Parameters=[@p0='?' (DbType = Guid), @p1='?' (Size = 100), @p2='?' (Size = 4000), @p3='?' (Size = 4000), @p4='?' (DbType = Boolean), @p5='?' (DbType = DateTime2), @p6='?' (DbType = DateTime2), @p7='?' (Size = 100), @p8='?' (Size = 4000), @p9='?' (Size = 4000), @p10='?' (DbType = Guid), @p11='?' (Size = 4000), @p12='?' (Size = 4000)], CommandType='"Text"', CommandTimeout='30']
SET IMPLICIT_TRANSACTIONS OFF;
SET NOCOUNT ON;
INSERT INTO [AuditLogs] ([Id], [Accion], [DireccionIp], [EntidadId], [EstaActivo], [FechaActualizacionUtc], [FechaCreacionUtc], [IdCorrelacion], [Motivo], [NombreEntidad], [UsuarioId], [ValoresAnterioresJson], [ValoresNuevosJson])
VALUES (@p0, @p1, @p2, @p3, @p4, @p5, @p6, @p7, @p8, @p9, @p10, @p11, @p12);
2026-08-07 20:41:57.310 -06:00 [INF] [AUDITORIA WPC BAJIO] CorrelationId: 29d33600-0905-4b1c-8a89-14f9010fe03a | Action: GET /api/v1/customers | Entity: HttpRequest (401) | User: Anonimo | IP: ::1 | Reason: HTTP Response StatusCode: 401 | OldValues: N/A | NewValues: N/A
2026-08-07 20:41:57.313 -06:00 [INF] Request finished HTTP/1.1 GET http://localhost:5000/api/v1/products? - 401 0 null 296.7698ms
2026-08-07 20:41:57.316 -06:00 [INF] [AUDITORIA WPC BAJIO] CorrelationId: f8e80300-c3d1-4b04-a854-6cd053907c36 | Action: GET /api/v1/sales | Entity: HttpRequest (401) | User: Anonimo | IP: ::1 | Reason: HTTP Response StatusCode: 401 | OldValues: N/A | NewValues: N/A
2026-08-07 20:41:57.332 -06:00 [INF] Request finished HTTP/1.1 GET http://localhost:5000/api/v1/sales - 401 0 null 319.744ms
2026-08-07 20:41:57.322 -06:00 [INF] Request starting HTTP/1.1 GET http://localhost:5000/api/v1/products? - application/json null
2026-08-07 20:41:57.325 -06:00 [INF] Request starting HTTP/1.1 POST http://localhost:5000/api/v1/auth/refresh-token - application/json 107
2026-08-07 20:41:57.351 -06:00 [INF] CORS policy execution failed.
2026-08-07 20:41:57.352 -06:00 [INF] Request origin http://127.0.0.1:5173 does not have permission to access the resource.
2026-08-07 20:41:57.354 -06:00 [INF] Failed to validate the token.
Microsoft.IdentityModel.Tokens.SecurityTokenExpiredException: IDX10223: Lifetime validation failed. The token is expired. ValidTo (UTC): '05/08/2026 02:31:31 p. m.', Current time (UTC): '08/08/2026 02:41:57 a. m.'.
   at Microsoft.IdentityModel.Tokens.ValidatorUtilities.ValidateLifetime(Nullable`1 notBefore, Nullable`1 expires, SecurityToken securityToken, TokenValidationParameters validationParameters)
   at Microsoft.IdentityModel.Tokens.Validators.ValidateLifetime(Nullable`1 notBefore, Nullable`1 expires, SecurityToken securityToken, TokenValidationParameters validationParameters)
   at Microsoft.IdentityModel.JsonWebTokens.JsonWebTokenHandler.ValidateTokenPayloadAsync(JsonWebToken jsonWebToken, TokenValidationParameters validationParameters, BaseConfiguration configuration)
   at Microsoft.IdentityModel.JsonWebTokens.JsonWebTokenHandler.ValidateJWSAsync(JsonWebToken jsonWebToken, TokenValidationParameters validationParameters, BaseConfiguration configuration)
2026-08-07 20:41:57.328 -06:00 [INF] Request starting HTTP/1.1 GET http://localhost:5000/api/v1/customers? - application/json null
2026-08-07 20:41:57.341 -06:00 [INF] Request starting HTTP/1.1 GET http://localhost:5000/api/v1/sales - application/json null
2026-08-07 20:41:57.390 -06:00 [INF] Failed to validate the token.
Microsoft.IdentityModel.Tokens.SecurityTokenExpiredException: IDX10223: Lifetime validation failed. The token is expired. ValidTo (UTC): '05/08/2026 02:31:31 p. m.', Current time (UTC): '08/08/2026 02:41:57 a. m.'.
   at Microsoft.IdentityModel.Tokens.ValidatorUtilities.ValidateLifetime(Nullable`1 notBefore, Nullable`1 expires, SecurityToken securityToken, TokenValidationParameters validationParameters)
   at Microsoft.IdentityModel.Tokens.Validators.ValidateLifetime(Nullable`1 notBefore, Nullable`1 expires, SecurityToken securityToken, TokenValidationParameters validationParameters)
   at Microsoft.IdentityModel.JsonWebTokens.JsonWebTokenHandler.ValidateTokenPayloadAsync(JsonWebToken jsonWebToken, TokenValidationParameters validationParameters, BaseConfiguration configuration)
   at Microsoft.IdentityModel.JsonWebTokens.JsonWebTokenHandler.ValidateJWSAsync(JsonWebToken jsonWebToken, TokenValidationParameters validationParameters, BaseConfiguration configuration)
2026-08-07 20:41:57.324 -06:00 [INF] Request finished HTTP/1.1 GET http://localhost:5000/api/v1/customers? - 401 0 null 307.127ms
2026-08-07 20:41:57.358 -06:00 [INF] Bearer was not authenticated. Failure message: IDX10223: Lifetime validation failed. The token is expired. ValidTo (UTC): '05/08/2026 02:31:31 p. m.', Current time (UTC): '08/08/2026 02:41:57 a. m.'.
2026-08-07 20:41:57.377 -06:00 [INF] Failed to validate the token.
Microsoft.IdentityModel.Tokens.SecurityTokenExpiredException: IDX10223: Lifetime validation failed. The token is expired. ValidTo (UTC): '05/08/2026 02:31:31 p. m.', Current time (UTC): '08/08/2026 02:41:57 a. m.'.
   at Microsoft.IdentityModel.Tokens.ValidatorUtilities.ValidateLifetime(Nullable`1 notBefore, Nullable`1 expires, SecurityToken securityToken, TokenValidationParameters validationParameters)
   at Microsoft.IdentityModel.Tokens.Validators.ValidateLifetime(Nullable`1 notBefore, Nullable`1 expires, SecurityToken securityToken, TokenValidationParameters validationParameters)
   at Microsoft.IdentityModel.JsonWebTokens.JsonWebTokenHandler.ValidateTokenPayloadAsync(JsonWebToken jsonWebToken, TokenValidationParameters validationParameters, BaseConfiguration configuration)
   at Microsoft.IdentityModel.JsonWebTokens.JsonWebTokenHandler.ValidateJWSAsync(JsonWebToken jsonWebToken, TokenValidationParameters validationParameters, BaseConfiguration configuration)
2026-08-07 20:41:57.345 -06:00 [INF] Failed to validate the token.
Microsoft.IdentityModel.Tokens.SecurityTokenExpiredException: IDX10223: Lifetime validation failed. The token is expired. ValidTo (UTC): '05/08/2026 02:31:31 p. m.', Current time (UTC): '08/08/2026 02:41:57 a. m.'.
   at Microsoft.IdentityModel.Tokens.ValidatorUtilities.ValidateLifetime(Nullable`1 notBefore, Nullable`1 expires, SecurityToken securityToken, TokenValidationParameters validationParameters)
   at Microsoft.IdentityModel.Tokens.Validators.ValidateLifetime(Nullable`1 notBefore, Nullable`1 expires, SecurityToken securityToken, TokenValidationParameters validationParameters)
   at Microsoft.IdentityModel.JsonWebTokens.JsonWebTokenHandler.ValidateTokenPayloadAsync(JsonWebToken jsonWebToken, TokenValidationParameters validationParameters, BaseConfiguration configuration)
   at Microsoft.IdentityModel.JsonWebTokens.JsonWebTokenHandler.ValidateJWSAsync(JsonWebToken jsonWebToken, TokenValidationParameters validationParameters, BaseConfiguration configuration)
2026-08-07 20:41:57.392 -06:00 [INF] Bearer was not authenticated. Failure message: IDX10223: Lifetime validation failed. The token is expired. ValidTo (UTC): '05/08/2026 02:31:31 p. m.', Current time (UTC): '08/08/2026 02:41:57 a. m.'.
2026-08-07 20:41:57.410 -06:00 [INF] Executing endpoint 'Pos.Api.Controllers.v1.AuthController.RefreshToken (Pos.Api)'
2026-08-07 20:41:57.415 -06:00 [INF] Bearer was not authenticated. Failure message: IDX10223: Lifetime validation failed. The token is expired. ValidTo (UTC): '05/08/2026 02:31:31 p. m.', Current time (UTC): '08/08/2026 02:41:57 a. m.'.
2026-08-07 20:41:57.421 -06:00 [INF] Bearer was not authenticated. Failure message: IDX10223: Lifetime validation failed. The token is expired. ValidTo (UTC): '05/08/2026 02:31:31 p. m.', Current time (UTC): '08/08/2026 02:41:57 a. m.'.
2026-08-07 20:41:57.426 -06:00 [INF] Authorization failed. These requirements were not met:
DenyAnonymousAuthorizationRequirement: Requires an authenticated user.
ClaimsAuthorizationRequirement:Claim.Type=permission and Claim.Value is one of the following values: (ventas:historial)
2026-08-07 20:41:57.432 -06:00 [INF] Authorization failed. These requirements were not met:
DenyAnonymousAuthorizationRequirement: Requires an authenticated user.
ClaimsAuthorizationRequirement:Claim.Type=permission and Claim.Value is one of the following values: (clientes:ver)
2026-08-07 20:41:57.436 -06:00 [INF] Authorization failed. These requirements were not met:
DenyAnonymousAuthorizationRequirement: Requires an authenticated user.
ClaimsAuthorizationRequirement:Claim.Type=permission and Claim.Value is one of the following values: (catalogo:productos_ver)
2026-08-07 20:41:57.437 -06:00 [INF] AuthenticationScheme: Bearer was challenged.
2026-08-07 20:41:57.439 -06:00 [INF] AuthenticationScheme: Bearer was challenged.
2026-08-07 20:41:57.440 -06:00 [INF] AuthenticationScheme: Bearer was challenged.
2026-08-07 20:41:57.452 -06:00 [INF] Route matched with {action = "RefreshToken", controller = "Auth"}. Executing controller action with signature System.Threading.Tasks.Task`1[Microsoft.AspNetCore.Mvc.ActionResult`1[Pos.Application.Auth.DTOs.AuthResponseDto]] RefreshToken(Pos.Application.Auth.DTOs.RefreshTokenRequestDto, System.Threading.CancellationToken) on controller Pos.Api.Controllers.v1.AuthController (Pos.Api).
2026-08-07 20:41:57.454 -06:00 [INF] Executed DbCommand (8ms) [Parameters=[@p0='?' (DbType = Guid), @p1='?' (Size = 100), @p2='?' (Size = 4000), @p3='?' (Size = 4000), @p4='?' (DbType = Boolean), @p5='?' (DbType = DateTime2), @p6='?' (DbType = DateTime2), @p7='?' (Size = 100), @p8='?' (Size = 4000), @p9='?' (Size = 4000), @p10='?' (DbType = Guid), @p11='?' (Size = 4000), @p12='?' (Size = 4000)], CommandType='"Text"', CommandTimeout='30']
SET IMPLICIT_TRANSACTIONS OFF;
SET NOCOUNT ON;
INSERT INTO [AuditLogs] ([Id], [Accion], [DireccionIp], [EntidadId], [EstaActivo], [FechaActualizacionUtc], [FechaCreacionUtc], [IdCorrelacion], [Motivo], [NombreEntidad], [UsuarioId], [ValoresAnterioresJson], [ValoresNuevosJson])
VALUES (@p0, @p1, @p2, @p3, @p4, @p5, @p6, @p7, @p8, @p9, @p10, @p11, @p12);
2026-08-07 20:41:57.456 -06:00 [INF] Executed DbCommand (12ms) [Parameters=[@p0='?' (DbType = Guid), @p1='?' (Size = 100), @p2='?' (Size = 4000), @p3='?' (Size = 4000), @p4='?' (DbType = Boolean), @p5='?' (DbType = DateTime2), @p6='?' (DbType = DateTime2), @p7='?' (Size = 100), @p8='?' (Size = 4000), @p9='?' (Size = 4000), @p10='?' (DbType = Guid), @p11='?' (Size = 4000), @p12='?' (Size = 4000)], CommandType='"Text"', CommandTimeout='30']
SET IMPLICIT_TRANSACTIONS OFF;
SET NOCOUNT ON;
INSERT INTO [AuditLogs] ([Id], [Accion], [DireccionIp], [EntidadId], [EstaActivo], [FechaActualizacionUtc], [FechaCreacionUtc], [IdCorrelacion], [Motivo], [NombreEntidad], [UsuarioId], [ValoresAnterioresJson], [ValoresNuevosJson])
VALUES (@p0, @p1, @p2, @p3, @p4, @p5, @p6, @p7, @p8, @p9, @p10, @p11, @p12);
2026-08-07 20:41:57.464 -06:00 [INF] Executed DbCommand (21ms) [Parameters=[@p0='?' (DbType = Guid), @p1='?' (Size = 100), @p2='?' (Size = 4000), @p3='?' (Size = 4000), @p4='?' (DbType = Boolean), @p5='?' (DbType = DateTime2), @p6='?' (DbType = DateTime2), @p7='?' (Size = 100), @p8='?' (Size = 4000), @p9='?' (Size = 4000), @p10='?' (DbType = Guid), @p11='?' (Size = 4000), @p12='?' (Size = 4000)], CommandType='"Text"', CommandTimeout='30']
SET IMPLICIT_TRANSACTIONS OFF;
SET NOCOUNT ON;
INSERT INTO [AuditLogs] ([Id], [Accion], [DireccionIp], [EntidadId], [EstaActivo], [FechaActualizacionUtc], [FechaCreacionUtc], [IdCorrelacion], [Motivo], [NombreEntidad], [UsuarioId], [ValoresAnterioresJson], [ValoresNuevosJson])
VALUES (@p0, @p1, @p2, @p3, @p4, @p5, @p6, @p7, @p8, @p9, @p10, @p11, @p12);
2026-08-07 20:41:57.475 -06:00 [INF] [AUDITORIA WPC BAJIO] CorrelationId: 72ef6a29-7deb-4036-9db1-daffbe68dc6b | Action: GET /api/v1/products | Entity: HttpRequest (401) | User: Anonimo | IP: ::1 | Reason: HTTP Response StatusCode: 401 | OldValues: N/A | NewValues: N/A
2026-08-07 20:41:57.492 -06:00 [INF] [AUDITORIA WPC BAJIO] CorrelationId: 19cd2a9b-5819-4a05-b21c-6cd30360f8dc | Action: GET /api/v1/customers | Entity: HttpRequest (401) | User: Anonimo | IP: ::1 | Reason: HTTP Response StatusCode: 401 | OldValues: N/A | NewValues: N/A
2026-08-07 20:41:57.495 -06:00 [INF] [AUDITORIA WPC BAJIO] CorrelationId: 890131dd-76a6-420b-9811-a9e1b7100baf | Action: GET /api/v1/sales | Entity: HttpRequest (401) | User: Anonimo | IP: ::1 | Reason: HTTP Response StatusCode: 401 | OldValues: N/A | NewValues: N/A
2026-08-07 20:41:57.498 -06:00 [INF] Request finished HTTP/1.1 GET http://localhost:5000/api/v1/products? - 401 0 null 175.8076ms
2026-08-07 20:41:57.503 -06:00 [INF] Request finished HTTP/1.1 GET http://localhost:5000/api/v1/customers? - 401 0 null 175.178ms
2026-08-07 20:41:57.507 -06:00 [INF] Request finished HTTP/1.1 GET http://localhost:5000/api/v1/sales - 401 0 null 166.5402ms
2026-08-07 20:41:57.541 -06:00 [INF] Executing BadRequestObjectResult, writing value of type 'Microsoft.AspNetCore.Mvc.ValidationProblemDetails'.
2026-08-07 20:41:57.591 -06:00 [INF] Executed action Pos.Api.Controllers.v1.AuthController.RefreshToken (Pos.Api) in 131.8621ms
2026-08-07 20:41:57.592 -06:00 [INF] Executed endpoint 'Pos.Api.Controllers.v1.AuthController.RefreshToken (Pos.Api)'
2026-08-07 20:41:57.601 -06:00 [INF] Executed DbCommand (8ms) [Parameters=[@p0='?' (DbType = Guid), @p1='?' (Size = 100), @p2='?' (Size = 4000), @p3='?' (Size = 4000), @p4='?' (DbType = Boolean), @p5='?' (DbType = DateTime2), @p6='?' (DbType = DateTime2), @p7='?' (Size = 100), @p8='?' (Size = 4000), @p9='?' (Size = 4000), @p10='?' (DbType = Guid), @p11='?' (Size = 4000), @p12='?' (Size = 4000)], CommandType='"Text"', CommandTimeout='30']
SET IMPLICIT_TRANSACTIONS OFF;
SET NOCOUNT ON;
INSERT INTO [AuditLogs] ([Id], [Accion], [DireccionIp], [EntidadId], [EstaActivo], [FechaActualizacionUtc], [FechaCreacionUtc], [IdCorrelacion], [Motivo], [NombreEntidad], [UsuarioId], [ValoresAnterioresJson], [ValoresNuevosJson])
VALUES (@p0, @p1, @p2, @p3, @p4, @p5, @p6, @p7, @p8, @p9, @p10, @p11, @p12);
2026-08-07 20:41:57.606 -06:00 [INF] [AUDITORIA WPC BAJIO] CorrelationId: 45078d86-e90d-40fd-be24-1f3ba0eeb31c | Action: POST /api/v1/auth/refresh-token | Entity: HttpRequest (400) | User: Anonimo | IP: ::1 | Reason: HTTP Response StatusCode: 400 | OldValues: N/A | NewValues: N/A
2026-08-07 20:41:57.613 -06:00 [INF] Request finished HTTP/1.1 POST http://localhost:5000/api/v1/auth/refresh-token - 400 null application/problem+json; charset=utf-8 287.7085ms
2026-08-07 20:42:09.021 -06:00 [INF] Request starting HTTP/1.1 POST http://localhost:5000/api/v1/auth/login - application/json 62
2026-08-07 20:42:09.025 -06:00 [INF] CORS policy execution failed.
2026-08-07 20:42:09.026 -06:00 [INF] Request origin http://127.0.0.1:5173 does not have permission to access the resource.
2026-08-07 20:42:09.028 -06:00 [INF] Executing endpoint 'Pos.Api.Controllers.v1.AuthController.Login (Pos.Api)'
2026-08-07 20:42:09.034 -06:00 [INF] Route matched with {action = "Login", controller = "Auth"}. Executing controller action with signature System.Threading.Tasks.Task`1[Microsoft.AspNetCore.Mvc.ActionResult`1[Pos.Application.Auth.DTOs.AuthResponseDto]] Login(Pos.Application.Auth.DTOs.LoginRequestDto, System.Threading.CancellationToken) on controller Pos.Api.Controllers.v1.AuthController (Pos.Api).
2026-08-07 20:42:09.136 -06:00 [WRN] Compiling a query which loads related collections for more than one collection navigation, either via 'Include' or through projection, but no 'QuerySplittingBehavior' has been configured. By default, Entity Framework will use 'QuerySplittingBehavior.SingleQuery', which can potentially result in slow query performance. See https://go.microsoft.com/fwlink/?linkid=2134277 for more information. To identify the query that's triggering this warning call 'ConfigureWarnings(w => w.Throw(RelationalEventId.MultipleCollectionIncludeWarning))'.
2026-08-07 20:42:09.225 -06:00 [INF] Executed DbCommand (61ms) [Parameters=[@__request_EmailOrUsername_0='?' (Size = 4000)], CommandType='"Text"', CommandTimeout='30']
SELECT [s].[Id], [s].[Email], [s].[EmpleadoId], [s].[EstaActivo], [s].[FechaActualizacionUtc], [s].[FechaCreacionUtc], [s].[NombreUsuario], [s].[PasswordHash], [s].[Id0], [s].[Apellido], [s].[Email0], [s].[EstaActivo0], [s].[FechaActualizacionUtc0], [s].[FechaCreacionUtc0], [s].[Nombre], [s].[Puesto], [s1].[UsuarioId], [s1].[RolId], [s1].[Id], [s1].[Descripcion], [s1].[EstaActivo], [s1].[FechaActualizacionUtc], [s1].[FechaCreacionUtc], [s1].[Nombre], [s1].[RolId0], [s1].[PermisoId], [s1].[Id0], [s1].[Accion], [s1].[Descripcion0], [s1].[EstaActivo0], [s1].[FechaActualizacionUtc0], [s1].[FechaCreacionUtc0], [s1].[Modulo]
FROM (
    SELECT TOP(1) [u].[Id], [u].[Email], [u].[EmpleadoId], [u].[EstaActivo], [u].[FechaActualizacionUtc], [u].[FechaCreacionUtc], [u].[NombreUsuario], [u].[PasswordHash], [e].[Id] AS [Id0], [e].[Apellido], [e].[Email] AS [Email0], [e].[EstaActivo] AS [EstaActivo0], [e].[FechaActualizacionUtc] AS [FechaActualizacionUtc0], [e].[FechaCreacionUtc] AS [FechaCreacionUtc0], [e].[Nombre], [e].[Puesto]
    FROM [Users] AS [u]
    LEFT JOIN [Employees] AS [e] ON [u].[EmpleadoId] = [e].[Id]
    WHERE ([u].[Email] = @__request_EmailOrUsername_0 OR [u].[NombreUsuario] = @__request_EmailOrUsername_0) AND [u].[EstaActivo] = CAST(1 AS bit)
) AS [s]
LEFT JOIN (
    SELECT [u0].[UsuarioId], [u0].[RolId], [r].[Id], [r].[Descripcion], [r].[EstaActivo], [r].[FechaActualizacionUtc], [r].[FechaCreacionUtc], [r].[Nombre], [s0].[RolId] AS [RolId0], [s0].[PermisoId], [s0].[Id] AS [Id0], [s0].[Accion], [s0].[Descripcion] AS [Descripcion0], [s0].[EstaActivo] AS [EstaActivo0], [s0].[FechaActualizacionUtc] AS [FechaActualizacionUtc0], [s0].[FechaCreacionUtc] AS [FechaCreacionUtc0], [s0].[Modulo]
    FROM [UserRoles] AS [u0]
    INNER JOIN [Roles] AS [r] ON [u0].[RolId] = [r].[Id]
    LEFT JOIN (
        SELECT [r0].[RolId], [r0].[PermisoId], [p].[Id], [p].[Accion], [p].[Descripcion], [p].[EstaActivo], [p].[FechaActualizacionUtc], [p].[FechaCreacionUtc], [p].[Modulo]
        FROM [RolePermissions] AS [r0]
        INNER JOIN [Permissions] AS [p] ON [r0].[PermisoId] = [p].[Id]
    ) AS [s0] ON [r].[Id] = [s0].[RolId]
) AS [s1] ON [s].[Id] = [s1].[UsuarioId]
ORDER BY [s].[Id], [s].[Id0], [s1].[UsuarioId], [s1].[RolId], [s1].[Id], [s1].[RolId0], [s1].[PermisoId]
2026-08-07 20:42:09.399 -06:00 [INF] Executed DbCommand (9ms) [Parameters=[@p0='?' (DbType = Guid), @p1='?' (DbType = Boolean), @p2='?' (DbType = Boolean), @p3='?' (DbType = DateTime2), @p4='?' (DbType = DateTime2), @p5='?' (DbType = DateTime2), @p6='?' (Size = 4000), @p7='?' (DbType = Guid)], CommandType='"Text"', CommandTimeout='30']
SET IMPLICIT_TRANSACTIONS OFF;
SET NOCOUNT ON;
INSERT INTO [RefreshTokens] ([Id], [EsRevocado], [EstaActivo], [FechaActualizacionUtc], [FechaCreacionUtc], [FechaExpiracionUtc], [Token], [UsuarioId])
VALUES (@p0, @p1, @p2, @p3, @p4, @p5, @p6, @p7);
2026-08-07 20:42:09.409 -06:00 [INF] Executed DbCommand (4ms) [Parameters=[@p0='?' (DbType = Guid), @p1='?' (Size = 100), @p2='?' (Size = 4000), @p3='?' (Size = 4000), @p4='?' (DbType = Boolean), @p5='?' (DbType = DateTime2), @p6='?' (DbType = DateTime2), @p7='?' (Size = 100), @p8='?' (Size = 4000), @p9='?' (Size = 4000), @p10='?' (DbType = Guid), @p11='?' (Size = 4000), @p12='?' (Size = 4000)], CommandType='"Text"', CommandTimeout='30']
SET IMPLICIT_TRANSACTIONS OFF;
SET NOCOUNT ON;
INSERT INTO [AuditLogs] ([Id], [Accion], [DireccionIp], [EntidadId], [EstaActivo], [FechaActualizacionUtc], [FechaCreacionUtc], [IdCorrelacion], [Motivo], [NombreEntidad], [UsuarioId], [ValoresAnterioresJson], [ValoresNuevosJson])
VALUES (@p0, @p1, @p2, @p3, @p4, @p5, @p6, @p7, @p8, @p9, @p10, @p11, @p12);
2026-08-07 20:42:09.412 -06:00 [INF] [AUDITORIA WPC BAJIO] CorrelationId: ef4f1c6c-34a0-452e-bc2c-6cd83c9a4388 | Action: LOGIN_SUCCESS | Entity: Usuario (ebc8b858-2837-4bd5-93e1-8b4c1d0bd81b) | User: ebc8b858-2837-4bd5-93e1-8b4c1d0bd81b | IP: ::1 | Reason: Inicio de sesión exitoso WPC Bajío | OldValues: N/A | NewValues: Username=admin
2026-08-07 20:42:09.417 -06:00 [INF] Executing OkObjectResult, writing value of type 'Pos.Application.Auth.DTOs.AuthResponseDto'.
2026-08-07 20:42:09.430 -06:00 [INF] Executed action Pos.Api.Controllers.v1.AuthController.Login (Pos.Api) in 392.8285ms
2026-08-07 20:42:09.432 -06:00 [INF] Executed endpoint 'Pos.Api.Controllers.v1.AuthController.Login (Pos.Api)'
2026-08-07 20:42:09.436 -06:00 [INF] Executed DbCommand (2ms) [Parameters=[@p0='?' (DbType = Guid), @p1='?' (Size = 100), @p2='?' (Size = 4000), @p3='?' (Size = 4000), @p4='?' (DbType = Boolean), @p5='?' (DbType = DateTime2), @p6='?' (DbType = DateTime2), @p7='?' (Size = 100), @p8='?' (Size = 4000), @p9='?' (Size = 4000), @p10='?' (DbType = Guid), @p11='?' (Size = 4000), @p12='?' (Size = 4000)], CommandType='"Text"', CommandTimeout='30']
SET IMPLICIT_TRANSACTIONS OFF;
SET NOCOUNT ON;
INSERT INTO [AuditLogs] ([Id], [Accion], [DireccionIp], [EntidadId], [EstaActivo], [FechaActualizacionUtc], [FechaCreacionUtc], [IdCorrelacion], [Motivo], [NombreEntidad], [UsuarioId], [ValoresAnterioresJson], [ValoresNuevosJson])
VALUES (@p0, @p1, @p2, @p3, @p4, @p5, @p6, @p7, @p8, @p9, @p10, @p11, @p12);
2026-08-07 20:42:09.439 -06:00 [INF] [AUDITORIA WPC BAJIO] CorrelationId: ef4f1c6c-34a0-452e-bc2c-6cd83c9a4388 | Action: POST /api/v1/auth/login | Entity: HttpRequest (200) | User: Anonimo | IP: ::1 | Reason: HTTP Response StatusCode: 200 | OldValues: N/A | NewValues: N/A
2026-08-07 20:42:09.445 -06:00 [INF] Request finished HTTP/1.1 POST http://localhost:5000/api/v1/auth/login - 200 null application/json; charset=utf-8 423.7524ms
2026-08-07 20:42:09.455 -06:00 [INF] Request starting HTTP/1.1 GET http://localhost:5000/api/v1/products? - application/json null
2026-08-07 20:42:09.475 -06:00 [INF] Executing endpoint 'Pos.Api.Controllers.v1.ProductsController.GetProducts (Pos.Api)'
2026-08-07 20:42:09.480 -06:00 [INF] Route matched with {action = "GetProducts", controller = "Products"}. Executing controller action with signature System.Threading.Tasks.Task`1[Microsoft.AspNetCore.Mvc.ActionResult`1[System.Collections.Generic.List`1[Pos.Application.Catalog.DTOs.ProductDto]]] GetProducts(System.String, System.Nullable`1[System.Guid], System.Nullable`1[System.Boolean], System.Threading.CancellationToken) on controller Pos.Api.Controllers.v1.ProductsController (Pos.Api).
2026-08-07 20:42:09.535 -06:00 [INF] Request starting HTTP/1.1 GET http://localhost:5000/api/v1/customers? - application/json null
2026-08-07 20:42:09.536 -06:00 [INF] Request starting HTTP/1.1 GET http://localhost:5000/api/v1/sales - application/json null
2026-08-07 20:42:09.541 -06:00 [INF] Executing endpoint 'Pos.Api.Controllers.v1.CustomersController.GetCustomers (Pos.Api)'
2026-08-07 20:42:09.542 -06:00 [INF] Executed DbCommand (19ms) [Parameters=[], CommandType='"Text"', CommandTimeout='30']
SELECT [p].[Id], [p].[AltoCm], [p].[AnchoCm], [p].[AnchoMm], [p].[Barcode], [p].[CantidadInventarioInicial], [p].[CantidadMinimaMayoreo], [p].[CategoriaId], [p].[CoberturaM2Caja], [p].[CoberturaPorUnidadM2], [p].[Descripcion], [p].[EspesorMm], [p].[EstaActivo], [p].[FechaActualizacionUtc], [p].[FechaCreacionUtc], [p].[ImagenUrl], [p].[LargoCm], [p].[LargoMm], [p].[Material], [p].[Nombre], [p].[PiezasPorCaja], [p].[PrecioMayoreo], [p].[PrecioUnitario], [p].[Sku], [p].[SoloCotizacion], [p].[UnidadMedida], [p].[VisibleMasVendido], [c].[Id], [c].[CategoriaPadreId], [c].[Descripcion], [c].[EstaActivo], [c].[FechaActualizacionUtc], [c].[FechaCreacionUtc], [c].[Nombre], [c].[Slug], [p0].[Id], [p0].[EsPrincipal], [p0].[EstaActivo], [p0].[FechaActualizacionUtc], [p0].[FechaCreacionUtc], [p0].[ProductoId], [p0].[UrlImagen]
FROM [Products] AS [p]
INNER JOIN [Categories] AS [c] ON [p].[CategoriaId] = [c].[Id]
LEFT JOIN [ProductImages] AS [p0] ON [p].[Id] = [p0].[ProductoId]
ORDER BY [p].[Id], [c].[Id]
2026-08-07 20:42:09.545 -06:00 [INF] Executing endpoint 'Pos.Api.Controllers.v1.SalesController.GetSales (Pos.Api)'
2026-08-07 20:42:09.549 -06:00 [INF] Route matched with {action = "GetCustomers", controller = "Customers"}. Executing controller action with signature System.Threading.Tasks.Task`1[Microsoft.AspNetCore.Mvc.ActionResult`1[System.Collections.Generic.List`1[Pos.Application.Catalog.DTOs.CustomerDto]]] GetCustomers(System.String, System.String, System.Threading.CancellationToken) on controller Pos.Api.Controllers.v1.CustomersController (Pos.Api).
2026-08-07 20:42:09.557 -06:00 [INF] Route matched with {action = "GetSales", controller = "Sales"}. Executing controller action with signature System.Threading.Tasks.Task`1[Microsoft.AspNetCore.Mvc.ActionResult`1[System.Collections.Generic.List`1[Pos.Application.Sales.DTOs.SaleDto]]] GetSales(System.String, System.Nullable`1[System.Guid], System.String, System.Threading.CancellationToken) on controller Pos.Api.Controllers.v1.SalesController (Pos.Api).
2026-08-07 20:42:09.654 -06:00 [INF] Executed DbCommand (56ms) [Parameters=[@__p_0='?' (DbType = Int32)], CommandType='"Text"', CommandTimeout='30']
SELECT TOP(@__p_0) [c].[Id], [c].[Apellido], [c].[Ciudad], [c].[CodigoPostal], [c].[Direccion], [c].[Email], [c].[EstaActivo], [c].[Estado], [c].[FechaActualizacionUtc], [c].[FechaCreacionUtc], [c].[Nombre], [c].[NombreEmpresa], [c].[Notas], [c].[PorcentajeDescuentoEspecial], [c].[Rfc], [c].[Telefono], [c].[TipoCliente]
FROM [Customers] AS [c]
WHERE [c].[EstaActivo] = CAST(1 AS bit)
ORDER BY COALESCE([c].[NombreEmpresa], [c].[Nombre])
2026-08-07 20:42:09.660 -06:00 [INF] Executing OkObjectResult, writing value of type 'System.Collections.Generic.List`1[[Pos.Application.Catalog.DTOs.CustomerDto, Pos.Application, Version=1.0.0.0, Culture=neutral, PublicKeyToken=null]]'.
2026-08-07 20:42:09.661 -06:00 [INF] Executed DbCommand (40ms) [Parameters=[@__p_0='?' (DbType = Int32)], CommandType='"Text"', CommandTimeout='30']
SELECT [s0].[Id], [s0].[ClienteId], [s0].[EstaActivo], [s0].[Estado], [s0].[FechaActualizacionUtc], [s0].[FechaCreacionUtc], [s0].[MontoAnticipo], [s0].[MontoDescuento], [s0].[MontoEfectivo], [s0].[MontoIva], [s0].[MontoTarjeta], [s0].[MontoTotal], [s0].[MontoTransferencia], [s0].[Notas], [s0].[NumeroFolio], [s0].[SaldoPendiente], [s0].[SubTotal], [s0].[TipoPago], [s0].[UsuarioId], [c].[Id], [c].[Apellido], [c].[Ciudad], [c].[CodigoPostal], [c].[Direccion], [c].[Email], [c].[EstaActivo], [c].[Estado], [c].[FechaActualizacionUtc], [c].[FechaCreacionUtc], [c].[Nombre], [c].[NombreEmpresa], [c].[Notas], [c].[PorcentajeDescuentoEspecial], [c].[Rfc], [c].[Telefono], [c].[TipoCliente], [u].[Id], [u].[Email], [u].[EmpleadoId], [u].[EstaActivo], [u].[FechaActualizacionUtc], [u].[FechaCreacionUtc], [u].[NombreUsuario], [u].[PasswordHash], [s2].[Id], [s2].[Cantidad], [s2].[EstaActivo], [s2].[FechaActualizacionUtc], [s2].[FechaCreacionUtc], [s2].[MontoDescuento], [s2].[PrecioTotal], [s2].[PrecioUnitario], [s2].[ProductoId], [s2].[VentaId], [s2].[Id0], [s2].[AltoCm], [s2].[AnchoCm], [s2].[AnchoMm], [s2].[Barcode], [s2].[CantidadInventarioInicial], [s2].[CantidadMinimaMayoreo], [s2].[CategoriaId], [s2].[CoberturaM2Caja], [s2].[CoberturaPorUnidadM2], [s2].[Descripcion], [s2].[EspesorMm], [s2].[EstaActivo0], [s2].[FechaActualizacionUtc0], [s2].[FechaCreacionUtc0], [s2].[ImagenUrl], [s2].[LargoCm], [s2].[LargoMm], [s2].[Material], [s2].[Nombre], [s2].[PiezasPorCaja], [s2].[PrecioMayoreo], [s2].[PrecioUnitario0], [s2].[Sku], [s2].[SoloCotizacion], [s2].[UnidadMedida], [s2].[VisibleMasVendido]
FROM (
    SELECT TOP(@__p_0) [s].[Id], [s].[ClienteId], [s].[EstaActivo], [s].[Estado], [s].[FechaActualizacionUtc], [s].[FechaCreacionUtc], [s].[MontoAnticipo], [s].[MontoDescuento], [s].[MontoEfectivo], [s].[MontoIva], [s].[MontoTarjeta], [s].[MontoTotal], [s].[MontoTransferencia], [s].[Notas], [s].[NumeroFolio], [s].[SaldoPendiente], [s].[SubTotal], [s].[TipoPago], [s].[UsuarioId]
    FROM [Sales] AS [s]
    WHERE [s].[EstaActivo] = CAST(1 AS bit)
    ORDER BY [s].[FechaCreacionUtc] DESC
) AS [s0]
LEFT JOIN [Customers] AS [c] ON [s0].[ClienteId] = [c].[Id]
LEFT JOIN [Users] AS [u] ON [s0].[UsuarioId] = [u].[Id]
LEFT JOIN (
    SELECT [s1].[Id], [s1].[Cantidad], [s1].[EstaActivo], [s1].[FechaActualizacionUtc], [s1].[FechaCreacionUtc], [s1].[MontoDescuento], [s1].[PrecioTotal], [s1].[PrecioUnitario], [s1].[ProductoId], [s1].[VentaId], [p].[Id] AS [Id0], [p].[AltoCm], [p].[AnchoCm], [p].[AnchoMm], [p].[Barcode], [p].[CantidadInventarioInicial], [p].[CantidadMinimaMayoreo], [p].[CategoriaId], [p].[CoberturaM2Caja], [p].[CoberturaPorUnidadM2], [p].[Descripcion], [p].[EspesorMm], [p].[EstaActivo] AS [EstaActivo0], [p].[FechaActualizacionUtc] AS [FechaActualizacionUtc0], [p].[FechaCreacionUtc] AS [FechaCreacionUtc0], [p].[ImagenUrl], [p].[LargoCm], [p].[LargoMm], [p].[Material], [p].[Nombre], [p].[PiezasPorCaja], [p].[PrecioMayoreo], [p].[PrecioUnitario] AS [PrecioUnitario0], [p].[Sku], [p].[SoloCotizacion], [p].[UnidadMedida], [p].[VisibleMasVendido]
    FROM [SaleItems] AS [s1]
    INNER JOIN [Products] AS [p] ON [s1].[ProductoId] = [p].[Id]
) AS [s2] ON [s0].[Id] = [s2].[VentaId]
ORDER BY [s0].[FechaCreacionUtc] DESC, [s0].[Id], [c].[Id], [u].[Id], [s2].[Id]
2026-08-07 20:42:09.674 -06:00 [INF] Executed action Pos.Api.Controllers.v1.CustomersController.GetCustomers (Pos.Api) in 120.4507ms
2026-08-07 20:42:09.676 -06:00 [INF] Executed endpoint 'Pos.Api.Controllers.v1.CustomersController.GetCustomers (Pos.Api)'
2026-08-07 20:42:09.679 -06:00 [INF] Request starting HTTP/1.1 GET http://localhost:5000/api/v1/customers? - application/json null
2026-08-07 20:42:09.683 -06:00 [INF] Executing endpoint 'Pos.Api.Controllers.v1.CustomersController.GetCustomers (Pos.Api)'
2026-08-07 20:42:09.684 -06:00 [INF] Executed DbCommand (5ms) [Parameters=[@p0='?' (DbType = Guid), @p1='?' (Size = 100), @p2='?' (Size = 4000), @p3='?' (Size = 4000), @p4='?' (DbType = Boolean), @p5='?' (DbType = DateTime2), @p6='?' (DbType = DateTime2), @p7='?' (Size = 100), @p8='?' (Size = 4000), @p9='?' (Size = 4000), @p10='?' (DbType = Guid), @p11='?' (Size = 4000), @p12='?' (Size = 4000)], CommandType='"Text"', CommandTimeout='30']
SET IMPLICIT_TRANSACTIONS OFF;
SET NOCOUNT ON;
INSERT INTO [AuditLogs] ([Id], [Accion], [DireccionIp], [EntidadId], [EstaActivo], [FechaActualizacionUtc], [FechaCreacionUtc], [IdCorrelacion], [Motivo], [NombreEntidad], [UsuarioId], [ValoresAnterioresJson], [ValoresNuevosJson])
VALUES (@p0, @p1, @p2, @p3, @p4, @p5, @p6, @p7, @p8, @p9, @p10, @p11, @p12);
2026-08-07 20:42:09.685 -06:00 [INF] Route matched with {action = "GetCustomers", controller = "Customers"}. Executing controller action with signature System.Threading.Tasks.Task`1[Microsoft.AspNetCore.Mvc.ActionResult`1[System.Collections.Generic.List`1[Pos.Application.Catalog.DTOs.CustomerDto]]] GetCustomers(System.String, System.String, System.Threading.CancellationToken) on controller Pos.Api.Controllers.v1.CustomersController (Pos.Api).
2026-08-07 20:42:09.688 -06:00 [INF] [AUDITORIA WPC BAJIO] CorrelationId: 669b33ee-47f1-4bf9-8743-cd615779bb83 | Action: GET /api/v1/customers | Entity: HttpRequest (200) | User: ebc8b858-2837-4bd5-93e1-8b4c1d0bd81b | IP: ::1 | Reason: HTTP Response StatusCode: 200 | OldValues: N/A | NewValues: N/A
2026-08-07 20:42:09.694 -06:00 [INF] Request finished HTTP/1.1 GET http://localhost:5000/api/v1/customers? - 200 null application/json; charset=utf-8 158.4892ms
2026-08-07 20:42:09.699 -06:00 [INF] Executed DbCommand (4ms) [Parameters=[@__p_0='?' (DbType = Int32)], CommandType='"Text"', CommandTimeout='30']
SELECT TOP(@__p_0) [c].[Id], [c].[Apellido], [c].[Ciudad], [c].[CodigoPostal], [c].[Direccion], [c].[Email], [c].[EstaActivo], [c].[Estado], [c].[FechaActualizacionUtc], [c].[FechaCreacionUtc], [c].[Nombre], [c].[NombreEmpresa], [c].[Notas], [c].[PorcentajeDescuentoEspecial], [c].[Rfc], [c].[Telefono], [c].[TipoCliente]
FROM [Customers] AS [c]
WHERE [c].[EstaActivo] = CAST(1 AS bit)
ORDER BY COALESCE([c].[NombreEmpresa], [c].[Nombre])
2026-08-07 20:42:09.702 -06:00 [INF] Executing OkObjectResult, writing value of type 'System.Collections.Generic.List`1[[Pos.Application.Catalog.DTOs.CustomerDto, Pos.Application, Version=1.0.0.0, Culture=neutral, PublicKeyToken=null]]'.
2026-08-07 20:42:09.704 -06:00 [INF] Executed action Pos.Api.Controllers.v1.CustomersController.GetCustomers (Pos.Api) in 13.3702ms
2026-08-07 20:42:09.705 -06:00 [INF] Executed endpoint 'Pos.Api.Controllers.v1.CustomersController.GetCustomers (Pos.Api)'
2026-08-07 20:42:09.709 -06:00 [INF] Executed DbCommand (2ms) [Parameters=[@p0='?' (DbType = Guid), @p1='?' (Size = 100), @p2='?' (Size = 4000), @p3='?' (Size = 4000), @p4='?' (DbType = Boolean), @p5='?' (DbType = DateTime2), @p6='?' (DbType = DateTime2), @p7='?' (Size = 100), @p8='?' (Size = 4000), @p9='?' (Size = 4000), @p10='?' (DbType = Guid), @p11='?' (Size = 4000), @p12='?' (Size = 4000)], CommandType='"Text"', CommandTimeout='30']
SET IMPLICIT_TRANSACTIONS OFF;
SET NOCOUNT ON;
INSERT INTO [AuditLogs] ([Id], [Accion], [DireccionIp], [EntidadId], [EstaActivo], [FechaActualizacionUtc], [FechaCreacionUtc], [IdCorrelacion], [Motivo], [NombreEntidad], [UsuarioId], [ValoresAnterioresJson], [ValoresNuevosJson])
VALUES (@p0, @p1, @p2, @p3, @p4, @p5, @p6, @p7, @p8, @p9, @p10, @p11, @p12);
2026-08-07 20:42:09.712 -06:00 [INF] [AUDITORIA WPC BAJIO] CorrelationId: f383e626-6b39-4623-b2e0-3219d1b60566 | Action: GET /api/v1/customers | Entity: HttpRequest (200) | User: ebc8b858-2837-4bd5-93e1-8b4c1d0bd81b | IP: ::1 | Reason: HTTP Response StatusCode: 200 | OldValues: N/A | NewValues: N/A
2026-08-07 20:42:09.715 -06:00 [INF] Request finished HTTP/1.1 GET http://localhost:5000/api/v1/customers? - 200 null application/json; charset=utf-8 35.8554ms
2026-08-07 20:42:09.796 -06:00 [INF] Executed DbCommand (5ms) [Parameters=[@__productIds_0='?' (Size = 4000)], CommandType='"Text"', CommandTimeout='30']
SELECT [s].[Id], [s].[CantidadDisponible], [s].[CantidadReorden], [s].[EstaActivo], [s].[FechaActualizacionUtc], [s].[FechaCreacionUtc], [s].[ProductoId], [s].[Ubicacion], [s].[UmbralMinimoAlerta], [s].[VersionFila]
FROM [Stocks] AS [s]
WHERE [s].[ProductoId] IN (
    SELECT [p].[value]
    FROM OPENJSON(@__productIds_0) WITH ([value] uniqueidentifier '$') AS [p]
)
2026-08-07 20:42:09.827 -06:00 [INF] Executing OkObjectResult, writing value of type 'System.Collections.Generic.List`1[[Pos.Application.Catalog.DTOs.ProductDto, Pos.Application, Version=1.0.0.0, Culture=neutral, PublicKeyToken=null]]'.
2026-08-07 20:42:09.843 -06:00 [INF] Request starting HTTP/1.1 GET http://localhost:5000/api/v1/products? - application/json null
2026-08-07 20:42:09.847 -06:00 [INF] Executing endpoint 'Pos.Api.Controllers.v1.ProductsController.GetProducts (Pos.Api)'
2026-08-07 20:42:09.848 -06:00 [INF] Route matched with {action = "GetProducts", controller = "Products"}. Executing controller action with signature System.Threading.Tasks.Task`1[Microsoft.AspNetCore.Mvc.ActionResult`1[System.Collections.Generic.List`1[Pos.Application.Catalog.DTOs.ProductDto]]] GetProducts(System.String, System.Nullable`1[System.Guid], System.Nullable`1[System.Boolean], System.Threading.CancellationToken) on controller Pos.Api.Controllers.v1.ProductsController (Pos.Api).
2026-08-07 20:42:09.859 -06:00 [INF] Executed DbCommand (7ms) [Parameters=[], CommandType='"Text"', CommandTimeout='30']
SELECT [p].[Id], [p].[AltoCm], [p].[AnchoCm], [p].[AnchoMm], [p].[Barcode], [p].[CantidadInventarioInicial], [p].[CantidadMinimaMayoreo], [p].[CategoriaId], [p].[CoberturaM2Caja], [p].[CoberturaPorUnidadM2], [p].[Descripcion], [p].[EspesorMm], [p].[EstaActivo], [p].[FechaActualizacionUtc], [p].[FechaCreacionUtc], [p].[ImagenUrl], [p].[LargoCm], [p].[LargoMm], [p].[Material], [p].[Nombre], [p].[PiezasPorCaja], [p].[PrecioMayoreo], [p].[PrecioUnitario], [p].[Sku], [p].[SoloCotizacion], [p].[UnidadMedida], [p].[VisibleMasVendido], [c].[Id], [c].[CategoriaPadreId], [c].[Descripcion], [c].[EstaActivo], [c].[FechaActualizacionUtc], [c].[FechaCreacionUtc], [c].[Nombre], [c].[Slug], [p0].[Id], [p0].[EsPrincipal], [p0].[EstaActivo], [p0].[FechaActualizacionUtc], [p0].[FechaCreacionUtc], [p0].[ProductoId], [p0].[UrlImagen]
FROM [Products] AS [p]
INNER JOIN [Categories] AS [c] ON [p].[CategoriaId] = [c].[Id]
LEFT JOIN [ProductImages] AS [p0] ON [p].[Id] = [p0].[ProductoId]
ORDER BY [p].[Id], [c].[Id]
2026-08-07 20:42:09.859 -06:00 [INF] Executed action Pos.Api.Controllers.v1.ProductsController.GetProducts (Pos.Api) in 375.9151ms
2026-08-07 20:42:09.864 -06:00 [INF] Executed endpoint 'Pos.Api.Controllers.v1.ProductsController.GetProducts (Pos.Api)'
2026-08-07 20:42:09.871 -06:00 [INF] Executed DbCommand (6ms) [Parameters=[@p0='?' (DbType = Guid), @p1='?' (Size = 100), @p2='?' (Size = 4000), @p3='?' (Size = 4000), @p4='?' (DbType = Boolean), @p5='?' (DbType = DateTime2), @p6='?' (DbType = DateTime2), @p7='?' (Size = 100), @p8='?' (Size = 4000), @p9='?' (Size = 4000), @p10='?' (DbType = Guid), @p11='?' (Size = 4000), @p12='?' (Size = 4000)], CommandType='"Text"', CommandTimeout='30']
SET IMPLICIT_TRANSACTIONS OFF;
SET NOCOUNT ON;
INSERT INTO [AuditLogs] ([Id], [Accion], [DireccionIp], [EntidadId], [EstaActivo], [FechaActualizacionUtc], [FechaCreacionUtc], [IdCorrelacion], [Motivo], [NombreEntidad], [UsuarioId], [ValoresAnterioresJson], [ValoresNuevosJson])
VALUES (@p0, @p1, @p2, @p3, @p4, @p5, @p6, @p7, @p8, @p9, @p10, @p11, @p12);
2026-08-07 20:42:09.876 -06:00 [INF] [AUDITORIA WPC BAJIO] CorrelationId: 5efd5747-39bb-419d-b0e7-114a8db01ea3 | Action: GET /api/v1/products | Entity: HttpRequest (200) | User: ebc8b858-2837-4bd5-93e1-8b4c1d0bd81b | IP: ::1 | Reason: HTTP Response StatusCode: 200 | OldValues: N/A | NewValues: N/A
2026-08-07 20:42:09.881 -06:00 [INF] Request finished HTTP/1.1 GET http://localhost:5000/api/v1/products? - 200 null application/json; charset=utf-8 425.7746ms
2026-08-07 20:42:09.885 -06:00 [INF] Executing OkObjectResult, writing value of type 'System.Collections.Generic.List`1[[Pos.Application.Sales.DTOs.SaleDto, Pos.Application, Version=1.0.0.0, Culture=neutral, PublicKeyToken=null]]'.
2026-08-07 20:42:09.899 -06:00 [INF] Executed action Pos.Api.Controllers.v1.SalesController.GetSales (Pos.Api) in 338.8606ms
2026-08-07 20:42:09.901 -06:00 [INF] Executed endpoint 'Pos.Api.Controllers.v1.SalesController.GetSales (Pos.Api)'
2026-08-07 20:42:09.903 -06:00 [INF] Request starting HTTP/1.1 GET http://localhost:5000/api/v1/sales - application/json null
2026-08-07 20:42:09.904 -06:00 [INF] Executed DbCommand (2ms) [Parameters=[@__productIds_0='?' (Size = 4000)], CommandType='"Text"', CommandTimeout='30']
SELECT [s].[Id], [s].[CantidadDisponible], [s].[CantidadReorden], [s].[EstaActivo], [s].[FechaActualizacionUtc], [s].[FechaCreacionUtc], [s].[ProductoId], [s].[Ubicacion], [s].[UmbralMinimoAlerta], [s].[VersionFila]
FROM [Stocks] AS [s]
WHERE [s].[ProductoId] IN (
    SELECT [p].[value]
    FROM OPENJSON(@__productIds_0) WITH ([value] uniqueidentifier '$') AS [p]
)
2026-08-07 20:42:09.907 -06:00 [INF] Executing endpoint 'Pos.Api.Controllers.v1.SalesController.GetSales (Pos.Api)'
2026-08-07 20:42:09.909 -06:00 [INF] Executing OkObjectResult, writing value of type 'System.Collections.Generic.List`1[[Pos.Application.Catalog.DTOs.ProductDto, Pos.Application, Version=1.0.0.0, Culture=neutral, PublicKeyToken=null]]'.
2026-08-07 20:42:09.910 -06:00 [INF] Route matched with {action = "GetSales", controller = "Sales"}. Executing controller action with signature System.Threading.Tasks.Task`1[Microsoft.AspNetCore.Mvc.ActionResult`1[System.Collections.Generic.List`1[Pos.Application.Sales.DTOs.SaleDto]]] GetSales(System.String, System.Nullable`1[System.Guid], System.String, System.Threading.CancellationToken) on controller Pos.Api.Controllers.v1.SalesController (Pos.Api).
2026-08-07 20:42:09.910 -06:00 [INF] Executed DbCommand (7ms) [Parameters=[@p0='?' (DbType = Guid), @p1='?' (Size = 100), @p2='?' (Size = 4000), @p3='?' (Size = 4000), @p4='?' (DbType = Boolean), @p5='?' (DbType = DateTime2), @p6='?' (DbType = DateTime2), @p7='?' (Size = 100), @p8='?' (Size = 4000), @p9='?' (Size = 4000), @p10='?' (DbType = Guid), @p11='?' (Size = 4000), @p12='?' (Size = 4000)], CommandType='"Text"', CommandTimeout='30']
SET IMPLICIT_TRANSACTIONS OFF;
SET NOCOUNT ON;
INSERT INTO [AuditLogs] ([Id], [Accion], [DireccionIp], [EntidadId], [EstaActivo], [FechaActualizacionUtc], [FechaCreacionUtc], [IdCorrelacion], [Motivo], [NombreEntidad], [UsuarioId], [ValoresAnterioresJson], [ValoresNuevosJson])
VALUES (@p0, @p1, @p2, @p3, @p4, @p5, @p6, @p7, @p8, @p9, @p10, @p11, @p12);
2026-08-07 20:42:09.913 -06:00 [INF] Executed action Pos.Api.Controllers.v1.ProductsController.GetProducts (Pos.Api) in 62.2117ms
2026-08-07 20:42:09.921 -06:00 [INF] [AUDITORIA WPC BAJIO] CorrelationId: 0d282daa-efe2-4992-9c16-2dc01af6756f | Action: GET /api/v1/sales | Entity: HttpRequest (200) | User: ebc8b858-2837-4bd5-93e1-8b4c1d0bd81b | IP: ::1 | Reason: HTTP Response StatusCode: 200 | OldValues: N/A | NewValues: N/A
2026-08-07 20:42:09.925 -06:00 [INF] Executed endpoint 'Pos.Api.Controllers.v1.ProductsController.GetProducts (Pos.Api)'
2026-08-07 20:42:09.929 -06:00 [INF] Request finished HTTP/1.1 GET http://localhost:5000/api/v1/sales - 200 null application/json; charset=utf-8 393.4415ms
2026-08-07 20:42:09.935 -06:00 [INF] Executed DbCommand (4ms) [Parameters=[@p0='?' (DbType = Guid), @p1='?' (Size = 100), @p2='?' (Size = 4000), @p3='?' (Size = 4000), @p4='?' (DbType = Boolean), @p5='?' (DbType = DateTime2), @p6='?' (DbType = DateTime2), @p7='?' (Size = 100), @p8='?' (Size = 4000), @p9='?' (Size = 4000), @p10='?' (DbType = Guid), @p11='?' (Size = 4000), @p12='?' (Size = 4000)], CommandType='"Text"', CommandTimeout='30']
SET IMPLICIT_TRANSACTIONS OFF;
SET NOCOUNT ON;
INSERT INTO [AuditLogs] ([Id], [Accion], [DireccionIp], [EntidadId], [EstaActivo], [FechaActualizacionUtc], [FechaCreacionUtc], [IdCorrelacion], [Motivo], [NombreEntidad], [UsuarioId], [ValoresAnterioresJson], [ValoresNuevosJson])
VALUES (@p0, @p1, @p2, @p3, @p4, @p5, @p6, @p7, @p8, @p9, @p10, @p11, @p12);
2026-08-07 20:42:09.938 -06:00 [INF] [AUDITORIA WPC BAJIO] CorrelationId: 6272a994-77b2-4a4d-a265-20817620b625 | Action: GET /api/v1/products | Entity: HttpRequest (200) | User: ebc8b858-2837-4bd5-93e1-8b4c1d0bd81b | IP: ::1 | Reason: HTTP Response StatusCode: 200 | OldValues: N/A | NewValues: N/A
2026-08-07 20:42:09.941 -06:00 [INF] Request finished HTTP/1.1 GET http://localhost:5000/api/v1/products? - 200 null application/json; charset=utf-8 97.8677ms
2026-08-07 20:42:09.942 -06:00 [INF] Executed DbCommand (26ms) [Parameters=[@__p_0='?' (DbType = Int32)], CommandType='"Text"', CommandTimeout='30']
SELECT [s0].[Id], [s0].[ClienteId], [s0].[EstaActivo], [s0].[Estado], [s0].[FechaActualizacionUtc], [s0].[FechaCreacionUtc], [s0].[MontoAnticipo], [s0].[MontoDescuento], [s0].[MontoEfectivo], [s0].[MontoIva], [s0].[MontoTarjeta], [s0].[MontoTotal], [s0].[MontoTransferencia], [s0].[Notas], [s0].[NumeroFolio], [s0].[SaldoPendiente], [s0].[SubTotal], [s0].[TipoPago], [s0].[UsuarioId], [c].[Id], [c].[Apellido], [c].[Ciudad], [c].[CodigoPostal], [c].[Direccion], [c].[Email], [c].[EstaActivo], [c].[Estado], [c].[FechaActualizacionUtc], [c].[FechaCreacionUtc], [c].[Nombre], [c].[NombreEmpresa], [c].[Notas], [c].[PorcentajeDescuentoEspecial], [c].[Rfc], [c].[Telefono], [c].[TipoCliente], [u].[Id], [u].[Email], [u].[EmpleadoId], [u].[EstaActivo], [u].[FechaActualizacionUtc], [u].[FechaCreacionUtc], [u].[NombreUsuario], [u].[PasswordHash], [s2].[Id], [s2].[Cantidad], [s2].[EstaActivo], [s2].[FechaActualizacionUtc], [s2].[FechaCreacionUtc], [s2].[MontoDescuento], [s2].[PrecioTotal], [s2].[PrecioUnitario], [s2].[ProductoId], [s2].[VentaId], [s2].[Id0], [s2].[AltoCm], [s2].[AnchoCm], [s2].[AnchoMm], [s2].[Barcode], [s2].[CantidadInventarioInicial], [s2].[CantidadMinimaMayoreo], [s2].[CategoriaId], [s2].[CoberturaM2Caja], [s2].[CoberturaPorUnidadM2], [s2].[Descripcion], [s2].[EspesorMm], [s2].[EstaActivo0], [s2].[FechaActualizacionUtc0], [s2].[FechaCreacionUtc0], [s2].[ImagenUrl], [s2].[LargoCm], [s2].[LargoMm], [s2].[Material], [s2].[Nombre], [s2].[PiezasPorCaja], [s2].[PrecioMayoreo], [s2].[PrecioUnitario0], [s2].[Sku], [s2].[SoloCotizacion], [s2].[UnidadMedida], [s2].[VisibleMasVendido]
FROM (
    SELECT TOP(@__p_0) [s].[Id], [s].[ClienteId], [s].[EstaActivo], [s].[Estado], [s].[FechaActualizacionUtc], [s].[FechaCreacionUtc], [s].[MontoAnticipo], [s].[MontoDescuento], [s].[MontoEfectivo], [s].[MontoIva], [s].[MontoTarjeta], [s].[MontoTotal], [s].[MontoTransferencia], [s].[Notas], [s].[NumeroFolio], [s].[SaldoPendiente], [s].[SubTotal], [s].[TipoPago], [s].[UsuarioId]
    FROM [Sales] AS [s]
    WHERE [s].[EstaActivo] = CAST(1 AS bit)
    ORDER BY [s].[FechaCreacionUtc] DESC
) AS [s0]
LEFT JOIN [Customers] AS [c] ON [s0].[ClienteId] = [c].[Id]
LEFT JOIN [Users] AS [u] ON [s0].[UsuarioId] = [u].[Id]
LEFT JOIN (
    SELECT [s1].[Id], [s1].[Cantidad], [s1].[EstaActivo], [s1].[FechaActualizacionUtc], [s1].[FechaCreacionUtc], [s1].[MontoDescuento], [s1].[PrecioTotal], [s1].[PrecioUnitario], [s1].[ProductoId], [s1].[VentaId], [p].[Id] AS [Id0], [p].[AltoCm], [p].[AnchoCm], [p].[AnchoMm], [p].[Barcode], [p].[CantidadInventarioInicial], [p].[CantidadMinimaMayoreo], [p].[CategoriaId], [p].[CoberturaM2Caja], [p].[CoberturaPorUnidadM2], [p].[Descripcion], [p].[EspesorMm], [p].[EstaActivo] AS [EstaActivo0], [p].[FechaActualizacionUtc] AS [FechaActualizacionUtc0], [p].[FechaCreacionUtc] AS [FechaCreacionUtc0], [p].[ImagenUrl], [p].[LargoCm], [p].[LargoMm], [p].[Material], [p].[Nombre], [p].[PiezasPorCaja], [p].[PrecioMayoreo], [p].[PrecioUnitario] AS [PrecioUnitario0], [p].[Sku], [p].[SoloCotizacion], [p].[UnidadMedida], [p].[VisibleMasVendido]
    FROM [SaleItems] AS [s1]
    INNER JOIN [Products] AS [p] ON [s1].[ProductoId] = [p].[Id]
) AS [s2] ON [s0].[Id] = [s2].[VentaId]
ORDER BY [s0].[FechaCreacionUtc] DESC, [s0].[Id], [c].[Id], [u].[Id], [s2].[Id]
2026-08-07 20:42:10.087 -06:00 [INF] Executing OkObjectResult, writing value of type 'System.Collections.Generic.List`1[[Pos.Application.Sales.DTOs.SaleDto, Pos.Application, Version=1.0.0.0, Culture=neutral, PublicKeyToken=null]]'.
2026-08-07 20:42:10.089 -06:00 [INF] Executed action Pos.Api.Controllers.v1.SalesController.GetSales (Pos.Api) in 174.9043ms
2026-08-07 20:42:10.091 -06:00 [INF] Executed endpoint 'Pos.Api.Controllers.v1.SalesController.GetSales (Pos.Api)'
2026-08-07 20:42:10.098 -06:00 [INF] Executed DbCommand (4ms) [Parameters=[@p0='?' (DbType = Guid), @p1='?' (Size = 100), @p2='?' (Size = 4000), @p3='?' (Size = 4000), @p4='?' (DbType = Boolean), @p5='?' (DbType = DateTime2), @p6='?' (DbType = DateTime2), @p7='?' (Size = 100), @p8='?' (Size = 4000), @p9='?' (Size = 4000), @p10='?' (DbType = Guid), @p11='?' (Size = 4000), @p12='?' (Size = 4000)], CommandType='"Text"', CommandTimeout='30']
SET IMPLICIT_TRANSACTIONS OFF;
SET NOCOUNT ON;
INSERT INTO [AuditLogs] ([Id], [Accion], [DireccionIp], [EntidadId], [EstaActivo], [FechaActualizacionUtc], [FechaCreacionUtc], [IdCorrelacion], [Motivo], [NombreEntidad], [UsuarioId], [ValoresAnterioresJson], [ValoresNuevosJson])
VALUES (@p0, @p1, @p2, @p3, @p4, @p5, @p6, @p7, @p8, @p9, @p10, @p11, @p12);
2026-08-07 20:42:10.101 -06:00 [INF] [AUDITORIA WPC BAJIO] CorrelationId: 60218e19-d657-4258-ae4e-f1eb6b5d6336 | Action: GET /api/v1/sales | Entity: HttpRequest (200) | User: ebc8b858-2837-4bd5-93e1-8b4c1d0bd81b | IP: ::1 | Reason: HTTP Response StatusCode: 200 | OldValues: N/A | NewValues: N/A
2026-08-07 20:42:10.104 -06:00 [INF] Request finished HTTP/1.1 GET http://localhost:5000/api/v1/sales - 200 null application/json; charset=utf-8 200.5826ms
2026-08-07 20:42:56.677 -06:00 [INF] Request starting HTTP/1.1 GET http://localhost:5000/api/v1/products? - application/json null
2026-08-07 20:42:56.677 -06:00 [INF] Request starting HTTP/1.1 GET http://localhost:5000/api/v1/customers? - application/json null
2026-08-07 20:42:56.678 -06:00 [INF] Request starting HTTP/1.1 GET http://localhost:5000/api/v1/sales - application/json null
2026-08-07 20:42:56.680 -06:00 [INF] Executing endpoint 'Pos.Api.Controllers.v1.ProductsController.GetProducts (Pos.Api)'
2026-08-07 20:42:56.682 -06:00 [INF] Executing endpoint 'Pos.Api.Controllers.v1.CustomersController.GetCustomers (Pos.Api)'
2026-08-07 20:42:56.684 -06:00 [INF] Executing endpoint 'Pos.Api.Controllers.v1.SalesController.GetSales (Pos.Api)'
2026-08-07 20:42:56.685 -06:00 [INF] Route matched with {action = "GetProducts", controller = "Products"}. Executing controller action with signature System.Threading.Tasks.Task`1[Microsoft.AspNetCore.Mvc.ActionResult`1[System.Collections.Generic.List`1[Pos.Application.Catalog.DTOs.ProductDto]]] GetProducts(System.String, System.Nullable`1[System.Guid], System.Nullable`1[System.Boolean], System.Threading.CancellationToken) on controller Pos.Api.Controllers.v1.ProductsController (Pos.Api).
2026-08-07 20:42:56.686 -06:00 [INF] Route matched with {action = "GetCustomers", controller = "Customers"}. Executing controller action with signature System.Threading.Tasks.Task`1[Microsoft.AspNetCore.Mvc.ActionResult`1[System.Collections.Generic.List`1[Pos.Application.Catalog.DTOs.CustomerDto]]] GetCustomers(System.String, System.String, System.Threading.CancellationToken) on controller Pos.Api.Controllers.v1.CustomersController (Pos.Api).
2026-08-07 20:42:56.689 -06:00 [INF] Route matched with {action = "GetSales", controller = "Sales"}. Executing controller action with signature System.Threading.Tasks.Task`1[Microsoft.AspNetCore.Mvc.ActionResult`1[System.Collections.Generic.List`1[Pos.Application.Sales.DTOs.SaleDto]]] GetSales(System.String, System.Nullable`1[System.Guid], System.String, System.Threading.CancellationToken) on controller Pos.Api.Controllers.v1.SalesController (Pos.Api).
2026-08-07 20:42:56.703 -06:00 [INF] Executed DbCommand (10ms) [Parameters=[], CommandType='"Text"', CommandTimeout='30']
SELECT [p].[Id], [p].[AltoCm], [p].[AnchoCm], [p].[AnchoMm], [p].[Barcode], [p].[CantidadInventarioInicial], [p].[CantidadMinimaMayoreo], [p].[CategoriaId], [p].[CoberturaM2Caja], [p].[CoberturaPorUnidadM2], [p].[Descripcion], [p].[EspesorMm], [p].[EstaActivo], [p].[FechaActualizacionUtc], [p].[FechaCreacionUtc], [p].[ImagenUrl], [p].[LargoCm], [p].[LargoMm], [p].[Material], [p].[Nombre], [p].[PiezasPorCaja], [p].[PrecioMayoreo], [p].[PrecioUnitario], [p].[Sku], [p].[SoloCotizacion], [p].[UnidadMedida], [p].[VisibleMasVendido], [c].[Id], [c].[CategoriaPadreId], [c].[Descripcion], [c].[EstaActivo], [c].[FechaActualizacionUtc], [c].[FechaCreacionUtc], [c].[Nombre], [c].[Slug], [p0].[Id], [p0].[EsPrincipal], [p0].[EstaActivo], [p0].[FechaActualizacionUtc], [p0].[FechaCreacionUtc], [p0].[ProductoId], [p0].[UrlImagen]
FROM [Products] AS [p]
INNER JOIN [Categories] AS [c] ON [p].[CategoriaId] = [c].[Id]
LEFT JOIN [ProductImages] AS [p0] ON [p].[Id] = [p0].[ProductoId]
ORDER BY [p].[Id], [c].[Id]
2026-08-07 20:42:56.707 -06:00 [INF] Executed DbCommand (12ms) [Parameters=[@__p_0='?' (DbType = Int32)], CommandType='"Text"', CommandTimeout='30']
SELECT TOP(@__p_0) [c].[Id], [c].[Apellido], [c].[Ciudad], [c].[CodigoPostal], [c].[Direccion], [c].[Email], [c].[EstaActivo], [c].[Estado], [c].[FechaActualizacionUtc], [c].[FechaCreacionUtc], [c].[Nombre], [c].[NombreEmpresa], [c].[Notas], [c].[PorcentajeDescuentoEspecial], [c].[Rfc], [c].[Telefono], [c].[TipoCliente]
FROM [Customers] AS [c]
WHERE [c].[EstaActivo] = CAST(1 AS bit)
ORDER BY COALESCE([c].[NombreEmpresa], [c].[Nombre])
2026-08-07 20:42:56.717 -06:00 [INF] Executing OkObjectResult, writing value of type 'System.Collections.Generic.List`1[[Pos.Application.Catalog.DTOs.CustomerDto, Pos.Application, Version=1.0.0.0, Culture=neutral, PublicKeyToken=null]]'.
2026-08-07 20:42:56.719 -06:00 [INF] Executed action Pos.Api.Controllers.v1.CustomersController.GetCustomers (Pos.Api) in 26.1948ms
2026-08-07 20:42:56.721 -06:00 [INF] Executed endpoint 'Pos.Api.Controllers.v1.CustomersController.GetCustomers (Pos.Api)'
2026-08-07 20:42:56.723 -06:00 [INF] Request starting HTTP/1.1 GET http://localhost:5000/api/v1/customers? - application/json null
2026-08-07 20:42:56.731 -06:00 [INF] Executing endpoint 'Pos.Api.Controllers.v1.CustomersController.GetCustomers (Pos.Api)'
2026-08-07 20:42:56.731 -06:00 [INF] Executed DbCommand (8ms) [Parameters=[@p0='?' (DbType = Guid), @p1='?' (Size = 100), @p2='?' (Size = 4000), @p3='?' (Size = 4000), @p4='?' (DbType = Boolean), @p5='?' (DbType = DateTime2), @p6='?' (DbType = DateTime2), @p7='?' (Size = 100), @p8='?' (Size = 4000), @p9='?' (Size = 4000), @p10='?' (DbType = Guid), @p11='?' (Size = 4000), @p12='?' (Size = 4000)], CommandType='"Text"', CommandTimeout='30']
SET IMPLICIT_TRANSACTIONS OFF;
SET NOCOUNT ON;
INSERT INTO [AuditLogs] ([Id], [Accion], [DireccionIp], [EntidadId], [EstaActivo], [FechaActualizacionUtc], [FechaCreacionUtc], [IdCorrelacion], [Motivo], [NombreEntidad], [UsuarioId], [ValoresAnterioresJson], [ValoresNuevosJson])
VALUES (@p0, @p1, @p2, @p3, @p4, @p5, @p6, @p7, @p8, @p9, @p10, @p11, @p12);
2026-08-07 20:42:56.733 -06:00 [INF] Route matched with {action = "GetCustomers", controller = "Customers"}. Executing controller action with signature System.Threading.Tasks.Task`1[Microsoft.AspNetCore.Mvc.ActionResult`1[System.Collections.Generic.List`1[Pos.Application.Catalog.DTOs.CustomerDto]]] GetCustomers(System.String, System.String, System.Threading.CancellationToken) on controller Pos.Api.Controllers.v1.CustomersController (Pos.Api).
2026-08-07 20:42:56.733 -06:00 [INF] Executed DbCommand (34ms) [Parameters=[@__p_0='?' (DbType = Int32)], CommandType='"Text"', CommandTimeout='30']
SELECT [s0].[Id], [s0].[ClienteId], [s0].[EstaActivo], [s0].[Estado], [s0].[FechaActualizacionUtc], [s0].[FechaCreacionUtc], [s0].[MontoAnticipo], [s0].[MontoDescuento], [s0].[MontoEfectivo], [s0].[MontoIva], [s0].[MontoTarjeta], [s0].[MontoTotal], [s0].[MontoTransferencia], [s0].[Notas], [s0].[NumeroFolio], [s0].[SaldoPendiente], [s0].[SubTotal], [s0].[TipoPago], [s0].[UsuarioId], [c].[Id], [c].[Apellido], [c].[Ciudad], [c].[CodigoPostal], [c].[Direccion], [c].[Email], [c].[EstaActivo], [c].[Estado], [c].[FechaActualizacionUtc], [c].[FechaCreacionUtc], [c].[Nombre], [c].[NombreEmpresa], [c].[Notas], [c].[PorcentajeDescuentoEspecial], [c].[Rfc], [c].[Telefono], [c].[TipoCliente], [u].[Id], [u].[Email], [u].[EmpleadoId], [u].[EstaActivo], [u].[FechaActualizacionUtc], [u].[FechaCreacionUtc], [u].[NombreUsuario], [u].[PasswordHash], [s2].[Id], [s2].[Cantidad], [s2].[EstaActivo], [s2].[FechaActualizacionUtc], [s2].[FechaCreacionUtc], [s2].[MontoDescuento], [s2].[PrecioTotal], [s2].[PrecioUnitario], [s2].[ProductoId], [s2].[VentaId], [s2].[Id0], [s2].[AltoCm], [s2].[AnchoCm], [s2].[AnchoMm], [s2].[Barcode], [s2].[CantidadInventarioInicial], [s2].[CantidadMinimaMayoreo], [s2].[CategoriaId], [s2].[CoberturaM2Caja], [s2].[CoberturaPorUnidadM2], [s2].[Descripcion], [s2].[EspesorMm], [s2].[EstaActivo0], [s2].[FechaActualizacionUtc0], [s2].[FechaCreacionUtc0], [s2].[ImagenUrl], [s2].[LargoCm], [s2].[LargoMm], [s2].[Material], [s2].[Nombre], [s2].[PiezasPorCaja], [s2].[PrecioMayoreo], [s2].[PrecioUnitario0], [s2].[Sku], [s2].[SoloCotizacion], [s2].[UnidadMedida], [s2].[VisibleMasVendido]
FROM (
    SELECT TOP(@__p_0) [s].[Id], [s].[ClienteId], [s].[EstaActivo], [s].[Estado], [s].[FechaActualizacionUtc], [s].[FechaCreacionUtc], [s].[MontoAnticipo], [s].[MontoDescuento], [s].[MontoEfectivo], [s].[MontoIva], [s].[MontoTarjeta], [s].[MontoTotal], [s].[MontoTransferencia], [s].[Notas], [s].[NumeroFolio], [s].[SaldoPendiente], [s].[SubTotal], [s].[TipoPago], [s].[UsuarioId]
    FROM [Sales] AS [s]
    WHERE [s].[EstaActivo] = CAST(1 AS bit)
    ORDER BY [s].[FechaCreacionUtc] DESC
) AS [s0]
LEFT JOIN [Customers] AS [c] ON [s0].[ClienteId] = [c].[Id]
LEFT JOIN [Users] AS [u] ON [s0].[UsuarioId] = [u].[Id]
LEFT JOIN (
    SELECT [s1].[Id], [s1].[Cantidad], [s1].[EstaActivo], [s1].[FechaActualizacionUtc], [s1].[FechaCreacionUtc], [s1].[MontoDescuento], [s1].[PrecioTotal], [s1].[PrecioUnitario], [s1].[ProductoId], [s1].[VentaId], [p].[Id] AS [Id0], [p].[AltoCm], [p].[AnchoCm], [p].[AnchoMm], [p].[Barcode], [p].[CantidadInventarioInicial], [p].[CantidadMinimaMayoreo], [p].[CategoriaId], [p].[CoberturaM2Caja], [p].[CoberturaPorUnidadM2], [p].[Descripcion], [p].[EspesorMm], [p].[EstaActivo] AS [EstaActivo0], [p].[FechaActualizacionUtc] AS [FechaActualizacionUtc0], [p].[FechaCreacionUtc] AS [FechaCreacionUtc0], [p].[ImagenUrl], [p].[LargoCm], [p].[LargoMm], [p].[Material], [p].[Nombre], [p].[PiezasPorCaja], [p].[PrecioMayoreo], [p].[PrecioUnitario] AS [PrecioUnitario0], [p].[Sku], [p].[SoloCotizacion], [p].[UnidadMedida], [p].[VisibleMasVendido]
    FROM [SaleItems] AS [s1]
    INNER JOIN [Products] AS [p] ON [s1].[ProductoId] = [p].[Id]
) AS [s2] ON [s0].[Id] = [s2].[VentaId]
ORDER BY [s0].[FechaCreacionUtc] DESC, [s0].[Id], [c].[Id], [u].[Id], [s2].[Id]
2026-08-07 20:42:56.735 -06:00 [INF] [AUDITORIA WPC BAJIO] CorrelationId: 6e120ebc-8836-4e0d-9969-8b5a56d53a3b | Action: GET /api/v1/customers | Entity: HttpRequest (200) | User: ebc8b858-2837-4bd5-93e1-8b4c1d0bd81b | IP: ::1 | Reason: HTTP Response StatusCode: 200 | OldValues: N/A | NewValues: N/A
2026-08-07 20:42:56.741 -06:00 [INF] Executed DbCommand (1ms) [Parameters=[@__p_0='?' (DbType = Int32)], CommandType='"Text"', CommandTimeout='30']
SELECT TOP(@__p_0) [c].[Id], [c].[Apellido], [c].[Ciudad], [c].[CodigoPostal], [c].[Direccion], [c].[Email], [c].[EstaActivo], [c].[Estado], [c].[FechaActualizacionUtc], [c].[FechaCreacionUtc], [c].[Nombre], [c].[NombreEmpresa], [c].[Notas], [c].[PorcentajeDescuentoEspecial], [c].[Rfc], [c].[Telefono], [c].[TipoCliente]
FROM [Customers] AS [c]
WHERE [c].[EstaActivo] = CAST(1 AS bit)
ORDER BY COALESCE([c].[NombreEmpresa], [c].[Nombre])
2026-08-07 20:42:56.748 -06:00 [INF] Request finished HTTP/1.1 GET http://localhost:5000/api/v1/customers? - 200 null application/json; charset=utf-8 70.1721ms
2026-08-07 20:42:56.751 -06:00 [INF] Executing OkObjectResult, writing value of type 'System.Collections.Generic.List`1[[Pos.Application.Catalog.DTOs.CustomerDto, Pos.Application, Version=1.0.0.0, Culture=neutral, PublicKeyToken=null]]'.
2026-08-07 20:42:56.757 -06:00 [INF] Executed action Pos.Api.Controllers.v1.CustomersController.GetCustomers (Pos.Api) in 18.7606ms
2026-08-07 20:42:56.760 -06:00 [INF] Executed endpoint 'Pos.Api.Controllers.v1.CustomersController.GetCustomers (Pos.Api)'
2026-08-07 20:42:56.765 -06:00 [INF] Executed DbCommand (2ms) [Parameters=[@p0='?' (DbType = Guid), @p1='?' (Size = 100), @p2='?' (Size = 4000), @p3='?' (Size = 4000), @p4='?' (DbType = Boolean), @p5='?' (DbType = DateTime2), @p6='?' (DbType = DateTime2), @p7='?' (Size = 100), @p8='?' (Size = 4000), @p9='?' (Size = 4000), @p10='?' (DbType = Guid), @p11='?' (Size = 4000), @p12='?' (Size = 4000)], CommandType='"Text"', CommandTimeout='30']
SET IMPLICIT_TRANSACTIONS OFF;
SET NOCOUNT ON;
INSERT INTO [AuditLogs] ([Id], [Accion], [DireccionIp], [EntidadId], [EstaActivo], [FechaActualizacionUtc], [FechaCreacionUtc], [IdCorrelacion], [Motivo], [NombreEntidad], [UsuarioId], [ValoresAnterioresJson], [ValoresNuevosJson])
VALUES (@p0, @p1, @p2, @p3, @p4, @p5, @p6, @p7, @p8, @p9, @p10, @p11, @p12);
2026-08-07 20:42:56.765 -06:00 [INF] Executed DbCommand (2ms) [Parameters=[@__productIds_0='?' (Size = 4000)], CommandType='"Text"', CommandTimeout='30']
SELECT [s].[Id], [s].[CantidadDisponible], [s].[CantidadReorden], [s].[EstaActivo], [s].[FechaActualizacionUtc], [s].[FechaCreacionUtc], [s].[ProductoId], [s].[Ubicacion], [s].[UmbralMinimoAlerta], [s].[VersionFila]
FROM [Stocks] AS [s]
WHERE [s].[ProductoId] IN (
    SELECT [p].[value]
    FROM OPENJSON(@__productIds_0) WITH ([value] uniqueidentifier '$') AS [p]
)
2026-08-07 20:42:56.767 -06:00 [INF] [AUDITORIA WPC BAJIO] CorrelationId: 66be2ebd-fcd6-4a8e-b3e2-a6d6080a7d4b | Action: GET /api/v1/customers | Entity: HttpRequest (200) | User: ebc8b858-2837-4bd5-93e1-8b4c1d0bd81b | IP: ::1 | Reason: HTTP Response StatusCode: 200 | OldValues: N/A | NewValues: N/A
2026-08-07 20:42:56.770 -06:00 [INF] Executing OkObjectResult, writing value of type 'System.Collections.Generic.List`1[[Pos.Application.Catalog.DTOs.ProductDto, Pos.Application, Version=1.0.0.0, Culture=neutral, PublicKeyToken=null]]'.
2026-08-07 20:42:56.772 -06:00 [INF] Request finished HTTP/1.1 GET http://localhost:5000/api/v1/customers? - 200 null application/json; charset=utf-8 48.6181ms
2026-08-07 20:42:56.775 -06:00 [INF] Executed action Pos.Api.Controllers.v1.ProductsController.GetProducts (Pos.Api) in 83.797ms
2026-08-07 20:42:56.779 -06:00 [INF] Executed endpoint 'Pos.Api.Controllers.v1.ProductsController.GetProducts (Pos.Api)'
2026-08-07 20:42:56.779 -06:00 [INF] Request starting HTTP/1.1 GET http://localhost:5000/api/v1/products? - application/json null
2026-08-07 20:42:56.782 -06:00 [INF] Executed DbCommand (1ms) [Parameters=[@p0='?' (DbType = Guid), @p1='?' (Size = 100), @p2='?' (Size = 4000), @p3='?' (Size = 4000), @p4='?' (DbType = Boolean), @p5='?' (DbType = DateTime2), @p6='?' (DbType = DateTime2), @p7='?' (Size = 100), @p8='?' (Size = 4000), @p9='?' (Size = 4000), @p10='?' (DbType = Guid), @p11='?' (Size = 4000), @p12='?' (Size = 4000)], CommandType='"Text"', CommandTimeout='30']
SET IMPLICIT_TRANSACTIONS OFF;
SET NOCOUNT ON;
INSERT INTO [AuditLogs] ([Id], [Accion], [DireccionIp], [EntidadId], [EstaActivo], [FechaActualizacionUtc], [FechaCreacionUtc], [IdCorrelacion], [Motivo], [NombreEntidad], [UsuarioId], [ValoresAnterioresJson], [ValoresNuevosJson])
VALUES (@p0, @p1, @p2, @p3, @p4, @p5, @p6, @p7, @p8, @p9, @p10, @p11, @p12);
2026-08-07 20:42:56.782 -06:00 [INF] Executing endpoint 'Pos.Api.Controllers.v1.ProductsController.GetProducts (Pos.Api)'
2026-08-07 20:42:56.784 -06:00 [INF] [AUDITORIA WPC BAJIO] CorrelationId: e8b91ad6-d640-465c-adb4-7b6c129d0b8a | Action: GET /api/v1/products | Entity: HttpRequest (200) | User: ebc8b858-2837-4bd5-93e1-8b4c1d0bd81b | IP: ::1 | Reason: HTTP Response StatusCode: 200 | OldValues: N/A | NewValues: N/A
2026-08-07 20:42:56.784 -06:00 [INF] Route matched with {action = "GetProducts", controller = "Products"}. Executing controller action with signature System.Threading.Tasks.Task`1[Microsoft.AspNetCore.Mvc.ActionResult`1[System.Collections.Generic.List`1[Pos.Application.Catalog.DTOs.ProductDto]]] GetProducts(System.String, System.Nullable`1[System.Guid], System.Nullable`1[System.Boolean], System.Threading.CancellationToken) on controller Pos.Api.Controllers.v1.ProductsController (Pos.Api).
2026-08-07 20:42:56.787 -06:00 [INF] Request finished HTTP/1.1 GET http://localhost:5000/api/v1/products? - 200 null application/json; charset=utf-8 109.9432ms
2026-08-07 20:42:56.791 -06:00 [INF] Executed DbCommand (1ms) [Parameters=[], CommandType='"Text"', CommandTimeout='30']
SELECT [p].[Id], [p].[AltoCm], [p].[AnchoCm], [p].[AnchoMm], [p].[Barcode], [p].[CantidadInventarioInicial], [p].[CantidadMinimaMayoreo], [p].[CategoriaId], [p].[CoberturaM2Caja], [p].[CoberturaPorUnidadM2], [p].[Descripcion], [p].[EspesorMm], [p].[EstaActivo], [p].[FechaActualizacionUtc], [p].[FechaCreacionUtc], [p].[ImagenUrl], [p].[LargoCm], [p].[LargoMm], [p].[Material], [p].[Nombre], [p].[PiezasPorCaja], [p].[PrecioMayoreo], [p].[PrecioUnitario], [p].[Sku], [p].[SoloCotizacion], [p].[UnidadMedida], [p].[VisibleMasVendido], [c].[Id], [c].[CategoriaPadreId], [c].[Descripcion], [c].[EstaActivo], [c].[FechaActualizacionUtc], [c].[FechaCreacionUtc], [c].[Nombre], [c].[Slug], [p0].[Id], [p0].[EsPrincipal], [p0].[EstaActivo], [p0].[FechaActualizacionUtc], [p0].[FechaCreacionUtc], [p0].[ProductoId], [p0].[UrlImagen]
FROM [Products] AS [p]
INNER JOIN [Categories] AS [c] ON [p].[CategoriaId] = [c].[Id]
LEFT JOIN [ProductImages] AS [p0] ON [p].[Id] = [p0].[ProductoId]
ORDER BY [p].[Id], [c].[Id]
2026-08-07 20:42:56.881 -06:00 [INF] Executed DbCommand (1ms) [Parameters=[@__productIds_0='?' (Size = 4000)], CommandType='"Text"', CommandTimeout='30']
SELECT [s].[Id], [s].[CantidadDisponible], [s].[CantidadReorden], [s].[EstaActivo], [s].[FechaActualizacionUtc], [s].[FechaCreacionUtc], [s].[ProductoId], [s].[Ubicacion], [s].[UmbralMinimoAlerta], [s].[VersionFila]
FROM [Stocks] AS [s]
WHERE [s].[ProductoId] IN (
    SELECT [p].[value]
    FROM OPENJSON(@__productIds_0) WITH ([value] uniqueidentifier '$') AS [p]
)
2026-08-07 20:42:56.884 -06:00 [INF] Executing OkObjectResult, writing value of type 'System.Collections.Generic.List`1[[Pos.Application.Catalog.DTOs.ProductDto, Pos.Application, Version=1.0.0.0, Culture=neutral, PublicKeyToken=null]]'.
2026-08-07 20:42:56.886 -06:00 [INF] Executed action Pos.Api.Controllers.v1.ProductsController.GetProducts (Pos.Api) in 96.2246ms
2026-08-07 20:42:56.888 -06:00 [INF] Executed endpoint 'Pos.Api.Controllers.v1.ProductsController.GetProducts (Pos.Api)'
2026-08-07 20:42:56.891 -06:00 [INF] Executed DbCommand (1ms) [Parameters=[@p0='?' (DbType = Guid), @p1='?' (Size = 100), @p2='?' (Size = 4000), @p3='?' (Size = 4000), @p4='?' (DbType = Boolean), @p5='?' (DbType = DateTime2), @p6='?' (DbType = DateTime2), @p7='?' (Size = 100), @p8='?' (Size = 4000), @p9='?' (Size = 4000), @p10='?' (DbType = Guid), @p11='?' (Size = 4000), @p12='?' (Size = 4000)], CommandType='"Text"', CommandTimeout='30']
SET IMPLICIT_TRANSACTIONS OFF;
SET NOCOUNT ON;
INSERT INTO [AuditLogs] ([Id], [Accion], [DireccionIp], [EntidadId], [EstaActivo], [FechaActualizacionUtc], [FechaCreacionUtc], [IdCorrelacion], [Motivo], [NombreEntidad], [UsuarioId], [ValoresAnterioresJson], [ValoresNuevosJson])
VALUES (@p0, @p1, @p2, @p3, @p4, @p5, @p6, @p7, @p8, @p9, @p10, @p11, @p12);
2026-08-07 20:42:56.893 -06:00 [INF] [AUDITORIA WPC BAJIO] CorrelationId: c08b0180-dd9a-4548-928f-21c4635c76eb | Action: GET /api/v1/products | Entity: HttpRequest (200) | User: ebc8b858-2837-4bd5-93e1-8b4c1d0bd81b | IP: ::1 | Reason: HTTP Response StatusCode: 200 | OldValues: N/A | NewValues: N/A
2026-08-07 20:42:56.895 -06:00 [INF] Request finished HTTP/1.1 GET http://localhost:5000/api/v1/products? - 200 null application/json; charset=utf-8 116.0063ms
2026-08-07 20:42:56.911 -06:00 [INF] Executing OkObjectResult, writing value of type 'System.Collections.Generic.List`1[[Pos.Application.Sales.DTOs.SaleDto, Pos.Application, Version=1.0.0.0, Culture=neutral, PublicKeyToken=null]]'.
2026-08-07 20:42:56.913 -06:00 [INF] Executed action Pos.Api.Controllers.v1.SalesController.GetSales (Pos.Api) in 216.2612ms
2026-08-07 20:42:56.914 -06:00 [INF] Executed endpoint 'Pos.Api.Controllers.v1.SalesController.GetSales (Pos.Api)'
2026-08-07 20:42:56.916 -06:00 [INF] Request starting HTTP/1.1 GET http://localhost:5000/api/v1/sales - application/json null
2026-08-07 20:42:56.917 -06:00 [INF] Executed DbCommand (1ms) [Parameters=[@p0='?' (DbType = Guid), @p1='?' (Size = 100), @p2='?' (Size = 4000), @p3='?' (Size = 4000), @p4='?' (DbType = Boolean), @p5='?' (DbType = DateTime2), @p6='?' (DbType = DateTime2), @p7='?' (Size = 100), @p8='?' (Size = 4000), @p9='?' (Size = 4000), @p10='?' (DbType = Guid), @p11='?' (Size = 4000), @p12='?' (Size = 4000)], CommandType='"Text"', CommandTimeout='30']
SET IMPLICIT_TRANSACTIONS OFF;
SET NOCOUNT ON;
INSERT INTO [AuditLogs] ([Id], [Accion], [DireccionIp], [EntidadId], [EstaActivo], [FechaActualizacionUtc], [FechaCreacionUtc], [IdCorrelacion], [Motivo], [NombreEntidad], [UsuarioId], [ValoresAnterioresJson], [ValoresNuevosJson])
VALUES (@p0, @p1, @p2, @p3, @p4, @p5, @p6, @p7, @p8, @p9, @p10, @p11, @p12);
2026-08-07 20:42:56.918 -06:00 [INF] Executing endpoint 'Pos.Api.Controllers.v1.SalesController.GetSales (Pos.Api)'
2026-08-07 20:42:56.921 -06:00 [INF] [AUDITORIA WPC BAJIO] CorrelationId: da0aa94c-4be9-491b-8c7b-30884ea23ba8 | Action: GET /api/v1/sales | Entity: HttpRequest (200) | User: ebc8b858-2837-4bd5-93e1-8b4c1d0bd81b | IP: ::1 | Reason: HTTP Response StatusCode: 200 | OldValues: N/A | NewValues: N/A
2026-08-07 20:42:56.922 -06:00 [INF] Route matched with {action = "GetSales", controller = "Sales"}. Executing controller action with signature System.Threading.Tasks.Task`1[Microsoft.AspNetCore.Mvc.ActionResult`1[System.Collections.Generic.List`1[Pos.Application.Sales.DTOs.SaleDto]]] GetSales(System.String, System.Nullable`1[System.Guid], System.String, System.Threading.CancellationToken) on controller Pos.Api.Controllers.v1.SalesController (Pos.Api).
2026-08-07 20:42:56.924 -06:00 [INF] Request finished HTTP/1.1 GET http://localhost:5000/api/v1/sales - 200 null application/json; charset=utf-8 246.1065ms
2026-08-07 20:42:56.928 -06:00 [INF] Executed DbCommand (1ms) [Parameters=[@__p_0='?' (DbType = Int32)], CommandType='"Text"', CommandTimeout='30']
SELECT [s0].[Id], [s0].[ClienteId], [s0].[EstaActivo], [s0].[Estado], [s0].[FechaActualizacionUtc], [s0].[FechaCreacionUtc], [s0].[MontoAnticipo], [s0].[MontoDescuento], [s0].[MontoEfectivo], [s0].[MontoIva], [s0].[MontoTarjeta], [s0].[MontoTotal], [s0].[MontoTransferencia], [s0].[Notas], [s0].[NumeroFolio], [s0].[SaldoPendiente], [s0].[SubTotal], [s0].[TipoPago], [s0].[UsuarioId], [c].[Id], [c].[Apellido], [c].[Ciudad], [c].[CodigoPostal], [c].[Direccion], [c].[Email], [c].[EstaActivo], [c].[Estado], [c].[FechaActualizacionUtc], [c].[FechaCreacionUtc], [c].[Nombre], [c].[NombreEmpresa], [c].[Notas], [c].[PorcentajeDescuentoEspecial], [c].[Rfc], [c].[Telefono], [c].[TipoCliente], [u].[Id], [u].[Email], [u].[EmpleadoId], [u].[EstaActivo], [u].[FechaActualizacionUtc], [u].[FechaCreacionUtc], [u].[NombreUsuario], [u].[PasswordHash], [s2].[Id], [s2].[Cantidad], [s2].[EstaActivo], [s2].[FechaActualizacionUtc], [s2].[FechaCreacionUtc], [s2].[MontoDescuento], [s2].[PrecioTotal], [s2].[PrecioUnitario], [s2].[ProductoId], [s2].[VentaId], [s2].[Id0], [s2].[AltoCm], [s2].[AnchoCm], [s2].[AnchoMm], [s2].[Barcode], [s2].[CantidadInventarioInicial], [s2].[CantidadMinimaMayoreo], [s2].[CategoriaId], [s2].[CoberturaM2Caja], [s2].[CoberturaPorUnidadM2], [s2].[Descripcion], [s2].[EspesorMm], [s2].[EstaActivo0], [s2].[FechaActualizacionUtc0], [s2].[FechaCreacionUtc0], [s2].[ImagenUrl], [s2].[LargoCm], [s2].[LargoMm], [s2].[Material], [s2].[Nombre], [s2].[PiezasPorCaja], [s2].[PrecioMayoreo], [s2].[PrecioUnitario0], [s2].[Sku], [s2].[SoloCotizacion], [s2].[UnidadMedida], [s2].[VisibleMasVendido]
FROM (
    SELECT TOP(@__p_0) [s].[Id], [s].[ClienteId], [s].[EstaActivo], [s].[Estado], [s].[FechaActualizacionUtc], [s].[FechaCreacionUtc], [s].[MontoAnticipo], [s].[MontoDescuento], [s].[MontoEfectivo], [s].[MontoIva], [s].[MontoTarjeta], [s].[MontoTotal], [s].[MontoTransferencia], [s].[Notas], [s].[NumeroFolio], [s].[SaldoPendiente], [s].[SubTotal], [s].[TipoPago], [s].[UsuarioId]
    FROM [Sales] AS [s]
    WHERE [s].[EstaActivo] = CAST(1 AS bit)
    ORDER BY [s].[FechaCreacionUtc] DESC
) AS [s0]
LEFT JOIN [Customers] AS [c] ON [s0].[ClienteId] = [c].[Id]
LEFT JOIN [Users] AS [u] ON [s0].[UsuarioId] = [u].[Id]
LEFT JOIN (
    SELECT [s1].[Id], [s1].[Cantidad], [s1].[EstaActivo], [s1].[FechaActualizacionUtc], [s1].[FechaCreacionUtc], [s1].[MontoDescuento], [s1].[PrecioTotal], [s1].[PrecioUnitario], [s1].[ProductoId], [s1].[VentaId], [p].[Id] AS [Id0], [p].[AltoCm], [p].[AnchoCm], [p].[AnchoMm], [p].[Barcode], [p].[CantidadInventarioInicial], [p].[CantidadMinimaMayoreo], [p].[CategoriaId], [p].[CoberturaM2Caja], [p].[CoberturaPorUnidadM2], [p].[Descripcion], [p].[EspesorMm], [p].[EstaActivo] AS [EstaActivo0], [p].[FechaActualizacionUtc] AS [FechaActualizacionUtc0], [p].[FechaCreacionUtc] AS [FechaCreacionUtc0], [p].[ImagenUrl], [p].[LargoCm], [p].[LargoMm], [p].[Material], [p].[Nombre], [p].[PiezasPorCaja], [p].[PrecioMayoreo], [p].[PrecioUnitario] AS [PrecioUnitario0], [p].[Sku], [p].[SoloCotizacion], [p].[UnidadMedida], [p].[VisibleMasVendido]
    FROM [SaleItems] AS [s1]
    INNER JOIN [Products] AS [p] ON [s1].[ProductoId] = [p].[Id]
) AS [s2] ON [s0].[Id] = [s2].[VentaId]
ORDER BY [s0].[FechaCreacionUtc] DESC, [s0].[Id], [c].[Id], [u].[Id], [s2].[Id]
2026-08-07 20:42:57.031 -06:00 [INF] Executing OkObjectResult, writing value of type 'System.Collections.Generic.List`1[[Pos.Application.Sales.DTOs.SaleDto, Pos.Application, Version=1.0.0.0, Culture=neutral, PublicKeyToken=null]]'.
2026-08-07 20:42:57.032 -06:00 [INF] Executed action Pos.Api.Controllers.v1.SalesController.GetSales (Pos.Api) in 106.5923ms
2026-08-07 20:42:57.034 -06:00 [INF] Executed endpoint 'Pos.Api.Controllers.v1.SalesController.GetSales (Pos.Api)'
2026-08-07 20:42:57.042 -06:00 [INF] Executed DbCommand (6ms) [Parameters=[@p0='?' (DbType = Guid), @p1='?' (Size = 100), @p2='?' (Size = 4000), @p3='?' (Size = 4000), @p4='?' (DbType = Boolean), @p5='?' (DbType = DateTime2), @p6='?' (DbType = DateTime2), @p7='?' (Size = 100), @p8='?' (Size = 4000), @p9='?' (Size = 4000), @p10='?' (DbType = Guid), @p11='?' (Size = 4000), @p12='?' (Size = 4000)], CommandType='"Text"', CommandTimeout='30']
SET IMPLICIT_TRANSACTIONS OFF;
SET NOCOUNT ON;
INSERT INTO [AuditLogs] ([Id], [Accion], [DireccionIp], [EntidadId], [EstaActivo], [FechaActualizacionUtc], [FechaCreacionUtc], [IdCorrelacion], [Motivo], [NombreEntidad], [UsuarioId], [ValoresAnterioresJson], [ValoresNuevosJson])
VALUES (@p0, @p1, @p2, @p3, @p4, @p5, @p6, @p7, @p8, @p9, @p10, @p11, @p12);
2026-08-07 20:42:57.045 -06:00 [INF] [AUDITORIA WPC BAJIO] CorrelationId: f40922cb-b075-48f5-989e-bfc0007edc72 | Action: GET /api/v1/sales | Entity: HttpRequest (200) | User: ebc8b858-2837-4bd5-93e1-8b4c1d0bd81b | IP: ::1 | Reason: HTTP Response StatusCode: 200 | OldValues: N/A | NewValues: N/A
2026-08-07 20:42:57.048 -06:00 [INF] Request finished HTTP/1.1 GET http://localhost:5000/api/v1/sales - 200 null application/json; charset=utf-8 131.7524ms
2026-08-07 20:43:32.589 -06:00 [INF] Request starting HTTP/1.1 GET http://localhost:5000/api/v1/cashshifts/current - application/json null
2026-08-07 20:43:32.589 -06:00 [INF] Request starting HTTP/1.1 GET http://localhost:5000/api/v1/cashshifts/history - application/json null
2026-08-07 20:43:32.594 -06:00 [INF] Executing endpoint 'Pos.Api.Controllers.v1.CashShiftController.GetCurrentShift (Pos.Api)'
2026-08-07 20:43:32.596 -06:00 [INF] Executing endpoint 'Pos.Api.Controllers.v1.CashShiftController.GetShiftHistory (Pos.Api)'
2026-08-07 20:43:32.599 -06:00 [INF] Route matched with {action = "GetCurrentShift", controller = "CashShift"}. Executing controller action with signature System.Threading.Tasks.Task`1[Microsoft.AspNetCore.Mvc.ActionResult`1[Pos.Application.CashShift.DTOs.CashShiftDto]] GetCurrentShift(System.Threading.CancellationToken) on controller Pos.Api.Controllers.v1.CashShiftController (Pos.Api).
2026-08-07 20:43:32.599 -06:00 [INF] Route matched with {action = "GetShiftHistory", controller = "CashShift"}. Executing controller action with signature System.Threading.Tasks.Task`1[Microsoft.AspNetCore.Mvc.ActionResult`1[System.Collections.Generic.List`1[Pos.Application.CashShift.DTOs.CashShiftDto]]] GetShiftHistory(System.Threading.CancellationToken) on controller Pos.Api.Controllers.v1.CashShiftController (Pos.Api).
2026-08-07 20:43:32.648 -06:00 [INF] Executed DbCommand (16ms) [Parameters=[@__userId_0='?' (DbType = Guid)], CommandType='"Text"', CommandTimeout='30']
SELECT [s].[Id], [s].[EstaActivo], [s].[Estado], [s].[FechaActualizacionUtc], [s].[FechaAperturaUtc], [s].[FechaCierreUtc], [s].[FechaCreacionUtc], [s].[MontoApertura], [s].[MontoCierreEsperado], [s].[MontoCierreReal], [s].[MontoDiferencia], [s].[Notas], [s].[NumeroTurno], [s].[TotalRetiros], [s].[TotalVentasEfectivo], [s].[TotalVentasTarjeta], [s].[TotalVentasTransferencia], [s].[UsuarioId], [s].[Id0], [s].[Email], [s].[EmpleadoId], [s].[EstaActivo0], [s].[FechaActualizacionUtc0], [s].[FechaCreacionUtc0], [s].[NombreUsuario], [s].[PasswordHash], [s0].[Id], [s0].[EstaActivo], [s0].[FechaActualizacionUtc], [s0].[FechaCreacionUtc], [s0].[Monto], [s0].[Motivo], [s0].[TipoTransaccion], [s0].[TurnoCajaId], [s0].[UsuarioId], [s0].[Id0], [s0].[Email], [s0].[EmpleadoId], [s0].[EstaActivo0], [s0].[FechaActualizacionUtc0], [s0].[FechaCreacionUtc0], [s0].[NombreUsuario], [s0].[PasswordHash]
FROM (
    SELECT TOP(1) [c].[Id], [c].[EstaActivo], [c].[Estado], [c].[FechaActualizacionUtc], [c].[FechaAperturaUtc], [c].[FechaCierreUtc], [c].[FechaCreacionUtc], [c].[MontoApertura], [c].[MontoCierreEsperado], [c].[MontoCierreReal], [c].[MontoDiferencia], [c].[Notas], [c].[NumeroTurno], [c].[TotalRetiros], [c].[TotalVentasEfectivo], [c].[TotalVentasTarjeta], [c].[TotalVentasTransferencia], [c].[UsuarioId], [u].[Id] AS [Id0], [u].[Email], [u].[EmpleadoId], [u].[EstaActivo] AS [EstaActivo0], [u].[FechaActualizacionUtc] AS [FechaActualizacionUtc0], [u].[FechaCreacionUtc] AS [FechaCreacionUtc0], [u].[NombreUsuario], [u].[PasswordHash]
    FROM [CashShifts] AS [c]
    INNER JOIN [Users] AS [u] ON [c].[UsuarioId] = [u].[Id]
    WHERE [c].[UsuarioId] = @__userId_0 AND [c].[Estado] = N'Abierto'
) AS [s]
LEFT JOIN (
    SELECT [c0].[Id], [c0].[EstaActivo], [c0].[FechaActualizacionUtc], [c0].[FechaCreacionUtc], [c0].[Monto], [c0].[Motivo], [c0].[TipoTransaccion], [c0].[TurnoCajaId], [c0].[UsuarioId], [u0].[Id] AS [Id0], [u0].[Email], [u0].[EmpleadoId], [u0].[EstaActivo] AS [EstaActivo0], [u0].[FechaActualizacionUtc] AS [FechaActualizacionUtc0], [u0].[FechaCreacionUtc] AS [FechaCreacionUtc0], [u0].[NombreUsuario], [u0].[PasswordHash]
    FROM [CashTransactions] AS [c0]
    LEFT JOIN [Users] AS [u0] ON [c0].[UsuarioId] = [u0].[Id]
) AS [s0] ON [s].[Id] = [s0].[TurnoCajaId]
ORDER BY [s].[Id], [s].[Id0], [s0].[Id]
2026-08-07 20:43:32.727 -06:00 [INF] Executed DbCommand (61ms) [Parameters=[@__shift_UsuarioId_0='?' (DbType = Guid), @__shift_FechaAperturaUtc_1='?' (DbType = DateTime2), @__endAtUtc_2='?' (DbType = DateTime2)], CommandType='"Text"', CommandTimeout='30']
SELECT [s].[MontoEfectivo], [s].[MontoTarjeta], [s].[MontoTransferencia]
FROM [Sales] AS [s]
WHERE [s].[UsuarioId] = @__shift_UsuarioId_0 AND [s].[FechaCreacionUtc] >= @__shift_FechaAperturaUtc_1 AND [s].[FechaCreacionUtc] <= @__endAtUtc_2 AND [s].[EstaActivo] = CAST(1 AS bit) AND [s].[Estado] <> N'Cancelada'
2026-08-07 20:43:32.727 -06:00 [INF] Executed DbCommand (96ms) [Parameters=[@__p_0='?' (DbType = Int32)], CommandType='"Text"', CommandTimeout='30']
SELECT [c0].[Id], [c0].[EstaActivo], [c0].[Estado], [c0].[FechaActualizacionUtc], [c0].[FechaAperturaUtc], [c0].[FechaCierreUtc], [c0].[FechaCreacionUtc], [c0].[MontoApertura], [c0].[MontoCierreEsperado], [c0].[MontoCierreReal], [c0].[MontoDiferencia], [c0].[Notas], [c0].[NumeroTurno], [c0].[TotalRetiros], [c0].[TotalVentasEfectivo], [c0].[TotalVentasTarjeta], [c0].[TotalVentasTransferencia], [c0].[UsuarioId], [u].[Id], [u].[Email], [u].[EmpleadoId], [u].[EstaActivo], [u].[FechaActualizacionUtc], [u].[FechaCreacionUtc], [u].[NombreUsuario], [u].[PasswordHash], [s].[Id], [s].[EstaActivo], [s].[FechaActualizacionUtc], [s].[FechaCreacionUtc], [s].[Monto], [s].[Motivo], [s].[TipoTransaccion], [s].[TurnoCajaId], [s].[UsuarioId], [s].[Id0], [s].[Email], [s].[EmpleadoId], [s].[EstaActivo0], [s].[FechaActualizacionUtc0], [s].[FechaCreacionUtc0], [s].[NombreUsuario], [s].[PasswordHash]
FROM (
    SELECT TOP(@__p_0) [c].[Id], [c].[EstaActivo], [c].[Estado], [c].[FechaActualizacionUtc], [c].[FechaAperturaUtc], [c].[FechaCierreUtc], [c].[FechaCreacionUtc], [c].[MontoApertura], [c].[MontoCierreEsperado], [c].[MontoCierreReal], [c].[MontoDiferencia], [c].[Notas], [c].[NumeroTurno], [c].[TotalRetiros], [c].[TotalVentasEfectivo], [c].[TotalVentasTarjeta], [c].[TotalVentasTransferencia], [c].[UsuarioId]
    FROM [CashShifts] AS [c]
    ORDER BY [c].[FechaAperturaUtc] DESC
) AS [c0]
INNER JOIN [Users] AS [u] ON [c0].[UsuarioId] = [u].[Id]
LEFT JOIN (
    SELECT [c1].[Id], [c1].[EstaActivo], [c1].[FechaActualizacionUtc], [c1].[FechaCreacionUtc], [c1].[Monto], [c1].[Motivo], [c1].[TipoTransaccion], [c1].[TurnoCajaId], [c1].[UsuarioId], [u0].[Id] AS [Id0], [u0].[Email], [u0].[EmpleadoId], [u0].[EstaActivo] AS [EstaActivo0], [u0].[FechaActualizacionUtc] AS [FechaActualizacionUtc0], [u0].[FechaCreacionUtc] AS [FechaCreacionUtc0], [u0].[NombreUsuario], [u0].[PasswordHash]
    FROM [CashTransactions] AS [c1]
    LEFT JOIN [Users] AS [u0] ON [c1].[UsuarioId] = [u0].[Id]
) AS [s] ON [c0].[Id] = [s].[TurnoCajaId]
ORDER BY [c0].[FechaAperturaUtc] DESC, [c0].[Id], [u].[Id], [s].[Id]
2026-08-07 20:43:32.750 -06:00 [INF] Executing OkObjectResult, writing value of type 'System.Collections.Generic.List`1[[Pos.Application.CashShift.DTOs.CashShiftDto, Pos.Application, Version=1.0.0.0, Culture=neutral, PublicKeyToken=null]]'.
2026-08-07 20:43:32.767 -06:00 [INF] Executed action Pos.Api.Controllers.v1.CashShiftController.GetShiftHistory (Pos.Api) in 163.2425ms
2026-08-07 20:43:32.769 -06:00 [INF] Executed endpoint 'Pos.Api.Controllers.v1.CashShiftController.GetShiftHistory (Pos.Api)'
2026-08-07 20:43:32.771 -06:00 [INF] Request starting HTTP/1.1 GET http://localhost:5000/api/v1/cashshifts/history - application/json null
2026-08-07 20:43:32.772 -06:00 [INF] Executed DbCommand (25ms) [Parameters=[@__shift_UsuarioId_0='?' (DbType = Guid), @__shift_FechaAperturaUtc_1='?' (DbType = DateTime2), @__endAtUtc_2='?' (DbType = DateTime2)], CommandType='"Text"', CommandTimeout='30']
SELECT [p].[MontoAbonado], [p].[FormaPago]
FROM [PaymentInstallments] AS [p]
WHERE [p].[UsuarioId] = @__shift_UsuarioId_0 AND [p].[FechaCreacionUtc] >= @__shift_FechaAperturaUtc_1 AND [p].[FechaCreacionUtc] <= @__endAtUtc_2 AND [p].[EstaActivo] = CAST(1 AS bit)
2026-08-07 20:43:32.776 -06:00 [INF] Executing endpoint 'Pos.Api.Controllers.v1.CashShiftController.GetShiftHistory (Pos.Api)'
2026-08-07 20:43:32.777 -06:00 [INF] Executed DbCommand (5ms) [Parameters=[@p0='?' (DbType = Guid), @p1='?' (Size = 100), @p2='?' (Size = 4000), @p3='?' (Size = 4000), @p4='?' (DbType = Boolean), @p5='?' (DbType = DateTime2), @p6='?' (DbType = DateTime2), @p7='?' (Size = 100), @p8='?' (Size = 4000), @p9='?' (Size = 4000), @p10='?' (DbType = Guid), @p11='?' (Size = 4000), @p12='?' (Size = 4000)], CommandType='"Text"', CommandTimeout='30']
SET IMPLICIT_TRANSACTIONS OFF;
SET NOCOUNT ON;
INSERT INTO [AuditLogs] ([Id], [Accion], [DireccionIp], [EntidadId], [EstaActivo], [FechaActualizacionUtc], [FechaCreacionUtc], [IdCorrelacion], [Motivo], [NombreEntidad], [UsuarioId], [ValoresAnterioresJson], [ValoresNuevosJson])
VALUES (@p0, @p1, @p2, @p3, @p4, @p5, @p6, @p7, @p8, @p9, @p10, @p11, @p12);
2026-08-07 20:43:32.779 -06:00 [INF] Route matched with {action = "GetShiftHistory", controller = "CashShift"}. Executing controller action with signature System.Threading.Tasks.Task`1[Microsoft.AspNetCore.Mvc.ActionResult`1[System.Collections.Generic.List`1[Pos.Application.CashShift.DTOs.CashShiftDto]]] GetShiftHistory(System.Threading.CancellationToken) on controller Pos.Api.Controllers.v1.CashShiftController (Pos.Api).
2026-08-07 20:43:32.781 -06:00 [INF] [AUDITORIA WPC BAJIO] CorrelationId: 2058e018-7ca2-4f1c-94af-46582dbf0247 | Action: GET /api/v1/cashshifts/history | Entity: HttpRequest (200) | User: ebc8b858-2837-4bd5-93e1-8b4c1d0bd81b | IP: ::1 | Reason: HTTP Response StatusCode: 200 | OldValues: N/A | NewValues: N/A
2026-08-07 20:43:32.787 -06:00 [INF] Executed DbCommand (1ms) [Parameters=[@__p_0='?' (DbType = Int32)], CommandType='"Text"', CommandTimeout='30']
SELECT [c0].[Id], [c0].[EstaActivo], [c0].[Estado], [c0].[FechaActualizacionUtc], [c0].[FechaAperturaUtc], [c0].[FechaCierreUtc], [c0].[FechaCreacionUtc], [c0].[MontoApertura], [c0].[MontoCierreEsperado], [c0].[MontoCierreReal], [c0].[MontoDiferencia], [c0].[Notas], [c0].[NumeroTurno], [c0].[TotalRetiros], [c0].[TotalVentasEfectivo], [c0].[TotalVentasTarjeta], [c0].[TotalVentasTransferencia], [c0].[UsuarioId], [u].[Id], [u].[Email], [u].[EmpleadoId], [u].[EstaActivo], [u].[FechaActualizacionUtc], [u].[FechaCreacionUtc], [u].[NombreUsuario], [u].[PasswordHash], [s].[Id], [s].[EstaActivo], [s].[FechaActualizacionUtc], [s].[FechaCreacionUtc], [s].[Monto], [s].[Motivo], [s].[TipoTransaccion], [s].[TurnoCajaId], [s].[UsuarioId], [s].[Id0], [s].[Email], [s].[EmpleadoId], [s].[EstaActivo0], [s].[FechaActualizacionUtc0], [s].[FechaCreacionUtc0], [s].[NombreUsuario], [s].[PasswordHash]
FROM (
    SELECT TOP(@__p_0) [c].[Id], [c].[EstaActivo], [c].[Estado], [c].[FechaActualizacionUtc], [c].[FechaAperturaUtc], [c].[FechaCierreUtc], [c].[FechaCreacionUtc], [c].[MontoApertura], [c].[MontoCierreEsperado], [c].[MontoCierreReal], [c].[MontoDiferencia], [c].[Notas], [c].[NumeroTurno], [c].[TotalRetiros], [c].[TotalVentasEfectivo], [c].[TotalVentasTarjeta], [c].[TotalVentasTransferencia], [c].[UsuarioId]
    FROM [CashShifts] AS [c]
    ORDER BY [c].[FechaAperturaUtc] DESC
) AS [c0]
INNER JOIN [Users] AS [u] ON [c0].[UsuarioId] = [u].[Id]
LEFT JOIN (
    SELECT [c1].[Id], [c1].[EstaActivo], [c1].[FechaActualizacionUtc], [c1].[FechaCreacionUtc], [c1].[Monto], [c1].[Motivo], [c1].[TipoTransaccion], [c1].[TurnoCajaId], [c1].[UsuarioId], [u0].[Id] AS [Id0], [u0].[Email], [u0].[EmpleadoId], [u0].[EstaActivo] AS [EstaActivo0], [u0].[FechaActualizacionUtc] AS [FechaActualizacionUtc0], [u0].[FechaCreacionUtc] AS [FechaCreacionUtc0], [u0].[NombreUsuario], [u0].[PasswordHash]
    FROM [CashTransactions] AS [c1]
    LEFT JOIN [Users] AS [u0] ON [c1].[UsuarioId] = [u0].[Id]
) AS [s] ON [c0].[Id] = [s].[TurnoCajaId]
ORDER BY [c0].[FechaAperturaUtc] DESC, [c0].[Id], [u].[Id], [s].[Id]
2026-08-07 20:43:32.788 -06:00 [INF] Request finished HTTP/1.1 GET http://localhost:5000/api/v1/cashshifts/history - 200 null application/json; charset=utf-8 198.2409ms
2026-08-07 20:43:32.792 -06:00 [INF] Executed DbCommand (7ms) [Parameters=[@__shift_UsuarioId_0='?' (DbType = Guid), @__shift_FechaAperturaUtc_1='?' (DbType = DateTime2), @__endAtUtc_2='?' (DbType = DateTime2)], CommandType='"Text"', CommandTimeout='30']
SELECT [r].[MontoReembolsado], [r].[FormaReembolso]
FROM [ReturnHeaders] AS [r]
WHERE [r].[UsuarioId] = @__shift_UsuarioId_0 AND [r].[FechaCreacionUtc] >= @__shift_FechaAperturaUtc_1 AND [r].[FechaCreacionUtc] <= @__endAtUtc_2 AND [r].[EstaActivo] = CAST(1 AS bit) AND [r].[Estado] = N'Completada'
2026-08-07 20:43:32.793 -06:00 [INF] Executing OkObjectResult, writing value of type 'System.Collections.Generic.List`1[[Pos.Application.CashShift.DTOs.CashShiftDto, Pos.Application, Version=1.0.0.0, Culture=neutral, PublicKeyToken=null]]'.
2026-08-07 20:43:32.801 -06:00 [INF] Executed action Pos.Api.Controllers.v1.CashShiftController.GetShiftHistory (Pos.Api) in 17.2967ms
2026-08-07 20:43:32.802 -06:00 [INF] Executed endpoint 'Pos.Api.Controllers.v1.CashShiftController.GetShiftHistory (Pos.Api)'
2026-08-07 20:43:32.804 -06:00 [INF] Executing OkObjectResult, writing value of type 'Pos.Application.CashShift.DTOs.CashShiftDto'.
2026-08-07 20:43:32.806 -06:00 [INF] Executed action Pos.Api.Controllers.v1.CashShiftController.GetCurrentShift (Pos.Api) in 204.9707ms
2026-08-07 20:43:32.807 -06:00 [INF] Executed DbCommand (2ms) [Parameters=[@p0='?' (DbType = Guid), @p1='?' (Size = 100), @p2='?' (Size = 4000), @p3='?' (Size = 4000), @p4='?' (DbType = Boolean), @p5='?' (DbType = DateTime2), @p6='?' (DbType = DateTime2), @p7='?' (Size = 100), @p8='?' (Size = 4000), @p9='?' (Size = 4000), @p10='?' (DbType = Guid), @p11='?' (Size = 4000), @p12='?' (Size = 4000)], CommandType='"Text"', CommandTimeout='30']
SET IMPLICIT_TRANSACTIONS OFF;
SET NOCOUNT ON;
INSERT INTO [AuditLogs] ([Id], [Accion], [DireccionIp], [EntidadId], [EstaActivo], [FechaActualizacionUtc], [FechaCreacionUtc], [IdCorrelacion], [Motivo], [NombreEntidad], [UsuarioId], [ValoresAnterioresJson], [ValoresNuevosJson])
VALUES (@p0, @p1, @p2, @p3, @p4, @p5, @p6, @p7, @p8, @p9, @p10, @p11, @p12);
2026-08-07 20:43:32.808 -06:00 [INF] Executed endpoint 'Pos.Api.Controllers.v1.CashShiftController.GetCurrentShift (Pos.Api)'
2026-08-07 20:43:32.810 -06:00 [INF] Request starting HTTP/1.1 GET http://localhost:5000/api/v1/cashshifts/current - application/json null
2026-08-07 20:43:32.811 -06:00 [INF] [AUDITORIA WPC BAJIO] CorrelationId: 7d6adb8d-544c-499a-832e-a8b566437ee0 | Action: GET /api/v1/cashshifts/history | Entity: HttpRequest (200) | User: ebc8b858-2837-4bd5-93e1-8b4c1d0bd81b | IP: ::1 | Reason: HTTP Response StatusCode: 200 | OldValues: N/A | NewValues: N/A
2026-08-07 20:43:32.813 -06:00 [INF] Executed DbCommand (1ms) [Parameters=[@p0='?' (DbType = Guid), @p1='?' (Size = 100), @p2='?' (Size = 4000), @p3='?' (Size = 4000), @p4='?' (DbType = Boolean), @p5='?' (DbType = DateTime2), @p6='?' (DbType = DateTime2), @p7='?' (Size = 100), @p8='?' (Size = 4000), @p9='?' (Size = 4000), @p10='?' (DbType = Guid), @p11='?' (Size = 4000), @p12='?' (Size = 4000)], CommandType='"Text"', CommandTimeout='30']
SET IMPLICIT_TRANSACTIONS OFF;
SET NOCOUNT ON;
INSERT INTO [AuditLogs] ([Id], [Accion], [DireccionIp], [EntidadId], [EstaActivo], [FechaActualizacionUtc], [FechaCreacionUtc], [IdCorrelacion], [Motivo], [NombreEntidad], [UsuarioId], [ValoresAnterioresJson], [ValoresNuevosJson])
VALUES (@p0, @p1, @p2, @p3, @p4, @p5, @p6, @p7, @p8, @p9, @p10, @p11, @p12);
2026-08-07 20:43:32.814 -06:00 [INF] Executing endpoint 'Pos.Api.Controllers.v1.CashShiftController.GetCurrentShift (Pos.Api)'
2026-08-07 20:43:32.816 -06:00 [INF] Request finished HTTP/1.1 GET http://localhost:5000/api/v1/cashshifts/history - 200 null application/json; charset=utf-8 44.6423ms
2026-08-07 20:43:32.819 -06:00 [INF] [AUDITORIA WPC BAJIO] CorrelationId: 8a34cb84-dc33-42a2-935f-9919ff3ea71e | Action: GET /api/v1/cashshifts/current | Entity: HttpRequest (200) | User: ebc8b858-2837-4bd5-93e1-8b4c1d0bd81b | IP: ::1 | Reason: HTTP Response StatusCode: 200 | OldValues: N/A | NewValues: N/A
2026-08-07 20:43:32.820 -06:00 [INF] Route matched with {action = "GetCurrentShift", controller = "CashShift"}. Executing controller action with signature System.Threading.Tasks.Task`1[Microsoft.AspNetCore.Mvc.ActionResult`1[Pos.Application.CashShift.DTOs.CashShiftDto]] GetCurrentShift(System.Threading.CancellationToken) on controller Pos.Api.Controllers.v1.CashShiftController (Pos.Api).
2026-08-07 20:43:32.826 -06:00 [INF] Request finished HTTP/1.1 GET http://localhost:5000/api/v1/cashshifts/current - 200 null application/json; charset=utf-8 236.2732ms
2026-08-07 20:43:32.830 -06:00 [INF] Executed DbCommand (1ms) [Parameters=[@__userId_0='?' (DbType = Guid)], CommandType='"Text"', CommandTimeout='30']
SELECT [s].[Id], [s].[EstaActivo], [s].[Estado], [s].[FechaActualizacionUtc], [s].[FechaAperturaUtc], [s].[FechaCierreUtc], [s].[FechaCreacionUtc], [s].[MontoApertura], [s].[MontoCierreEsperado], [s].[MontoCierreReal], [s].[MontoDiferencia], [s].[Notas], [s].[NumeroTurno], [s].[TotalRetiros], [s].[TotalVentasEfectivo], [s].[TotalVentasTarjeta], [s].[TotalVentasTransferencia], [s].[UsuarioId], [s].[Id0], [s].[Email], [s].[EmpleadoId], [s].[EstaActivo0], [s].[FechaActualizacionUtc0], [s].[FechaCreacionUtc0], [s].[NombreUsuario], [s].[PasswordHash], [s0].[Id], [s0].[EstaActivo], [s0].[FechaActualizacionUtc], [s0].[FechaCreacionUtc], [s0].[Monto], [s0].[Motivo], [s0].[TipoTransaccion], [s0].[TurnoCajaId], [s0].[UsuarioId], [s0].[Id0], [s0].[Email], [s0].[EmpleadoId], [s0].[EstaActivo0], [s0].[FechaActualizacionUtc0], [s0].[FechaCreacionUtc0], [s0].[NombreUsuario], [s0].[PasswordHash]
FROM (
    SELECT TOP(1) [c].[Id], [c].[EstaActivo], [c].[Estado], [c].[FechaActualizacionUtc], [c].[FechaAperturaUtc], [c].[FechaCierreUtc], [c].[FechaCreacionUtc], [c].[MontoApertura], [c].[MontoCierreEsperado], [c].[MontoCierreReal], [c].[MontoDiferencia], [c].[Notas], [c].[NumeroTurno], [c].[TotalRetiros], [c].[TotalVentasEfectivo], [c].[TotalVentasTarjeta], [c].[TotalVentasTransferencia], [c].[UsuarioId], [u].[Id] AS [Id0], [u].[Email], [u].[EmpleadoId], [u].[EstaActivo] AS [EstaActivo0], [u].[FechaActualizacionUtc] AS [FechaActualizacionUtc0], [u].[FechaCreacionUtc] AS [FechaCreacionUtc0], [u].[NombreUsuario], [u].[PasswordHash]
    FROM [CashShifts] AS [c]
    INNER JOIN [Users] AS [u] ON [c].[UsuarioId] = [u].[Id]
    WHERE [c].[UsuarioId] = @__userId_0 AND [c].[Estado] = N'Abierto'
) AS [s]
LEFT JOIN (
    SELECT [c0].[Id], [c0].[EstaActivo], [c0].[FechaActualizacionUtc], [c0].[FechaCreacionUtc], [c0].[Monto], [c0].[Motivo], [c0].[TipoTransaccion], [c0].[TurnoCajaId], [c0].[UsuarioId], [u0].[Id] AS [Id0], [u0].[Email], [u0].[EmpleadoId], [u0].[EstaActivo] AS [EstaActivo0], [u0].[FechaActualizacionUtc] AS [FechaActualizacionUtc0], [u0].[FechaCreacionUtc] AS [FechaCreacionUtc0], [u0].[NombreUsuario], [u0].[PasswordHash]
    FROM [CashTransactions] AS [c0]
    LEFT JOIN [Users] AS [u0] ON [c0].[UsuarioId] = [u0].[Id]
) AS [s0] ON [s].[Id] = [s0].[TurnoCajaId]
ORDER BY [s].[Id], [s].[Id0], [s0].[Id]
2026-08-07 20:43:32.837 -06:00 [INF] Executed DbCommand (1ms) [Parameters=[@__shift_UsuarioId_0='?' (DbType = Guid), @__shift_FechaAperturaUtc_1='?' (DbType = DateTime2), @__endAtUtc_2='?' (DbType = DateTime2)], CommandType='"Text"', CommandTimeout='30']
SELECT [s].[MontoEfectivo], [s].[MontoTarjeta], [s].[MontoTransferencia]
FROM [Sales] AS [s]
WHERE [s].[UsuarioId] = @__shift_UsuarioId_0 AND [s].[FechaCreacionUtc] >= @__shift_FechaAperturaUtc_1 AND [s].[FechaCreacionUtc] <= @__endAtUtc_2 AND [s].[EstaActivo] = CAST(1 AS bit) AND [s].[Estado] <> N'Cancelada'
2026-08-07 20:43:32.841 -06:00 [INF] Executed DbCommand (1ms) [Parameters=[@__shift_UsuarioId_0='?' (DbType = Guid), @__shift_FechaAperturaUtc_1='?' (DbType = DateTime2), @__endAtUtc_2='?' (DbType = DateTime2)], CommandType='"Text"', CommandTimeout='30']
SELECT [p].[MontoAbonado], [p].[FormaPago]
FROM [PaymentInstallments] AS [p]
WHERE [p].[UsuarioId] = @__shift_UsuarioId_0 AND [p].[FechaCreacionUtc] >= @__shift_FechaAperturaUtc_1 AND [p].[FechaCreacionUtc] <= @__endAtUtc_2 AND [p].[EstaActivo] = CAST(1 AS bit)
2026-08-07 20:43:32.845 -06:00 [INF] Executed DbCommand (0ms) [Parameters=[@__shift_UsuarioId_0='?' (DbType = Guid), @__shift_FechaAperturaUtc_1='?' (DbType = DateTime2), @__endAtUtc_2='?' (DbType = DateTime2)], CommandType='"Text"', CommandTimeout='30']
SELECT [r].[MontoReembolsado], [r].[FormaReembolso]
FROM [ReturnHeaders] AS [r]
WHERE [r].[UsuarioId] = @__shift_UsuarioId_0 AND [r].[FechaCreacionUtc] >= @__shift_FechaAperturaUtc_1 AND [r].[FechaCreacionUtc] <= @__endAtUtc_2 AND [r].[EstaActivo] = CAST(1 AS bit) AND [r].[Estado] = N'Completada'
2026-08-07 20:43:32.848 -06:00 [INF] Executing OkObjectResult, writing value of type 'Pos.Application.CashShift.DTOs.CashShiftDto'.
2026-08-07 20:43:32.849 -06:00 [INF] Executed action Pos.Api.Controllers.v1.CashShiftController.GetCurrentShift (Pos.Api) in 21.5597ms
2026-08-07 20:43:32.851 -06:00 [INF] Executed endpoint 'Pos.Api.Controllers.v1.CashShiftController.GetCurrentShift (Pos.Api)'
2026-08-07 20:43:32.854 -06:00 [INF] Executed DbCommand (1ms) [Parameters=[@p0='?' (DbType = Guid), @p1='?' (Size = 100), @p2='?' (Size = 4000), @p3='?' (Size = 4000), @p4='?' (DbType = Boolean), @p5='?' (DbType = DateTime2), @p6='?' (DbType = DateTime2), @p7='?' (Size = 100), @p8='?' (Size = 4000), @p9='?' (Size = 4000), @p10='?' (DbType = Guid), @p11='?' (Size = 4000), @p12='?' (Size = 4000)], CommandType='"Text"', CommandTimeout='30']
SET IMPLICIT_TRANSACTIONS OFF;
SET NOCOUNT ON;
INSERT INTO [AuditLogs] ([Id], [Accion], [DireccionIp], [EntidadId], [EstaActivo], [FechaActualizacionUtc], [FechaCreacionUtc], [IdCorrelacion], [Motivo], [NombreEntidad], [UsuarioId], [ValoresAnterioresJson], [ValoresNuevosJson])
VALUES (@p0, @p1, @p2, @p3, @p4, @p5, @p6, @p7, @p8, @p9, @p10, @p11, @p12);
2026-08-07 20:43:32.857 -06:00 [INF] [AUDITORIA WPC BAJIO] CorrelationId: e0cd2dfd-5090-47df-8941-b8fbd84bf083 | Action: GET /api/v1/cashshifts/current | Entity: HttpRequest (200) | User: ebc8b858-2837-4bd5-93e1-8b4c1d0bd81b | IP: ::1 | Reason: HTTP Response StatusCode: 200 | OldValues: N/A | NewValues: N/A
2026-08-07 20:43:32.860 -06:00 [INF] Request finished HTTP/1.1 GET http://localhost:5000/api/v1/cashshifts/current - 200 null application/json; charset=utf-8 49.5184ms
2026-08-07 20:43:33.253 -06:00 [INF] Request starting HTTP/1.1 GET http://localhost:5000/api/v1/reports/sales-summary - application/json null
2026-08-07 20:43:33.254 -06:00 [INF] Request starting HTTP/1.1 GET http://localhost:5000/api/v1/reports/top-products?top=10 - application/json null
2026-08-07 20:43:33.257 -06:00 [INF] Executing endpoint 'Pos.Api.Controllers.v1.ReportsController.GetSalesSummary (Pos.Api)'
2026-08-07 20:43:33.258 -06:00 [INF] Request starting HTTP/1.1 GET http://localhost:5000/api/v1/audit/logs - application/json null
2026-08-07 20:43:33.258 -06:00 [INF] Request starting HTTP/1.1 GET http://localhost:5000/api/v1/reports/inventory-summary - application/json null
2026-08-07 20:43:33.262 -06:00 [INF] Executing endpoint 'Pos.Api.Controllers.v1.ReportsController.GetTopProducts (Pos.Api)'
2026-08-07 20:43:33.264 -06:00 [INF] Executing endpoint 'Pos.Api.Controllers.v1.AuditController.GetLogs (Pos.Api)'
2026-08-07 20:43:33.265 -06:00 [INF] Route matched with {action = "GetSalesSummary", controller = "Reports"}. Executing controller action with signature System.Threading.Tasks.Task`1[Microsoft.AspNetCore.Mvc.ActionResult`1[Pos.Application.Reporting.DTOs.SalesSummaryReportDto]] GetSalesSummary(System.Nullable`1[System.DateTime], System.Nullable`1[System.DateTime], System.Threading.CancellationToken) on controller Pos.Api.Controllers.v1.ReportsController (Pos.Api).
2026-08-07 20:43:33.266 -06:00 [INF] Executing endpoint 'Pos.Api.Controllers.v1.ReportsController.GetInventorySummary (Pos.Api)'
2026-08-07 20:43:33.271 -06:00 [INF] Route matched with {action = "GetTopProducts", controller = "Reports"}. Executing controller action with signature System.Threading.Tasks.Task`1[Microsoft.AspNetCore.Mvc.ActionResult`1[System.Collections.Generic.List`1[Pos.Application.Reporting.DTOs.TopProductReportDto]]] GetTopProducts(System.Nullable`1[System.DateTime], System.Nullable`1[System.DateTime], Int32, System.Threading.CancellationToken) on controller Pos.Api.Controllers.v1.ReportsController (Pos.Api).
2026-08-07 20:43:33.271 -06:00 [INF] Route matched with {action = "GetLogs", controller = "Audit"}. Executing controller action with signature System.Threading.Tasks.Task`1[Microsoft.AspNetCore.Mvc.ActionResult`1[System.Collections.Generic.List`1[Pos.Application.Reporting.DTOs.AuditLogDto]]] GetLogs(System.String, System.String, System.String, System.Nullable`1[System.DateTime], System.Nullable`1[System.DateTime], System.Threading.CancellationToken) on controller Pos.Api.Controllers.v1.AuditController (Pos.Api).
2026-08-07 20:43:33.274 -06:00 [INF] Route matched with {action = "GetInventorySummary", controller = "Reports"}. Executing controller action with signature System.Threading.Tasks.Task`1[Microsoft.AspNetCore.Mvc.ActionResult`1[Pos.Application.Reporting.DTOs.InventorySummaryReportDto]] GetInventorySummary(System.Threading.CancellationToken) on controller Pos.Api.Controllers.v1.ReportsController (Pos.Api).
2026-08-07 20:43:33.290 -06:00 [INF] Executed DbCommand (4ms) [Parameters=[], CommandType='"Text"', CommandTimeout='30']
SELECT [s].[Id], [s].[MontoTotal], [s].[MontoIva], [s].[MontoDescuento], [s].[MontoEfectivo], [s].[MontoTarjeta], [s].[MontoTransferencia], [s].[MontoAnticipo]
FROM [Sales] AS [s]
WHERE [s].[EstaActivo] = CAST(1 AS bit) AND [s].[Estado] <> N'Cancelada'
2026-08-07 20:43:33.294 -06:00 [INF] Executed DbCommand (3ms) [Parameters=[], CommandType='"Text"', CommandTimeout='30']
SELECT [s].[Id]
FROM [Sales] AS [s]
WHERE [s].[EstaActivo] = CAST(1 AS bit) AND [s].[Estado] <> N'Cancelada'
2026-08-07 20:43:33.294 -06:00 [INF] Executed DbCommand (6ms) [Parameters=[], CommandType='"Text"', CommandTimeout='30']
SELECT [s].[CantidadDisponible], [s].[UmbralMinimoAlerta], [s].[CantidadReorden], [p].[PrecioUnitario]
FROM [Stocks] AS [s]
INNER JOIN [Products] AS [p] ON [s].[ProductoId] = [p].[Id]
WHERE [s].[EstaActivo] = CAST(1 AS bit) AND [p].[EstaActivo] = CAST(1 AS bit)
2026-08-07 20:43:33.300 -06:00 [INF] Executing OkObjectResult, writing value of type 'Pos.Application.Reporting.DTOs.InventorySummaryReportDto'.
2026-08-07 20:43:33.304 -06:00 [INF] Executed action Pos.Api.Controllers.v1.ReportsController.GetInventorySummary (Pos.Api) in 24.7012ms
2026-08-07 20:43:33.306 -06:00 [INF] Executed endpoint 'Pos.Api.Controllers.v1.ReportsController.GetInventorySummary (Pos.Api)'
2026-08-07 20:43:33.309 -06:00 [INF] Request starting HTTP/1.1 GET http://localhost:5000/api/v1/reports/inventory-summary - application/json null
2026-08-07 20:43:33.312 -06:00 [INF] Executed DbCommand (3ms) [Parameters=[@p0='?' (DbType = Guid), @p1='?' (Size = 100), @p2='?' (Size = 4000), @p3='?' (Size = 4000), @p4='?' (DbType = Boolean), @p5='?' (DbType = DateTime2), @p6='?' (DbType = DateTime2), @p7='?' (Size = 100), @p8='?' (Size = 4000), @p9='?' (Size = 4000), @p10='?' (DbType = Guid), @p11='?' (Size = 4000), @p12='?' (Size = 4000)], CommandType='"Text"', CommandTimeout='30']
SET IMPLICIT_TRANSACTIONS OFF;
SET NOCOUNT ON;
INSERT INTO [AuditLogs] ([Id], [Accion], [DireccionIp], [EntidadId], [EstaActivo], [FechaActualizacionUtc], [FechaCreacionUtc], [IdCorrelacion], [Motivo], [NombreEntidad], [UsuarioId], [ValoresAnterioresJson], [ValoresNuevosJson])
VALUES (@p0, @p1, @p2, @p3, @p4, @p5, @p6, @p7, @p8, @p9, @p10, @p11, @p12);
2026-08-07 20:43:33.313 -06:00 [INF] Executing endpoint 'Pos.Api.Controllers.v1.ReportsController.GetInventorySummary (Pos.Api)'
2026-08-07 20:43:33.315 -06:00 [INF] [AUDITORIA WPC BAJIO] CorrelationId: 67215efa-1a7b-43e0-a1ba-00f7e21f405f | Action: GET /api/v1/reports/inventory-summary | Entity: HttpRequest (200) | User: ebc8b858-2837-4bd5-93e1-8b4c1d0bd81b | IP: ::1 | Reason: HTTP Response StatusCode: 200 | OldValues: N/A | NewValues: N/A
2026-08-07 20:43:33.316 -06:00 [INF] Route matched with {action = "GetInventorySummary", controller = "Reports"}. Executing controller action with signature System.Threading.Tasks.Task`1[Microsoft.AspNetCore.Mvc.ActionResult`1[Pos.Application.Reporting.DTOs.InventorySummaryReportDto]] GetInventorySummary(System.Threading.CancellationToken) on controller Pos.Api.Controllers.v1.ReportsController (Pos.Api).
2026-08-07 20:43:33.319 -06:00 [INF] Executed DbCommand (14ms) [Parameters=[@__saleIds_0='?' (Size = 4000)], CommandType='"Text"', CommandTimeout='30']
SELECT [p].[MontoAbonado], [p].[FormaPago]
FROM [PaymentInstallments] AS [p]
WHERE [p].[EstaActivo] = CAST(1 AS bit) AND [p].[VentaId] IN (
    SELECT [s].[value]
    FROM OPENJSON(@__saleIds_0) WITH ([value] uniqueidentifier '$') AS [s]
)
2026-08-07 20:43:33.319 -06:00 [INF] Request finished HTTP/1.1 GET http://localhost:5000/api/v1/reports/inventory-summary - 200 null application/json; charset=utf-8 61.2389ms
2026-08-07 20:43:33.323 -06:00 [INF] Executed DbCommand (1ms) [Parameters=[], CommandType='"Text"', CommandTimeout='30']
SELECT [s].[CantidadDisponible], [s].[UmbralMinimoAlerta], [s].[CantidadReorden], [p].[PrecioUnitario]
FROM [Stocks] AS [s]
INNER JOIN [Products] AS [p] ON [s].[ProductoId] = [p].[Id]
WHERE [s].[EstaActivo] = CAST(1 AS bit) AND [p].[EstaActivo] = CAST(1 AS bit)
2026-08-07 20:43:33.329 -06:00 [INF] Executing OkObjectResult, writing value of type 'Pos.Application.Reporting.DTOs.InventorySummaryReportDto'.
2026-08-07 20:43:33.331 -06:00 [INF] Executed action Pos.Api.Controllers.v1.ReportsController.GetInventorySummary (Pos.Api) in 9.5089ms
2026-08-07 20:43:33.332 -06:00 [INF] Executed endpoint 'Pos.Api.Controllers.v1.ReportsController.GetInventorySummary (Pos.Api)'
2026-08-07 20:43:33.335 -06:00 [INF] Executed DbCommand (5ms) [Parameters=[@__saleIds_0='?' (Size = 4000)], CommandType='"Text"', CommandTimeout='30']
SELECT [r].[MontoTotalDevuelto], [r].[MontoReembolsado], [r].[FormaReembolso]
FROM [ReturnHeaders] AS [r]
WHERE [r].[EstaActivo] = CAST(1 AS bit) AND [r].[Estado] = N'Completada' AND [r].[VentaId] IN (
    SELECT [s].[value]
    FROM OPENJSON(@__saleIds_0) WITH ([value] uniqueidentifier '$') AS [s]
)
2026-08-07 20:43:33.336 -06:00 [INF] Executed DbCommand (2ms) [Parameters=[@p0='?' (DbType = Guid), @p1='?' (Size = 100), @p2='?' (Size = 4000), @p3='?' (Size = 4000), @p4='?' (DbType = Boolean), @p5='?' (DbType = DateTime2), @p6='?' (DbType = DateTime2), @p7='?' (Size = 100), @p8='?' (Size = 4000), @p9='?' (Size = 4000), @p10='?' (DbType = Guid), @p11='?' (Size = 4000), @p12='?' (Size = 4000)], CommandType='"Text"', CommandTimeout='30']
SET IMPLICIT_TRANSACTIONS OFF;
SET NOCOUNT ON;
INSERT INTO [AuditLogs] ([Id], [Accion], [DireccionIp], [EntidadId], [EstaActivo], [FechaActualizacionUtc], [FechaCreacionUtc], [IdCorrelacion], [Motivo], [NombreEntidad], [UsuarioId], [ValoresAnterioresJson], [ValoresNuevosJson])
VALUES (@p0, @p1, @p2, @p3, @p4, @p5, @p6, @p7, @p8, @p9, @p10, @p11, @p12);
2026-08-07 20:43:33.341 -06:00 [INF] [AUDITORIA WPC BAJIO] CorrelationId: 25c77d58-fb6a-47a1-b6d2-e3449ba98e8d | Action: GET /api/v1/reports/inventory-summary | Entity: HttpRequest (200) | User: ebc8b858-2837-4bd5-93e1-8b4c1d0bd81b | IP: ::1 | Reason: HTTP Response StatusCode: 200 | OldValues: N/A | NewValues: N/A
2026-08-07 20:43:33.341 -06:00 [INF] Executing OkObjectResult, writing value of type 'Pos.Application.Reporting.DTOs.SalesSummaryReportDto'.
2026-08-07 20:43:33.344 -06:00 [INF] Request finished HTTP/1.1 GET http://localhost:5000/api/v1/reports/inventory-summary - 200 null application/json; charset=utf-8 35.4293ms
2026-08-07 20:43:33.348 -06:00 [INF] Executed action Pos.Api.Controllers.v1.ReportsController.GetSalesSummary (Pos.Api) in 78.8273ms
2026-08-07 20:43:33.350 -06:00 [INF] Executed endpoint 'Pos.Api.Controllers.v1.ReportsController.GetSalesSummary (Pos.Api)'
2026-08-07 20:43:33.353 -06:00 [INF] Executed DbCommand (59ms) [Parameters=[@__p_0='?' (DbType = Int32)], CommandType='"Text"', CommandTimeout='30']
SELECT [a0].[Id], [a0].[IdCorrelacion], [u].[NombreUsuario], [a0].[Accion], [a0].[NombreEntidad], [a0].[EntidadId], [a0].[ValoresAnterioresJson], [a0].[ValoresNuevosJson], [a0].[DireccionIp], COALESCE([a0].[Motivo], N''), [a0].[FechaCreacionUtc]
FROM (
    SELECT TOP(@__p_0) [a].[Id], [a].[Accion], [a].[DireccionIp], [a].[EntidadId], [a].[FechaCreacionUtc], [a].[IdCorrelacion], [a].[Motivo], [a].[NombreEntidad], [a].[UsuarioId], [a].[ValoresAnterioresJson], [a].[ValoresNuevosJson]
    FROM [AuditLogs] AS [a]
    ORDER BY [a].[FechaCreacionUtc] DESC
) AS [a0]
LEFT JOIN [Users] AS [u] ON [a0].[UsuarioId] = [u].[Id]
ORDER BY [a0].[FechaCreacionUtc] DESC
2026-08-07 20:43:33.354 -06:00 [INF] Request starting HTTP/1.1 GET http://localhost:5000/api/v1/reports/sales-summary - application/json null
2026-08-07 20:43:33.354 -06:00 [INF] Executed DbCommand (1ms) [Parameters=[@p0='?' (DbType = Guid), @p1='?' (Size = 100), @p2='?' (Size = 4000), @p3='?' (Size = 4000), @p4='?' (DbType = Boolean), @p5='?' (DbType = DateTime2), @p6='?' (DbType = DateTime2), @p7='?' (Size = 100), @p8='?' (Size = 4000), @p9='?' (Size = 4000), @p10='?' (DbType = Guid), @p11='?' (Size = 4000), @p12='?' (Size = 4000)], CommandType='"Text"', CommandTimeout='30']
SET IMPLICIT_TRANSACTIONS OFF;
SET NOCOUNT ON;
INSERT INTO [AuditLogs] ([Id], [Accion], [DireccionIp], [EntidadId], [EstaActivo], [FechaActualizacionUtc], [FechaCreacionUtc], [IdCorrelacion], [Motivo], [NombreEntidad], [UsuarioId], [ValoresAnterioresJson], [ValoresNuevosJson])
VALUES (@p0, @p1, @p2, @p3, @p4, @p5, @p6, @p7, @p8, @p9, @p10, @p11, @p12);
2026-08-07 20:43:33.358 -06:00 [INF] Executing OkObjectResult, writing value of type 'System.Collections.Generic.List`1[[Pos.Application.Reporting.DTOs.AuditLogDto, Pos.Application, Version=1.0.0.0, Culture=neutral, PublicKeyToken=null]]'.
2026-08-07 20:43:33.359 -06:00 [INF] Executing endpoint 'Pos.Api.Controllers.v1.ReportsController.GetSalesSummary (Pos.Api)'
2026-08-07 20:43:33.361 -06:00 [INF] [AUDITORIA WPC BAJIO] CorrelationId: 2eede5f3-0eec-4716-bb76-5b1739719d57 | Action: GET /api/v1/reports/sales-summary | Entity: HttpRequest (200) | User: ebc8b858-2837-4bd5-93e1-8b4c1d0bd81b | IP: ::1 | Reason: HTTP Response StatusCode: 200 | OldValues: N/A | NewValues: N/A
2026-08-07 20:43:33.363 -06:00 [INF] Route matched with {action = "GetSalesSummary", controller = "Reports"}. Executing controller action with signature System.Threading.Tasks.Task`1[Microsoft.AspNetCore.Mvc.ActionResult`1[Pos.Application.Reporting.DTOs.SalesSummaryReportDto]] GetSalesSummary(System.Nullable`1[System.DateTime], System.Nullable`1[System.DateTime], System.Threading.CancellationToken) on controller Pos.Api.Controllers.v1.ReportsController (Pos.Api).
2026-08-07 20:43:33.364 -06:00 [INF] Executed DbCommand (55ms) [Parameters=[@__saleIds_0='?' (Size = 4000)], CommandType='"Text"', CommandTimeout='30']
SELECT [s].[ProductoId], [p].[Sku], [p].[Nombre], [c].[Nombre] AS [CategoryName], [s].[Cantidad], [s].[PrecioTotal], [s1].[SubTotal] AS [SaleSubTotal], [s1].[MontoTotal] AS [SaleTotal]
FROM [SaleItems] AS [s]
INNER JOIN [Products] AS [p] ON [s].[ProductoId] = [p].[Id]
INNER JOIN [Categories] AS [c] ON [p].[CategoriaId] = [c].[Id]
INNER JOIN [Sales] AS [s1] ON [s].[VentaId] = [s1].[Id]
WHERE [s].[EstaActivo] = CAST(1 AS bit) AND [s].[VentaId] IN (
    SELECT [s0].[value]
    FROM OPENJSON(@__saleIds_0) WITH ([value] uniqueidentifier '$') AS [s0]
)
2026-08-07 20:43:33.365 -06:00 [INF] Executed action Pos.Api.Controllers.v1.AuditController.GetLogs (Pos.Api) in 88.5145ms
2026-08-07 20:43:33.366 -06:00 [INF] Request finished HTTP/1.1 GET http://localhost:5000/api/v1/reports/sales-summary - 200 null application/json; charset=utf-8 113.2809ms
2026-08-07 20:43:33.370 -06:00 [INF] Request starting HTTP/1.1 GET http://localhost:5000/api/v1/audit/logs - application/json null
2026-08-07 20:43:33.371 -06:00 [INF] Executed DbCommand (1ms) [Parameters=[], CommandType='"Text"', CommandTimeout='30']
SELECT [s].[Id], [s].[MontoTotal], [s].[MontoIva], [s].[MontoDescuento], [s].[MontoEfectivo], [s].[MontoTarjeta], [s].[MontoTransferencia], [s].[MontoAnticipo]
FROM [Sales] AS [s]
WHERE [s].[EstaActivo] = CAST(1 AS bit) AND [s].[Estado] <> N'Cancelada'
2026-08-07 20:43:33.374 -06:00 [INF] Executed endpoint 'Pos.Api.Controllers.v1.AuditController.GetLogs (Pos.Api)'
2026-08-07 20:43:33.380 -06:00 [INF] Executing endpoint 'Pos.Api.Controllers.v1.AuditController.GetLogs (Pos.Api)'
2026-08-07 20:43:33.383 -06:00 [INF] Executed DbCommand (1ms) [Parameters=[@__saleIds_0='?' (Size = 4000)], CommandType='"Text"', CommandTimeout='30']
SELECT [p].[MontoAbonado], [p].[FormaPago]
FROM [PaymentInstallments] AS [p]
WHERE [p].[EstaActivo] = CAST(1 AS bit) AND [p].[VentaId] IN (
    SELECT [s].[value]
    FROM OPENJSON(@__saleIds_0) WITH ([value] uniqueidentifier '$') AS [s]
)
2026-08-07 20:43:33.384 -06:00 [INF] Route matched with {action = "GetLogs", controller = "Audit"}. Executing controller action with signature System.Threading.Tasks.Task`1[Microsoft.AspNetCore.Mvc.ActionResult`1[System.Collections.Generic.List`1[Pos.Application.Reporting.DTOs.AuditLogDto]]] GetLogs(System.String, System.String, System.String, System.Nullable`1[System.DateTime], System.Nullable`1[System.DateTime], System.Threading.CancellationToken) on controller Pos.Api.Controllers.v1.AuditController (Pos.Api).
2026-08-07 20:43:33.385 -06:00 [INF] Executed DbCommand (1ms) [Parameters=[@p0='?' (DbType = Guid), @p1='?' (Size = 100), @p2='?' (Size = 4000), @p3='?' (Size = 4000), @p4='?' (DbType = Boolean), @p5='?' (DbType = DateTime2), @p6='?' (DbType = DateTime2), @p7='?' (Size = 100), @p8='?' (Size = 4000), @p9='?' (Size = 4000), @p10='?' (DbType = Guid), @p11='?' (Size = 4000), @p12='?' (Size = 4000)], CommandType='"Text"', CommandTimeout='30']
SET IMPLICIT_TRANSACTIONS OFF;
SET NOCOUNT ON;
INSERT INTO [AuditLogs] ([Id], [Accion], [DireccionIp], [EntidadId], [EstaActivo], [FechaActualizacionUtc], [FechaCreacionUtc], [IdCorrelacion], [Motivo], [NombreEntidad], [UsuarioId], [ValoresAnterioresJson], [ValoresNuevosJson])
VALUES (@p0, @p1, @p2, @p3, @p4, @p5, @p6, @p7, @p8, @p9, @p10, @p11, @p12);
2026-08-07 20:43:33.388 -06:00 [INF] Executed DbCommand (1ms) [Parameters=[@__saleIds_0='?' (Size = 4000)], CommandType='"Text"', CommandTimeout='30']
SELECT [r].[MontoTotalDevuelto], [r].[MontoReembolsado], [r].[FormaReembolso]
FROM [ReturnHeaders] AS [r]
WHERE [r].[EstaActivo] = CAST(1 AS bit) AND [r].[Estado] = N'Completada' AND [r].[VentaId] IN (
    SELECT [s].[value]
    FROM OPENJSON(@__saleIds_0) WITH ([value] uniqueidentifier '$') AS [s]
)
2026-08-07 20:43:33.392 -06:00 [INF] [AUDITORIA WPC BAJIO] CorrelationId: 875c7b59-6aaa-49ee-b522-5d5149fd56c0 | Action: GET /api/v1/audit/logs | Entity: HttpRequest (200) | User: ebc8b858-2837-4bd5-93e1-8b4c1d0bd81b | IP: ::1 | Reason: HTTP Response StatusCode: 200 | OldValues: N/A | NewValues: N/A
2026-08-07 20:43:33.395 -06:00 [INF] Executed DbCommand (13ms) [Parameters=[@__saleIds_0='?' (Size = 4000)], CommandType='"Text"', CommandTimeout='30']
SELECT [r].[ProductoId], [r].[Cantidad], [r].[PrecioTotalDevolucion]
FROM [ReturnItems] AS [r]
INNER JOIN [ReturnHeaders] AS [r0] ON [r].[DevolucionCabeceraId] = [r0].[Id]
WHERE [r].[EstaActivo] = CAST(1 AS bit) AND [r0].[EstaActivo] = CAST(1 AS bit) AND [r0].[Estado] = N'Completada' AND [r0].[VentaId] IN (
    SELECT [s].[value]
    FROM OPENJSON(@__saleIds_0) WITH ([value] uniqueidentifier '$') AS [s]
)
2026-08-07 20:43:33.395 -06:00 [INF] Executing OkObjectResult, writing value of type 'Pos.Application.Reporting.DTOs.SalesSummaryReportDto'.
2026-08-07 20:43:33.395 -06:00 [INF] Executed DbCommand (5ms) [Parameters=[@__p_0='?' (DbType = Int32)], CommandType='"Text"', CommandTimeout='30']
SELECT [a0].[Id], [a0].[IdCorrelacion], [u].[NombreUsuario], [a0].[Accion], [a0].[NombreEntidad], [a0].[EntidadId], [a0].[ValoresAnterioresJson], [a0].[ValoresNuevosJson], [a0].[DireccionIp], COALESCE([a0].[Motivo], N''), [a0].[FechaCreacionUtc]
FROM (
    SELECT TOP(@__p_0) [a].[Id], [a].[Accion], [a].[DireccionIp], [a].[EntidadId], [a].[FechaCreacionUtc], [a].[IdCorrelacion], [a].[Motivo], [a].[NombreEntidad], [a].[UsuarioId], [a].[ValoresAnterioresJson], [a].[ValoresNuevosJson]
    FROM [AuditLogs] AS [a]
    ORDER BY [a].[FechaCreacionUtc] DESC
) AS [a0]
LEFT JOIN [Users] AS [u] ON [a0].[UsuarioId] = [u].[Id]
ORDER BY [a0].[FechaCreacionUtc] DESC
2026-08-07 20:43:33.398 -06:00 [INF] Request finished HTTP/1.1 GET http://localhost:5000/api/v1/audit/logs - 200 null application/json; charset=utf-8 140.1475ms
2026-08-07 20:43:33.402 -06:00 [INF] Executed action Pos.Api.Controllers.v1.ReportsController.GetSalesSummary (Pos.Api) in 32.3611ms
2026-08-07 20:43:33.407 -06:00 [INF] Executing OkObjectResult, writing value of type 'System.Collections.Generic.List`1[[Pos.Application.Reporting.DTOs.AuditLogDto, Pos.Application, Version=1.0.0.0, Culture=neutral, PublicKeyToken=null]]'.
2026-08-07 20:43:33.410 -06:00 [INF] Executed endpoint 'Pos.Api.Controllers.v1.ReportsController.GetSalesSummary (Pos.Api)'
2026-08-07 20:43:33.410 -06:00 [INF] Executing OkObjectResult, writing value of type 'System.Collections.Generic.List`1[[Pos.Application.Reporting.DTOs.TopProductReportDto, Pos.Application, Version=1.0.0.0, Culture=neutral, PublicKeyToken=null]]'.
2026-08-07 20:43:33.412 -06:00 [INF] Executed action Pos.Api.Controllers.v1.AuditController.GetLogs (Pos.Api) in 22.8373ms
2026-08-07 20:43:33.415 -06:00 [INF] Executed DbCommand (1ms) [Parameters=[@p0='?' (DbType = Guid), @p1='?' (Size = 100), @p2='?' (Size = 4000), @p3='?' (Size = 4000), @p4='?' (DbType = Boolean), @p5='?' (DbType = DateTime2), @p6='?' (DbType = DateTime2), @p7='?' (Size = 100), @p8='?' (Size = 4000), @p9='?' (Size = 4000), @p10='?' (DbType = Guid), @p11='?' (Size = 4000), @p12='?' (Size = 4000)], CommandType='"Text"', CommandTimeout='30']
SET IMPLICIT_TRANSACTIONS OFF;
SET NOCOUNT ON;
INSERT INTO [AuditLogs] ([Id], [Accion], [DireccionIp], [EntidadId], [EstaActivo], [FechaActualizacionUtc], [FechaCreacionUtc], [IdCorrelacion], [Motivo], [NombreEntidad], [UsuarioId], [ValoresAnterioresJson], [ValoresNuevosJson])
VALUES (@p0, @p1, @p2, @p3, @p4, @p5, @p6, @p7, @p8, @p9, @p10, @p11, @p12);
2026-08-07 20:43:33.416 -06:00 [INF] Executed endpoint 'Pos.Api.Controllers.v1.AuditController.GetLogs (Pos.Api)'
2026-08-07 20:43:33.417 -06:00 [INF] Executed action Pos.Api.Controllers.v1.ReportsController.GetTopProducts (Pos.Api) in 142.8834ms
2026-08-07 20:43:33.420 -06:00 [INF] [AUDITORIA WPC BAJIO] CorrelationId: 64857d85-5cea-4454-879d-7d9826e3b874 | Action: GET /api/v1/reports/sales-summary | Entity: HttpRequest (200) | User: ebc8b858-2837-4bd5-93e1-8b4c1d0bd81b | IP: ::1 | Reason: HTTP Response StatusCode: 200 | OldValues: N/A | NewValues: N/A
2026-08-07 20:43:33.422 -06:00 [INF] Request starting HTTP/1.1 GET http://localhost:5000/api/v1/reports/top-products?top=10 - application/json null
2026-08-07 20:43:33.424 -06:00 [INF] Executed endpoint 'Pos.Api.Controllers.v1.ReportsController.GetTopProducts (Pos.Api)'
2026-08-07 20:43:33.424 -06:00 [INF] Executed DbCommand (1ms) [Parameters=[@p0='?' (DbType = Guid), @p1='?' (Size = 100), @p2='?' (Size = 4000), @p3='?' (Size = 4000), @p4='?' (DbType = Boolean), @p5='?' (DbType = DateTime2), @p6='?' (DbType = DateTime2), @p7='?' (Size = 100), @p8='?' (Size = 4000), @p9='?' (Size = 4000), @p10='?' (DbType = Guid), @p11='?' (Size = 4000), @p12='?' (Size = 4000)], CommandType='"Text"', CommandTimeout='30']
SET IMPLICIT_TRANSACTIONS OFF;
SET NOCOUNT ON;
INSERT INTO [AuditLogs] ([Id], [Accion], [DireccionIp], [EntidadId], [EstaActivo], [FechaActualizacionUtc], [FechaCreacionUtc], [IdCorrelacion], [Motivo], [NombreEntidad], [UsuarioId], [ValoresAnterioresJson], [ValoresNuevosJson])
VALUES (@p0, @p1, @p2, @p3, @p4, @p5, @p6, @p7, @p8, @p9, @p10, @p11, @p12);
2026-08-07 20:43:33.427 -06:00 [INF] Request finished HTTP/1.1 GET http://localhost:5000/api/v1/reports/sales-summary - 200 null application/json; charset=utf-8 73.3283ms
2026-08-07 20:43:33.430 -06:00 [INF] Executing endpoint 'Pos.Api.Controllers.v1.ReportsController.GetTopProducts (Pos.Api)'
2026-08-07 20:43:33.433 -06:00 [INF] Executed DbCommand (2ms) [Parameters=[@p0='?' (DbType = Guid), @p1='?' (Size = 100), @p2='?' (Size = 4000), @p3='?' (Size = 4000), @p4='?' (DbType = Boolean), @p5='?' (DbType = DateTime2), @p6='?' (DbType = DateTime2), @p7='?' (Size = 100), @p8='?' (Size = 4000), @p9='?' (Size = 4000), @p10='?' (DbType = Guid), @p11='?' (Size = 4000), @p12='?' (Size = 4000)], CommandType='"Text"', CommandTimeout='30']
SET IMPLICIT_TRANSACTIONS OFF;
SET NOCOUNT ON;
INSERT INTO [AuditLogs] ([Id], [Accion], [DireccionIp], [EntidadId], [EstaActivo], [FechaActualizacionUtc], [FechaCreacionUtc], [IdCorrelacion], [Motivo], [NombreEntidad], [UsuarioId], [ValoresAnterioresJson], [ValoresNuevosJson])
VALUES (@p0, @p1, @p2, @p3, @p4, @p5, @p6, @p7, @p8, @p9, @p10, @p11, @p12);
2026-08-07 20:43:33.434 -06:00 [INF] [AUDITORIA WPC BAJIO] CorrelationId: 159b1821-92a3-45cd-a406-55e41b8f9a3a | Action: GET /api/v1/audit/logs | Entity: HttpRequest (200) | User: ebc8b858-2837-4bd5-93e1-8b4c1d0bd81b | IP: ::1 | Reason: HTTP Response StatusCode: 200 | OldValues: N/A | NewValues: N/A
2026-08-07 20:43:33.439 -06:00 [INF] Route matched with {action = "GetTopProducts", controller = "Reports"}. Executing controller action with signature System.Threading.Tasks.Task`1[Microsoft.AspNetCore.Mvc.ActionResult`1[System.Collections.Generic.List`1[Pos.Application.Reporting.DTOs.TopProductReportDto]]] GetTopProducts(System.Nullable`1[System.DateTime], System.Nullable`1[System.DateTime], Int32, System.Threading.CancellationToken) on controller Pos.Api.Controllers.v1.ReportsController (Pos.Api).
2026-08-07 20:43:33.442 -06:00 [INF] [AUDITORIA WPC BAJIO] CorrelationId: 2fa90d64-c559-4f67-ba24-6c150e982fbc | Action: GET /api/v1/reports/top-products | Entity: HttpRequest (200) | User: ebc8b858-2837-4bd5-93e1-8b4c1d0bd81b | IP: ::1 | Reason: HTTP Response StatusCode: 200 | OldValues: N/A | NewValues: N/A
2026-08-07 20:43:33.445 -06:00 [INF] Request finished HTTP/1.1 GET http://localhost:5000/api/v1/audit/logs - 200 null application/json; charset=utf-8 75.7612ms
2026-08-07 20:43:33.452 -06:00 [INF] Request finished HTTP/1.1 GET http://localhost:5000/api/v1/reports/top-products?top=10 - 200 null application/json; charset=utf-8 197.7554ms
2026-08-07 20:43:33.455 -06:00 [INF] Executed DbCommand (6ms) [Parameters=[], CommandType='"Text"', CommandTimeout='30']
SELECT [s].[Id]
FROM [Sales] AS [s]
WHERE [s].[EstaActivo] = CAST(1 AS bit) AND [s].[Estado] <> N'Cancelada'
2026-08-07 20:43:33.510 -06:00 [INF] Executed DbCommand (40ms) [Parameters=[@__saleIds_0='?' (Size = 4000)], CommandType='"Text"', CommandTimeout='30']
SELECT [s].[ProductoId], [p].[Sku], [p].[Nombre], [c].[Nombre] AS [CategoryName], [s].[Cantidad], [s].[PrecioTotal], [s1].[SubTotal] AS [SaleSubTotal], [s1].[MontoTotal] AS [SaleTotal]
FROM [SaleItems] AS [s]
INNER JOIN [Products] AS [p] ON [s].[ProductoId] = [p].[Id]
INNER JOIN [Categories] AS [c] ON [p].[CategoriaId] = [c].[Id]
INNER JOIN [Sales] AS [s1] ON [s].[VentaId] = [s1].[Id]
WHERE [s].[EstaActivo] = CAST(1 AS bit) AND [s].[VentaId] IN (
    SELECT [s0].[value]
    FROM OPENJSON(@__saleIds_0) WITH ([value] uniqueidentifier '$') AS [s0]
)
2026-08-07 20:43:33.526 -06:00 [INF] Executed DbCommand (12ms) [Parameters=[@__saleIds_0='?' (Size = 4000)], CommandType='"Text"', CommandTimeout='30']
SELECT [r].[ProductoId], [r].[Cantidad], [r].[PrecioTotalDevolucion]
FROM [ReturnItems] AS [r]
INNER JOIN [ReturnHeaders] AS [r0] ON [r].[DevolucionCabeceraId] = [r0].[Id]
WHERE [r].[EstaActivo] = CAST(1 AS bit) AND [r0].[EstaActivo] = CAST(1 AS bit) AND [r0].[Estado] = N'Completada' AND [r0].[VentaId] IN (
    SELECT [s].[value]
    FROM OPENJSON(@__saleIds_0) WITH ([value] uniqueidentifier '$') AS [s]
)
2026-08-07 20:43:33.530 -06:00 [INF] Executing OkObjectResult, writing value of type 'System.Collections.Generic.List`1[[Pos.Application.Reporting.DTOs.TopProductReportDto, Pos.Application, Version=1.0.0.0, Culture=neutral, PublicKeyToken=null]]'.
2026-08-07 20:43:33.532 -06:00 [INF] Executed action Pos.Api.Controllers.v1.ReportsController.GetTopProducts (Pos.Api) in 83.9807ms
2026-08-07 20:43:33.534 -06:00 [INF] Executed endpoint 'Pos.Api.Controllers.v1.ReportsController.GetTopProducts (Pos.Api)'
2026-08-07 20:43:33.544 -06:00 [INF] Executed DbCommand (7ms) [Parameters=[@p0='?' (DbType = Guid), @p1='?' (Size = 100), @p2='?' (Size = 4000), @p3='?' (Size = 4000), @p4='?' (DbType = Boolean), @p5='?' (DbType = DateTime2), @p6='?' (DbType = DateTime2), @p7='?' (Size = 100), @p8='?' (Size = 4000), @p9='?' (Size = 4000), @p10='?' (DbType = Guid), @p11='?' (Size = 4000), @p12='?' (Size = 4000)], CommandType='"Text"', CommandTimeout='30']
SET IMPLICIT_TRANSACTIONS OFF;
SET NOCOUNT ON;
INSERT INTO [AuditLogs] ([Id], [Accion], [DireccionIp], [EntidadId], [EstaActivo], [FechaActualizacionUtc], [FechaCreacionUtc], [IdCorrelacion], [Motivo], [NombreEntidad], [UsuarioId], [ValoresAnterioresJson], [ValoresNuevosJson])
VALUES (@p0, @p1, @p2, @p3, @p4, @p5, @p6, @p7, @p8, @p9, @p10, @p11, @p12);
2026-08-07 20:43:33.547 -06:00 [INF] [AUDITORIA WPC BAJIO] CorrelationId: 91063dd4-dc24-4ea2-80a4-ef66296cb2d8 | Action: GET /api/v1/reports/top-products | Entity: HttpRequest (200) | User: ebc8b858-2837-4bd5-93e1-8b4c1d0bd81b | IP: ::1 | Reason: HTTP Response StatusCode: 200 | OldValues: N/A | NewValues: N/A
2026-08-07 20:43:33.554 -06:00 [INF] Request finished HTTP/1.1 GET http://localhost:5000/api/v1/reports/top-products?top=10 - 200 null application/json; charset=utf-8 132.9278ms
2026-08-07 20:43:33.941 -06:00 [INF] Request starting HTTP/1.1 GET http://localhost:5000/api/v1/quotes - application/json null
2026-08-07 20:43:33.942 -06:00 [INF] Request starting HTTP/1.1 GET http://localhost:5000/api/v1/quotes/options - application/json null
2026-08-07 20:43:33.945 -06:00 [INF] Executing endpoint 'Pos.Api.Controllers.v1.QuotesController.GetQuotes (Pos.Api)'
2026-08-07 20:43:33.947 -06:00 [INF] Executing endpoint 'Pos.Api.Controllers.v1.QuotesController.GetOptions (Pos.Api)'
2026-08-07 20:43:33.952 -06:00 [INF] Route matched with {action = "GetQuotes", controller = "Quotes"}. Executing controller action with signature System.Threading.Tasks.Task`1[Microsoft.AspNetCore.Mvc.ActionResult`1[System.Collections.Generic.List`1[Pos.Application.Commercial.DTOs.QuoteDto]]] GetQuotes(System.String, System.String, System.Threading.CancellationToken) on controller Pos.Api.Controllers.v1.QuotesController (Pos.Api).
2026-08-07 20:43:33.953 -06:00 [INF] Route matched with {action = "GetOptions", controller = "Quotes"}. Executing controller action with signature System.Threading.Tasks.Task`1[Microsoft.AspNetCore.Mvc.ActionResult`1[Pos.Application.Commercial.DTOs.QuoteOptionsDto]] GetOptions(System.Threading.CancellationToken) on controller Pos.Api.Controllers.v1.QuotesController (Pos.Api).
2026-08-07 20:43:33.966 -06:00 [INF] Executed DbCommand (7ms) [Parameters=[], CommandType='"Text"', CommandTimeout='30']
SELECT [p].[Id], [p].[AltoCm], [p].[AnchoCm], [p].[AnchoMm], [p].[Barcode], [p].[CantidadInventarioInicial], [p].[CantidadMinimaMayoreo], [p].[CategoriaId], [p].[CoberturaM2Caja], [p].[CoberturaPorUnidadM2], [p].[Descripcion], [p].[EspesorMm], [p].[EstaActivo], [p].[FechaActualizacionUtc], [p].[FechaCreacionUtc], [p].[ImagenUrl], [p].[LargoCm], [p].[LargoMm], [p].[Material], [p].[Nombre], [p].[PiezasPorCaja], [p].[PrecioMayoreo], [p].[PrecioUnitario], [p].[Sku], [p].[SoloCotizacion], [p].[UnidadMedida], [p].[VisibleMasVendido], [c].[Id], [c].[CategoriaPadreId], [c].[Descripcion], [c].[EstaActivo], [c].[FechaActualizacionUtc], [c].[FechaCreacionUtc], [c].[Nombre], [c].[Slug], [p0].[Id], [p0].[EsPrincipal], [p0].[EstaActivo], [p0].[FechaActualizacionUtc], [p0].[FechaCreacionUtc], [p0].[ProductoId], [p0].[UrlImagen]
FROM [Products] AS [p]
INNER JOIN [Categories] AS [c] ON [p].[CategoriaId] = [c].[Id]
LEFT JOIN [ProductImages] AS [p0] ON [p].[Id] = [p0].[ProductoId]
ORDER BY [p].[Id], [c].[Id]
2026-08-07 20:43:33.981 -06:00 [INF] Executed DbCommand (1ms) [Parameters=[@__productIds_0='?' (Size = 4000)], CommandType='"Text"', CommandTimeout='30']
SELECT [s].[Id], [s].[CantidadDisponible], [s].[CantidadReorden], [s].[EstaActivo], [s].[FechaActualizacionUtc], [s].[FechaCreacionUtc], [s].[ProductoId], [s].[Ubicacion], [s].[UmbralMinimoAlerta], [s].[VersionFila]
FROM [Stocks] AS [s]
WHERE [s].[ProductoId] IN (
    SELECT [p].[value]
    FROM OPENJSON(@__productIds_0) WITH ([value] uniqueidentifier '$') AS [p]
)
2026-08-07 20:43:33.990 -06:00 [INF] Executed DbCommand (5ms) [Parameters=[@__p_0='?' (DbType = Int32)], CommandType='"Text"', CommandTimeout='30']
SELECT TOP(@__p_0) [c].[Id], [c].[Apellido], [c].[Ciudad], [c].[CodigoPostal], [c].[Direccion], [c].[Email], [c].[EstaActivo], [c].[Estado], [c].[FechaActualizacionUtc], [c].[FechaCreacionUtc], [c].[Nombre], [c].[NombreEmpresa], [c].[Notas], [c].[PorcentajeDescuentoEspecial], [c].[Rfc], [c].[Telefono], [c].[TipoCliente]
FROM [Customers] AS [c]
WHERE [c].[EstaActivo] = CAST(1 AS bit)
ORDER BY COALESCE([c].[NombreEmpresa], [c].[Nombre])
2026-08-07 20:43:33.993 -06:00 [INF] Executing OkObjectResult, writing value of type 'Pos.Application.Commercial.DTOs.QuoteOptionsDto'.
2026-08-07 20:43:33.996 -06:00 [INF] Executed action Pos.Api.Controllers.v1.QuotesController.GetOptions (Pos.Api) in 39.4529ms
2026-08-07 20:43:33.998 -06:00 [INF] Executed endpoint 'Pos.Api.Controllers.v1.QuotesController.GetOptions (Pos.Api)'
2026-08-07 20:43:33.999 -06:00 [INF] Request starting HTTP/1.1 GET http://localhost:5000/api/v1/quotes/options - application/json null
2026-08-07 20:43:34.002 -06:00 [INF] Executing endpoint 'Pos.Api.Controllers.v1.QuotesController.GetOptions (Pos.Api)'
2026-08-07 20:43:34.005 -06:00 [INF] Executed DbCommand (5ms) [Parameters=[@p0='?' (DbType = Guid), @p1='?' (Size = 100), @p2='?' (Size = 4000), @p3='?' (Size = 4000), @p4='?' (DbType = Boolean), @p5='?' (DbType = DateTime2), @p6='?' (DbType = DateTime2), @p7='?' (Size = 100), @p8='?' (Size = 4000), @p9='?' (Size = 4000), @p10='?' (DbType = Guid), @p11='?' (Size = 4000), @p12='?' (Size = 4000)], CommandType='"Text"', CommandTimeout='30']
SET IMPLICIT_TRANSACTIONS OFF;
SET NOCOUNT ON;
INSERT INTO [AuditLogs] ([Id], [Accion], [DireccionIp], [EntidadId], [EstaActivo], [FechaActualizacionUtc], [FechaCreacionUtc], [IdCorrelacion], [Motivo], [NombreEntidad], [UsuarioId], [ValoresAnterioresJson], [ValoresNuevosJson])
VALUES (@p0, @p1, @p2, @p3, @p4, @p5, @p6, @p7, @p8, @p9, @p10, @p11, @p12);
2026-08-07 20:43:34.006 -06:00 [INF] Route matched with {action = "GetOptions", controller = "Quotes"}. Executing controller action with signature System.Threading.Tasks.Task`1[Microsoft.AspNetCore.Mvc.ActionResult`1[Pos.Application.Commercial.DTOs.QuoteOptionsDto]] GetOptions(System.Threading.CancellationToken) on controller Pos.Api.Controllers.v1.QuotesController (Pos.Api).
2026-08-07 20:43:34.009 -06:00 [INF] [AUDITORIA WPC BAJIO] CorrelationId: 07338fb8-0410-4b34-944d-13d72cdf3403 | Action: GET /api/v1/quotes/options | Entity: HttpRequest (200) | User: ebc8b858-2837-4bd5-93e1-8b4c1d0bd81b | IP: ::1 | Reason: HTTP Response StatusCode: 200 | OldValues: N/A | NewValues: N/A
2026-08-07 20:43:34.014 -06:00 [INF] Request finished HTTP/1.1 GET http://localhost:5000/api/v1/quotes/options - 200 null application/json; charset=utf-8 72.4712ms
2026-08-07 20:43:34.018 -06:00 [INF] Executed DbCommand (6ms) [Parameters=[], CommandType='"Text"', CommandTimeout='30']
SELECT [p].[Id], [p].[AltoCm], [p].[AnchoCm], [p].[AnchoMm], [p].[Barcode], [p].[CantidadInventarioInicial], [p].[CantidadMinimaMayoreo], [p].[CategoriaId], [p].[CoberturaM2Caja], [p].[CoberturaPorUnidadM2], [p].[Descripcion], [p].[EspesorMm], [p].[EstaActivo], [p].[FechaActualizacionUtc], [p].[FechaCreacionUtc], [p].[ImagenUrl], [p].[LargoCm], [p].[LargoMm], [p].[Material], [p].[Nombre], [p].[PiezasPorCaja], [p].[PrecioMayoreo], [p].[PrecioUnitario], [p].[Sku], [p].[SoloCotizacion], [p].[UnidadMedida], [p].[VisibleMasVendido], [c].[Id], [c].[CategoriaPadreId], [c].[Descripcion], [c].[EstaActivo], [c].[FechaActualizacionUtc], [c].[FechaCreacionUtc], [c].[Nombre], [c].[Slug], [p0].[Id], [p0].[EsPrincipal], [p0].[EstaActivo], [p0].[FechaActualizacionUtc], [p0].[FechaCreacionUtc], [p0].[ProductoId], [p0].[UrlImagen]
FROM [Products] AS [p]
INNER JOIN [Categories] AS [c] ON [p].[CategoriaId] = [c].[Id]
LEFT JOIN [ProductImages] AS [p0] ON [p].[Id] = [p0].[ProductoId]
ORDER BY [p].[Id], [c].[Id]
2026-08-07 20:43:34.028 -06:00 [INF] Executed DbCommand (28ms) [Parameters=[@__p_0='?' (DbType = Int32)], CommandType='"Text"', CommandTimeout='30']
SELECT [q0].[Id], [q0].[ClienteId], [q0].[EstaActivo], [q0].[Estado], [q0].[FechaActualizacionUtc], [q0].[FechaCreacionUtc], [q0].[FechaVigenciaUtc], [q0].[MontoDescuento], [q0].[MontoIva], [q0].[MontoTotal], [q0].[Notas], [q0].[NumeroCotizacion], [q0].[SubTotal], [q0].[UsuarioId], [c].[Id], [c].[Apellido], [c].[Ciudad], [c].[CodigoPostal], [c].[Direccion], [c].[Email], [c].[EstaActivo], [c].[Estado], [c].[FechaActualizacionUtc], [c].[FechaCreacionUtc], [c].[Nombre], [c].[NombreEmpresa], [c].[Notas], [c].[PorcentajeDescuentoEspecial], [c].[Rfc], [c].[Telefono], [c].[TipoCliente], [u].[Id], [u].[Email], [u].[EmpleadoId], [u].[EstaActivo], [u].[FechaActualizacionUtc], [u].[FechaCreacionUtc], [u].[NombreUsuario], [u].[PasswordHash], [s].[Id], [s].[Cantidad], [s].[CotizacionId], [s].[EstaActivo], [s].[FechaActualizacionUtc], [s].[FechaCreacionUtc], [s].[MontoDescuento], [s].[PrecioTotal], [s].[PrecioUnitario], [s].[ProductoId], [s].[Id0], [s].[AltoCm], [s].[AnchoCm], [s].[AnchoMm], [s].[Barcode], [s].[CantidadInventarioInicial], [s].[CantidadMinimaMayoreo], [s].[CategoriaId], [s].[CoberturaM2Caja], [s].[CoberturaPorUnidadM2], [s].[Descripcion], [s].[EspesorMm], [s].[EstaActivo0], [s].[FechaActualizacionUtc0], [s].[FechaCreacionUtc0], [s].[ImagenUrl], [s].[LargoCm], [s].[LargoMm], [s].[Material], [s].[Nombre], [s].[PiezasPorCaja], [s].[PrecioMayoreo], [s].[PrecioUnitario0], [s].[Sku], [s].[SoloCotizacion], [s].[UnidadMedida], [s].[VisibleMasVendido]
FROM (
    SELECT TOP(@__p_0) [q].[Id], [q].[ClienteId], [q].[EstaActivo], [q].[Estado], [q].[FechaActualizacionUtc], [q].[FechaCreacionUtc], [q].[FechaVigenciaUtc], [q].[MontoDescuento], [q].[MontoIva], [q].[MontoTotal], [q].[Notas], [q].[NumeroCotizacion], [q].[SubTotal], [q].[UsuarioId]
    FROM [Quotes] AS [q]
    WHERE [q].[EstaActivo] = CAST(1 AS bit)
    ORDER BY [q].[FechaCreacionUtc] DESC
) AS [q0]
LEFT JOIN [Customers] AS [c] ON [q0].[ClienteId] = [c].[Id]
LEFT JOIN [Users] AS [u] ON [q0].[UsuarioId] = [u].[Id]
LEFT JOIN (
    SELECT [q1].[Id], [q1].[Cantidad], [q1].[CotizacionId], [q1].[EstaActivo], [q1].[FechaActualizacionUtc], [q1].[FechaCreacionUtc], [q1].[MontoDescuento], [q1].[PrecioTotal], [q1].[PrecioUnitario], [q1].[ProductoId], [p].[Id] AS [Id0], [p].[AltoCm], [p].[AnchoCm], [p].[AnchoMm], [p].[Barcode], [p].[CantidadInventarioInicial], [p].[CantidadMinimaMayoreo], [p].[CategoriaId], [p].[CoberturaM2Caja], [p].[CoberturaPorUnidadM2], [p].[Descripcion], [p].[EspesorMm], [p].[EstaActivo] AS [EstaActivo0], [p].[FechaActualizacionUtc] AS [FechaActualizacionUtc0], [p].[FechaCreacionUtc] AS [FechaCreacionUtc0], [p].[ImagenUrl], [p].[LargoCm], [p].[LargoMm], [p].[Material], [p].[Nombre], [p].[PiezasPorCaja], [p].[PrecioMayoreo], [p].[PrecioUnitario] AS [PrecioUnitario0], [p].[Sku], [p].[SoloCotizacion], [p].[UnidadMedida], [p].[VisibleMasVendido]
    FROM [QuoteItems] AS [q1]
    INNER JOIN [Products] AS [p] ON [q1].[ProductoId] = [p].[Id]
) AS [s] ON [q0].[Id] = [s].[CotizacionId]
ORDER BY [q0].[FechaCreacionUtc] DESC, [q0].[Id], [c].[Id], [u].[Id], [s].[Id]
2026-08-07 20:43:34.032 -06:00 [INF] Executed DbCommand (1ms) [Parameters=[@__productIds_0='?' (Size = 4000)], CommandType='"Text"', CommandTimeout='30']
SELECT [s].[Id], [s].[CantidadDisponible], [s].[CantidadReorden], [s].[EstaActivo], [s].[FechaActualizacionUtc], [s].[FechaCreacionUtc], [s].[ProductoId], [s].[Ubicacion], [s].[UmbralMinimoAlerta], [s].[VersionFila]
FROM [Stocks] AS [s]
WHERE [s].[ProductoId] IN (
    SELECT [p].[value]
    FROM OPENJSON(@__productIds_0) WITH ([value] uniqueidentifier '$') AS [p]
)
2026-08-07 20:43:34.042 -06:00 [INF] Executed DbCommand (6ms) [Parameters=[@__p_0='?' (DbType = Int32)], CommandType='"Text"', CommandTimeout='30']
SELECT TOP(@__p_0) [c].[Id], [c].[Apellido], [c].[Ciudad], [c].[CodigoPostal], [c].[Direccion], [c].[Email], [c].[EstaActivo], [c].[Estado], [c].[FechaActualizacionUtc], [c].[FechaCreacionUtc], [c].[Nombre], [c].[NombreEmpresa], [c].[Notas], [c].[PorcentajeDescuentoEspecial], [c].[Rfc], [c].[Telefono], [c].[TipoCliente]
FROM [Customers] AS [c]
WHERE [c].[EstaActivo] = CAST(1 AS bit)
ORDER BY COALESCE([c].[NombreEmpresa], [c].[Nombre])
2026-08-07 20:43:34.044 -06:00 [INF] Executing OkObjectResult, writing value of type 'System.Collections.Generic.List`1[[Pos.Application.Commercial.DTOs.QuoteDto, Pos.Application, Version=1.0.0.0, Culture=neutral, PublicKeyToken=null]]'.
2026-08-07 20:43:34.045 -06:00 [INF] Executing OkObjectResult, writing value of type 'Pos.Application.Commercial.DTOs.QuoteOptionsDto'.
2026-08-07 20:43:34.049 -06:00 [INF] Executed action Pos.Api.Controllers.v1.QuotesController.GetOptions (Pos.Api) in 38.1543ms
2026-08-07 20:43:34.050 -06:00 [INF] Executed endpoint 'Pos.Api.Controllers.v1.QuotesController.GetOptions (Pos.Api)'
2026-08-07 20:43:34.053 -06:00 [INF] Executed action Pos.Api.Controllers.v1.QuotesController.GetQuotes (Pos.Api) in 98.1177ms
2026-08-07 20:43:34.058 -06:00 [INF] Executed endpoint 'Pos.Api.Controllers.v1.QuotesController.GetQuotes (Pos.Api)'
2026-08-07 20:43:34.058 -06:00 [INF] Request starting HTTP/1.1 GET http://localhost:5000/api/v1/quotes - application/json null
2026-08-07 20:43:34.062 -06:00 [INF] Executed DbCommand (9ms) [Parameters=[@p0='?' (DbType = Guid), @p1='?' (Size = 100), @p2='?' (Size = 4000), @p3='?' (Size = 4000), @p4='?' (DbType = Boolean), @p5='?' (DbType = DateTime2), @p6='?' (DbType = DateTime2), @p7='?' (Size = 100), @p8='?' (Size = 4000), @p9='?' (Size = 4000), @p10='?' (DbType = Guid), @p11='?' (Size = 4000), @p12='?' (Size = 4000)], CommandType='"Text"', CommandTimeout='30']
SET IMPLICIT_TRANSACTIONS OFF;
SET NOCOUNT ON;
INSERT INTO [AuditLogs] ([Id], [Accion], [DireccionIp], [EntidadId], [EstaActivo], [FechaActualizacionUtc], [FechaCreacionUtc], [IdCorrelacion], [Motivo], [NombreEntidad], [UsuarioId], [ValoresAnterioresJson], [ValoresNuevosJson])
VALUES (@p0, @p1, @p2, @p3, @p4, @p5, @p6, @p7, @p8, @p9, @p10, @p11, @p12);
2026-08-07 20:43:34.063 -06:00 [INF] Executing endpoint 'Pos.Api.Controllers.v1.QuotesController.GetQuotes (Pos.Api)'
2026-08-07 20:43:34.063 -06:00 [INF] Executed DbCommand (3ms) [Parameters=[@p0='?' (DbType = Guid), @p1='?' (Size = 100), @p2='?' (Size = 4000), @p3='?' (Size = 4000), @p4='?' (DbType = Boolean), @p5='?' (DbType = DateTime2), @p6='?' (DbType = DateTime2), @p7='?' (Size = 100), @p8='?' (Size = 4000), @p9='?' (Size = 4000), @p10='?' (DbType = Guid), @p11='?' (Size = 4000), @p12='?' (Size = 4000)], CommandType='"Text"', CommandTimeout='30']
SET IMPLICIT_TRANSACTIONS OFF;
SET NOCOUNT ON;
INSERT INTO [AuditLogs] ([Id], [Accion], [DireccionIp], [EntidadId], [EstaActivo], [FechaActualizacionUtc], [FechaCreacionUtc], [IdCorrelacion], [Motivo], [NombreEntidad], [UsuarioId], [ValoresAnterioresJson], [ValoresNuevosJson])
VALUES (@p0, @p1, @p2, @p3, @p4, @p5, @p6, @p7, @p8, @p9, @p10, @p11, @p12);
2026-08-07 20:43:34.065 -06:00 [INF] [AUDITORIA WPC BAJIO] CorrelationId: fc825222-d343-469a-9434-a60340915c64 | Action: GET /api/v1/quotes/options | Entity: HttpRequest (200) | User: ebc8b858-2837-4bd5-93e1-8b4c1d0bd81b | IP: ::1 | Reason: HTTP Response StatusCode: 200 | OldValues: N/A | NewValues: N/A
2026-08-07 20:43:34.066 -06:00 [INF] Route matched with {action = "GetQuotes", controller = "Quotes"}. Executing controller action with signature System.Threading.Tasks.Task`1[Microsoft.AspNetCore.Mvc.ActionResult`1[System.Collections.Generic.List`1[Pos.Application.Commercial.DTOs.QuoteDto]]] GetQuotes(System.String, System.String, System.Threading.CancellationToken) on controller Pos.Api.Controllers.v1.QuotesController (Pos.Api).
2026-08-07 20:43:34.070 -06:00 [INF] [AUDITORIA WPC BAJIO] CorrelationId: c8dd30b7-b6f8-4231-832d-314022508eb3 | Action: GET /api/v1/quotes | Entity: HttpRequest (200) | User: ebc8b858-2837-4bd5-93e1-8b4c1d0bd81b | IP: ::1 | Reason: HTTP Response StatusCode: 200 | OldValues: N/A | NewValues: N/A
2026-08-07 20:43:34.075 -06:00 [INF] Request finished HTTP/1.1 GET http://localhost:5000/api/v1/quotes/options - 200 null application/json; charset=utf-8 75.1718ms
2026-08-07 20:43:34.081 -06:00 [INF] Request finished HTTP/1.1 GET http://localhost:5000/api/v1/quotes - 200 null application/json; charset=utf-8 139.0868ms
2026-08-07 20:43:34.104 -06:00 [INF] Executed DbCommand (25ms) [Parameters=[@__p_0='?' (DbType = Int32)], CommandType='"Text"', CommandTimeout='30']
SELECT [q0].[Id], [q0].[ClienteId], [q0].[EstaActivo], [q0].[Estado], [q0].[FechaActualizacionUtc], [q0].[FechaCreacionUtc], [q0].[FechaVigenciaUtc], [q0].[MontoDescuento], [q0].[MontoIva], [q0].[MontoTotal], [q0].[Notas], [q0].[NumeroCotizacion], [q0].[SubTotal], [q0].[UsuarioId], [c].[Id], [c].[Apellido], [c].[Ciudad], [c].[CodigoPostal], [c].[Direccion], [c].[Email], [c].[EstaActivo], [c].[Estado], [c].[FechaActualizacionUtc], [c].[FechaCreacionUtc], [c].[Nombre], [c].[NombreEmpresa], [c].[Notas], [c].[PorcentajeDescuentoEspecial], [c].[Rfc], [c].[Telefono], [c].[TipoCliente], [u].[Id], [u].[Email], [u].[EmpleadoId], [u].[EstaActivo], [u].[FechaActualizacionUtc], [u].[FechaCreacionUtc], [u].[NombreUsuario], [u].[PasswordHash], [s].[Id], [s].[Cantidad], [s].[CotizacionId], [s].[EstaActivo], [s].[FechaActualizacionUtc], [s].[FechaCreacionUtc], [s].[MontoDescuento], [s].[PrecioTotal], [s].[PrecioUnitario], [s].[ProductoId], [s].[Id0], [s].[AltoCm], [s].[AnchoCm], [s].[AnchoMm], [s].[Barcode], [s].[CantidadInventarioInicial], [s].[CantidadMinimaMayoreo], [s].[CategoriaId], [s].[CoberturaM2Caja], [s].[CoberturaPorUnidadM2], [s].[Descripcion], [s].[EspesorMm], [s].[EstaActivo0], [s].[FechaActualizacionUtc0], [s].[FechaCreacionUtc0], [s].[ImagenUrl], [s].[LargoCm], [s].[LargoMm], [s].[Material], [s].[Nombre], [s].[PiezasPorCaja], [s].[PrecioMayoreo], [s].[PrecioUnitario0], [s].[Sku], [s].[SoloCotizacion], [s].[UnidadMedida], [s].[VisibleMasVendido]
FROM (
    SELECT TOP(@__p_0) [q].[Id], [q].[ClienteId], [q].[EstaActivo], [q].[Estado], [q].[FechaActualizacionUtc], [q].[FechaCreacionUtc], [q].[FechaVigenciaUtc], [q].[MontoDescuento], [q].[MontoIva], [q].[MontoTotal], [q].[Notas], [q].[NumeroCotizacion], [q].[SubTotal], [q].[UsuarioId]
    FROM [Quotes] AS [q]
    WHERE [q].[EstaActivo] = CAST(1 AS bit)
    ORDER BY [q].[FechaCreacionUtc] DESC
) AS [q0]
LEFT JOIN [Customers] AS [c] ON [q0].[ClienteId] = [c].[Id]
LEFT JOIN [Users] AS [u] ON [q0].[UsuarioId] = [u].[Id]
LEFT JOIN (
    SELECT [q1].[Id], [q1].[Cantidad], [q1].[CotizacionId], [q1].[EstaActivo], [q1].[FechaActualizacionUtc], [q1].[FechaCreacionUtc], [q1].[MontoDescuento], [q1].[PrecioTotal], [q1].[PrecioUnitario], [q1].[ProductoId], [p].[Id] AS [Id0], [p].[AltoCm], [p].[AnchoCm], [p].[AnchoMm], [p].[Barcode], [p].[CantidadInventarioInicial], [p].[CantidadMinimaMayoreo], [p].[CategoriaId], [p].[CoberturaM2Caja], [p].[CoberturaPorUnidadM2], [p].[Descripcion], [p].[EspesorMm], [p].[EstaActivo] AS [EstaActivo0], [p].[FechaActualizacionUtc] AS [FechaActualizacionUtc0], [p].[FechaCreacionUtc] AS [FechaCreacionUtc0], [p].[ImagenUrl], [p].[LargoCm], [p].[LargoMm], [p].[Material], [p].[Nombre], [p].[PiezasPorCaja], [p].[PrecioMayoreo], [p].[PrecioUnitario] AS [PrecioUnitario0], [p].[Sku], [p].[SoloCotizacion], [p].[UnidadMedida], [p].[VisibleMasVendido]
    FROM [QuoteItems] AS [q1]
    INNER JOIN [Products] AS [p] ON [q1].[ProductoId] = [p].[Id]
) AS [s] ON [q0].[Id] = [s].[CotizacionId]
ORDER BY [q0].[FechaCreacionUtc] DESC, [q0].[Id], [c].[Id], [u].[Id], [s].[Id]
2026-08-07 20:43:34.110 -06:00 [INF] Executing OkObjectResult, writing value of type 'System.Collections.Generic.List`1[[Pos.Application.Commercial.DTOs.QuoteDto, Pos.Application, Version=1.0.0.0, Culture=neutral, PublicKeyToken=null]]'.
2026-08-07 20:43:34.111 -06:00 [INF] Executed action Pos.Api.Controllers.v1.QuotesController.GetQuotes (Pos.Api) in 34.1882ms
2026-08-07 20:43:34.113 -06:00 [INF] Executed endpoint 'Pos.Api.Controllers.v1.QuotesController.GetQuotes (Pos.Api)'
2026-08-07 20:43:34.119 -06:00 [INF] Executed DbCommand (4ms) [Parameters=[@p0='?' (DbType = Guid), @p1='?' (Size = 100), @p2='?' (Size = 4000), @p3='?' (Size = 4000), @p4='?' (DbType = Boolean), @p5='?' (DbType = DateTime2), @p6='?' (DbType = DateTime2), @p7='?' (Size = 100), @p8='?' (Size = 4000), @p9='?' (Size = 4000), @p10='?' (DbType = Guid), @p11='?' (Size = 4000), @p12='?' (Size = 4000)], CommandType='"Text"', CommandTimeout='30']
SET IMPLICIT_TRANSACTIONS OFF;
SET NOCOUNT ON;
INSERT INTO [AuditLogs] ([Id], [Accion], [DireccionIp], [EntidadId], [EstaActivo], [FechaActualizacionUtc], [FechaCreacionUtc], [IdCorrelacion], [Motivo], [NombreEntidad], [UsuarioId], [ValoresAnterioresJson], [ValoresNuevosJson])
VALUES (@p0, @p1, @p2, @p3, @p4, @p5, @p6, @p7, @p8, @p9, @p10, @p11, @p12);
2026-08-07 20:43:34.122 -06:00 [INF] [AUDITORIA WPC BAJIO] CorrelationId: 4a87d8a7-a848-4f8f-9b8a-c207693e79c2 | Action: GET /api/v1/quotes | Entity: HttpRequest (200) | User: ebc8b858-2837-4bd5-93e1-8b4c1d0bd81b | IP: ::1 | Reason: HTTP Response StatusCode: 200 | OldValues: N/A | NewValues: N/A
2026-08-07 20:43:34.125 -06:00 [INF] Request finished HTTP/1.1 GET http://localhost:5000/api/v1/quotes - 200 null application/json; charset=utf-8 66.2473ms
2026-08-07 20:43:34.620 -06:00 [INF] Request starting HTTP/1.1 GET http://localhost:5000/api/v1/payments/pending-sales - application/json null
2026-08-07 20:43:34.623 -06:00 [INF] Executing endpoint 'Pos.Api.Controllers.v1.PaymentsController.GetPendingSales (Pos.Api)'
2026-08-07 20:43:34.624 -06:00 [INF] Request starting HTTP/1.1 GET http://localhost:5000/api/v1/returns/eligible-sales - application/json null
2026-08-07 20:43:34.624 -06:00 [INF] Request starting HTTP/1.1 GET http://localhost:5000/api/v1/returns - application/json null
2026-08-07 20:43:34.624 -06:00 [INF] Request starting HTTP/1.1 GET http://localhost:5000/api/v1/documents/templates - application/json null
2026-08-07 20:43:34.627 -06:00 [INF] Executing endpoint 'Pos.Api.Controllers.v1.ReturnsController.GetEligibleSales (Pos.Api)'
2026-08-07 20:43:34.628 -06:00 [INF] Route matched with {action = "GetPendingSales", controller = "Payments"}. Executing controller action with signature System.Threading.Tasks.Task`1[Microsoft.AspNetCore.Mvc.ActionResult`1[System.Collections.Generic.List`1[Pos.Application.Sales.DTOs.SaleDto]]] GetPendingSales(System.Threading.CancellationToken) on controller Pos.Api.Controllers.v1.PaymentsController (Pos.Api).
2026-08-07 20:43:34.630 -06:00 [INF] Executing endpoint 'Pos.Api.Controllers.v1.ReturnsController.GetReturns (Pos.Api)'
2026-08-07 20:43:34.632 -06:00 [INF] Executing endpoint 'Pos.Api.Controllers.v1.DocumentsController.GetTemplates (Pos.Api)'
2026-08-07 20:43:34.635 -06:00 [INF] Route matched with {action = "GetEligibleSales", controller = "Returns"}. Executing controller action with signature System.Threading.Tasks.Task`1[Microsoft.AspNetCore.Mvc.ActionResult`1[System.Collections.Generic.List`1[Pos.Application.Sales.DTOs.SaleDto]]] GetEligibleSales(System.Threading.CancellationToken) on controller Pos.Api.Controllers.v1.ReturnsController (Pos.Api).
2026-08-07 20:43:34.639 -06:00 [INF] Route matched with {action = "GetReturns", controller = "Returns"}. Executing controller action with signature System.Threading.Tasks.Task`1[Microsoft.AspNetCore.Mvc.ActionResult`1[System.Collections.Generic.List`1[Pos.Application.Commercial.DTOs.ReturnHeaderDto]]] GetReturns(System.Nullable`1[System.Guid], System.Threading.CancellationToken) on controller Pos.Api.Controllers.v1.ReturnsController (Pos.Api).
2026-08-07 20:43:34.640 -06:00 [INF] Route matched with {action = "GetTemplates", controller = "Documents"}. Executing controller action with signature System.Threading.Tasks.Task`1[Microsoft.AspNetCore.Mvc.ActionResult`1[System.Collections.Generic.List`1[Pos.Application.Commercial.DTOs.DocumentTemplateDto]]] GetTemplates(System.Threading.CancellationToken) on controller Pos.Api.Controllers.v1.DocumentsController (Pos.Api).
2026-08-07 20:43:34.655 -06:00 [INF] Executed DbCommand (19ms) [Parameters=[@__p_0='?' (DbType = Int32)], CommandType='"Text"', CommandTimeout='30']
SELECT [s0].[Id], [s0].[ClienteId], [s0].[EstaActivo], [s0].[Estado], [s0].[FechaActualizacionUtc], [s0].[FechaCreacionUtc], [s0].[MontoAnticipo], [s0].[MontoDescuento], [s0].[MontoEfectivo], [s0].[MontoIva], [s0].[MontoTarjeta], [s0].[MontoTotal], [s0].[MontoTransferencia], [s0].[Notas], [s0].[NumeroFolio], [s0].[SaldoPendiente], [s0].[SubTotal], [s0].[TipoPago], [s0].[UsuarioId], [c].[Id], [c].[Apellido], [c].[Ciudad], [c].[CodigoPostal], [c].[Direccion], [c].[Email], [c].[EstaActivo], [c].[Estado], [c].[FechaActualizacionUtc], [c].[FechaCreacionUtc], [c].[Nombre], [c].[NombreEmpresa], [c].[Notas], [c].[PorcentajeDescuentoEspecial], [c].[Rfc], [c].[Telefono], [c].[TipoCliente], [u].[Id], [u].[Email], [u].[EmpleadoId], [u].[EstaActivo], [u].[FechaActualizacionUtc], [u].[FechaCreacionUtc], [u].[NombreUsuario], [u].[PasswordHash], [s2].[Id], [s2].[Cantidad], [s2].[EstaActivo], [s2].[FechaActualizacionUtc], [s2].[FechaCreacionUtc], [s2].[MontoDescuento], [s2].[PrecioTotal], [s2].[PrecioUnitario], [s2].[ProductoId], [s2].[VentaId], [s2].[Id0], [s2].[AltoCm], [s2].[AnchoCm], [s2].[AnchoMm], [s2].[Barcode], [s2].[CantidadInventarioInicial], [s2].[CantidadMinimaMayoreo], [s2].[CategoriaId], [s2].[CoberturaM2Caja], [s2].[CoberturaPorUnidadM2], [s2].[Descripcion], [s2].[EspesorMm], [s2].[EstaActivo0], [s2].[FechaActualizacionUtc0], [s2].[FechaCreacionUtc0], [s2].[ImagenUrl], [s2].[LargoCm], [s2].[LargoMm], [s2].[Material], [s2].[Nombre], [s2].[PiezasPorCaja], [s2].[PrecioMayoreo], [s2].[PrecioUnitario0], [s2].[Sku], [s2].[SoloCotizacion], [s2].[UnidadMedida], [s2].[VisibleMasVendido]
FROM (
    SELECT TOP(@__p_0) [s].[Id], [s].[ClienteId], [s].[EstaActivo], [s].[Estado], [s].[FechaActualizacionUtc], [s].[FechaCreacionUtc], [s].[MontoAnticipo], [s].[MontoDescuento], [s].[MontoEfectivo], [s].[MontoIva], [s].[MontoTarjeta], [s].[MontoTotal], [s].[MontoTransferencia], [s].[Notas], [s].[NumeroFolio], [s].[SaldoPendiente], [s].[SubTotal], [s].[TipoPago], [s].[UsuarioId]
    FROM [Sales] AS [s]
    WHERE [s].[EstaActivo] = CAST(1 AS bit)
    ORDER BY [s].[FechaCreacionUtc] DESC
) AS [s0]
LEFT JOIN [Customers] AS [c] ON [s0].[ClienteId] = [c].[Id]
LEFT JOIN [Users] AS [u] ON [s0].[UsuarioId] = [u].[Id]
LEFT JOIN (
    SELECT [s1].[Id], [s1].[Cantidad], [s1].[EstaActivo], [s1].[FechaActualizacionUtc], [s1].[FechaCreacionUtc], [s1].[MontoDescuento], [s1].[PrecioTotal], [s1].[PrecioUnitario], [s1].[ProductoId], [s1].[VentaId], [p].[Id] AS [Id0], [p].[AltoCm], [p].[AnchoCm], [p].[AnchoMm], [p].[Barcode], [p].[CantidadInventarioInicial], [p].[CantidadMinimaMayoreo], [p].[CategoriaId], [p].[CoberturaM2Caja], [p].[CoberturaPorUnidadM2], [p].[Descripcion], [p].[EspesorMm], [p].[EstaActivo] AS [EstaActivo0], [p].[FechaActualizacionUtc] AS [FechaActualizacionUtc0], [p].[FechaCreacionUtc] AS [FechaCreacionUtc0], [p].[ImagenUrl], [p].[LargoCm], [p].[LargoMm], [p].[Material], [p].[Nombre], [p].[PiezasPorCaja], [p].[PrecioMayoreo], [p].[PrecioUnitario] AS [PrecioUnitario0], [p].[Sku], [p].[SoloCotizacion], [p].[UnidadMedida], [p].[VisibleMasVendido]
    FROM [SaleItems] AS [s1]
    INNER JOIN [Products] AS [p] ON [s1].[ProductoId] = [p].[Id]
) AS [s2] ON [s0].[Id] = [s2].[VentaId]
ORDER BY [s0].[FechaCreacionUtc] DESC, [s0].[Id], [c].[Id], [u].[Id], [s2].[Id]
2026-08-07 20:43:34.658 -06:00 [INF] Executed DbCommand (5ms) [Parameters=[], CommandType='"Text"', CommandTimeout='30']
SELECT [d].[Id], [d].[Categoria], [d].[ContenidoHtmlPlantilla], [d].[EstaActivo], [d].[FechaActualizacionUtc], [d].[FechaCreacionUtc], [d].[Titulo]
FROM [DocumentTemplates] AS [d]
WHERE [d].[EstaActivo] = CAST(1 AS bit)
ORDER BY [d].[Categoria], [d].[Titulo]
2026-08-07 20:43:34.664 -06:00 [INF] Executing OkObjectResult, writing value of type 'System.Collections.Generic.List`1[[Pos.Application.Commercial.DTOs.DocumentTemplateDto, Pos.Application, Version=1.0.0.0, Culture=neutral, PublicKeyToken=null]]'.
2026-08-07 20:43:34.668 -06:00 [INF] Executed action Pos.Api.Controllers.v1.DocumentsController.GetTemplates (Pos.Api) in 22.8976ms
2026-08-07 20:43:34.670 -06:00 [INF] Executed endpoint 'Pos.Api.Controllers.v1.DocumentsController.GetTemplates (Pos.Api)'
2026-08-07 20:43:34.668 -06:00 [INF] Executed DbCommand (26ms) [Parameters=[@__p_0='?' (DbType = Int32)], CommandType='"Text"', CommandTimeout='30']
SELECT [s0].[Id], [s0].[ClienteId], [s0].[EstaActivo], [s0].[Estado], [s0].[FechaActualizacionUtc], [s0].[FechaCreacionUtc], [s0].[MontoAnticipo], [s0].[MontoDescuento], [s0].[MontoEfectivo], [s0].[MontoIva], [s0].[MontoTarjeta], [s0].[MontoTotal], [s0].[MontoTransferencia], [s0].[Notas], [s0].[NumeroFolio], [s0].[SaldoPendiente], [s0].[SubTotal], [s0].[TipoPago], [s0].[UsuarioId], [c].[Id], [c].[Apellido], [c].[Ciudad], [c].[CodigoPostal], [c].[Direccion], [c].[Email], [c].[EstaActivo], [c].[Estado], [c].[FechaActualizacionUtc], [c].[FechaCreacionUtc], [c].[Nombre], [c].[NombreEmpresa], [c].[Notas], [c].[PorcentajeDescuentoEspecial], [c].[Rfc], [c].[Telefono], [c].[TipoCliente], [u].[Id], [u].[Email], [u].[EmpleadoId], [u].[EstaActivo], [u].[FechaActualizacionUtc], [u].[FechaCreacionUtc], [u].[NombreUsuario], [u].[PasswordHash], [s2].[Id], [s2].[Cantidad], [s2].[EstaActivo], [s2].[FechaActualizacionUtc], [s2].[FechaCreacionUtc], [s2].[MontoDescuento], [s2].[PrecioTotal], [s2].[PrecioUnitario], [s2].[ProductoId], [s2].[VentaId], [s2].[Id0], [s2].[AltoCm], [s2].[AnchoCm], [s2].[AnchoMm], [s2].[Barcode], [s2].[CantidadInventarioInicial], [s2].[CantidadMinimaMayoreo], [s2].[CategoriaId], [s2].[CoberturaM2Caja], [s2].[CoberturaPorUnidadM2], [s2].[Descripcion], [s2].[EspesorMm], [s2].[EstaActivo0], [s2].[FechaActualizacionUtc0], [s2].[FechaCreacionUtc0], [s2].[ImagenUrl], [s2].[LargoCm], [s2].[LargoMm], [s2].[Material], [s2].[Nombre], [s2].[PiezasPorCaja], [s2].[PrecioMayoreo], [s2].[PrecioUnitario0], [s2].[Sku], [s2].[SoloCotizacion], [s2].[UnidadMedida], [s2].[VisibleMasVendido]
FROM (
    SELECT TOP(@__p_0) [s].[Id], [s].[ClienteId], [s].[EstaActivo], [s].[Estado], [s].[FechaActualizacionUtc], [s].[FechaCreacionUtc], [s].[MontoAnticipo], [s].[MontoDescuento], [s].[MontoEfectivo], [s].[MontoIva], [s].[MontoTarjeta], [s].[MontoTotal], [s].[MontoTransferencia], [s].[Notas], [s].[NumeroFolio], [s].[SaldoPendiente], [s].[SubTotal], [s].[TipoPago], [s].[UsuarioId]
    FROM [Sales] AS [s]
    WHERE [s].[EstaActivo] = CAST(1 AS bit)
    ORDER BY [s].[FechaCreacionUtc] DESC
) AS [s0]
LEFT JOIN [Customers] AS [c] ON [s0].[ClienteId] = [c].[Id]
LEFT JOIN [Users] AS [u] ON [s0].[UsuarioId] = [u].[Id]
LEFT JOIN (
    SELECT [s1].[Id], [s1].[Cantidad], [s1].[EstaActivo], [s1].[FechaActualizacionUtc], [s1].[FechaCreacionUtc], [s1].[MontoDescuento], [s1].[PrecioTotal], [s1].[PrecioUnitario], [s1].[ProductoId], [s1].[VentaId], [p].[Id] AS [Id0], [p].[AltoCm], [p].[AnchoCm], [p].[AnchoMm], [p].[Barcode], [p].[CantidadInventarioInicial], [p].[CantidadMinimaMayoreo], [p].[CategoriaId], [p].[CoberturaM2Caja], [p].[CoberturaPorUnidadM2], [p].[Descripcion], [p].[EspesorMm], [p].[EstaActivo] AS [EstaActivo0], [p].[FechaActualizacionUtc] AS [FechaActualizacionUtc0], [p].[FechaCreacionUtc] AS [FechaCreacionUtc0], [p].[ImagenUrl], [p].[LargoCm], [p].[LargoMm], [p].[Material], [p].[Nombre], [p].[PiezasPorCaja], [p].[PrecioMayoreo], [p].[PrecioUnitario] AS [PrecioUnitario0], [p].[Sku], [p].[SoloCotizacion], [p].[UnidadMedida], [p].[VisibleMasVendido]
    FROM [SaleItems] AS [s1]
    INNER JOIN [Products] AS [p] ON [s1].[ProductoId] = [p].[Id]
) AS [s2] ON [s0].[Id] = [s2].[VentaId]
ORDER BY [s0].[FechaCreacionUtc] DESC, [s0].[Id], [c].[Id], [u].[Id], [s2].[Id]
2026-08-07 20:43:34.675 -06:00 [INF] Request starting HTTP/1.1 GET http://localhost:5000/api/v1/documents/templates - application/json null
2026-08-07 20:43:34.726 -06:00 [INF] Executing endpoint 'Pos.Api.Controllers.v1.DocumentsController.GetTemplates (Pos.Api)'
2026-08-07 20:43:34.726 -06:00 [INF] Executed DbCommand (51ms) [Parameters=[@p0='?' (DbType = Guid), @p1='?' (Size = 100), @p2='?' (Size = 4000), @p3='?' (Size = 4000), @p4='?' (DbType = Boolean), @p5='?' (DbType = DateTime2), @p6='?' (DbType = DateTime2), @p7='?' (Size = 100), @p8='?' (Size = 4000), @p9='?' (Size = 4000), @p10='?' (DbType = Guid), @p11='?' (Size = 4000), @p12='?' (Size = 4000)], CommandType='"Text"', CommandTimeout='30']
SET IMPLICIT_TRANSACTIONS OFF;
SET NOCOUNT ON;
INSERT INTO [AuditLogs] ([Id], [Accion], [DireccionIp], [EntidadId], [EstaActivo], [FechaActualizacionUtc], [FechaCreacionUtc], [IdCorrelacion], [Motivo], [NombreEntidad], [UsuarioId], [ValoresAnterioresJson], [ValoresNuevosJson])
VALUES (@p0, @p1, @p2, @p3, @p4, @p5, @p6, @p7, @p8, @p9, @p10, @p11, @p12);
2026-08-07 20:43:34.726 -06:00 [INF] Executed DbCommand (50ms) [Parameters=[@__p_0='?' (DbType = Int32)], CommandType='"Text"', CommandTimeout='30']
SELECT [r0].[Id], [r0].[EstaActivo], [r0].[Estado], [r0].[FechaActualizacionUtc], [r0].[FechaCreacionUtc], [r0].[FormaReembolso], [r0].[MontoAplicadoSaldoPendiente], [r0].[MontoReembolsado], [r0].[MontoTotalDevuelto], [r0].[Motivo], [r0].[NumeroDevolucion], [r0].[UsuarioId], [r0].[VentaId], [s].[Id], [s].[ClienteId], [s].[EstaActivo], [s].[Estado], [s].[FechaActualizacionUtc], [s].[FechaCreacionUtc], [s].[MontoAnticipo], [s].[MontoDescuento], [s].[MontoEfectivo], [s].[MontoIva], [s].[MontoTarjeta], [s].[MontoTotal], [s].[MontoTransferencia], [s].[Notas], [s].[NumeroFolio], [s].[SaldoPendiente], [s].[SubTotal], [s].[TipoPago], [s].[UsuarioId], [s0].[Id], [s0].[Cantidad], [s0].[DevolucionCabeceraId], [s0].[EstaActivo], [s0].[FechaActualizacionUtc], [s0].[FechaCreacionUtc], [s0].[PrecioTotalDevolucion], [s0].[PrecioUnitarioDevolucion], [s0].[ProductoId], [s0].[Id0], [s0].[AltoCm], [s0].[AnchoCm], [s0].[AnchoMm], [s0].[Barcode], [s0].[CantidadInventarioInicial], [s0].[CantidadMinimaMayoreo], [s0].[CategoriaId], [s0].[CoberturaM2Caja], [s0].[CoberturaPorUnidadM2], [s0].[Descripcion], [s0].[EspesorMm], [s0].[EstaActivo0], [s0].[FechaActualizacionUtc0], [s0].[FechaCreacionUtc0], [s0].[ImagenUrl], [s0].[LargoCm], [s0].[LargoMm], [s0].[Material], [s0].[Nombre], [s0].[PiezasPorCaja], [s0].[PrecioMayoreo], [s0].[PrecioUnitario], [s0].[Sku], [s0].[SoloCotizacion], [s0].[UnidadMedida], [s0].[VisibleMasVendido]
FROM (
    SELECT TOP(@__p_0) [r].[Id], [r].[EstaActivo], [r].[Estado], [r].[FechaActualizacionUtc], [r].[FechaCreacionUtc], [r].[FormaReembolso], [r].[MontoAplicadoSaldoPendiente], [r].[MontoReembolsado], [r].[MontoTotalDevuelto], [r].[Motivo], [r].[NumeroDevolucion], [r].[UsuarioId], [r].[VentaId]
    FROM [ReturnHeaders] AS [r]
    WHERE [r].[EstaActivo] = CAST(1 AS bit)
    ORDER BY [r].[FechaCreacionUtc] DESC
) AS [r0]
INNER JOIN [Sales] AS [s] ON [r0].[VentaId] = [s].[Id]
LEFT JOIN (
    SELECT [r1].[Id], [r1].[Cantidad], [r1].[DevolucionCabeceraId], [r1].[EstaActivo], [r1].[FechaActualizacionUtc], [r1].[FechaCreacionUtc], [r1].[PrecioTotalDevolucion], [r1].[PrecioUnitarioDevolucion], [r1].[ProductoId], [p].[Id] AS [Id0], [p].[AltoCm], [p].[AnchoCm], [p].[AnchoMm], [p].[Barcode], [p].[CantidadInventarioInicial], [p].[CantidadMinimaMayoreo], [p].[CategoriaId], [p].[CoberturaM2Caja], [p].[CoberturaPorUnidadM2], [p].[Descripcion], [p].[EspesorMm], [p].[EstaActivo] AS [EstaActivo0], [p].[FechaActualizacionUtc] AS [FechaActualizacionUtc0], [p].[FechaCreacionUtc] AS [FechaCreacionUtc0], [p].[ImagenUrl], [p].[LargoCm], [p].[LargoMm], [p].[Material], [p].[Nombre], [p].[PiezasPorCaja], [p].[PrecioMayoreo], [p].[PrecioUnitario], [p].[Sku], [p].[SoloCotizacion], [p].[UnidadMedida], [p].[VisibleMasVendido]
    FROM [ReturnItems] AS [r1]
    INNER JOIN [Products] AS [p] ON [r1].[ProductoId] = [p].[Id]
) AS [s0] ON [r0].[Id] = [s0].[DevolucionCabeceraId]
ORDER BY [r0].[FechaCreacionUtc] DESC, [r0].[Id], [s].[Id], [s0].[Id]
2026-08-07 20:43:34.728 -06:00 [INF] Route matched with {action = "GetTemplates", controller = "Documents"}. Executing controller action with signature System.Threading.Tasks.Task`1[Microsoft.AspNetCore.Mvc.ActionResult`1[System.Collections.Generic.List`1[Pos.Application.Commercial.DTOs.DocumentTemplateDto]]] GetTemplates(System.Threading.CancellationToken) on controller Pos.Api.Controllers.v1.DocumentsController (Pos.Api).
2026-08-07 20:43:34.730 -06:00 [INF] [AUDITORIA WPC BAJIO] CorrelationId: 7a9d0ead-9cd2-42c0-b75d-bd168969d574 | Action: GET /api/v1/documents/templates | Entity: HttpRequest (200) | User: ebc8b858-2837-4bd5-93e1-8b4c1d0bd81b | IP: ::1 | Reason: HTTP Response StatusCode: 200 | OldValues: N/A | NewValues: N/A
2026-08-07 20:43:34.747 -06:00 [INF] Request finished HTTP/1.1 GET http://localhost:5000/api/v1/documents/templates - 200 null application/json; charset=utf-8 122.362ms
2026-08-07 20:43:34.734 -06:00 [INF] Executing OkObjectResult, writing value of type 'System.Collections.Generic.List`1[[Pos.Application.Commercial.DTOs.ReturnHeaderDto, Pos.Application, Version=1.0.0.0, Culture=neutral, PublicKeyToken=null]]'.
2026-08-07 20:43:34.747 -06:00 [INF] Executed DbCommand (11ms) [Parameters=[], CommandType='"Text"', CommandTimeout='30']
SELECT [d].[Id], [d].[Categoria], [d].[ContenidoHtmlPlantilla], [d].[EstaActivo], [d].[FechaActualizacionUtc], [d].[FechaCreacionUtc], [d].[Titulo]
FROM [DocumentTemplates] AS [d]
WHERE [d].[EstaActivo] = CAST(1 AS bit)
ORDER BY [d].[Categoria], [d].[Titulo]
2026-08-07 20:43:34.754 -06:00 [INF] Executed action Pos.Api.Controllers.v1.ReturnsController.GetReturns (Pos.Api) in 112.0224ms
2026-08-07 20:43:34.755 -06:00 [INF] Executing OkObjectResult, writing value of type 'System.Collections.Generic.List`1[[Pos.Application.Commercial.DTOs.DocumentTemplateDto, Pos.Application, Version=1.0.0.0, Culture=neutral, PublicKeyToken=null]]'.
2026-08-07 20:43:34.755 -06:00 [INF] Executing OkObjectResult, writing value of type 'System.Collections.Generic.List`1[[Pos.Application.Sales.DTOs.SaleDto, Pos.Application, Version=1.0.0.0, Culture=neutral, PublicKeyToken=null]]'.
2026-08-07 20:43:34.756 -06:00 [INF] Executed endpoint 'Pos.Api.Controllers.v1.ReturnsController.GetReturns (Pos.Api)'
2026-08-07 20:43:34.758 -06:00 [INF] Executed action Pos.Api.Controllers.v1.DocumentsController.GetTemplates (Pos.Api) in 23.2729ms
2026-08-07 20:43:34.758 -06:00 [INF] Request starting HTTP/1.1 GET http://localhost:5000/api/v1/returns - application/json null
2026-08-07 20:43:34.759 -06:00 [INF] Executed action Pos.Api.Controllers.v1.PaymentsController.GetPendingSales (Pos.Api) in 125.3677ms
2026-08-07 20:43:34.762 -06:00 [INF] Executed endpoint 'Pos.Api.Controllers.v1.DocumentsController.GetTemplates (Pos.Api)'
2026-08-07 20:43:34.764 -06:00 [INF] Request starting HTTP/1.1 GET http://localhost:5000/api/v1/payments/pending-sales - application/json null
2026-08-07 20:43:34.765 -06:00 [INF] Executing endpoint 'Pos.Api.Controllers.v1.ReturnsController.GetReturns (Pos.Api)'
2026-08-07 20:43:34.765 -06:00 [INF] Executed DbCommand (3ms) [Parameters=[@p0='?' (DbType = Guid), @p1='?' (Size = 100), @p2='?' (Size = 4000), @p3='?' (Size = 4000), @p4='?' (DbType = Boolean), @p5='?' (DbType = DateTime2), @p6='?' (DbType = DateTime2), @p7='?' (Size = 100), @p8='?' (Size = 4000), @p9='?' (Size = 4000), @p10='?' (DbType = Guid), @p11='?' (Size = 4000), @p12='?' (Size = 4000)], CommandType='"Text"', CommandTimeout='30']
SET IMPLICIT_TRANSACTIONS OFF;
SET NOCOUNT ON;
INSERT INTO [AuditLogs] ([Id], [Accion], [DireccionIp], [EntidadId], [EstaActivo], [FechaActualizacionUtc], [FechaCreacionUtc], [IdCorrelacion], [Motivo], [NombreEntidad], [UsuarioId], [ValoresAnterioresJson], [ValoresNuevosJson])
VALUES (@p0, @p1, @p2, @p3, @p4, @p5, @p6, @p7, @p8, @p9, @p10, @p11, @p12);
2026-08-07 20:43:34.765 -06:00 [INF] Executed endpoint 'Pos.Api.Controllers.v1.PaymentsController.GetPendingSales (Pos.Api)'
2026-08-07 20:43:34.811 -06:00 [INF] Route matched with {action = "GetReturns", controller = "Returns"}. Executing controller action with signature System.Threading.Tasks.Task`1[Microsoft.AspNetCore.Mvc.ActionResult`1[System.Collections.Generic.List`1[Pos.Application.Commercial.DTOs.ReturnHeaderDto]]] GetReturns(System.Nullable`1[System.Guid], System.Threading.CancellationToken) on controller Pos.Api.Controllers.v1.ReturnsController (Pos.Api).
2026-08-07 20:43:34.811 -06:00 [INF] Executing endpoint 'Pos.Api.Controllers.v1.PaymentsController.GetPendingSales (Pos.Api)'
2026-08-07 20:43:34.822 -06:00 [INF] Route matched with {action = "GetPendingSales", controller = "Payments"}. Executing controller action with signature System.Threading.Tasks.Task`1[Microsoft.AspNetCore.Mvc.ActionResult`1[System.Collections.Generic.List`1[Pos.Application.Sales.DTOs.SaleDto]]] GetPendingSales(System.Threading.CancellationToken) on controller Pos.Api.Controllers.v1.PaymentsController (Pos.Api).
2026-08-07 20:43:34.814 -06:00 [INF] Executed DbCommand (6ms) [Parameters=[@p0='?' (DbType = Guid), @p1='?' (Size = 100), @p2='?' (Size = 4000), @p3='?' (Size = 4000), @p4='?' (DbType = Boolean), @p5='?' (DbType = DateTime2), @p6='?' (DbType = DateTime2), @p7='?' (Size = 100), @p8='?' (Size = 4000), @p9='?' (Size = 4000), @p10='?' (DbType = Guid), @p11='?' (Size = 4000), @p12='?' (Size = 4000)], CommandType='"Text"', CommandTimeout='30']
SET IMPLICIT_TRANSACTIONS OFF;
SET NOCOUNT ON;
INSERT INTO [AuditLogs] ([Id], [Accion], [DireccionIp], [EntidadId], [EstaActivo], [FechaActualizacionUtc], [FechaCreacionUtc], [IdCorrelacion], [Motivo], [NombreEntidad], [UsuarioId], [ValoresAnterioresJson], [ValoresNuevosJson])
VALUES (@p0, @p1, @p2, @p3, @p4, @p5, @p6, @p7, @p8, @p9, @p10, @p11, @p12);
2026-08-07 20:43:34.815 -06:00 [INF] [AUDITORIA WPC BAJIO] CorrelationId: 4247c264-276c-4b1c-a286-2ed9820680b9 | Action: GET /api/v1/returns | Entity: HttpRequest (200) | User: ebc8b858-2837-4bd5-93e1-8b4c1d0bd81b | IP: ::1 | Reason: HTTP Response StatusCode: 200 | OldValues: N/A | NewValues: N/A
2026-08-07 20:43:34.813 -06:00 [INF] Executing OkObjectResult, writing value of type 'System.Collections.Generic.List`1[[Pos.Application.Sales.DTOs.SaleDto, Pos.Application, Version=1.0.0.0, Culture=neutral, PublicKeyToken=null]]'.
2026-08-07 20:43:34.825 -06:00 [INF] Executed DbCommand (7ms) [Parameters=[@p0='?' (DbType = Guid), @p1='?' (Size = 100), @p2='?' (Size = 4000), @p3='?' (Size = 4000), @p4='?' (DbType = Boolean), @p5='?' (DbType = DateTime2), @p6='?' (DbType = DateTime2), @p7='?' (Size = 100), @p8='?' (Size = 4000), @p9='?' (Size = 4000), @p10='?' (DbType = Guid), @p11='?' (Size = 4000), @p12='?' (Size = 4000)], CommandType='"Text"', CommandTimeout='30']
SET IMPLICIT_TRANSACTIONS OFF;
SET NOCOUNT ON;
INSERT INTO [AuditLogs] ([Id], [Accion], [DireccionIp], [EntidadId], [EstaActivo], [FechaActualizacionUtc], [FechaCreacionUtc], [IdCorrelacion], [Motivo], [NombreEntidad], [UsuarioId], [ValoresAnterioresJson], [ValoresNuevosJson])
VALUES (@p0, @p1, @p2, @p3, @p4, @p5, @p6, @p7, @p8, @p9, @p10, @p11, @p12);
2026-08-07 20:43:34.828 -06:00 [INF] [AUDITORIA WPC BAJIO] CorrelationId: 1981c8be-4b31-4194-bed5-b6157dcdf58c | Action: GET /api/v1/documents/templates | Entity: HttpRequest (200) | User: ebc8b858-2837-4bd5-93e1-8b4c1d0bd81b | IP: ::1 | Reason: HTTP Response StatusCode: 200 | OldValues: N/A | NewValues: N/A
2026-08-07 20:43:34.832 -06:00 [INF] Request finished HTTP/1.1 GET http://localhost:5000/api/v1/returns - 200 null application/json; charset=utf-8 208.1465ms
2026-08-07 20:43:34.835 -06:00 [INF] Executed action Pos.Api.Controllers.v1.ReturnsController.GetEligibleSales (Pos.Api) in 194.8701ms
2026-08-07 20:43:34.839 -06:00 [INF] [AUDITORIA WPC BAJIO] CorrelationId: 6c9f0a76-5221-4f89-b3ea-2b60f14193b8 | Action: GET /api/v1/payments/pending-sales | Entity: HttpRequest (200) | User: ebc8b858-2837-4bd5-93e1-8b4c1d0bd81b | IP: ::1 | Reason: HTTP Response StatusCode: 200 | OldValues: N/A | NewValues: N/A
2026-08-07 20:43:34.841 -06:00 [INF] Request starting HTTP/1.1 GET http://localhost:5000/api/v1/returns/eligible-sales - application/json null
2026-08-07 20:43:34.841 -06:00 [INF] Executed DbCommand (21ms) [Parameters=[@__p_0='?' (DbType = Int32)], CommandType='"Text"', CommandTimeout='30']
SELECT [r0].[Id], [r0].[EstaActivo], [r0].[Estado], [r0].[FechaActualizacionUtc], [r0].[FechaCreacionUtc], [r0].[FormaReembolso], [r0].[MontoAplicadoSaldoPendiente], [r0].[MontoReembolsado], [r0].[MontoTotalDevuelto], [r0].[Motivo], [r0].[NumeroDevolucion], [r0].[UsuarioId], [r0].[VentaId], [s].[Id], [s].[ClienteId], [s].[EstaActivo], [s].[Estado], [s].[FechaActualizacionUtc], [s].[FechaCreacionUtc], [s].[MontoAnticipo], [s].[MontoDescuento], [s].[MontoEfectivo], [s].[MontoIva], [s].[MontoTarjeta], [s].[MontoTotal], [s].[MontoTransferencia], [s].[Notas], [s].[NumeroFolio], [s].[SaldoPendiente], [s].[SubTotal], [s].[TipoPago], [s].[UsuarioId], [s0].[Id], [s0].[Cantidad], [s0].[DevolucionCabeceraId], [s0].[EstaActivo], [s0].[FechaActualizacionUtc], [s0].[FechaCreacionUtc], [s0].[PrecioTotalDevolucion], [s0].[PrecioUnitarioDevolucion], [s0].[ProductoId], [s0].[Id0], [s0].[AltoCm], [s0].[AnchoCm], [s0].[AnchoMm], [s0].[Barcode], [s0].[CantidadInventarioInicial], [s0].[CantidadMinimaMayoreo], [s0].[CategoriaId], [s0].[CoberturaM2Caja], [s0].[CoberturaPorUnidadM2], [s0].[Descripcion], [s0].[EspesorMm], [s0].[EstaActivo0], [s0].[FechaActualizacionUtc0], [s0].[FechaCreacionUtc0], [s0].[ImagenUrl], [s0].[LargoCm], [s0].[LargoMm], [s0].[Material], [s0].[Nombre], [s0].[PiezasPorCaja], [s0].[PrecioMayoreo], [s0].[PrecioUnitario], [s0].[Sku], [s0].[SoloCotizacion], [s0].[UnidadMedida], [s0].[VisibleMasVendido]
FROM (
    SELECT TOP(@__p_0) [r].[Id], [r].[EstaActivo], [r].[Estado], [r].[FechaActualizacionUtc], [r].[FechaCreacionUtc], [r].[FormaReembolso], [r].[MontoAplicadoSaldoPendiente], [r].[MontoReembolsado], [r].[MontoTotalDevuelto], [r].[Motivo], [r].[NumeroDevolucion], [r].[UsuarioId], [r].[VentaId]
    FROM [ReturnHeaders] AS [r]
    WHERE [r].[EstaActivo] = CAST(1 AS bit)
    ORDER BY [r].[FechaCreacionUtc] DESC
) AS [r0]
INNER JOIN [Sales] AS [s] ON [r0].[VentaId] = [s].[Id]
LEFT JOIN (
    SELECT [r1].[Id], [r1].[Cantidad], [r1].[DevolucionCabeceraId], [r1].[EstaActivo], [r1].[FechaActualizacionUtc], [r1].[FechaCreacionUtc], [r1].[PrecioTotalDevolucion], [r1].[PrecioUnitarioDevolucion], [r1].[ProductoId], [p].[Id] AS [Id0], [p].[AltoCm], [p].[AnchoCm], [p].[AnchoMm], [p].[Barcode], [p].[CantidadInventarioInicial], [p].[CantidadMinimaMayoreo], [p].[CategoriaId], [p].[CoberturaM2Caja], [p].[CoberturaPorUnidadM2], [p].[Descripcion], [p].[EspesorMm], [p].[EstaActivo] AS [EstaActivo0], [p].[FechaActualizacionUtc] AS [FechaActualizacionUtc0], [p].[FechaCreacionUtc] AS [FechaCreacionUtc0], [p].[ImagenUrl], [p].[LargoCm], [p].[LargoMm], [p].[Material], [p].[Nombre], [p].[PiezasPorCaja], [p].[PrecioMayoreo], [p].[PrecioUnitario], [p].[Sku], [p].[SoloCotizacion], [p].[UnidadMedida], [p].[VisibleMasVendido]
    FROM [ReturnItems] AS [r1]
    INNER JOIN [Products] AS [p] ON [r1].[ProductoId] = [p].[Id]
) AS [s0] ON [r0].[Id] = [s0].[DevolucionCabeceraId]
ORDER BY [r0].[FechaCreacionUtc] DESC, [r0].[Id], [s].[Id], [s0].[Id]
2026-08-07 20:43:34.843 -06:00 [INF] Request finished HTTP/1.1 GET http://localhost:5000/api/v1/documents/templates - 200 null application/json; charset=utf-8 167.2971ms
2026-08-07 20:43:34.847 -06:00 [INF] Executed endpoint 'Pos.Api.Controllers.v1.ReturnsController.GetEligibleSales (Pos.Api)'
2026-08-07 20:43:34.851 -06:00 [INF] Request finished HTTP/1.1 GET http://localhost:5000/api/v1/payments/pending-sales - 200 null application/json; charset=utf-8 230.9449ms
2026-08-07 20:43:34.855 -06:00 [INF] Executing endpoint 'Pos.Api.Controllers.v1.ReturnsController.GetEligibleSales (Pos.Api)'
2026-08-07 20:43:34.855 -06:00 [INF] Executed DbCommand (29ms) [Parameters=[@__p_0='?' (DbType = Int32)], CommandType='"Text"', CommandTimeout='30']
SELECT [s0].[Id], [s0].[ClienteId], [s0].[EstaActivo], [s0].[Estado], [s0].[FechaActualizacionUtc], [s0].[FechaCreacionUtc], [s0].[MontoAnticipo], [s0].[MontoDescuento], [s0].[MontoEfectivo], [s0].[MontoIva], [s0].[MontoTarjeta], [s0].[MontoTotal], [s0].[MontoTransferencia], [s0].[Notas], [s0].[NumeroFolio], [s0].[SaldoPendiente], [s0].[SubTotal], [s0].[TipoPago], [s0].[UsuarioId], [c].[Id], [c].[Apellido], [c].[Ciudad], [c].[CodigoPostal], [c].[Direccion], [c].[Email], [c].[EstaActivo], [c].[Estado], [c].[FechaActualizacionUtc], [c].[FechaCreacionUtc], [c].[Nombre], [c].[NombreEmpresa], [c].[Notas], [c].[PorcentajeDescuentoEspecial], [c].[Rfc], [c].[Telefono], [c].[TipoCliente], [u].[Id], [u].[Email], [u].[EmpleadoId], [u].[EstaActivo], [u].[FechaActualizacionUtc], [u].[FechaCreacionUtc], [u].[NombreUsuario], [u].[PasswordHash], [s2].[Id], [s2].[Cantidad], [s2].[EstaActivo], [s2].[FechaActualizacionUtc], [s2].[FechaCreacionUtc], [s2].[MontoDescuento], [s2].[PrecioTotal], [s2].[PrecioUnitario], [s2].[ProductoId], [s2].[VentaId], [s2].[Id0], [s2].[AltoCm], [s2].[AnchoCm], [s2].[AnchoMm], [s2].[Barcode], [s2].[CantidadInventarioInicial], [s2].[CantidadMinimaMayoreo], [s2].[CategoriaId], [s2].[CoberturaM2Caja], [s2].[CoberturaPorUnidadM2], [s2].[Descripcion], [s2].[EspesorMm], [s2].[EstaActivo0], [s2].[FechaActualizacionUtc0], [s2].[FechaCreacionUtc0], [s2].[ImagenUrl], [s2].[LargoCm], [s2].[LargoMm], [s2].[Material], [s2].[Nombre], [s2].[PiezasPorCaja], [s2].[PrecioMayoreo], [s2].[PrecioUnitario0], [s2].[Sku], [s2].[SoloCotizacion], [s2].[UnidadMedida], [s2].[VisibleMasVendido]
FROM (
    SELECT TOP(@__p_0) [s].[Id], [s].[ClienteId], [s].[EstaActivo], [s].[Estado], [s].[FechaActualizacionUtc], [s].[FechaCreacionUtc], [s].[MontoAnticipo], [s].[MontoDescuento], [s].[MontoEfectivo], [s].[MontoIva], [s].[MontoTarjeta], [s].[MontoTotal], [s].[MontoTransferencia], [s].[Notas], [s].[NumeroFolio], [s].[SaldoPendiente], [s].[SubTotal], [s].[TipoPago], [s].[UsuarioId]
    FROM [Sales] AS [s]
    WHERE [s].[EstaActivo] = CAST(1 AS bit)
    ORDER BY [s].[FechaCreacionUtc] DESC
) AS [s0]
LEFT JOIN [Customers] AS [c] ON [s0].[ClienteId] = [c].[Id]
LEFT JOIN [Users] AS [u] ON [s0].[UsuarioId] = [u].[Id]
LEFT JOIN (
    SELECT [s1].[Id], [s1].[Cantidad], [s1].[EstaActivo], [s1].[FechaActualizacionUtc], [s1].[FechaCreacionUtc], [s1].[MontoDescuento], [s1].[PrecioTotal], [s1].[PrecioUnitario], [s1].[ProductoId], [s1].[VentaId], [p].[Id] AS [Id0], [p].[AltoCm], [p].[AnchoCm], [p].[AnchoMm], [p].[Barcode], [p].[CantidadInventarioInicial], [p].[CantidadMinimaMayoreo], [p].[CategoriaId], [p].[CoberturaM2Caja], [p].[CoberturaPorUnidadM2], [p].[Descripcion], [p].[EspesorMm], [p].[EstaActivo] AS [EstaActivo0], [p].[FechaActualizacionUtc] AS [FechaActualizacionUtc0], [p].[FechaCreacionUtc] AS [FechaCreacionUtc0], [p].[ImagenUrl], [p].[LargoCm], [p].[LargoMm], [p].[Material], [p].[Nombre], [p].[PiezasPorCaja], [p].[PrecioMayoreo], [p].[PrecioUnitario] AS [PrecioUnitario0], [p].[Sku], [p].[SoloCotizacion], [p].[UnidadMedida], [p].[VisibleMasVendido]
    FROM [SaleItems] AS [s1]
    INNER JOIN [Products] AS [p] ON [s1].[ProductoId] = [p].[Id]
) AS [s2] ON [s0].[Id] = [s2].[VentaId]
ORDER BY [s0].[FechaCreacionUtc] DESC, [s0].[Id], [c].[Id], [u].[Id], [s2].[Id]
2026-08-07 20:43:34.859 -06:00 [INF] Executing OkObjectResult, writing value of type 'System.Collections.Generic.List`1[[Pos.Application.Commercial.DTOs.ReturnHeaderDto, Pos.Application, Version=1.0.0.0, Culture=neutral, PublicKeyToken=null]]'.
2026-08-07 20:43:34.868 -06:00 [INF] Route matched with {action = "GetEligibleSales", controller = "Returns"}. Executing controller action with signature System.Threading.Tasks.Task`1[Microsoft.AspNetCore.Mvc.ActionResult`1[System.Collections.Generic.List`1[Pos.Application.Sales.DTOs.SaleDto]]] GetEligibleSales(System.Threading.CancellationToken) on controller Pos.Api.Controllers.v1.ReturnsController (Pos.Api).
2026-08-07 20:43:34.868 -06:00 [INF] Executed DbCommand (4ms) [Parameters=[@p0='?' (DbType = Guid), @p1='?' (Size = 100), @p2='?' (Size = 4000), @p3='?' (Size = 4000), @p4='?' (DbType = Boolean), @p5='?' (DbType = DateTime2), @p6='?' (DbType = DateTime2), @p7='?' (Size = 100), @p8='?' (Size = 4000), @p9='?' (Size = 4000), @p10='?' (DbType = Guid), @p11='?' (Size = 4000), @p12='?' (Size = 4000)], CommandType='"Text"', CommandTimeout='30']
SET IMPLICIT_TRANSACTIONS OFF;
SET NOCOUNT ON;
INSERT INTO [AuditLogs] ([Id], [Accion], [DireccionIp], [EntidadId], [EstaActivo], [FechaActualizacionUtc], [FechaCreacionUtc], [IdCorrelacion], [Motivo], [NombreEntidad], [UsuarioId], [ValoresAnterioresJson], [ValoresNuevosJson])
VALUES (@p0, @p1, @p2, @p3, @p4, @p5, @p6, @p7, @p8, @p9, @p10, @p11, @p12);
2026-08-07 20:43:34.875 -06:00 [INF] Executed action Pos.Api.Controllers.v1.ReturnsController.GetReturns (Pos.Api) in 56.0784ms
2026-08-07 20:43:34.881 -06:00 [INF] [AUDITORIA WPC BAJIO] CorrelationId: 0ba9d1de-3c85-41ee-935d-8ff95f24279e | Action: GET /api/v1/returns/eligible-sales | Entity: HttpRequest (200) | User: ebc8b858-2837-4bd5-93e1-8b4c1d0bd81b | IP: ::1 | Reason: HTTP Response StatusCode: 200 | OldValues: N/A | NewValues: N/A
2026-08-07 20:43:34.882 -06:00 [INF] Executed DbCommand (3ms) [Parameters=[@__p_0='?' (DbType = Int32)], CommandType='"Text"', CommandTimeout='30']
SELECT [s0].[Id], [s0].[ClienteId], [s0].[EstaActivo], [s0].[Estado], [s0].[FechaActualizacionUtc], [s0].[FechaCreacionUtc], [s0].[MontoAnticipo], [s0].[MontoDescuento], [s0].[MontoEfectivo], [s0].[MontoIva], [s0].[MontoTarjeta], [s0].[MontoTotal], [s0].[MontoTransferencia], [s0].[Notas], [s0].[NumeroFolio], [s0].[SaldoPendiente], [s0].[SubTotal], [s0].[TipoPago], [s0].[UsuarioId], [c].[Id], [c].[Apellido], [c].[Ciudad], [c].[CodigoPostal], [c].[Direccion], [c].[Email], [c].[EstaActivo], [c].[Estado], [c].[FechaActualizacionUtc], [c].[FechaCreacionUtc], [c].[Nombre], [c].[NombreEmpresa], [c].[Notas], [c].[PorcentajeDescuentoEspecial], [c].[Rfc], [c].[Telefono], [c].[TipoCliente], [u].[Id], [u].[Email], [u].[EmpleadoId], [u].[EstaActivo], [u].[FechaActualizacionUtc], [u].[FechaCreacionUtc], [u].[NombreUsuario], [u].[PasswordHash], [s2].[Id], [s2].[Cantidad], [s2].[EstaActivo], [s2].[FechaActualizacionUtc], [s2].[FechaCreacionUtc], [s2].[MontoDescuento], [s2].[PrecioTotal], [s2].[PrecioUnitario], [s2].[ProductoId], [s2].[VentaId], [s2].[Id0], [s2].[AltoCm], [s2].[AnchoCm], [s2].[AnchoMm], [s2].[Barcode], [s2].[CantidadInventarioInicial], [s2].[CantidadMinimaMayoreo], [s2].[CategoriaId], [s2].[CoberturaM2Caja], [s2].[CoberturaPorUnidadM2], [s2].[Descripcion], [s2].[EspesorMm], [s2].[EstaActivo0], [s2].[FechaActualizacionUtc0], [s2].[FechaCreacionUtc0], [s2].[ImagenUrl], [s2].[LargoCm], [s2].[LargoMm], [s2].[Material], [s2].[Nombre], [s2].[PiezasPorCaja], [s2].[PrecioMayoreo], [s2].[PrecioUnitario0], [s2].[Sku], [s2].[SoloCotizacion], [s2].[UnidadMedida], [s2].[VisibleMasVendido]
FROM (
    SELECT TOP(@__p_0) [s].[Id], [s].[ClienteId], [s].[EstaActivo], [s].[Estado], [s].[FechaActualizacionUtc], [s].[FechaCreacionUtc], [s].[MontoAnticipo], [s].[MontoDescuento], [s].[MontoEfectivo], [s].[MontoIva], [s].[MontoTarjeta], [s].[MontoTotal], [s].[MontoTransferencia], [s].[Notas], [s].[NumeroFolio], [s].[SaldoPendiente], [s].[SubTotal], [s].[TipoPago], [s].[UsuarioId]
    FROM [Sales] AS [s]
    WHERE [s].[EstaActivo] = CAST(1 AS bit)
    ORDER BY [s].[FechaCreacionUtc] DESC
) AS [s0]
LEFT JOIN [Customers] AS [c] ON [s0].[ClienteId] = [c].[Id]
LEFT JOIN [Users] AS [u] ON [s0].[UsuarioId] = [u].[Id]
LEFT JOIN (
    SELECT [s1].[Id], [s1].[Cantidad], [s1].[EstaActivo], [s1].[FechaActualizacionUtc], [s1].[FechaCreacionUtc], [s1].[MontoDescuento], [s1].[PrecioTotal], [s1].[PrecioUnitario], [s1].[ProductoId], [s1].[VentaId], [p].[Id] AS [Id0], [p].[AltoCm], [p].[AnchoCm], [p].[AnchoMm], [p].[Barcode], [p].[CantidadInventarioInicial], [p].[CantidadMinimaMayoreo], [p].[CategoriaId], [p].[CoberturaM2Caja], [p].[CoberturaPorUnidadM2], [p].[Descripcion], [p].[EspesorMm], [p].[EstaActivo] AS [EstaActivo0], [p].[FechaActualizacionUtc] AS [FechaActualizacionUtc0], [p].[FechaCreacionUtc] AS [FechaCreacionUtc0], [p].[ImagenUrl], [p].[LargoCm], [p].[LargoMm], [p].[Material], [p].[Nombre], [p].[PiezasPorCaja], [p].[PrecioMayoreo], [p].[PrecioUnitario] AS [PrecioUnitario0], [p].[Sku], [p].[SoloCotizacion], [p].[UnidadMedida], [p].[VisibleMasVendido]
    FROM [SaleItems] AS [s1]
    INNER JOIN [Products] AS [p] ON [s1].[ProductoId] = [p].[Id]
) AS [s2] ON [s0].[Id] = [s2].[VentaId]
ORDER BY [s0].[FechaCreacionUtc] DESC, [s0].[Id], [c].[Id], [u].[Id], [s2].[Id]
2026-08-07 20:43:34.882 -06:00 [INF] Executed endpoint 'Pos.Api.Controllers.v1.ReturnsController.GetReturns (Pos.Api)'
2026-08-07 20:43:34.885 -06:00 [INF] Request finished HTTP/1.1 GET http://localhost:5000/api/v1/returns/eligible-sales - 200 null application/json; charset=utf-8 261.1486ms
2026-08-07 20:43:34.903 -06:00 [INF] Executed DbCommand (10ms) [Parameters=[@p0='?' (DbType = Guid), @p1='?' (Size = 100), @p2='?' (Size = 4000), @p3='?' (Size = 4000), @p4='?' (DbType = Boolean), @p5='?' (DbType = DateTime2), @p6='?' (DbType = DateTime2), @p7='?' (Size = 100), @p8='?' (Size = 4000), @p9='?' (Size = 4000), @p10='?' (DbType = Guid), @p11='?' (Size = 4000), @p12='?' (Size = 4000)], CommandType='"Text"', CommandTimeout='30']
SET IMPLICIT_TRANSACTIONS OFF;
SET NOCOUNT ON;
INSERT INTO [AuditLogs] ([Id], [Accion], [DireccionIp], [EntidadId], [EstaActivo], [FechaActualizacionUtc], [FechaCreacionUtc], [IdCorrelacion], [Motivo], [NombreEntidad], [UsuarioId], [ValoresAnterioresJson], [ValoresNuevosJson])
VALUES (@p0, @p1, @p2, @p3, @p4, @p5, @p6, @p7, @p8, @p9, @p10, @p11, @p12);
2026-08-07 20:43:34.913 -06:00 [INF] [AUDITORIA WPC BAJIO] CorrelationId: 8b90dda6-f031-4bb0-b758-85458b541b81 | Action: GET /api/v1/returns | Entity: HttpRequest (200) | User: ebc8b858-2837-4bd5-93e1-8b4c1d0bd81b | IP: ::1 | Reason: HTTP Response StatusCode: 200 | OldValues: N/A | NewValues: N/A
2026-08-07 20:43:34.917 -06:00 [INF] Request finished HTTP/1.1 GET http://localhost:5000/api/v1/returns - 200 null application/json; charset=utf-8 158.9799ms
2026-08-07 20:43:34.929 -06:00 [INF] Executing OkObjectResult, writing value of type 'System.Collections.Generic.List`1[[Pos.Application.Sales.DTOs.SaleDto, Pos.Application, Version=1.0.0.0, Culture=neutral, PublicKeyToken=null]]'.
2026-08-07 20:43:34.944 -06:00 [INF] Executed action Pos.Api.Controllers.v1.PaymentsController.GetPendingSales (Pos.Api) in 118.9506ms
2026-08-07 20:43:34.946 -06:00 [INF] Executed endpoint 'Pos.Api.Controllers.v1.PaymentsController.GetPendingSales (Pos.Api)'
2026-08-07 20:43:34.952 -06:00 [INF] Executed DbCommand (4ms) [Parameters=[@p0='?' (DbType = Guid), @p1='?' (Size = 100), @p2='?' (Size = 4000), @p3='?' (Size = 4000), @p4='?' (DbType = Boolean), @p5='?' (DbType = DateTime2), @p6='?' (DbType = DateTime2), @p7='?' (Size = 100), @p8='?' (Size = 4000), @p9='?' (Size = 4000), @p10='?' (DbType = Guid), @p11='?' (Size = 4000), @p12='?' (Size = 4000)], CommandType='"Text"', CommandTimeout='30']
SET IMPLICIT_TRANSACTIONS OFF;
SET NOCOUNT ON;
INSERT INTO [AuditLogs] ([Id], [Accion], [DireccionIp], [EntidadId], [EstaActivo], [FechaActualizacionUtc], [FechaCreacionUtc], [IdCorrelacion], [Motivo], [NombreEntidad], [UsuarioId], [ValoresAnterioresJson], [ValoresNuevosJson])
VALUES (@p0, @p1, @p2, @p3, @p4, @p5, @p6, @p7, @p8, @p9, @p10, @p11, @p12);
2026-08-07 20:43:34.955 -06:00 [INF] [AUDITORIA WPC BAJIO] CorrelationId: cd026bac-d563-4cc0-93d0-b010986ac395 | Action: GET /api/v1/payments/pending-sales | Entity: HttpRequest (200) | User: ebc8b858-2837-4bd5-93e1-8b4c1d0bd81b | IP: ::1 | Reason: HTTP Response StatusCode: 200 | OldValues: N/A | NewValues: N/A
2026-08-07 20:43:34.959 -06:00 [INF] Request finished HTTP/1.1 GET http://localhost:5000/api/v1/payments/pending-sales - 200 null application/json; charset=utf-8 194.9721ms
2026-08-07 20:43:34.959 -06:00 [INF] Executing OkObjectResult, writing value of type 'System.Collections.Generic.List`1[[Pos.Application.Sales.DTOs.SaleDto, Pos.Application, Version=1.0.0.0, Culture=neutral, PublicKeyToken=null]]'.
2026-08-07 20:43:34.962 -06:00 [INF] Executed action Pos.Api.Controllers.v1.ReturnsController.GetEligibleSales (Pos.Api) in 84.5311ms
2026-08-07 20:43:34.964 -06:00 [INF] Executed endpoint 'Pos.Api.Controllers.v1.ReturnsController.GetEligibleSales (Pos.Api)'
2026-08-07 20:43:34.974 -06:00 [INF] Executed DbCommand (8ms) [Parameters=[@p0='?' (DbType = Guid), @p1='?' (Size = 100), @p2='?' (Size = 4000), @p3='?' (Size = 4000), @p4='?' (DbType = Boolean), @p5='?' (DbType = DateTime2), @p6='?' (DbType = DateTime2), @p7='?' (Size = 100), @p8='?' (Size = 4000), @p9='?' (Size = 4000), @p10='?' (DbType = Guid), @p11='?' (Size = 4000), @p12='?' (Size = 4000)], CommandType='"Text"', CommandTimeout='30']
SET IMPLICIT_TRANSACTIONS OFF;
SET NOCOUNT ON;
INSERT INTO [AuditLogs] ([Id], [Accion], [DireccionIp], [EntidadId], [EstaActivo], [FechaActualizacionUtc], [FechaCreacionUtc], [IdCorrelacion], [Motivo], [NombreEntidad], [UsuarioId], [ValoresAnterioresJson], [ValoresNuevosJson])
VALUES (@p0, @p1, @p2, @p3, @p4, @p5, @p6, @p7, @p8, @p9, @p10, @p11, @p12);
2026-08-07 20:43:34.978 -06:00 [INF] [AUDITORIA WPC BAJIO] CorrelationId: 29639629-e526-4440-aea7-daf4e3e541a6 | Action: GET /api/v1/returns/eligible-sales | Entity: HttpRequest (200) | User: ebc8b858-2837-4bd5-93e1-8b4c1d0bd81b | IP: ::1 | Reason: HTTP Response StatusCode: 200 | OldValues: N/A | NewValues: N/A
2026-08-07 20:43:34.981 -06:00 [INF] Request finished HTTP/1.1 GET http://localhost:5000/api/v1/returns/eligible-sales - 200 null application/json; charset=utf-8 140.7238ms
2026-08-07 20:43:35.288 -06:00 [INF] Request starting HTTP/1.1 GET http://localhost:5000/api/v1/categories - application/json null
2026-08-07 20:43:35.288 -06:00 [INF] Request starting HTTP/1.1 GET http://localhost:5000/api/v1/products? - application/json null
2026-08-07 20:43:35.292 -06:00 [INF] Executing endpoint 'Pos.Api.Controllers.v1.CategoriesController.GetCategories (Pos.Api)'
2026-08-07 20:43:35.294 -06:00 [INF] Executing endpoint 'Pos.Api.Controllers.v1.ProductsController.GetProducts (Pos.Api)'
2026-08-07 20:43:35.295 -06:00 [INF] Route matched with {action = "GetProducts", controller = "Products"}. Executing controller action with signature System.Threading.Tasks.Task`1[Microsoft.AspNetCore.Mvc.ActionResult`1[System.Collections.Generic.List`1[Pos.Application.Catalog.DTOs.ProductDto]]] GetProducts(System.String, System.Nullable`1[System.Guid], System.Nullable`1[System.Boolean], System.Threading.CancellationToken) on controller Pos.Api.Controllers.v1.ProductsController (Pos.Api).
2026-08-07 20:43:35.298 -06:00 [INF] Route matched with {action = "GetCategories", controller = "Categories"}. Executing controller action with signature System.Threading.Tasks.Task`1[Microsoft.AspNetCore.Mvc.ActionResult`1[System.Collections.Generic.List`1[Pos.Application.Catalog.DTOs.CategoryDto]]] GetCategories(System.Threading.CancellationToken) on controller Pos.Api.Controllers.v1.CategoriesController (Pos.Api).
2026-08-07 20:43:35.305 -06:00 [INF] Executed DbCommand (7ms) [Parameters=[], CommandType='"Text"', CommandTimeout='30']
SELECT [p].[Id], [p].[AltoCm], [p].[AnchoCm], [p].[AnchoMm], [p].[Barcode], [p].[CantidadInventarioInicial], [p].[CantidadMinimaMayoreo], [p].[CategoriaId], [p].[CoberturaM2Caja], [p].[CoberturaPorUnidadM2], [p].[Descripcion], [p].[EspesorMm], [p].[EstaActivo], [p].[FechaActualizacionUtc], [p].[FechaCreacionUtc], [p].[ImagenUrl], [p].[LargoCm], [p].[LargoMm], [p].[Material], [p].[Nombre], [p].[PiezasPorCaja], [p].[PrecioMayoreo], [p].[PrecioUnitario], [p].[Sku], [p].[SoloCotizacion], [p].[UnidadMedida], [p].[VisibleMasVendido], [c].[Id], [c].[CategoriaPadreId], [c].[Descripcion], [c].[EstaActivo], [c].[FechaActualizacionUtc], [c].[FechaCreacionUtc], [c].[Nombre], [c].[Slug], [p0].[Id], [p0].[EsPrincipal], [p0].[EstaActivo], [p0].[FechaActualizacionUtc], [p0].[FechaCreacionUtc], [p0].[ProductoId], [p0].[UrlImagen]
FROM [Products] AS [p]
INNER JOIN [Categories] AS [c] ON [p].[CategoriaId] = [c].[Id]
LEFT JOIN [ProductImages] AS [p0] ON [p].[Id] = [p0].[ProductoId]
ORDER BY [p].[Id], [c].[Id]
2026-08-07 20:43:35.320 -06:00 [INF] Executed DbCommand (1ms) [Parameters=[@__productIds_0='?' (Size = 4000)], CommandType='"Text"', CommandTimeout='30']
SELECT [s].[Id], [s].[CantidadDisponible], [s].[CantidadReorden], [s].[EstaActivo], [s].[FechaActualizacionUtc], [s].[FechaCreacionUtc], [s].[ProductoId], [s].[Ubicacion], [s].[UmbralMinimoAlerta], [s].[VersionFila]
FROM [Stocks] AS [s]
WHERE [s].[ProductoId] IN (
    SELECT [p].[value]
    FROM OPENJSON(@__productIds_0) WITH ([value] uniqueidentifier '$') AS [p]
)
2026-08-07 20:43:35.323 -06:00 [INF] Executed DbCommand (4ms) [Parameters=[], CommandType='"Text"', CommandTimeout='30']
SELECT [c].[Id], [c].[CategoriaPadreId], [c].[Descripcion], [c].[EstaActivo], [c].[FechaActualizacionUtc], [c].[FechaCreacionUtc], [c].[Nombre], [c].[Slug], [c0].[Id], [c0].[CategoriaPadreId], [c0].[Descripcion], [c0].[EstaActivo], [c0].[FechaActualizacionUtc], [c0].[FechaCreacionUtc], [c0].[Nombre], [c0].[Slug]
FROM [Categories] AS [c]
LEFT JOIN [Categories] AS [c0] ON [c].[Id] = [c0].[CategoriaPadreId]
WHERE [c].[CategoriaPadreId] IS NULL
ORDER BY [c].[Id]
2026-08-07 20:43:35.323 -06:00 [INF] Executing OkObjectResult, writing value of type 'System.Collections.Generic.List`1[[Pos.Application.Catalog.DTOs.ProductDto, Pos.Application, Version=1.0.0.0, Culture=neutral, PublicKeyToken=null]]'.
2026-08-07 20:43:35.327 -06:00 [INF] Executed action Pos.Api.Controllers.v1.ProductsController.GetProducts (Pos.Api) in 30.3905ms
2026-08-07 20:43:35.329 -06:00 [INF] Executed endpoint 'Pos.Api.Controllers.v1.ProductsController.GetProducts (Pos.Api)'
2026-08-07 20:43:35.330 -06:00 [INF] Executing OkObjectResult, writing value of type 'System.Collections.Generic.List`1[[Pos.Application.Catalog.DTOs.CategoryDto, Pos.Application, Version=1.0.0.0, Culture=neutral, PublicKeyToken=null]]'.
2026-08-07 20:43:35.332 -06:00 [INF] Request starting HTTP/1.1 GET http://localhost:5000/api/v1/products? - application/json null
2026-08-07 20:43:35.334 -06:00 [INF] Executed action Pos.Api.Controllers.v1.CategoriesController.GetCategories (Pos.Api) in 33.1681ms
2026-08-07 20:43:35.334 -06:00 [INF] Executing endpoint 'Pos.Api.Controllers.v1.ProductsController.GetProducts (Pos.Api)'
2026-08-07 20:43:35.335 -06:00 [INF] Executed DbCommand (4ms) [Parameters=[@p0='?' (DbType = Guid), @p1='?' (Size = 100), @p2='?' (Size = 4000), @p3='?' (Size = 4000), @p4='?' (DbType = Boolean), @p5='?' (DbType = DateTime2), @p6='?' (DbType = DateTime2), @p7='?' (Size = 100), @p8='?' (Size = 4000), @p9='?' (Size = 4000), @p10='?' (DbType = Guid), @p11='?' (Size = 4000), @p12='?' (Size = 4000)], CommandType='"Text"', CommandTimeout='30']
SET IMPLICIT_TRANSACTIONS OFF;
SET NOCOUNT ON;
INSERT INTO [AuditLogs] ([Id], [Accion], [DireccionIp], [EntidadId], [EstaActivo], [FechaActualizacionUtc], [FechaCreacionUtc], [IdCorrelacion], [Motivo], [NombreEntidad], [UsuarioId], [ValoresAnterioresJson], [ValoresNuevosJson])
VALUES (@p0, @p1, @p2, @p3, @p4, @p5, @p6, @p7, @p8, @p9, @p10, @p11, @p12);
2026-08-07 20:43:35.335 -06:00 [INF] Executed endpoint 'Pos.Api.Controllers.v1.CategoriesController.GetCategories (Pos.Api)'
2026-08-07 20:43:35.337 -06:00 [INF] Route matched with {action = "GetProducts", controller = "Products"}. Executing controller action with signature System.Threading.Tasks.Task`1[Microsoft.AspNetCore.Mvc.ActionResult`1[System.Collections.Generic.List`1[Pos.Application.Catalog.DTOs.ProductDto]]] GetProducts(System.String, System.Nullable`1[System.Guid], System.Nullable`1[System.Boolean], System.Threading.CancellationToken) on controller Pos.Api.Controllers.v1.ProductsController (Pos.Api).
2026-08-07 20:43:35.338 -06:00 [INF] Request starting HTTP/1.1 GET http://localhost:5000/api/v1/categories - application/json null
2026-08-07 20:43:35.339 -06:00 [INF] [AUDITORIA WPC BAJIO] CorrelationId: 5c374ab2-2642-40e5-a87d-3cf2f0e1275a | Action: GET /api/v1/products | Entity: HttpRequest (200) | User: ebc8b858-2837-4bd5-93e1-8b4c1d0bd81b | IP: ::1 | Reason: HTTP Response StatusCode: 200 | OldValues: N/A | NewValues: N/A
2026-08-07 20:43:35.342 -06:00 [INF] Executed DbCommand (1ms) [Parameters=[@p0='?' (DbType = Guid), @p1='?' (Size = 100), @p2='?' (Size = 4000), @p3='?' (Size = 4000), @p4='?' (DbType = Boolean), @p5='?' (DbType = DateTime2), @p6='?' (DbType = DateTime2), @p7='?' (Size = 100), @p8='?' (Size = 4000), @p9='?' (Size = 4000), @p10='?' (DbType = Guid), @p11='?' (Size = 4000), @p12='?' (Size = 4000)], CommandType='"Text"', CommandTimeout='30']
SET IMPLICIT_TRANSACTIONS OFF;
SET NOCOUNT ON;
INSERT INTO [AuditLogs] ([Id], [Accion], [DireccionIp], [EntidadId], [EstaActivo], [FechaActualizacionUtc], [FechaCreacionUtc], [IdCorrelacion], [Motivo], [NombreEntidad], [UsuarioId], [ValoresAnterioresJson], [ValoresNuevosJson])
VALUES (@p0, @p1, @p2, @p3, @p4, @p5, @p6, @p7, @p8, @p9, @p10, @p11, @p12);
2026-08-07 20:43:35.344 -06:00 [INF] Executed DbCommand (0ms) [Parameters=[], CommandType='"Text"', CommandTimeout='30']
SELECT [p].[Id], [p].[AltoCm], [p].[AnchoCm], [p].[AnchoMm], [p].[Barcode], [p].[CantidadInventarioInicial], [p].[CantidadMinimaMayoreo], [p].[CategoriaId], [p].[CoberturaM2Caja], [p].[CoberturaPorUnidadM2], [p].[Descripcion], [p].[EspesorMm], [p].[EstaActivo], [p].[FechaActualizacionUtc], [p].[FechaCreacionUtc], [p].[ImagenUrl], [p].[LargoCm], [p].[LargoMm], [p].[Material], [p].[Nombre], [p].[PiezasPorCaja], [p].[PrecioMayoreo], [p].[PrecioUnitario], [p].[Sku], [p].[SoloCotizacion], [p].[UnidadMedida], [p].[VisibleMasVendido], [c].[Id], [c].[CategoriaPadreId], [c].[Descripcion], [c].[EstaActivo], [c].[FechaActualizacionUtc], [c].[FechaCreacionUtc], [c].[Nombre], [c].[Slug], [p0].[Id], [p0].[EsPrincipal], [p0].[EstaActivo], [p0].[FechaActualizacionUtc], [p0].[FechaCreacionUtc], [p0].[ProductoId], [p0].[UrlImagen]
FROM [Products] AS [p]
INNER JOIN [Categories] AS [c] ON [p].[CategoriaId] = [c].[Id]
LEFT JOIN [ProductImages] AS [p0] ON [p].[Id] = [p0].[ProductoId]
ORDER BY [p].[Id], [c].[Id]
2026-08-07 20:43:35.344 -06:00 [INF] Executing endpoint 'Pos.Api.Controllers.v1.CategoriesController.GetCategories (Pos.Api)'
2026-08-07 20:43:35.346 -06:00 [INF] Request finished HTTP/1.1 GET http://localhost:5000/api/v1/products? - 200 null application/json; charset=utf-8 58.0308ms
2026-08-07 20:43:35.349 -06:00 [INF] [AUDITORIA WPC BAJIO] CorrelationId: 86c31a28-0f5f-4c41-b63d-c187312f6add | Action: GET /api/v1/categories | Entity: HttpRequest (200) | User: ebc8b858-2837-4bd5-93e1-8b4c1d0bd81b | IP: ::1 | Reason: HTTP Response StatusCode: 200 | OldValues: N/A | NewValues: N/A
2026-08-07 20:43:35.352 -06:00 [INF] Route matched with {action = "GetCategories", controller = "Categories"}. Executing controller action with signature System.Threading.Tasks.Task`1[Microsoft.AspNetCore.Mvc.ActionResult`1[System.Collections.Generic.List`1[Pos.Application.Catalog.DTOs.CategoryDto]]] GetCategories(System.Threading.CancellationToken) on controller Pos.Api.Controllers.v1.CategoriesController (Pos.Api).
2026-08-07 20:43:35.359 -06:00 [INF] Request finished HTTP/1.1 GET http://localhost:5000/api/v1/categories - 200 null application/json; charset=utf-8 70.7113ms
2026-08-07 20:43:35.362 -06:00 [INF] Executed DbCommand (1ms) [Parameters=[@__productIds_0='?' (Size = 4000)], CommandType='"Text"', CommandTimeout='30']
SELECT [s].[Id], [s].[CantidadDisponible], [s].[CantidadReorden], [s].[EstaActivo], [s].[FechaActualizacionUtc], [s].[FechaCreacionUtc], [s].[ProductoId], [s].[Ubicacion], [s].[UmbralMinimoAlerta], [s].[VersionFila]
FROM [Stocks] AS [s]
WHERE [s].[ProductoId] IN (
    SELECT [p].[value]
    FROM OPENJSON(@__productIds_0) WITH ([value] uniqueidentifier '$') AS [p]
)
2026-08-07 20:43:35.362 -06:00 [INF] Executed DbCommand (0ms) [Parameters=[], CommandType='"Text"', CommandTimeout='30']
SELECT [c].[Id], [c].[CategoriaPadreId], [c].[Descripcion], [c].[EstaActivo], [c].[FechaActualizacionUtc], [c].[FechaCreacionUtc], [c].[Nombre], [c].[Slug], [c0].[Id], [c0].[CategoriaPadreId], [c0].[Descripcion], [c0].[EstaActivo], [c0].[FechaActualizacionUtc], [c0].[FechaCreacionUtc], [c0].[Nombre], [c0].[Slug]
FROM [Categories] AS [c]
LEFT JOIN [Categories] AS [c0] ON [c].[Id] = [c0].[CategoriaPadreId]
WHERE [c].[CategoriaPadreId] IS NULL
ORDER BY [c].[Id]
2026-08-07 20:43:35.366 -06:00 [INF] Executing OkObjectResult, writing value of type 'System.Collections.Generic.List`1[[Pos.Application.Catalog.DTOs.ProductDto, Pos.Application, Version=1.0.0.0, Culture=neutral, PublicKeyToken=null]]'.
2026-08-07 20:43:35.367 -06:00 [INF] Executing OkObjectResult, writing value of type 'System.Collections.Generic.List`1[[Pos.Application.Catalog.DTOs.CategoryDto, Pos.Application, Version=1.0.0.0, Culture=neutral, PublicKeyToken=null]]'.
2026-08-07 20:43:35.368 -06:00 [INF] Executed action Pos.Api.Controllers.v1.ProductsController.GetProducts (Pos.Api) in 26.0682ms
2026-08-07 20:43:35.370 -06:00 [INF] Executed action Pos.Api.Controllers.v1.CategoriesController.GetCategories (Pos.Api) in 8.8485ms
2026-08-07 20:43:35.372 -06:00 [INF] Executed endpoint 'Pos.Api.Controllers.v1.ProductsController.GetProducts (Pos.Api)'
2026-08-07 20:43:35.373 -06:00 [INF] Executed endpoint 'Pos.Api.Controllers.v1.CategoriesController.GetCategories (Pos.Api)'
2026-08-07 20:43:35.375 -06:00 [INF] Executed DbCommand (1ms) [Parameters=[@p0='?' (DbType = Guid), @p1='?' (Size = 100), @p2='?' (Size = 4000), @p3='?' (Size = 4000), @p4='?' (DbType = Boolean), @p5='?' (DbType = DateTime2), @p6='?' (DbType = DateTime2), @p7='?' (Size = 100), @p8='?' (Size = 4000), @p9='?' (Size = 4000), @p10='?' (DbType = Guid), @p11='?' (Size = 4000), @p12='?' (Size = 4000)], CommandType='"Text"', CommandTimeout='30']
SET IMPLICIT_TRANSACTIONS OFF;
SET NOCOUNT ON;
INSERT INTO [AuditLogs] ([Id], [Accion], [DireccionIp], [EntidadId], [EstaActivo], [FechaActualizacionUtc], [FechaCreacionUtc], [IdCorrelacion], [Motivo], [NombreEntidad], [UsuarioId], [ValoresAnterioresJson], [ValoresNuevosJson])
VALUES (@p0, @p1, @p2, @p3, @p4, @p5, @p6, @p7, @p8, @p9, @p10, @p11, @p12);
2026-08-07 20:43:35.376 -06:00 [INF] Executed DbCommand (1ms) [Parameters=[@p0='?' (DbType = Guid), @p1='?' (Size = 100), @p2='?' (Size = 4000), @p3='?' (Size = 4000), @p4='?' (DbType = Boolean), @p5='?' (DbType = DateTime2), @p6='?' (DbType = DateTime2), @p7='?' (Size = 100), @p8='?' (Size = 4000), @p9='?' (Size = 4000), @p10='?' (DbType = Guid), @p11='?' (Size = 4000), @p12='?' (Size = 4000)], CommandType='"Text"', CommandTimeout='30']
SET IMPLICIT_TRANSACTIONS OFF;
SET NOCOUNT ON;
INSERT INTO [AuditLogs] ([Id], [Accion], [DireccionIp], [EntidadId], [EstaActivo], [FechaActualizacionUtc], [FechaCreacionUtc], [IdCorrelacion], [Motivo], [NombreEntidad], [UsuarioId], [ValoresAnterioresJson], [ValoresNuevosJson])
VALUES (@p0, @p1, @p2, @p3, @p4, @p5, @p6, @p7, @p8, @p9, @p10, @p11, @p12);
2026-08-07 20:43:35.378 -06:00 [INF] [AUDITORIA WPC BAJIO] CorrelationId: dcb08f1a-ee4f-460a-b13c-afac9c19a95c | Action: GET /api/v1/products | Entity: HttpRequest (200) | User: ebc8b858-2837-4bd5-93e1-8b4c1d0bd81b | IP: ::1 | Reason: HTTP Response StatusCode: 200 | OldValues: N/A | NewValues: N/A
2026-08-07 20:43:35.380 -06:00 [INF] [AUDITORIA WPC BAJIO] CorrelationId: 02ad936a-7c24-4d56-92d1-0f70aa0a1a8b | Action: GET /api/v1/categories | Entity: HttpRequest (200) | User: ebc8b858-2837-4bd5-93e1-8b4c1d0bd81b | IP: ::1 | Reason: HTTP Response StatusCode: 200 | OldValues: N/A | NewValues: N/A
2026-08-07 20:43:35.383 -06:00 [INF] Request finished HTTP/1.1 GET http://localhost:5000/api/v1/products? - 200 null application/json; charset=utf-8 51.3388ms
2026-08-07 20:43:35.387 -06:00 [INF] Request finished HTTP/1.1 GET http://localhost:5000/api/v1/categories - 200 null application/json; charset=utf-8 48.8808ms
2026-08-07 20:43:35.951 -06:00 [INF] Request starting HTTP/1.1 GET http://localhost:5000/api/v1/inventory - application/json null
2026-08-07 20:43:35.955 -06:00 [INF] Executing endpoint 'Pos.Api.Controllers.v1.InventoryController.GetStockLevels (Pos.Api)'
2026-08-07 20:43:35.959 -06:00 [INF] Route matched with {action = "GetStockLevels", controller = "Inventory"}. Executing controller action with signature System.Threading.Tasks.Task`1[Microsoft.AspNetCore.Mvc.ActionResult`1[System.Collections.Generic.List`1[Pos.Application.Inventory.DTOs.StockDto]]] GetStockLevels(System.String, System.Nullable`1[System.Boolean], System.Threading.CancellationToken) on controller Pos.Api.Controllers.v1.InventoryController (Pos.Api).
2026-08-07 20:43:35.990 -06:00 [INF] Executed DbCommand (7ms) [Parameters=[], CommandType='"Text"', CommandTimeout='30']
SELECT [s].[Id], [s].[CantidadDisponible], [s].[CantidadReorden], [s].[EstaActivo], [s].[FechaActualizacionUtc], [s].[FechaCreacionUtc], [s].[ProductoId], [s].[Ubicacion], [s].[UmbralMinimoAlerta], [s].[VersionFila], [p].[Id], [p].[AltoCm], [p].[AnchoCm], [p].[AnchoMm], [p].[Barcode], [p].[CantidadInventarioInicial], [p].[CantidadMinimaMayoreo], [p].[CategoriaId], [p].[CoberturaM2Caja], [p].[CoberturaPorUnidadM2], [p].[Descripcion], [p].[EspesorMm], [p].[EstaActivo], [p].[FechaActualizacionUtc], [p].[FechaCreacionUtc], [p].[ImagenUrl], [p].[LargoCm], [p].[LargoMm], [p].[Material], [p].[Nombre], [p].[PiezasPorCaja], [p].[PrecioMayoreo], [p].[PrecioUnitario], [p].[Sku], [p].[SoloCotizacion], [p].[UnidadMedida], [p].[VisibleMasVendido], [c].[Id], [c].[CategoriaPadreId], [c].[Descripcion], [c].[EstaActivo], [c].[FechaActualizacionUtc], [c].[FechaCreacionUtc], [c].[Nombre], [c].[Slug]
FROM [Stocks] AS [s]
INNER JOIN [Products] AS [p] ON [s].[ProductoId] = [p].[Id]
INNER JOIN [Categories] AS [c] ON [p].[CategoriaId] = [c].[Id]
WHERE [p].[EstaActivo] = CAST(1 AS bit)
2026-08-07 20:43:36.013 -06:00 [INF] Executing OkObjectResult, writing value of type 'System.Collections.Generic.List`1[[Pos.Application.Inventory.DTOs.StockDto, Pos.Application, Version=1.0.0.0, Culture=neutral, PublicKeyToken=null]]'.
2026-08-07 20:43:36.018 -06:00 [INF] Executed action Pos.Api.Controllers.v1.InventoryController.GetStockLevels (Pos.Api) in 56.8708ms
2026-08-07 20:43:36.023 -06:00 [INF] Request starting HTTP/1.1 GET http://localhost:5000/api/v1/inventory - application/json null
2026-08-07 20:43:36.024 -06:00 [INF] Executed endpoint 'Pos.Api.Controllers.v1.InventoryController.GetStockLevels (Pos.Api)'
2026-08-07 20:43:36.028 -06:00 [INF] Executing endpoint 'Pos.Api.Controllers.v1.InventoryController.GetStockLevels (Pos.Api)'
2026-08-07 20:43:36.032 -06:00 [INF] Route matched with {action = "GetStockLevels", controller = "Inventory"}. Executing controller action with signature System.Threading.Tasks.Task`1[Microsoft.AspNetCore.Mvc.ActionResult`1[System.Collections.Generic.List`1[Pos.Application.Inventory.DTOs.StockDto]]] GetStockLevels(System.String, System.Nullable`1[System.Boolean], System.Threading.CancellationToken) on controller Pos.Api.Controllers.v1.InventoryController (Pos.Api).
2026-08-07 20:43:36.040 -06:00 [INF] Executed DbCommand (3ms) [Parameters=[], CommandType='"Text"', CommandTimeout='30']
SELECT [s].[Id], [s].[CantidadDisponible], [s].[CantidadReorden], [s].[EstaActivo], [s].[FechaActualizacionUtc], [s].[FechaCreacionUtc], [s].[ProductoId], [s].[Ubicacion], [s].[UmbralMinimoAlerta], [s].[VersionFila], [p].[Id], [p].[AltoCm], [p].[AnchoCm], [p].[AnchoMm], [p].[Barcode], [p].[CantidadInventarioInicial], [p].[CantidadMinimaMayoreo], [p].[CategoriaId], [p].[CoberturaM2Caja], [p].[CoberturaPorUnidadM2], [p].[Descripcion], [p].[EspesorMm], [p].[EstaActivo], [p].[FechaActualizacionUtc], [p].[FechaCreacionUtc], [p].[ImagenUrl], [p].[LargoCm], [p].[LargoMm], [p].[Material], [p].[Nombre], [p].[PiezasPorCaja], [p].[PrecioMayoreo], [p].[PrecioUnitario], [p].[Sku], [p].[SoloCotizacion], [p].[UnidadMedida], [p].[VisibleMasVendido], [c].[Id], [c].[CategoriaPadreId], [c].[Descripcion], [c].[EstaActivo], [c].[FechaActualizacionUtc], [c].[FechaCreacionUtc], [c].[Nombre], [c].[Slug]
FROM [Stocks] AS [s]
INNER JOIN [Products] AS [p] ON [s].[ProductoId] = [p].[Id]
INNER JOIN [Categories] AS [c] ON [p].[CategoriaId] = [c].[Id]
WHERE [p].[EstaActivo] = CAST(1 AS bit)
2026-08-07 20:43:36.044 -06:00 [INF] Executed DbCommand (13ms) [Parameters=[@p0='?' (DbType = Guid), @p1='?' (Size = 100), @p2='?' (Size = 4000), @p3='?' (Size = 4000), @p4='?' (DbType = Boolean), @p5='?' (DbType = DateTime2), @p6='?' (DbType = DateTime2), @p7='?' (Size = 100), @p8='?' (Size = 4000), @p9='?' (Size = 4000), @p10='?' (DbType = Guid), @p11='?' (Size = 4000), @p12='?' (Size = 4000)], CommandType='"Text"', CommandTimeout='30']
SET IMPLICIT_TRANSACTIONS OFF;
SET NOCOUNT ON;
INSERT INTO [AuditLogs] ([Id], [Accion], [DireccionIp], [EntidadId], [EstaActivo], [FechaActualizacionUtc], [FechaCreacionUtc], [IdCorrelacion], [Motivo], [NombreEntidad], [UsuarioId], [ValoresAnterioresJson], [ValoresNuevosJson])
VALUES (@p0, @p1, @p2, @p3, @p4, @p5, @p6, @p7, @p8, @p9, @p10, @p11, @p12);
2026-08-07 20:43:36.048 -06:00 [INF] [AUDITORIA WPC BAJIO] CorrelationId: a5c05a81-9c7a-4c2a-99fe-9094b929193f | Action: GET /api/v1/inventory | Entity: HttpRequest (200) | User: ebc8b858-2837-4bd5-93e1-8b4c1d0bd81b | IP: ::1 | Reason: HTTP Response StatusCode: 200 | OldValues: N/A | NewValues: N/A
2026-08-07 20:43:36.051 -06:00 [INF] Request finished HTTP/1.1 GET http://localhost:5000/api/v1/inventory - 200 null application/json; charset=utf-8 99.8669ms
2026-08-07 20:43:36.056 -06:00 [INF] Executing OkObjectResult, writing value of type 'System.Collections.Generic.List`1[[Pos.Application.Inventory.DTOs.StockDto, Pos.Application, Version=1.0.0.0, Culture=neutral, PublicKeyToken=null]]'.
2026-08-07 20:43:36.058 -06:00 [INF] Executed action Pos.Api.Controllers.v1.InventoryController.GetStockLevels (Pos.Api) in 23.3017ms
2026-08-07 20:43:36.059 -06:00 [INF] Request starting HTTP/1.1 GET http://localhost:5000/api/v1/inventory/movements - application/json null
2026-08-07 20:43:36.060 -06:00 [INF] Executed endpoint 'Pos.Api.Controllers.v1.InventoryController.GetStockLevels (Pos.Api)'
2026-08-07 20:43:36.063 -06:00 [INF] Executing endpoint 'Pos.Api.Controllers.v1.InventoryController.GetMovements (Pos.Api)'
2026-08-07 20:43:36.066 -06:00 [INF] Executed DbCommand (1ms) [Parameters=[@p0='?' (DbType = Guid), @p1='?' (Size = 100), @p2='?' (Size = 4000), @p3='?' (Size = 4000), @p4='?' (DbType = Boolean), @p5='?' (DbType = DateTime2), @p6='?' (DbType = DateTime2), @p7='?' (Size = 100), @p8='?' (Size = 4000), @p9='?' (Size = 4000), @p10='?' (DbType = Guid), @p11='?' (Size = 4000), @p12='?' (Size = 4000)], CommandType='"Text"', CommandTimeout='30']
SET IMPLICIT_TRANSACTIONS OFF;
SET NOCOUNT ON;
INSERT INTO [AuditLogs] ([Id], [Accion], [DireccionIp], [EntidadId], [EstaActivo], [FechaActualizacionUtc], [FechaCreacionUtc], [IdCorrelacion], [Motivo], [NombreEntidad], [UsuarioId], [ValoresAnterioresJson], [ValoresNuevosJson])
VALUES (@p0, @p1, @p2, @p3, @p4, @p5, @p6, @p7, @p8, @p9, @p10, @p11, @p12);
2026-08-07 20:43:36.068 -06:00 [INF] [AUDITORIA WPC BAJIO] CorrelationId: 57f9b598-41fb-4125-b6bb-651e4b7f945f | Action: GET /api/v1/inventory | Entity: HttpRequest (200) | User: ebc8b858-2837-4bd5-93e1-8b4c1d0bd81b | IP: ::1 | Reason: HTTP Response StatusCode: 200 | OldValues: N/A | NewValues: N/A
2026-08-07 20:43:36.068 -06:00 [INF] Route matched with {action = "GetMovements", controller = "Inventory"}. Executing controller action with signature System.Threading.Tasks.Task`1[Microsoft.AspNetCore.Mvc.ActionResult`1[System.Collections.Generic.List`1[Pos.Application.Inventory.DTOs.InventoryMovementDto]]] GetMovements(System.Nullable`1[System.Guid], System.String, System.Threading.CancellationToken) on controller Pos.Api.Controllers.v1.InventoryController (Pos.Api).
2026-08-07 20:43:36.072 -06:00 [INF] Request finished HTTP/1.1 GET http://localhost:5000/api/v1/inventory - 200 null application/json; charset=utf-8 48.8667ms
2026-08-07 20:43:36.107 -06:00 [INF] Executed DbCommand (7ms) [Parameters=[@__p_0='?' (DbType = Int32)], CommandType='"Text"', CommandTimeout='30']
SELECT [i0].[Id], [i0].[Cantidad], [i0].[CantidadAnterior], [i0].[CantidadNueva], [i0].[EstaActivo], [i0].[EvidenceImageUrl], [i0].[FechaActualizacionUtc], [i0].[FechaCreacionUtc], [i0].[Motivo], [i0].[NumeroReferencia], [i0].[ProductoId], [i0].[TipoMovimiento], [i0].[UsuarioId], [p].[Id], [p].[AltoCm], [p].[AnchoCm], [p].[AnchoMm], [p].[Barcode], [p].[CantidadInventarioInicial], [p].[CantidadMinimaMayoreo], [p].[CategoriaId], [p].[CoberturaM2Caja], [p].[CoberturaPorUnidadM2], [p].[Descripcion], [p].[EspesorMm], [p].[EstaActivo], [p].[FechaActualizacionUtc], [p].[FechaCreacionUtc], [p].[ImagenUrl], [p].[LargoCm], [p].[LargoMm], [p].[Material], [p].[Nombre], [p].[PiezasPorCaja], [p].[PrecioMayoreo], [p].[PrecioUnitario], [p].[Sku], [p].[SoloCotizacion], [p].[UnidadMedida], [p].[VisibleMasVendido], [u].[Id], [u].[Email], [u].[EmpleadoId], [u].[EstaActivo], [u].[FechaActualizacionUtc], [u].[FechaCreacionUtc], [u].[NombreUsuario], [u].[PasswordHash]
FROM (
    SELECT TOP(@__p_0) [i].[Id], [i].[Cantidad], [i].[CantidadAnterior], [i].[CantidadNueva], [i].[EstaActivo], [i].[EvidenceImageUrl], [i].[FechaActualizacionUtc], [i].[FechaCreacionUtc], [i].[Motivo], [i].[NumeroReferencia], [i].[ProductoId], [i].[TipoMovimiento], [i].[UsuarioId]
    FROM [InventoryMovements] AS [i]
    ORDER BY [i].[FechaCreacionUtc] DESC
) AS [i0]
INNER JOIN [Products] AS [p] ON [i0].[ProductoId] = [p].[Id]
LEFT JOIN [Users] AS [u] ON [i0].[UsuarioId] = [u].[Id]
ORDER BY [i0].[FechaCreacionUtc] DESC
2026-08-07 20:43:36.279 -06:00 [INF] Executing OkObjectResult, writing value of type 'System.Collections.Generic.List`1[[Pos.Application.Inventory.DTOs.InventoryMovementDto, Pos.Application, Version=1.0.0.0, Culture=neutral, PublicKeyToken=null]]'.
2026-08-07 20:43:36.287 -06:00 [INF] Executed action Pos.Api.Controllers.v1.InventoryController.GetMovements (Pos.Api) in 212.1924ms
2026-08-07 20:43:36.289 -06:00 [INF] Executed endpoint 'Pos.Api.Controllers.v1.InventoryController.GetMovements (Pos.Api)'
2026-08-07 20:43:36.293 -06:00 [INF] Request starting HTTP/1.1 GET http://localhost:5000/api/v1/inventory/movements - application/json null
2026-08-07 20:43:36.297 -06:00 [INF] Executed DbCommand (5ms) [Parameters=[@p0='?' (DbType = Guid), @p1='?' (Size = 100), @p2='?' (Size = 4000), @p3='?' (Size = 4000), @p4='?' (DbType = Boolean), @p5='?' (DbType = DateTime2), @p6='?' (DbType = DateTime2), @p7='?' (Size = 100), @p8='?' (Size = 4000), @p9='?' (Size = 4000), @p10='?' (DbType = Guid), @p11='?' (Size = 4000), @p12='?' (Size = 4000)], CommandType='"Text"', CommandTimeout='30']
SET IMPLICIT_TRANSACTIONS OFF;
SET NOCOUNT ON;
INSERT INTO [AuditLogs] ([Id], [Accion], [DireccionIp], [EntidadId], [EstaActivo], [FechaActualizacionUtc], [FechaCreacionUtc], [IdCorrelacion], [Motivo], [NombreEntidad], [UsuarioId], [ValoresAnterioresJson], [ValoresNuevosJson])
VALUES (@p0, @p1, @p2, @p3, @p4, @p5, @p6, @p7, @p8, @p9, @p10, @p11, @p12);
2026-08-07 20:43:36.297 -06:00 [INF] Executing endpoint 'Pos.Api.Controllers.v1.InventoryController.GetMovements (Pos.Api)'
2026-08-07 20:43:36.300 -06:00 [INF] [AUDITORIA WPC BAJIO] CorrelationId: 6695b94f-f737-40a1-89ec-5d6fe8d18f59 | Action: GET /api/v1/inventory/movements | Entity: HttpRequest (200) | User: ebc8b858-2837-4bd5-93e1-8b4c1d0bd81b | IP: ::1 | Reason: HTTP Response StatusCode: 200 | OldValues: N/A | NewValues: N/A
2026-08-07 20:43:36.301 -06:00 [INF] Route matched with {action = "GetMovements", controller = "Inventory"}. Executing controller action with signature System.Threading.Tasks.Task`1[Microsoft.AspNetCore.Mvc.ActionResult`1[System.Collections.Generic.List`1[Pos.Application.Inventory.DTOs.InventoryMovementDto]]] GetMovements(System.Nullable`1[System.Guid], System.String, System.Threading.CancellationToken) on controller Pos.Api.Controllers.v1.InventoryController (Pos.Api).
2026-08-07 20:43:36.304 -06:00 [INF] Request finished HTTP/1.1 GET http://localhost:5000/api/v1/inventory/movements - 200 null application/json; charset=utf-8 245.127ms
2026-08-07 20:43:36.315 -06:00 [INF] Executed DbCommand (7ms) [Parameters=[@__p_0='?' (DbType = Int32)], CommandType='"Text"', CommandTimeout='30']
SELECT [i0].[Id], [i0].[Cantidad], [i0].[CantidadAnterior], [i0].[CantidadNueva], [i0].[EstaActivo], [i0].[EvidenceImageUrl], [i0].[FechaActualizacionUtc], [i0].[FechaCreacionUtc], [i0].[Motivo], [i0].[NumeroReferencia], [i0].[ProductoId], [i0].[TipoMovimiento], [i0].[UsuarioId], [p].[Id], [p].[AltoCm], [p].[AnchoCm], [p].[AnchoMm], [p].[Barcode], [p].[CantidadInventarioInicial], [p].[CantidadMinimaMayoreo], [p].[CategoriaId], [p].[CoberturaM2Caja], [p].[CoberturaPorUnidadM2], [p].[Descripcion], [p].[EspesorMm], [p].[EstaActivo], [p].[FechaActualizacionUtc], [p].[FechaCreacionUtc], [p].[ImagenUrl], [p].[LargoCm], [p].[LargoMm], [p].[Material], [p].[Nombre], [p].[PiezasPorCaja], [p].[PrecioMayoreo], [p].[PrecioUnitario], [p].[Sku], [p].[SoloCotizacion], [p].[UnidadMedida], [p].[VisibleMasVendido], [u].[Id], [u].[Email], [u].[EmpleadoId], [u].[EstaActivo], [u].[FechaActualizacionUtc], [u].[FechaCreacionUtc], [u].[NombreUsuario], [u].[PasswordHash]
FROM (
    SELECT TOP(@__p_0) [i].[Id], [i].[Cantidad], [i].[CantidadAnterior], [i].[CantidadNueva], [i].[EstaActivo], [i].[EvidenceImageUrl], [i].[FechaActualizacionUtc], [i].[FechaCreacionUtc], [i].[Motivo], [i].[NumeroReferencia], [i].[ProductoId], [i].[TipoMovimiento], [i].[UsuarioId]
    FROM [InventoryMovements] AS [i]
    ORDER BY [i].[FechaCreacionUtc] DESC
) AS [i0]
INNER JOIN [Products] AS [p] ON [i0].[ProductoId] = [p].[Id]
LEFT JOIN [Users] AS [u] ON [i0].[UsuarioId] = [u].[Id]
ORDER BY [i0].[FechaCreacionUtc] DESC
2026-08-07 20:43:36.394 -06:00 [INF] Executing OkObjectResult, writing value of type 'System.Collections.Generic.List`1[[Pos.Application.Inventory.DTOs.InventoryMovementDto, Pos.Application, Version=1.0.0.0, Culture=neutral, PublicKeyToken=null]]'.
2026-08-07 20:43:36.397 -06:00 [INF] Executed action Pos.Api.Controllers.v1.InventoryController.GetMovements (Pos.Api) in 90.5813ms
2026-08-07 20:43:36.401 -06:00 [INF] Executed endpoint 'Pos.Api.Controllers.v1.InventoryController.GetMovements (Pos.Api)'
2026-08-07 20:43:36.411 -06:00 [INF] Executed DbCommand (7ms) [Parameters=[@p0='?' (DbType = Guid), @p1='?' (Size = 100), @p2='?' (Size = 4000), @p3='?' (Size = 4000), @p4='?' (DbType = Boolean), @p5='?' (DbType = DateTime2), @p6='?' (DbType = DateTime2), @p7='?' (Size = 100), @p8='?' (Size = 4000), @p9='?' (Size = 4000), @p10='?' (DbType = Guid), @p11='?' (Size = 4000), @p12='?' (Size = 4000)], CommandType='"Text"', CommandTimeout='30']
SET IMPLICIT_TRANSACTIONS OFF;
SET NOCOUNT ON;
INSERT INTO [AuditLogs] ([Id], [Accion], [DireccionIp], [EntidadId], [EstaActivo], [FechaActualizacionUtc], [FechaCreacionUtc], [IdCorrelacion], [Motivo], [NombreEntidad], [UsuarioId], [ValoresAnterioresJson], [ValoresNuevosJson])
VALUES (@p0, @p1, @p2, @p3, @p4, @p5, @p6, @p7, @p8, @p9, @p10, @p11, @p12);
2026-08-07 20:43:36.414 -06:00 [INF] [AUDITORIA WPC BAJIO] CorrelationId: 9ede1dcc-0298-4b38-86cd-268c5202119c | Action: GET /api/v1/inventory/movements | Entity: HttpRequest (200) | User: ebc8b858-2837-4bd5-93e1-8b4c1d0bd81b | IP: ::1 | Reason: HTTP Response StatusCode: 200 | OldValues: N/A | NewValues: N/A
2026-08-07 20:43:36.418 -06:00 [INF] Request finished HTTP/1.1 GET http://localhost:5000/api/v1/inventory/movements - 200 null application/json; charset=utf-8 124.4879ms
2026-08-07 20:43:36.883 -06:00 [INF] Request starting HTTP/1.1 GET http://localhost:5000/api/v1/customers? - application/json null
2026-08-07 20:43:36.886 -06:00 [INF] Executing endpoint 'Pos.Api.Controllers.v1.CustomersController.GetCustomers (Pos.Api)'
2026-08-07 20:43:36.887 -06:00 [INF] Route matched with {action = "GetCustomers", controller = "Customers"}. Executing controller action with signature System.Threading.Tasks.Task`1[Microsoft.AspNetCore.Mvc.ActionResult`1[System.Collections.Generic.List`1[Pos.Application.Catalog.DTOs.CustomerDto]]] GetCustomers(System.String, System.String, System.Threading.CancellationToken) on controller Pos.Api.Controllers.v1.CustomersController (Pos.Api).
2026-08-07 20:43:36.894 -06:00 [INF] Executed DbCommand (4ms) [Parameters=[@__p_0='?' (DbType = Int32)], CommandType='"Text"', CommandTimeout='30']
SELECT TOP(@__p_0) [c].[Id], [c].[Apellido], [c].[Ciudad], [c].[CodigoPostal], [c].[Direccion], [c].[Email], [c].[EstaActivo], [c].[Estado], [c].[FechaActualizacionUtc], [c].[FechaCreacionUtc], [c].[Nombre], [c].[NombreEmpresa], [c].[Notas], [c].[PorcentajeDescuentoEspecial], [c].[Rfc], [c].[Telefono], [c].[TipoCliente]
FROM [Customers] AS [c]
WHERE [c].[EstaActivo] = CAST(1 AS bit)
ORDER BY COALESCE([c].[NombreEmpresa], [c].[Nombre])
2026-08-07 20:43:36.897 -06:00 [INF] Executing OkObjectResult, writing value of type 'System.Collections.Generic.List`1[[Pos.Application.Catalog.DTOs.CustomerDto, Pos.Application, Version=1.0.0.0, Culture=neutral, PublicKeyToken=null]]'.
2026-08-07 20:43:36.898 -06:00 [INF] Executed action Pos.Api.Controllers.v1.CustomersController.GetCustomers (Pos.Api) in 8.7465ms
2026-08-07 20:43:36.900 -06:00 [INF] Executed endpoint 'Pos.Api.Controllers.v1.CustomersController.GetCustomers (Pos.Api)'
2026-08-07 20:43:36.907 -06:00 [INF] Executed DbCommand (5ms) [Parameters=[@p0='?' (DbType = Guid), @p1='?' (Size = 100), @p2='?' (Size = 4000), @p3='?' (Size = 4000), @p4='?' (DbType = Boolean), @p5='?' (DbType = DateTime2), @p6='?' (DbType = DateTime2), @p7='?' (Size = 100), @p8='?' (Size = 4000), @p9='?' (Size = 4000), @p10='?' (DbType = Guid), @p11='?' (Size = 4000), @p12='?' (Size = 4000)], CommandType='"Text"', CommandTimeout='30']
SET IMPLICIT_TRANSACTIONS OFF;
SET NOCOUNT ON;
INSERT INTO [AuditLogs] ([Id], [Accion], [DireccionIp], [EntidadId], [EstaActivo], [FechaActualizacionUtc], [FechaCreacionUtc], [IdCorrelacion], [Motivo], [NombreEntidad], [UsuarioId], [ValoresAnterioresJson], [ValoresNuevosJson])
VALUES (@p0, @p1, @p2, @p3, @p4, @p5, @p6, @p7, @p8, @p9, @p10, @p11, @p12);
2026-08-07 20:43:36.910 -06:00 [INF] [AUDITORIA WPC BAJIO] CorrelationId: 0cbd4609-726a-4346-bc7f-befcd1a1608f | Action: GET /api/v1/customers | Entity: HttpRequest (200) | User: ebc8b858-2837-4bd5-93e1-8b4c1d0bd81b | IP: ::1 | Reason: HTTP Response StatusCode: 200 | OldValues: N/A | NewValues: N/A
2026-08-07 20:43:36.913 -06:00 [INF] Request finished HTTP/1.1 GET http://localhost:5000/api/v1/customers? - 200 null application/json; charset=utf-8 30.5473ms
2026-08-07 20:43:37.306 -06:00 [INF] Request starting HTTP/1.1 GET http://localhost:5000/api/v1/users - application/json null
2026-08-07 20:43:37.306 -06:00 [INF] Request starting HTTP/1.1 GET http://localhost:5000/api/v1/roles - application/json null
2026-08-07 20:43:37.307 -06:00 [INF] Request starting HTTP/1.1 GET http://localhost:5000/api/v1/roles/permissions - application/json null
2026-08-07 20:43:37.309 -06:00 [INF] Executing endpoint 'Pos.Api.Controllers.v1.UsersController.GetUsers (Pos.Api)'
2026-08-07 20:43:37.312 -06:00 [INF] Executing endpoint 'Pos.Api.Controllers.v1.RolesController.GetRoles (Pos.Api)'
2026-08-07 20:43:37.314 -06:00 [INF] Executing endpoint 'Pos.Api.Controllers.v1.RolesController.GetPermissions (Pos.Api)'
2026-08-07 20:43:37.319 -06:00 [INF] Route matched with {action = "GetUsers", controller = "Users"}. Executing controller action with signature System.Threading.Tasks.Task`1[Microsoft.AspNetCore.Mvc.ActionResult`1[System.Collections.Generic.List`1[Pos.Application.Users.DTOs.UserManagementDto]]] GetUsers(System.Threading.CancellationToken) on controller Pos.Api.Controllers.v1.UsersController (Pos.Api).
2026-08-07 20:43:37.320 -06:00 [INF] Route matched with {action = "GetRoles", controller = "Roles"}. Executing controller action with signature System.Threading.Tasks.Task`1[Microsoft.AspNetCore.Mvc.ActionResult`1[System.Collections.Generic.List`1[Pos.Application.Users.DTOs.RoleManagementDto]]] GetRoles(System.Threading.CancellationToken) on controller Pos.Api.Controllers.v1.RolesController (Pos.Api).
2026-08-07 20:43:37.321 -06:00 [INF] Route matched with {action = "GetPermissions", controller = "Roles"}. Executing controller action with signature System.Threading.Tasks.Task`1[Microsoft.AspNetCore.Mvc.ActionResult`1[System.Collections.Generic.List`1[Pos.Application.Users.DTOs.PermissionManagementDto]]] GetPermissions(System.Threading.CancellationToken) on controller Pos.Api.Controllers.v1.RolesController (Pos.Api).
2026-08-07 20:43:37.336 -06:00 [WRN] Compiling a query which loads related collections for more than one collection navigation, either via 'Include' or through projection, but no 'QuerySplittingBehavior' has been configured. By default, Entity Framework will use 'QuerySplittingBehavior.SingleQuery', which can potentially result in slow query performance. See https://go.microsoft.com/fwlink/?linkid=2134277 for more information. To identify the query that's triggering this warning call 'ConfigureWarnings(w => w.Throw(RelationalEventId.MultipleCollectionIncludeWarning))'.
2026-08-07 20:43:37.343 -06:00 [INF] Executed DbCommand (8ms) [Parameters=[], CommandType='"Text"', CommandTimeout='30']
SELECT [p].[Id], [p].[Accion], [p].[Descripcion], [p].[EstaActivo], [p].[FechaActualizacionUtc], [p].[FechaCreacionUtc], [p].[Modulo]
FROM [Permissions] AS [p]
WHERE [p].[EstaActivo] = CAST(1 AS bit)
ORDER BY [p].[Modulo], [p].[Accion]
2026-08-07 20:43:37.346 -06:00 [INF] Executing OkObjectResult, writing value of type 'System.Collections.Generic.List`1[[Pos.Application.Users.DTOs.PermissionManagementDto, Pos.Application, Version=1.0.0.0, Culture=neutral, PublicKeyToken=null]]'.
2026-08-07 20:43:37.349 -06:00 [INF] Executed action Pos.Api.Controllers.v1.RolesController.GetPermissions (Pos.Api) in 23.341ms
2026-08-07 20:43:37.351 -06:00 [INF] Executed endpoint 'Pos.Api.Controllers.v1.RolesController.GetPermissions (Pos.Api)'
2026-08-07 20:43:37.353 -06:00 [INF] Request starting HTTP/1.1 GET http://localhost:5000/api/v1/roles/permissions - application/json null
2026-08-07 20:43:37.354 -06:00 [INF] Executed DbCommand (11ms) [Parameters=[], CommandType='"Text"', CommandTimeout='30']
SELECT [u].[Id], [u].[Email], [u].[EmpleadoId], [u].[EstaActivo], [u].[FechaActualizacionUtc], [u].[FechaCreacionUtc], [u].[NombreUsuario], [u].[PasswordHash], [e].[Id], [e].[Apellido], [e].[Email], [e].[EstaActivo], [e].[FechaActualizacionUtc], [e].[FechaCreacionUtc], [e].[Nombre], [e].[Puesto], [s].[UsuarioId], [s].[RolId], [s].[Id], [s].[Descripcion], [s].[EstaActivo], [s].[FechaActualizacionUtc], [s].[FechaCreacionUtc], [s].[Nombre]
FROM [Users] AS [u]
LEFT JOIN [Employees] AS [e] ON [u].[EmpleadoId] = [e].[Id]
LEFT JOIN (
    SELECT [u0].[UsuarioId], [u0].[RolId], [r].[Id], [r].[Descripcion], [r].[EstaActivo], [r].[FechaActualizacionUtc], [r].[FechaCreacionUtc], [r].[Nombre]
    FROM [UserRoles] AS [u0]
    INNER JOIN [Roles] AS [r] ON [u0].[RolId] = [r].[Id]
) AS [s] ON [u].[Id] = [s].[UsuarioId]
ORDER BY [u].[FechaCreacionUtc] DESC, [u].[Id], [e].[Id], [s].[UsuarioId], [s].[RolId]
2026-08-07 20:43:37.356 -06:00 [INF] Executing endpoint 'Pos.Api.Controllers.v1.RolesController.GetPermissions (Pos.Api)'
2026-08-07 20:43:37.359 -06:00 [INF] Route matched with {action = "GetPermissions", controller = "Roles"}. Executing controller action with signature System.Threading.Tasks.Task`1[Microsoft.AspNetCore.Mvc.ActionResult`1[System.Collections.Generic.List`1[Pos.Application.Users.DTOs.PermissionManagementDto]]] GetPermissions(System.Threading.CancellationToken) on controller Pos.Api.Controllers.v1.RolesController (Pos.Api).
2026-08-07 20:43:37.364 -06:00 [INF] Executing OkObjectResult, writing value of type 'System.Collections.Generic.List`1[[Pos.Application.Users.DTOs.UserManagementDto, Pos.Application, Version=1.0.0.0, Culture=neutral, PublicKeyToken=null]]'.
2026-08-07 20:43:37.365 -06:00 [INF] Executed DbCommand (2ms) [Parameters=[], CommandType='"Text"', CommandTimeout='30']
SELECT [p].[Id], [p].[Accion], [p].[Descripcion], [p].[EstaActivo], [p].[FechaActualizacionUtc], [p].[FechaCreacionUtc], [p].[Modulo]
FROM [Permissions] AS [p]
WHERE [p].[EstaActivo] = CAST(1 AS bit)
ORDER BY [p].[Modulo], [p].[Accion]
2026-08-07 20:43:37.365 -06:00 [INF] Executed DbCommand (12ms) [Parameters=[@p0='?' (DbType = Guid), @p1='?' (Size = 100), @p2='?' (Size = 4000), @p3='?' (Size = 4000), @p4='?' (DbType = Boolean), @p5='?' (DbType = DateTime2), @p6='?' (DbType = DateTime2), @p7='?' (Size = 100), @p8='?' (Size = 4000), @p9='?' (Size = 4000), @p10='?' (DbType = Guid), @p11='?' (Size = 4000), @p12='?' (Size = 4000)], CommandType='"Text"', CommandTimeout='30']
SET IMPLICIT_TRANSACTIONS OFF;
SET NOCOUNT ON;
INSERT INTO [AuditLogs] ([Id], [Accion], [DireccionIp], [EntidadId], [EstaActivo], [FechaActualizacionUtc], [FechaCreacionUtc], [IdCorrelacion], [Motivo], [NombreEntidad], [UsuarioId], [ValoresAnterioresJson], [ValoresNuevosJson])
VALUES (@p0, @p1, @p2, @p3, @p4, @p5, @p6, @p7, @p8, @p9, @p10, @p11, @p12);
2026-08-07 20:43:37.369 -06:00 [INF] Executing OkObjectResult, writing value of type 'System.Collections.Generic.List`1[[Pos.Application.Users.DTOs.PermissionManagementDto, Pos.Application, Version=1.0.0.0, Culture=neutral, PublicKeyToken=null]]'.
2026-08-07 20:43:37.369 -06:00 [INF] Executed action Pos.Api.Controllers.v1.UsersController.GetUsers (Pos.Api) in 46.9334ms
2026-08-07 20:43:37.371 -06:00 [INF] [AUDITORIA WPC BAJIO] CorrelationId: 80f3b39a-3339-4d57-b221-e27ccdb18715 | Action: GET /api/v1/roles/permissions | Entity: HttpRequest (200) | User: ebc8b858-2837-4bd5-93e1-8b4c1d0bd81b | IP: ::1 | Reason: HTTP Response StatusCode: 200 | OldValues: N/A | NewValues: N/A
2026-08-07 20:43:37.369 -06:00 [INF] Executed DbCommand (21ms) [Parameters=[], CommandType='"Text"', CommandTimeout='30']
SELECT [r].[Id], [r].[Descripcion], [r].[EstaActivo], [r].[FechaActualizacionUtc], [r].[FechaCreacionUtc], [r].[Nombre], [s].[RolId], [s].[PermisoId], [s].[Id], [s].[Accion], [s].[Descripcion], [s].[EstaActivo], [s].[FechaActualizacionUtc], [s].[FechaCreacionUtc], [s].[Modulo], [s0].[UsuarioId], [s0].[RolId], [s0].[Id], [s0].[Email], [s0].[EmpleadoId], [s0].[EstaActivo], [s0].[FechaActualizacionUtc], [s0].[FechaCreacionUtc], [s0].[NombreUsuario], [s0].[PasswordHash]
FROM [Roles] AS [r]
LEFT JOIN (
    SELECT [r0].[RolId], [r0].[PermisoId], [p].[Id], [p].[Accion], [p].[Descripcion], [p].[EstaActivo], [p].[FechaActualizacionUtc], [p].[FechaCreacionUtc], [p].[Modulo]
    FROM [RolePermissions] AS [r0]
    INNER JOIN [Permissions] AS [p] ON [r0].[PermisoId] = [p].[Id]
) AS [s] ON [r].[Id] = [s].[RolId]
LEFT JOIN (
    SELECT [u].[UsuarioId], [u].[RolId], [u0].[Id], [u0].[Email], [u0].[EmpleadoId], [u0].[EstaActivo], [u0].[FechaActualizacionUtc], [u0].[FechaCreacionUtc], [u0].[NombreUsuario], [u0].[PasswordHash]
    FROM [UserRoles] AS [u]
    INNER JOIN [Users] AS [u0] ON [u].[UsuarioId] = [u0].[Id]
) AS [s0] ON [r].[Id] = [s0].[RolId]
ORDER BY [r].[Nombre], [r].[Id], [s].[RolId], [s].[PermisoId], [s].[Id], [s0].[UsuarioId], [s0].[RolId]
2026-08-07 20:43:37.373 -06:00 [INF] Executed action Pos.Api.Controllers.v1.RolesController.GetPermissions (Pos.Api) in 11.3941ms
2026-08-07 20:43:37.374 -06:00 [INF] Executed endpoint 'Pos.Api.Controllers.v1.UsersController.GetUsers (Pos.Api)'
2026-08-07 20:43:37.374 -06:00 [INF] Request starting HTTP/1.1 GET http://localhost:5000/api/v1/users - application/json null
2026-08-07 20:43:37.377 -06:00 [INF] Request finished HTTP/1.1 GET http://localhost:5000/api/v1/roles/permissions - 200 null application/json; charset=utf-8 70.7561ms
2026-08-07 20:43:37.381 -06:00 [INF] Executed endpoint 'Pos.Api.Controllers.v1.RolesController.GetPermissions (Pos.Api)'
2026-08-07 20:43:37.383 -06:00 [INF] Executed DbCommand (1ms) [Parameters=[@p0='?' (DbType = Guid), @p1='?' (Size = 100), @p2='?' (Size = 4000), @p3='?' (Size = 4000), @p4='?' (DbType = Boolean), @p5='?' (DbType = DateTime2), @p6='?' (DbType = DateTime2), @p7='?' (Size = 100), @p8='?' (Size = 4000), @p9='?' (Size = 4000), @p10='?' (DbType = Guid), @p11='?' (Size = 4000), @p12='?' (Size = 4000)], CommandType='"Text"', CommandTimeout='30']
SET IMPLICIT_TRANSACTIONS OFF;
SET NOCOUNT ON;
INSERT INTO [AuditLogs] ([Id], [Accion], [DireccionIp], [EntidadId], [EstaActivo], [FechaActualizacionUtc], [FechaCreacionUtc], [IdCorrelacion], [Motivo], [NombreEntidad], [UsuarioId], [ValoresAnterioresJson], [ValoresNuevosJson])
VALUES (@p0, @p1, @p2, @p3, @p4, @p5, @p6, @p7, @p8, @p9, @p10, @p11, @p12);
2026-08-07 20:43:37.385 -06:00 [INF] Executing endpoint 'Pos.Api.Controllers.v1.UsersController.GetUsers (Pos.Api)'
2026-08-07 20:43:37.390 -06:00 [INF] Executed DbCommand (1ms) [Parameters=[@p0='?' (DbType = Guid), @p1='?' (Size = 100), @p2='?' (Size = 4000), @p3='?' (Size = 4000), @p4='?' (DbType = Boolean), @p5='?' (DbType = DateTime2), @p6='?' (DbType = DateTime2), @p7='?' (Size = 100), @p8='?' (Size = 4000), @p9='?' (Size = 4000), @p10='?' (DbType = Guid), @p11='?' (Size = 4000), @p12='?' (Size = 4000)], CommandType='"Text"', CommandTimeout='30']
SET IMPLICIT_TRANSACTIONS OFF;
SET NOCOUNT ON;
INSERT INTO [AuditLogs] ([Id], [Accion], [DireccionIp], [EntidadId], [EstaActivo], [FechaActualizacionUtc], [FechaCreacionUtc], [IdCorrelacion], [Motivo], [NombreEntidad], [UsuarioId], [ValoresAnterioresJson], [ValoresNuevosJson])
VALUES (@p0, @p1, @p2, @p3, @p4, @p5, @p6, @p7, @p8, @p9, @p10, @p11, @p12);
2026-08-07 20:43:37.391 -06:00 [INF] [AUDITORIA WPC BAJIO] CorrelationId: fb27a661-4c88-4412-a883-a513ac89acad | Action: GET /api/v1/users | Entity: HttpRequest (200) | User: ebc8b858-2837-4bd5-93e1-8b4c1d0bd81b | IP: ::1 | Reason: HTTP Response StatusCode: 200 | OldValues: N/A | NewValues: N/A
2026-08-07 20:43:37.392 -06:00 [INF] Executing OkObjectResult, writing value of type 'System.Collections.Generic.List`1[[Pos.Application.Users.DTOs.RoleManagementDto, Pos.Application, Version=1.0.0.0, Culture=neutral, PublicKeyToken=null]]'.
2026-08-07 20:43:37.392 -06:00 [INF] Route matched with {action = "GetUsers", controller = "Users"}. Executing controller action with signature System.Threading.Tasks.Task`1[Microsoft.AspNetCore.Mvc.ActionResult`1[System.Collections.Generic.List`1[Pos.Application.Users.DTOs.UserManagementDto]]] GetUsers(System.Threading.CancellationToken) on controller Pos.Api.Controllers.v1.UsersController (Pos.Api).
2026-08-07 20:43:37.395 -06:00 [INF] [AUDITORIA WPC BAJIO] CorrelationId: a7943bca-1220-444a-8c33-172a4f299534 | Action: GET /api/v1/roles/permissions | Entity: HttpRequest (200) | User: ebc8b858-2837-4bd5-93e1-8b4c1d0bd81b | IP: ::1 | Reason: HTTP Response StatusCode: 200 | OldValues: N/A | NewValues: N/A
2026-08-07 20:43:37.397 -06:00 [INF] Request finished HTTP/1.1 GET http://localhost:5000/api/v1/users - 200 null application/json; charset=utf-8 91.1121ms
2026-08-07 20:43:37.404 -06:00 [INF] Executed DbCommand (1ms) [Parameters=[], CommandType='"Text"', CommandTimeout='30']
SELECT [u].[Id], [u].[Email], [u].[EmpleadoId], [u].[EstaActivo], [u].[FechaActualizacionUtc], [u].[FechaCreacionUtc], [u].[NombreUsuario], [u].[PasswordHash], [e].[Id], [e].[Apellido], [e].[Email], [e].[EstaActivo], [e].[FechaActualizacionUtc], [e].[FechaCreacionUtc], [e].[Nombre], [e].[Puesto], [s].[UsuarioId], [s].[RolId], [s].[Id], [s].[Descripcion], [s].[EstaActivo], [s].[FechaActualizacionUtc], [s].[FechaCreacionUtc], [s].[Nombre]
FROM [Users] AS [u]
LEFT JOIN [Employees] AS [e] ON [u].[EmpleadoId] = [e].[Id]
LEFT JOIN (
    SELECT [u0].[UsuarioId], [u0].[RolId], [r].[Id], [r].[Descripcion], [r].[EstaActivo], [r].[FechaActualizacionUtc], [r].[FechaCreacionUtc], [r].[Nombre]
    FROM [UserRoles] AS [u0]
    INNER JOIN [Roles] AS [r] ON [u0].[RolId] = [r].[Id]
) AS [s] ON [u].[Id] = [s].[UsuarioId]
ORDER BY [u].[FechaCreacionUtc] DESC, [u].[Id], [e].[Id], [s].[UsuarioId], [s].[RolId]
2026-08-07 20:43:37.406 -06:00 [INF] Request finished HTTP/1.1 GET http://localhost:5000/api/v1/roles/permissions - 200 null application/json; charset=utf-8 52.1058ms
2026-08-07 20:43:37.401 -06:00 [INF] Executed action Pos.Api.Controllers.v1.RolesController.GetRoles (Pos.Api) in 77.0141ms
2026-08-07 20:43:37.407 -06:00 [INF] Request starting HTTP/1.1 GET http://localhost:5000/api/v1/roles - application/json null
2026-08-07 20:43:37.414 -06:00 [INF] Executing OkObjectResult, writing value of type 'System.Collections.Generic.List`1[[Pos.Application.Users.DTOs.UserManagementDto, Pos.Application, Version=1.0.0.0, Culture=neutral, PublicKeyToken=null]]'.
2026-08-07 20:43:37.418 -06:00 [INF] Executed endpoint 'Pos.Api.Controllers.v1.RolesController.GetRoles (Pos.Api)'
2026-08-07 20:43:37.421 -06:00 [INF] Executing endpoint 'Pos.Api.Controllers.v1.RolesController.GetRoles (Pos.Api)'
2026-08-07 20:43:37.422 -06:00 [INF] Executed action Pos.Api.Controllers.v1.UsersController.GetUsers (Pos.Api) in 20.8629ms
2026-08-07 20:43:37.424 -06:00 [INF] Route matched with {action = "GetRoles", controller = "Roles"}. Executing controller action with signature System.Threading.Tasks.Task`1[Microsoft.AspNetCore.Mvc.ActionResult`1[System.Collections.Generic.List`1[Pos.Application.Users.DTOs.RoleManagementDto]]] GetRoles(System.Threading.CancellationToken) on controller Pos.Api.Controllers.v1.RolesController (Pos.Api).
2026-08-07 20:43:37.425 -06:00 [INF] Executed DbCommand (1ms) [Parameters=[@p0='?' (DbType = Guid), @p1='?' (Size = 100), @p2='?' (Size = 4000), @p3='?' (Size = 4000), @p4='?' (DbType = Boolean), @p5='?' (DbType = DateTime2), @p6='?' (DbType = DateTime2), @p7='?' (Size = 100), @p8='?' (Size = 4000), @p9='?' (Size = 4000), @p10='?' (DbType = Guid), @p11='?' (Size = 4000), @p12='?' (Size = 4000)], CommandType='"Text"', CommandTimeout='30']
SET IMPLICIT_TRANSACTIONS OFF;
SET NOCOUNT ON;
INSERT INTO [AuditLogs] ([Id], [Accion], [DireccionIp], [EntidadId], [EstaActivo], [FechaActualizacionUtc], [FechaCreacionUtc], [IdCorrelacion], [Motivo], [NombreEntidad], [UsuarioId], [ValoresAnterioresJson], [ValoresNuevosJson])
VALUES (@p0, @p1, @p2, @p3, @p4, @p5, @p6, @p7, @p8, @p9, @p10, @p11, @p12);
2026-08-07 20:43:37.426 -06:00 [INF] Executed endpoint 'Pos.Api.Controllers.v1.UsersController.GetUsers (Pos.Api)'
2026-08-07 20:43:37.430 -06:00 [INF] Executed DbCommand (1ms) [Parameters=[], CommandType='"Text"', CommandTimeout='30']
SELECT [r].[Id], [r].[Descripcion], [r].[EstaActivo], [r].[FechaActualizacionUtc], [r].[FechaCreacionUtc], [r].[Nombre], [s].[RolId], [s].[PermisoId], [s].[Id], [s].[Accion], [s].[Descripcion], [s].[EstaActivo], [s].[FechaActualizacionUtc], [s].[FechaCreacionUtc], [s].[Modulo], [s0].[UsuarioId], [s0].[RolId], [s0].[Id], [s0].[Email], [s0].[EmpleadoId], [s0].[EstaActivo], [s0].[FechaActualizacionUtc], [s0].[FechaCreacionUtc], [s0].[NombreUsuario], [s0].[PasswordHash]
FROM [Roles] AS [r]
LEFT JOIN (
    SELECT [r0].[RolId], [r0].[PermisoId], [p].[Id], [p].[Accion], [p].[Descripcion], [p].[EstaActivo], [p].[FechaActualizacionUtc], [p].[FechaCreacionUtc], [p].[Modulo]
    FROM [RolePermissions] AS [r0]
    INNER JOIN [Permissions] AS [p] ON [r0].[PermisoId] = [p].[Id]
) AS [s] ON [r].[Id] = [s].[RolId]
LEFT JOIN (
    SELECT [u].[UsuarioId], [u].[RolId], [u0].[Id], [u0].[Email], [u0].[EmpleadoId], [u0].[EstaActivo], [u0].[FechaActualizacionUtc], [u0].[FechaCreacionUtc], [u0].[NombreUsuario], [u0].[PasswordHash]
    FROM [UserRoles] AS [u]
    INNER JOIN [Users] AS [u0] ON [u].[UsuarioId] = [u0].[Id]
) AS [s0] ON [r].[Id] = [s0].[RolId]
ORDER BY [r].[Nombre], [r].[Id], [s].[RolId], [s].[PermisoId], [s].[Id], [s0].[UsuarioId], [s0].[RolId]
2026-08-07 20:43:37.430 -06:00 [INF] [AUDITORIA WPC BAJIO] CorrelationId: 80b61f86-5569-4021-962c-7406ec103d19 | Action: GET /api/v1/roles | Entity: HttpRequest (200) | User: ebc8b858-2837-4bd5-93e1-8b4c1d0bd81b | IP: ::1 | Reason: HTTP Response StatusCode: 200 | OldValues: N/A | NewValues: N/A
2026-08-07 20:43:37.432 -06:00 [INF] Executed DbCommand (1ms) [Parameters=[@p0='?' (DbType = Guid), @p1='?' (Size = 100), @p2='?' (Size = 4000), @p3='?' (Size = 4000), @p4='?' (DbType = Boolean), @p5='?' (DbType = DateTime2), @p6='?' (DbType = DateTime2), @p7='?' (Size = 100), @p8='?' (Size = 4000), @p9='?' (Size = 4000), @p10='?' (DbType = Guid), @p11='?' (Size = 4000), @p12='?' (Size = 4000)], CommandType='"Text"', CommandTimeout='30']
SET IMPLICIT_TRANSACTIONS OFF;
SET NOCOUNT ON;
INSERT INTO [AuditLogs] ([Id], [Accion], [DireccionIp], [EntidadId], [EstaActivo], [FechaActualizacionUtc], [FechaCreacionUtc], [IdCorrelacion], [Motivo], [NombreEntidad], [UsuarioId], [ValoresAnterioresJson], [ValoresNuevosJson])
VALUES (@p0, @p1, @p2, @p3, @p4, @p5, @p6, @p7, @p8, @p9, @p10, @p11, @p12);
2026-08-07 20:43:37.434 -06:00 [INF] Executing OkObjectResult, writing value of type 'System.Collections.Generic.List`1[[Pos.Application.Users.DTOs.RoleManagementDto, Pos.Application, Version=1.0.0.0, Culture=neutral, PublicKeyToken=null]]'.
2026-08-07 20:43:37.435 -06:00 [INF] Request finished HTTP/1.1 GET http://localhost:5000/api/v1/roles - 200 null application/json; charset=utf-8 128.9398ms
2026-08-07 20:43:37.438 -06:00 [INF] [AUDITORIA WPC BAJIO] CorrelationId: 719982be-6e54-475c-aab9-50019f1047c6 | Action: GET /api/v1/users | Entity: HttpRequest (200) | User: ebc8b858-2837-4bd5-93e1-8b4c1d0bd81b | IP: ::1 | Reason: HTTP Response StatusCode: 200 | OldValues: N/A | NewValues: N/A
2026-08-07 20:43:37.440 -06:00 [INF] Executed action Pos.Api.Controllers.v1.RolesController.GetRoles (Pos.Api) in 12.1573ms
2026-08-07 20:43:37.446 -06:00 [INF] Request finished HTTP/1.1 GET http://localhost:5000/api/v1/users - 200 null application/json; charset=utf-8 72.1349ms
2026-08-07 20:43:37.448 -06:00 [INF] Executed endpoint 'Pos.Api.Controllers.v1.RolesController.GetRoles (Pos.Api)'
2026-08-07 20:43:37.453 -06:00 [INF] Executed DbCommand (1ms) [Parameters=[@p0='?' (DbType = Guid), @p1='?' (Size = 100), @p2='?' (Size = 4000), @p3='?' (Size = 4000), @p4='?' (DbType = Boolean), @p5='?' (DbType = DateTime2), @p6='?' (DbType = DateTime2), @p7='?' (Size = 100), @p8='?' (Size = 4000), @p9='?' (Size = 4000), @p10='?' (DbType = Guid), @p11='?' (Size = 4000), @p12='?' (Size = 4000)], CommandType='"Text"', CommandTimeout='30']
SET IMPLICIT_TRANSACTIONS OFF;
SET NOCOUNT ON;
INSERT INTO [AuditLogs] ([Id], [Accion], [DireccionIp], [EntidadId], [EstaActivo], [FechaActualizacionUtc], [FechaCreacionUtc], [IdCorrelacion], [Motivo], [NombreEntidad], [UsuarioId], [ValoresAnterioresJson], [ValoresNuevosJson])
VALUES (@p0, @p1, @p2, @p3, @p4, @p5, @p6, @p7, @p8, @p9, @p10, @p11, @p12);
2026-08-07 20:43:37.455 -06:00 [INF] [AUDITORIA WPC BAJIO] CorrelationId: 3f6fd35e-72d1-4b17-8a27-7ece0e620eb6 | Action: GET /api/v1/roles | Entity: HttpRequest (200) | User: ebc8b858-2837-4bd5-93e1-8b4c1d0bd81b | IP: ::1 | Reason: HTTP Response StatusCode: 200 | OldValues: N/A | NewValues: N/A
2026-08-07 20:43:37.459 -06:00 [INF] Request finished HTTP/1.1 GET http://localhost:5000/api/v1/roles - 200 null application/json; charset=utf-8 52.3688ms
2026-08-07 20:44:02.783 -06:00 [INF] Request starting HTTP/1.1 GET http://localhost:5000/api/v1/inventory - application/json null
2026-08-07 20:44:02.786 -06:00 [INF] Executing endpoint 'Pos.Api.Controllers.v1.InventoryController.GetStockLevels (Pos.Api)'
2026-08-07 20:44:02.787 -06:00 [INF] Route matched with {action = "GetStockLevels", controller = "Inventory"}. Executing controller action with signature System.Threading.Tasks.Task`1[Microsoft.AspNetCore.Mvc.ActionResult`1[System.Collections.Generic.List`1[Pos.Application.Inventory.DTOs.StockDto]]] GetStockLevels(System.String, System.Nullable`1[System.Boolean], System.Threading.CancellationToken) on controller Pos.Api.Controllers.v1.InventoryController (Pos.Api).
2026-08-07 20:44:02.799 -06:00 [INF] Executed DbCommand (8ms) [Parameters=[], CommandType='"Text"', CommandTimeout='30']
SELECT [s].[Id], [s].[CantidadDisponible], [s].[CantidadReorden], [s].[EstaActivo], [s].[FechaActualizacionUtc], [s].[FechaCreacionUtc], [s].[ProductoId], [s].[Ubicacion], [s].[UmbralMinimoAlerta], [s].[VersionFila], [p].[Id], [p].[AltoCm], [p].[AnchoCm], [p].[AnchoMm], [p].[Barcode], [p].[CantidadInventarioInicial], [p].[CantidadMinimaMayoreo], [p].[CategoriaId], [p].[CoberturaM2Caja], [p].[CoberturaPorUnidadM2], [p].[Descripcion], [p].[EspesorMm], [p].[EstaActivo], [p].[FechaActualizacionUtc], [p].[FechaCreacionUtc], [p].[ImagenUrl], [p].[LargoCm], [p].[LargoMm], [p].[Material], [p].[Nombre], [p].[PiezasPorCaja], [p].[PrecioMayoreo], [p].[PrecioUnitario], [p].[Sku], [p].[SoloCotizacion], [p].[UnidadMedida], [p].[VisibleMasVendido], [c].[Id], [c].[CategoriaPadreId], [c].[Descripcion], [c].[EstaActivo], [c].[FechaActualizacionUtc], [c].[FechaCreacionUtc], [c].[Nombre], [c].[Slug]
FROM [Stocks] AS [s]
INNER JOIN [Products] AS [p] ON [s].[ProductoId] = [p].[Id]
INNER JOIN [Categories] AS [c] ON [p].[CategoriaId] = [c].[Id]
WHERE [p].[EstaActivo] = CAST(1 AS bit)
2026-08-07 20:44:02.814 -06:00 [INF] Executing OkObjectResult, writing value of type 'System.Collections.Generic.List`1[[Pos.Application.Inventory.DTOs.StockDto, Pos.Application, Version=1.0.0.0, Culture=neutral, PublicKeyToken=null]]'.
2026-08-07 20:44:02.816 -06:00 [INF] Executed action Pos.Api.Controllers.v1.InventoryController.GetStockLevels (Pos.Api) in 26.8496ms
2026-08-07 20:44:02.817 -06:00 [INF] Executed endpoint 'Pos.Api.Controllers.v1.InventoryController.GetStockLevels (Pos.Api)'
2026-08-07 20:44:02.821 -06:00 [INF] Request starting HTTP/1.1 GET http://localhost:5000/api/v1/inventory - application/json null
2026-08-07 20:44:02.823 -06:00 [INF] Executing endpoint 'Pos.Api.Controllers.v1.InventoryController.GetStockLevels (Pos.Api)'
2026-08-07 20:44:02.824 -06:00 [INF] Executed DbCommand (4ms) [Parameters=[@p0='?' (DbType = Guid), @p1='?' (Size = 100), @p2='?' (Size = 4000), @p3='?' (Size = 4000), @p4='?' (DbType = Boolean), @p5='?' (DbType = DateTime2), @p6='?' (DbType = DateTime2), @p7='?' (Size = 100), @p8='?' (Size = 4000), @p9='?' (Size = 4000), @p10='?' (DbType = Guid), @p11='?' (Size = 4000), @p12='?' (Size = 4000)], CommandType='"Text"', CommandTimeout='30']
SET IMPLICIT_TRANSACTIONS OFF;
SET NOCOUNT ON;
INSERT INTO [AuditLogs] ([Id], [Accion], [DireccionIp], [EntidadId], [EstaActivo], [FechaActualizacionUtc], [FechaCreacionUtc], [IdCorrelacion], [Motivo], [NombreEntidad], [UsuarioId], [ValoresAnterioresJson], [ValoresNuevosJson])
VALUES (@p0, @p1, @p2, @p3, @p4, @p5, @p6, @p7, @p8, @p9, @p10, @p11, @p12);
2026-08-07 20:44:02.825 -06:00 [INF] Route matched with {action = "GetStockLevels", controller = "Inventory"}. Executing controller action with signature System.Threading.Tasks.Task`1[Microsoft.AspNetCore.Mvc.ActionResult`1[System.Collections.Generic.List`1[Pos.Application.Inventory.DTOs.StockDto]]] GetStockLevels(System.String, System.Nullable`1[System.Boolean], System.Threading.CancellationToken) on controller Pos.Api.Controllers.v1.InventoryController (Pos.Api).
2026-08-07 20:44:02.828 -06:00 [INF] [AUDITORIA WPC BAJIO] CorrelationId: 36893d32-1bf3-48e2-b060-25c146bb7cf7 | Action: GET /api/v1/inventory | Entity: HttpRequest (200) | User: ebc8b858-2837-4bd5-93e1-8b4c1d0bd81b | IP: ::1 | Reason: HTTP Response StatusCode: 200 | OldValues: N/A | NewValues: N/A
2026-08-07 20:44:02.831 -06:00 [INF] Executed DbCommand (0ms) [Parameters=[], CommandType='"Text"', CommandTimeout='30']
SELECT [s].[Id], [s].[CantidadDisponible], [s].[CantidadReorden], [s].[EstaActivo], [s].[FechaActualizacionUtc], [s].[FechaCreacionUtc], [s].[ProductoId], [s].[Ubicacion], [s].[UmbralMinimoAlerta], [s].[VersionFila], [p].[Id], [p].[AltoCm], [p].[AnchoCm], [p].[AnchoMm], [p].[Barcode], [p].[CantidadInventarioInicial], [p].[CantidadMinimaMayoreo], [p].[CategoriaId], [p].[CoberturaM2Caja], [p].[CoberturaPorUnidadM2], [p].[Descripcion], [p].[EspesorMm], [p].[EstaActivo], [p].[FechaActualizacionUtc], [p].[FechaCreacionUtc], [p].[ImagenUrl], [p].[LargoCm], [p].[LargoMm], [p].[Material], [p].[Nombre], [p].[PiezasPorCaja], [p].[PrecioMayoreo], [p].[PrecioUnitario], [p].[Sku], [p].[SoloCotizacion], [p].[UnidadMedida], [p].[VisibleMasVendido], [c].[Id], [c].[CategoriaPadreId], [c].[Descripcion], [c].[EstaActivo], [c].[FechaActualizacionUtc], [c].[FechaCreacionUtc], [c].[Nombre], [c].[Slug]
FROM [Stocks] AS [s]
INNER JOIN [Products] AS [p] ON [s].[ProductoId] = [p].[Id]
INNER JOIN [Categories] AS [c] ON [p].[CategoriaId] = [c].[Id]
WHERE [p].[EstaActivo] = CAST(1 AS bit)
2026-08-07 20:44:02.833 -06:00 [INF] Request finished HTTP/1.1 GET http://localhost:5000/api/v1/inventory - 200 null application/json; charset=utf-8 49.4679ms
2026-08-07 20:44:02.840 -06:00 [INF] Request starting HTTP/1.1 GET http://localhost:5000/api/v1/inventory/movements - application/json null
2026-08-07 20:44:02.847 -06:00 [INF] Executing endpoint 'Pos.Api.Controllers.v1.InventoryController.GetMovements (Pos.Api)'
2026-08-07 20:44:02.848 -06:00 [INF] Route matched with {action = "GetMovements", controller = "Inventory"}. Executing controller action with signature System.Threading.Tasks.Task`1[Microsoft.AspNetCore.Mvc.ActionResult`1[System.Collections.Generic.List`1[Pos.Application.Inventory.DTOs.InventoryMovementDto]]] GetMovements(System.Nullable`1[System.Guid], System.String, System.Threading.CancellationToken) on controller Pos.Api.Controllers.v1.InventoryController (Pos.Api).
2026-08-07 20:44:02.852 -06:00 [INF] Executing OkObjectResult, writing value of type 'System.Collections.Generic.List`1[[Pos.Application.Inventory.DTOs.StockDto, Pos.Application, Version=1.0.0.0, Culture=neutral, PublicKeyToken=null]]'.
2026-08-07 20:44:02.856 -06:00 [INF] Executed action Pos.Api.Controllers.v1.InventoryController.GetStockLevels (Pos.Api) in 25.6051ms
2026-08-07 20:44:02.858 -06:00 [INF] Executed endpoint 'Pos.Api.Controllers.v1.InventoryController.GetStockLevels (Pos.Api)'
2026-08-07 20:44:02.861 -06:00 [INF] Executed DbCommand (1ms) [Parameters=[@p0='?' (DbType = Guid), @p1='?' (Size = 100), @p2='?' (Size = 4000), @p3='?' (Size = 4000), @p4='?' (DbType = Boolean), @p5='?' (DbType = DateTime2), @p6='?' (DbType = DateTime2), @p7='?' (Size = 100), @p8='?' (Size = 4000), @p9='?' (Size = 4000), @p10='?' (DbType = Guid), @p11='?' (Size = 4000), @p12='?' (Size = 4000)], CommandType='"Text"', CommandTimeout='30']
SET IMPLICIT_TRANSACTIONS OFF;
SET NOCOUNT ON;
INSERT INTO [AuditLogs] ([Id], [Accion], [DireccionIp], [EntidadId], [EstaActivo], [FechaActualizacionUtc], [FechaCreacionUtc], [IdCorrelacion], [Motivo], [NombreEntidad], [UsuarioId], [ValoresAnterioresJson], [ValoresNuevosJson])
VALUES (@p0, @p1, @p2, @p3, @p4, @p5, @p6, @p7, @p8, @p9, @p10, @p11, @p12);
2026-08-07 20:44:02.863 -06:00 [INF] [AUDITORIA WPC BAJIO] CorrelationId: cd31067f-32f8-497b-a335-73788132c547 | Action: GET /api/v1/inventory | Entity: HttpRequest (200) | User: ebc8b858-2837-4bd5-93e1-8b4c1d0bd81b | IP: ::1 | Reason: HTTP Response StatusCode: 200 | OldValues: N/A | NewValues: N/A
2026-08-07 20:44:02.866 -06:00 [INF] Request finished HTTP/1.1 GET http://localhost:5000/api/v1/inventory - 200 null application/json; charset=utf-8 44.861ms
2026-08-07 20:44:02.886 -06:00 [INF] Executed DbCommand (34ms) [Parameters=[@__p_0='?' (DbType = Int32)], CommandType='"Text"', CommandTimeout='30']
SELECT [i0].[Id], [i0].[Cantidad], [i0].[CantidadAnterior], [i0].[CantidadNueva], [i0].[EstaActivo], [i0].[EvidenceImageUrl], [i0].[FechaActualizacionUtc], [i0].[FechaCreacionUtc], [i0].[Motivo], [i0].[NumeroReferencia], [i0].[ProductoId], [i0].[TipoMovimiento], [i0].[UsuarioId], [p].[Id], [p].[AltoCm], [p].[AnchoCm], [p].[AnchoMm], [p].[Barcode], [p].[CantidadInventarioInicial], [p].[CantidadMinimaMayoreo], [p].[CategoriaId], [p].[CoberturaM2Caja], [p].[CoberturaPorUnidadM2], [p].[Descripcion], [p].[EspesorMm], [p].[EstaActivo], [p].[FechaActualizacionUtc], [p].[FechaCreacionUtc], [p].[ImagenUrl], [p].[LargoCm], [p].[LargoMm], [p].[Material], [p].[Nombre], [p].[PiezasPorCaja], [p].[PrecioMayoreo], [p].[PrecioUnitario], [p].[Sku], [p].[SoloCotizacion], [p].[UnidadMedida], [p].[VisibleMasVendido], [u].[Id], [u].[Email], [u].[EmpleadoId], [u].[EstaActivo], [u].[FechaActualizacionUtc], [u].[FechaCreacionUtc], [u].[NombreUsuario], [u].[PasswordHash]
FROM (
    SELECT TOP(@__p_0) [i].[Id], [i].[Cantidad], [i].[CantidadAnterior], [i].[CantidadNueva], [i].[EstaActivo], [i].[EvidenceImageUrl], [i].[FechaActualizacionUtc], [i].[FechaCreacionUtc], [i].[Motivo], [i].[NumeroReferencia], [i].[ProductoId], [i].[TipoMovimiento], [i].[UsuarioId]
    FROM [InventoryMovements] AS [i]
    ORDER BY [i].[FechaCreacionUtc] DESC
) AS [i0]
INNER JOIN [Products] AS [p] ON [i0].[ProductoId] = [p].[Id]
LEFT JOIN [Users] AS [u] ON [i0].[UsuarioId] = [u].[Id]
ORDER BY [i0].[FechaCreacionUtc] DESC
2026-08-07 20:44:02.956 -06:00 [INF] Executing OkObjectResult, writing value of type 'System.Collections.Generic.List`1[[Pos.Application.Inventory.DTOs.InventoryMovementDto, Pos.Application, Version=1.0.0.0, Culture=neutral, PublicKeyToken=null]]'.
2026-08-07 20:44:02.958 -06:00 [INF] Executed action Pos.Api.Controllers.v1.InventoryController.GetMovements (Pos.Api) in 107.0153ms
2026-08-07 20:44:02.959 -06:00 [INF] Executed endpoint 'Pos.Api.Controllers.v1.InventoryController.GetMovements (Pos.Api)'
2026-08-07 20:44:02.962 -06:00 [INF] Executed DbCommand (1ms) [Parameters=[@p0='?' (DbType = Guid), @p1='?' (Size = 100), @p2='?' (Size = 4000), @p3='?' (Size = 4000), @p4='?' (DbType = Boolean), @p5='?' (DbType = DateTime2), @p6='?' (DbType = DateTime2), @p7='?' (Size = 100), @p8='?' (Size = 4000), @p9='?' (Size = 4000), @p10='?' (DbType = Guid), @p11='?' (Size = 4000), @p12='?' (Size = 4000)], CommandType='"Text"', CommandTimeout='30']
SET IMPLICIT_TRANSACTIONS OFF;
SET NOCOUNT ON;
INSERT INTO [AuditLogs] ([Id], [Accion], [DireccionIp], [EntidadId], [EstaActivo], [FechaActualizacionUtc], [FechaCreacionUtc], [IdCorrelacion], [Motivo], [NombreEntidad], [UsuarioId], [ValoresAnterioresJson], [ValoresNuevosJson])
VALUES (@p0, @p1, @p2, @p3, @p4, @p5, @p6, @p7, @p8, @p9, @p10, @p11, @p12);
2026-08-07 20:44:02.963 -06:00 [INF] Request starting HTTP/1.1 GET http://localhost:5000/api/v1/inventory/movements - application/json null
2026-08-07 20:44:02.965 -06:00 [INF] [AUDITORIA WPC BAJIO] CorrelationId: 56cb61c9-ca2c-4530-b382-69fc35520420 | Action: GET /api/v1/inventory/movements | Entity: HttpRequest (200) | User: ebc8b858-2837-4bd5-93e1-8b4c1d0bd81b | IP: ::1 | Reason: HTTP Response StatusCode: 200 | OldValues: N/A | NewValues: N/A
2026-08-07 20:44:02.966 -06:00 [INF] Executing endpoint 'Pos.Api.Controllers.v1.InventoryController.GetMovements (Pos.Api)'
2026-08-07 20:44:02.969 -06:00 [INF] Request finished HTTP/1.1 GET http://localhost:5000/api/v1/inventory/movements - 200 null application/json; charset=utf-8 128.9905ms
2026-08-07 20:44:02.971 -06:00 [INF] Route matched with {action = "GetMovements", controller = "Inventory"}. Executing controller action with signature System.Threading.Tasks.Task`1[Microsoft.AspNetCore.Mvc.ActionResult`1[System.Collections.Generic.List`1[Pos.Application.Inventory.DTOs.InventoryMovementDto]]] GetMovements(System.Nullable`1[System.Guid], System.String, System.Threading.CancellationToken) on controller Pos.Api.Controllers.v1.InventoryController (Pos.Api).
2026-08-07 20:44:02.978 -06:00 [INF] Executed DbCommand (1ms) [Parameters=[@__p_0='?' (DbType = Int32)], CommandType='"Text"', CommandTimeout='30']
SELECT [i0].[Id], [i0].[Cantidad], [i0].[CantidadAnterior], [i0].[CantidadNueva], [i0].[EstaActivo], [i0].[EvidenceImageUrl], [i0].[FechaActualizacionUtc], [i0].[FechaCreacionUtc], [i0].[Motivo], [i0].[NumeroReferencia], [i0].[ProductoId], [i0].[TipoMovimiento], [i0].[UsuarioId], [p].[Id], [p].[AltoCm], [p].[AnchoCm], [p].[AnchoMm], [p].[Barcode], [p].[CantidadInventarioInicial], [p].[CantidadMinimaMayoreo], [p].[CategoriaId], [p].[CoberturaM2Caja], [p].[CoberturaPorUnidadM2], [p].[Descripcion], [p].[EspesorMm], [p].[EstaActivo], [p].[FechaActualizacionUtc], [p].[FechaCreacionUtc], [p].[ImagenUrl], [p].[LargoCm], [p].[LargoMm], [p].[Material], [p].[Nombre], [p].[PiezasPorCaja], [p].[PrecioMayoreo], [p].[PrecioUnitario], [p].[Sku], [p].[SoloCotizacion], [p].[UnidadMedida], [p].[VisibleMasVendido], [u].[Id], [u].[Email], [u].[EmpleadoId], [u].[EstaActivo], [u].[FechaActualizacionUtc], [u].[FechaCreacionUtc], [u].[NombreUsuario], [u].[PasswordHash]
FROM (
    SELECT TOP(@__p_0) [i].[Id], [i].[Cantidad], [i].[CantidadAnterior], [i].[CantidadNueva], [i].[EstaActivo], [i].[EvidenceImageUrl], [i].[FechaActualizacionUtc], [i].[FechaCreacionUtc], [i].[Motivo], [i].[NumeroReferencia], [i].[ProductoId], [i].[TipoMovimiento], [i].[UsuarioId]
    FROM [InventoryMovements] AS [i]
    ORDER BY [i].[FechaCreacionUtc] DESC
) AS [i0]
INNER JOIN [Products] AS [p] ON [i0].[ProductoId] = [p].[Id]
LEFT JOIN [Users] AS [u] ON [i0].[UsuarioId] = [u].[Id]
ORDER BY [i0].[FechaCreacionUtc] DESC
2026-08-07 20:44:03.042 -06:00 [INF] Executing OkObjectResult, writing value of type 'System.Collections.Generic.List`1[[Pos.Application.Inventory.DTOs.InventoryMovementDto, Pos.Application, Version=1.0.0.0, Culture=neutral, PublicKeyToken=null]]'.
2026-08-07 20:44:03.044 -06:00 [INF] Executed action Pos.Api.Controllers.v1.InventoryController.GetMovements (Pos.Api) in 67.5202ms
2026-08-07 20:44:03.045 -06:00 [INF] Executed endpoint 'Pos.Api.Controllers.v1.InventoryController.GetMovements (Pos.Api)'
2026-08-07 20:44:03.048 -06:00 [INF] Executed DbCommand (1ms) [Parameters=[@p0='?' (DbType = Guid), @p1='?' (Size = 100), @p2='?' (Size = 4000), @p3='?' (Size = 4000), @p4='?' (DbType = Boolean), @p5='?' (DbType = DateTime2), @p6='?' (DbType = DateTime2), @p7='?' (Size = 100), @p8='?' (Size = 4000), @p9='?' (Size = 4000), @p10='?' (DbType = Guid), @p11='?' (Size = 4000), @p12='?' (Size = 4000)], CommandType='"Text"', CommandTimeout='30']
SET IMPLICIT_TRANSACTIONS OFF;
SET NOCOUNT ON;
INSERT INTO [AuditLogs] ([Id], [Accion], [DireccionIp], [EntidadId], [EstaActivo], [FechaActualizacionUtc], [FechaCreacionUtc], [IdCorrelacion], [Motivo], [NombreEntidad], [UsuarioId], [ValoresAnterioresJson], [ValoresNuevosJson])
VALUES (@p0, @p1, @p2, @p3, @p4, @p5, @p6, @p7, @p8, @p9, @p10, @p11, @p12);
2026-08-07 20:44:03.050 -06:00 [INF] [AUDITORIA WPC BAJIO] CorrelationId: 3016f622-5922-4f26-b31b-2819922fa246 | Action: GET /api/v1/inventory/movements | Entity: HttpRequest (200) | User: ebc8b858-2837-4bd5-93e1-8b4c1d0bd81b | IP: ::1 | Reason: HTTP Response StatusCode: 200 | OldValues: N/A | NewValues: N/A
2026-08-07 20:44:03.052 -06:00 [INF] Request finished HTTP/1.1 GET http://localhost:5000/api/v1/inventory/movements - 200 null application/json; charset=utf-8 89.7047ms
2026-08-07 20:44:38.266 -06:00 [INF] Request starting HTTP/1.1 GET http://localhost:5000/api/v1/products? - application/json null
2026-08-07 20:44:38.266 -06:00 [INF] Request starting HTTP/1.1 GET http://localhost:5000/api/v1/categories - application/json null
2026-08-07 20:44:38.268 -06:00 [INF] Executing endpoint 'Pos.Api.Controllers.v1.ProductsController.GetProducts (Pos.Api)'
2026-08-07 20:44:38.271 -06:00 [INF] Executing endpoint 'Pos.Api.Controllers.v1.CategoriesController.GetCategories (Pos.Api)'
2026-08-07 20:44:38.272 -06:00 [INF] Route matched with {action = "GetProducts", controller = "Products"}. Executing controller action with signature System.Threading.Tasks.Task`1[Microsoft.AspNetCore.Mvc.ActionResult`1[System.Collections.Generic.List`1[Pos.Application.Catalog.DTOs.ProductDto]]] GetProducts(System.String, System.Nullable`1[System.Guid], System.Nullable`1[System.Boolean], System.Threading.CancellationToken) on controller Pos.Api.Controllers.v1.ProductsController (Pos.Api).
2026-08-07 20:44:38.273 -06:00 [INF] Route matched with {action = "GetCategories", controller = "Categories"}. Executing controller action with signature System.Threading.Tasks.Task`1[Microsoft.AspNetCore.Mvc.ActionResult`1[System.Collections.Generic.List`1[Pos.Application.Catalog.DTOs.CategoryDto]]] GetCategories(System.Threading.CancellationToken) on controller Pos.Api.Controllers.v1.CategoriesController (Pos.Api).
2026-08-07 20:44:38.282 -06:00 [INF] Executed DbCommand (4ms) [Parameters=[], CommandType='"Text"', CommandTimeout='30']
SELECT [c].[Id], [c].[CategoriaPadreId], [c].[Descripcion], [c].[EstaActivo], [c].[FechaActualizacionUtc], [c].[FechaCreacionUtc], [c].[Nombre], [c].[Slug], [c0].[Id], [c0].[CategoriaPadreId], [c0].[Descripcion], [c0].[EstaActivo], [c0].[FechaActualizacionUtc], [c0].[FechaCreacionUtc], [c0].[Nombre], [c0].[Slug]
FROM [Categories] AS [c]
LEFT JOIN [Categories] AS [c0] ON [c].[Id] = [c0].[CategoriaPadreId]
WHERE [c].[CategoriaPadreId] IS NULL
ORDER BY [c].[Id]
2026-08-07 20:44:38.283 -06:00 [INF] Executed DbCommand (6ms) [Parameters=[], CommandType='"Text"', CommandTimeout='30']
SELECT [p].[Id], [p].[AltoCm], [p].[AnchoCm], [p].[AnchoMm], [p].[Barcode], [p].[CantidadInventarioInicial], [p].[CantidadMinimaMayoreo], [p].[CategoriaId], [p].[CoberturaM2Caja], [p].[CoberturaPorUnidadM2], [p].[Descripcion], [p].[EspesorMm], [p].[EstaActivo], [p].[FechaActualizacionUtc], [p].[FechaCreacionUtc], [p].[ImagenUrl], [p].[LargoCm], [p].[LargoMm], [p].[Material], [p].[Nombre], [p].[PiezasPorCaja], [p].[PrecioMayoreo], [p].[PrecioUnitario], [p].[Sku], [p].[SoloCotizacion], [p].[UnidadMedida], [p].[VisibleMasVendido], [c].[Id], [c].[CategoriaPadreId], [c].[Descripcion], [c].[EstaActivo], [c].[FechaActualizacionUtc], [c].[FechaCreacionUtc], [c].[Nombre], [c].[Slug], [p0].[Id], [p0].[EsPrincipal], [p0].[EstaActivo], [p0].[FechaActualizacionUtc], [p0].[FechaCreacionUtc], [p0].[ProductoId], [p0].[UrlImagen]
FROM [Products] AS [p]
INNER JOIN [Categories] AS [c] ON [p].[CategoriaId] = [c].[Id]
LEFT JOIN [ProductImages] AS [p0] ON [p].[Id] = [p0].[ProductoId]
ORDER BY [p].[Id], [c].[Id]
2026-08-07 20:44:38.285 -06:00 [INF] Executing OkObjectResult, writing value of type 'System.Collections.Generic.List`1[[Pos.Application.Catalog.DTOs.CategoryDto, Pos.Application, Version=1.0.0.0, Culture=neutral, PublicKeyToken=null]]'.
2026-08-07 20:44:38.289 -06:00 [INF] Executed action Pos.Api.Controllers.v1.CategoriesController.GetCategories (Pos.Api) in 11.6648ms
2026-08-07 20:44:38.290 -06:00 [INF] Executed endpoint 'Pos.Api.Controllers.v1.CategoriesController.GetCategories (Pos.Api)'
2026-08-07 20:44:38.293 -06:00 [INF] Request starting HTTP/1.1 GET http://localhost:5000/api/v1/categories - application/json null
2026-08-07 20:44:38.296 -06:00 [INF] Executing endpoint 'Pos.Api.Controllers.v1.CategoriesController.GetCategories (Pos.Api)'
2026-08-07 20:44:38.296 -06:00 [INF] Executed DbCommand (4ms) [Parameters=[@p0='?' (DbType = Guid), @p1='?' (Size = 100), @p2='?' (Size = 4000), @p3='?' (Size = 4000), @p4='?' (DbType = Boolean), @p5='?' (DbType = DateTime2), @p6='?' (DbType = DateTime2), @p7='?' (Size = 100), @p8='?' (Size = 4000), @p9='?' (Size = 4000), @p10='?' (DbType = Guid), @p11='?' (Size = 4000), @p12='?' (Size = 4000)], CommandType='"Text"', CommandTimeout='30']
SET IMPLICIT_TRANSACTIONS OFF;
SET NOCOUNT ON;
INSERT INTO [AuditLogs] ([Id], [Accion], [DireccionIp], [EntidadId], [EstaActivo], [FechaActualizacionUtc], [FechaCreacionUtc], [IdCorrelacion], [Motivo], [NombreEntidad], [UsuarioId], [ValoresAnterioresJson], [ValoresNuevosJson])
VALUES (@p0, @p1, @p2, @p3, @p4, @p5, @p6, @p7, @p8, @p9, @p10, @p11, @p12);
2026-08-07 20:44:38.297 -06:00 [INF] Executed DbCommand (1ms) [Parameters=[@__productIds_0='?' (Size = 4000)], CommandType='"Text"', CommandTimeout='30']
SELECT [s].[Id], [s].[CantidadDisponible], [s].[CantidadReorden], [s].[EstaActivo], [s].[FechaActualizacionUtc], [s].[FechaCreacionUtc], [s].[ProductoId], [s].[Ubicacion], [s].[UmbralMinimoAlerta], [s].[VersionFila]
FROM [Stocks] AS [s]
WHERE [s].[ProductoId] IN (
    SELECT [p].[value]
    FROM OPENJSON(@__productIds_0) WITH ([value] uniqueidentifier '$') AS [p]
)
2026-08-07 20:44:38.297 -06:00 [INF] Route matched with {action = "GetCategories", controller = "Categories"}. Executing controller action with signature System.Threading.Tasks.Task`1[Microsoft.AspNetCore.Mvc.ActionResult`1[System.Collections.Generic.List`1[Pos.Application.Catalog.DTOs.CategoryDto]]] GetCategories(System.Threading.CancellationToken) on controller Pos.Api.Controllers.v1.CategoriesController (Pos.Api).
2026-08-07 20:44:38.299 -06:00 [INF] [AUDITORIA WPC BAJIO] CorrelationId: f2c203e9-520f-4ef6-aadd-b0f06a814736 | Action: GET /api/v1/categories | Entity: HttpRequest (200) | User: ebc8b858-2837-4bd5-93e1-8b4c1d0bd81b | IP: ::1 | Reason: HTTP Response StatusCode: 200 | OldValues: N/A | NewValues: N/A
2026-08-07 20:44:38.301 -06:00 [INF] Executing OkObjectResult, writing value of type 'System.Collections.Generic.List`1[[Pos.Application.Catalog.DTOs.ProductDto, Pos.Application, Version=1.0.0.0, Culture=neutral, PublicKeyToken=null]]'.
2026-08-07 20:44:38.305 -06:00 [INF] Executed DbCommand (1ms) [Parameters=[], CommandType='"Text"', CommandTimeout='30']
SELECT [c].[Id], [c].[CategoriaPadreId], [c].[Descripcion], [c].[EstaActivo], [c].[FechaActualizacionUtc], [c].[FechaCreacionUtc], [c].[Nombre], [c].[Slug], [c0].[Id], [c0].[CategoriaPadreId], [c0].[Descripcion], [c0].[EstaActivo], [c0].[FechaActualizacionUtc], [c0].[FechaCreacionUtc], [c0].[Nombre], [c0].[Slug]
FROM [Categories] AS [c]
LEFT JOIN [Categories] AS [c0] ON [c].[Id] = [c0].[CategoriaPadreId]
WHERE [c].[CategoriaPadreId] IS NULL
ORDER BY [c].[Id]
2026-08-07 20:44:38.307 -06:00 [INF] Request finished HTTP/1.1 GET http://localhost:5000/api/v1/categories - 200 null application/json; charset=utf-8 40.5967ms
2026-08-07 20:44:38.309 -06:00 [INF] Executed action Pos.Api.Controllers.v1.ProductsController.GetProducts (Pos.Api) in 33.335ms
2026-08-07 20:44:38.311 -06:00 [INF] Executing OkObjectResult, writing value of type 'System.Collections.Generic.List`1[[Pos.Application.Catalog.DTOs.CategoryDto, Pos.Application, Version=1.0.0.0, Culture=neutral, PublicKeyToken=null]]'.
2026-08-07 20:44:38.313 -06:00 [INF] Request starting HTTP/1.1 GET http://localhost:5000/api/v1/products? - application/json null
2026-08-07 20:44:38.314 -06:00 [INF] Executed endpoint 'Pos.Api.Controllers.v1.ProductsController.GetProducts (Pos.Api)'
2026-08-07 20:44:38.316 -06:00 [INF] Executed action Pos.Api.Controllers.v1.CategoriesController.GetCategories (Pos.Api) in 12.1538ms
2026-08-07 20:44:38.318 -06:00 [INF] Executing endpoint 'Pos.Api.Controllers.v1.ProductsController.GetProducts (Pos.Api)'
2026-08-07 20:44:38.321 -06:00 [INF] Executed endpoint 'Pos.Api.Controllers.v1.CategoriesController.GetCategories (Pos.Api)'
2026-08-07 20:44:38.322 -06:00 [INF] Route matched with {action = "GetProducts", controller = "Products"}. Executing controller action with signature System.Threading.Tasks.Task`1[Microsoft.AspNetCore.Mvc.ActionResult`1[System.Collections.Generic.List`1[Pos.Application.Catalog.DTOs.ProductDto]]] GetProducts(System.String, System.Nullable`1[System.Guid], System.Nullable`1[System.Boolean], System.Threading.CancellationToken) on controller Pos.Api.Controllers.v1.ProductsController (Pos.Api).
2026-08-07 20:44:38.325 -06:00 [INF] Executed DbCommand (5ms) [Parameters=[@p0='?' (DbType = Guid), @p1='?' (Size = 100), @p2='?' (Size = 4000), @p3='?' (Size = 4000), @p4='?' (DbType = Boolean), @p5='?' (DbType = DateTime2), @p6='?' (DbType = DateTime2), @p7='?' (Size = 100), @p8='?' (Size = 4000), @p9='?' (Size = 4000), @p10='?' (DbType = Guid), @p11='?' (Size = 4000), @p12='?' (Size = 4000)], CommandType='"Text"', CommandTimeout='30']
SET IMPLICIT_TRANSACTIONS OFF;
SET NOCOUNT ON;
INSERT INTO [AuditLogs] ([Id], [Accion], [DireccionIp], [EntidadId], [EstaActivo], [FechaActualizacionUtc], [FechaCreacionUtc], [IdCorrelacion], [Motivo], [NombreEntidad], [UsuarioId], [ValoresAnterioresJson], [ValoresNuevosJson])
VALUES (@p0, @p1, @p2, @p3, @p4, @p5, @p6, @p7, @p8, @p9, @p10, @p11, @p12);
2026-08-07 20:44:38.328 -06:00 [INF] Executed DbCommand (4ms) [Parameters=[@p0='?' (DbType = Guid), @p1='?' (Size = 100), @p2='?' (Size = 4000), @p3='?' (Size = 4000), @p4='?' (DbType = Boolean), @p5='?' (DbType = DateTime2), @p6='?' (DbType = DateTime2), @p7='?' (Size = 100), @p8='?' (Size = 4000), @p9='?' (Size = 4000), @p10='?' (DbType = Guid), @p11='?' (Size = 4000), @p12='?' (Size = 4000)], CommandType='"Text"', CommandTimeout='30']
SET IMPLICIT_TRANSACTIONS OFF;
SET NOCOUNT ON;
INSERT INTO [AuditLogs] ([Id], [Accion], [DireccionIp], [EntidadId], [EstaActivo], [FechaActualizacionUtc], [FechaCreacionUtc], [IdCorrelacion], [Motivo], [NombreEntidad], [UsuarioId], [ValoresAnterioresJson], [ValoresNuevosJson])
VALUES (@p0, @p1, @p2, @p3, @p4, @p5, @p6, @p7, @p8, @p9, @p10, @p11, @p12);
2026-08-07 20:44:38.329 -06:00 [INF] [AUDITORIA WPC BAJIO] CorrelationId: 3cf80289-643f-4141-8095-99724c951cb2 | Action: GET /api/v1/products | Entity: HttpRequest (200) | User: ebc8b858-2837-4bd5-93e1-8b4c1d0bd81b | IP: ::1 | Reason: HTTP Response StatusCode: 200 | OldValues: N/A | NewValues: N/A
2026-08-07 20:44:38.331 -06:00 [INF] [AUDITORIA WPC BAJIO] CorrelationId: 9c673172-e671-447b-b4f4-327ce0bc0080 | Action: GET /api/v1/categories | Entity: HttpRequest (200) | User: ebc8b858-2837-4bd5-93e1-8b4c1d0bd81b | IP: ::1 | Reason: HTTP Response StatusCode: 200 | OldValues: N/A | NewValues: N/A
2026-08-07 20:44:38.331 -06:00 [INF] Executed DbCommand (5ms) [Parameters=[], CommandType='"Text"', CommandTimeout='30']
SELECT [p].[Id], [p].[AltoCm], [p].[AnchoCm], [p].[AnchoMm], [p].[Barcode], [p].[CantidadInventarioInicial], [p].[CantidadMinimaMayoreo], [p].[CategoriaId], [p].[CoberturaM2Caja], [p].[CoberturaPorUnidadM2], [p].[Descripcion], [p].[EspesorMm], [p].[EstaActivo], [p].[FechaActualizacionUtc], [p].[FechaCreacionUtc], [p].[ImagenUrl], [p].[LargoCm], [p].[LargoMm], [p].[Material], [p].[Nombre], [p].[PiezasPorCaja], [p].[PrecioMayoreo], [p].[PrecioUnitario], [p].[Sku], [p].[SoloCotizacion], [p].[UnidadMedida], [p].[VisibleMasVendido], [c].[Id], [c].[CategoriaPadreId], [c].[Descripcion], [c].[EstaActivo], [c].[FechaActualizacionUtc], [c].[FechaCreacionUtc], [c].[Nombre], [c].[Slug], [p0].[Id], [p0].[EsPrincipal], [p0].[EstaActivo], [p0].[FechaActualizacionUtc], [p0].[FechaCreacionUtc], [p0].[ProductoId], [p0].[UrlImagen]
FROM [Products] AS [p]
INNER JOIN [Categories] AS [c] ON [p].[CategoriaId] = [c].[Id]
LEFT JOIN [ProductImages] AS [p0] ON [p].[Id] = [p0].[ProductoId]
ORDER BY [p].[Id], [c].[Id]
2026-08-07 20:44:38.334 -06:00 [INF] Request finished HTTP/1.1 GET http://localhost:5000/api/v1/products? - 200 null application/json; charset=utf-8 68.3637ms
2026-08-07 20:44:38.338 -06:00 [INF] Request finished HTTP/1.1 GET http://localhost:5000/api/v1/categories - 200 null application/json; charset=utf-8 44.4608ms
2026-08-07 20:44:38.354 -06:00 [INF] Executed DbCommand (1ms) [Parameters=[@__productIds_0='?' (Size = 4000)], CommandType='"Text"', CommandTimeout='30']
SELECT [s].[Id], [s].[CantidadDisponible], [s].[CantidadReorden], [s].[EstaActivo], [s].[FechaActualizacionUtc], [s].[FechaCreacionUtc], [s].[ProductoId], [s].[Ubicacion], [s].[UmbralMinimoAlerta], [s].[VersionFila]
FROM [Stocks] AS [s]
WHERE [s].[ProductoId] IN (
    SELECT [p].[value]
    FROM OPENJSON(@__productIds_0) WITH ([value] uniqueidentifier '$') AS [p]
)
2026-08-07 20:44:38.357 -06:00 [INF] Executing OkObjectResult, writing value of type 'System.Collections.Generic.List`1[[Pos.Application.Catalog.DTOs.ProductDto, Pos.Application, Version=1.0.0.0, Culture=neutral, PublicKeyToken=null]]'.
2026-08-07 20:44:38.360 -06:00 [INF] Executed action Pos.Api.Controllers.v1.ProductsController.GetProducts (Pos.Api) in 34.6833ms
2026-08-07 20:44:38.362 -06:00 [INF] Executed endpoint 'Pos.Api.Controllers.v1.ProductsController.GetProducts (Pos.Api)'
2026-08-07 20:44:38.369 -06:00 [INF] Executed DbCommand (4ms) [Parameters=[@p0='?' (DbType = Guid), @p1='?' (Size = 100), @p2='?' (Size = 4000), @p3='?' (Size = 4000), @p4='?' (DbType = Boolean), @p5='?' (DbType = DateTime2), @p6='?' (DbType = DateTime2), @p7='?' (Size = 100), @p8='?' (Size = 4000), @p9='?' (Size = 4000), @p10='?' (DbType = Guid), @p11='?' (Size = 4000), @p12='?' (Size = 4000)], CommandType='"Text"', CommandTimeout='30']
SET IMPLICIT_TRANSACTIONS OFF;
SET NOCOUNT ON;
INSERT INTO [AuditLogs] ([Id], [Accion], [DireccionIp], [EntidadId], [EstaActivo], [FechaActualizacionUtc], [FechaCreacionUtc], [IdCorrelacion], [Motivo], [NombreEntidad], [UsuarioId], [ValoresAnterioresJson], [ValoresNuevosJson])
VALUES (@p0, @p1, @p2, @p3, @p4, @p5, @p6, @p7, @p8, @p9, @p10, @p11, @p12);
2026-08-07 20:44:38.374 -06:00 [INF] [AUDITORIA WPC BAJIO] CorrelationId: 2c43a667-b1f7-46bd-a51d-9242715d07cb | Action: GET /api/v1/products | Entity: HttpRequest (200) | User: ebc8b858-2837-4bd5-93e1-8b4c1d0bd81b | IP: ::1 | Reason: HTTP Response StatusCode: 200 | OldValues: N/A | NewValues: N/A
2026-08-07 20:44:38.377 -06:00 [INF] Request finished HTTP/1.1 GET http://localhost:5000/api/v1/products? - 200 null application/json; charset=utf-8 63.8836ms
2026-08-07 20:44:58.084 -06:00 [INF] Request starting HTTP/1.1 GET http://localhost:5000/api/v1/users - application/json null
2026-08-07 20:44:58.085 -06:00 [INF] Request starting HTTP/1.1 GET http://localhost:5000/api/v1/roles - application/json null
2026-08-07 20:44:58.086 -06:00 [INF] Request starting HTTP/1.1 GET http://localhost:5000/api/v1/roles/permissions - application/json null
2026-08-07 20:44:58.088 -06:00 [INF] Executing endpoint 'Pos.Api.Controllers.v1.UsersController.GetUsers (Pos.Api)'
2026-08-07 20:44:58.090 -06:00 [INF] Executing endpoint 'Pos.Api.Controllers.v1.RolesController.GetRoles (Pos.Api)'
2026-08-07 20:44:58.091 -06:00 [INF] Executing endpoint 'Pos.Api.Controllers.v1.RolesController.GetPermissions (Pos.Api)'
2026-08-07 20:44:58.092 -06:00 [INF] Route matched with {action = "GetUsers", controller = "Users"}. Executing controller action with signature System.Threading.Tasks.Task`1[Microsoft.AspNetCore.Mvc.ActionResult`1[System.Collections.Generic.List`1[Pos.Application.Users.DTOs.UserManagementDto]]] GetUsers(System.Threading.CancellationToken) on controller Pos.Api.Controllers.v1.UsersController (Pos.Api).
2026-08-07 20:44:58.093 -06:00 [INF] Route matched with {action = "GetRoles", controller = "Roles"}. Executing controller action with signature System.Threading.Tasks.Task`1[Microsoft.AspNetCore.Mvc.ActionResult`1[System.Collections.Generic.List`1[Pos.Application.Users.DTOs.RoleManagementDto]]] GetRoles(System.Threading.CancellationToken) on controller Pos.Api.Controllers.v1.RolesController (Pos.Api).
2026-08-07 20:44:58.094 -06:00 [INF] Route matched with {action = "GetPermissions", controller = "Roles"}. Executing controller action with signature System.Threading.Tasks.Task`1[Microsoft.AspNetCore.Mvc.ActionResult`1[System.Collections.Generic.List`1[Pos.Application.Users.DTOs.PermissionManagementDto]]] GetPermissions(System.Threading.CancellationToken) on controller Pos.Api.Controllers.v1.RolesController (Pos.Api).
2026-08-07 20:44:58.105 -06:00 [INF] Executed DbCommand (4ms) [Parameters=[], CommandType='"Text"', CommandTimeout='30']
SELECT [p].[Id], [p].[Accion], [p].[Descripcion], [p].[EstaActivo], [p].[FechaActualizacionUtc], [p].[FechaCreacionUtc], [p].[Modulo]
FROM [Permissions] AS [p]
WHERE [p].[EstaActivo] = CAST(1 AS bit)
ORDER BY [p].[Modulo], [p].[Accion]
2026-08-07 20:44:58.109 -06:00 [INF] Executing OkObjectResult, writing value of type 'System.Collections.Generic.List`1[[Pos.Application.Users.DTOs.PermissionManagementDto, Pos.Application, Version=1.0.0.0, Culture=neutral, PublicKeyToken=null]]'.
2026-08-07 20:44:58.110 -06:00 [INF] Executed action Pos.Api.Controllers.v1.RolesController.GetPermissions (Pos.Api) in 9.8462ms
2026-08-07 20:44:58.112 -06:00 [INF] Executed endpoint 'Pos.Api.Controllers.v1.RolesController.GetPermissions (Pos.Api)'
2026-08-07 20:44:58.115 -06:00 [INF] Request starting HTTP/1.1 GET http://localhost:5000/api/v1/roles/permissions - application/json null
2026-08-07 20:44:58.118 -06:00 [INF] Executing endpoint 'Pos.Api.Controllers.v1.RolesController.GetPermissions (Pos.Api)'
2026-08-07 20:44:58.121 -06:00 [INF] Executed DbCommand (22ms) [Parameters=[], CommandType='"Text"', CommandTimeout='30']
SELECT [r].[Id], [r].[Descripcion], [r].[EstaActivo], [r].[FechaActualizacionUtc], [r].[FechaCreacionUtc], [r].[Nombre], [s].[RolId], [s].[PermisoId], [s].[Id], [s].[Accion], [s].[Descripcion], [s].[EstaActivo], [s].[FechaActualizacionUtc], [s].[FechaCreacionUtc], [s].[Modulo], [s0].[UsuarioId], [s0].[RolId], [s0].[Id], [s0].[Email], [s0].[EmpleadoId], [s0].[EstaActivo], [s0].[FechaActualizacionUtc], [s0].[FechaCreacionUtc], [s0].[NombreUsuario], [s0].[PasswordHash]
FROM [Roles] AS [r]
LEFT JOIN (
    SELECT [r0].[RolId], [r0].[PermisoId], [p].[Id], [p].[Accion], [p].[Descripcion], [p].[EstaActivo], [p].[FechaActualizacionUtc], [p].[FechaCreacionUtc], [p].[Modulo]
    FROM [RolePermissions] AS [r0]
    INNER JOIN [Permissions] AS [p] ON [r0].[PermisoId] = [p].[Id]
) AS [s] ON [r].[Id] = [s].[RolId]
LEFT JOIN (
    SELECT [u].[UsuarioId], [u].[RolId], [u0].[Id], [u0].[Email], [u0].[EmpleadoId], [u0].[EstaActivo], [u0].[FechaActualizacionUtc], [u0].[FechaCreacionUtc], [u0].[NombreUsuario], [u0].[PasswordHash]
    FROM [UserRoles] AS [u]
    INNER JOIN [Users] AS [u0] ON [u].[UsuarioId] = [u0].[Id]
) AS [s0] ON [r].[Id] = [s0].[RolId]
ORDER BY [r].[Nombre], [r].[Id], [s].[RolId], [s].[PermisoId], [s].[Id], [s0].[UsuarioId], [s0].[RolId]
2026-08-07 20:44:58.122 -06:00 [INF] Route matched with {action = "GetPermissions", controller = "Roles"}. Executing controller action with signature System.Threading.Tasks.Task`1[Microsoft.AspNetCore.Mvc.ActionResult`1[System.Collections.Generic.List`1[Pos.Application.Users.DTOs.PermissionManagementDto]]] GetPermissions(System.Threading.CancellationToken) on controller Pos.Api.Controllers.v1.RolesController (Pos.Api).
2026-08-07 20:44:58.128 -06:00 [INF] Executed DbCommand (29ms) [Parameters=[], CommandType='"Text"', CommandTimeout='30']
SELECT [u].[Id], [u].[Email], [u].[EmpleadoId], [u].[EstaActivo], [u].[FechaActualizacionUtc], [u].[FechaCreacionUtc], [u].[NombreUsuario], [u].[PasswordHash], [e].[Id], [e].[Apellido], [e].[Email], [e].[EstaActivo], [e].[FechaActualizacionUtc], [e].[FechaCreacionUtc], [e].[Nombre], [e].[Puesto], [s].[UsuarioId], [s].[RolId], [s].[Id], [s].[Descripcion], [s].[EstaActivo], [s].[FechaActualizacionUtc], [s].[FechaCreacionUtc], [s].[Nombre]
FROM [Users] AS [u]
LEFT JOIN [Employees] AS [e] ON [u].[EmpleadoId] = [e].[Id]
LEFT JOIN (
    SELECT [u0].[UsuarioId], [u0].[RolId], [r].[Id], [r].[Descripcion], [r].[EstaActivo], [r].[FechaActualizacionUtc], [r].[FechaCreacionUtc], [r].[Nombre]
    FROM [UserRoles] AS [u0]
    INNER JOIN [Roles] AS [r] ON [u0].[RolId] = [r].[Id]
) AS [s] ON [u].[Id] = [s].[UsuarioId]
ORDER BY [u].[FechaCreacionUtc] DESC, [u].[Id], [e].[Id], [s].[UsuarioId], [s].[RolId]
2026-08-07 20:44:58.128 -06:00 [INF] Executing OkObjectResult, writing value of type 'System.Collections.Generic.List`1[[Pos.Application.Users.DTOs.RoleManagementDto, Pos.Application, Version=1.0.0.0, Culture=neutral, PublicKeyToken=null]]'.
2026-08-07 20:44:58.130 -06:00 [INF] Executed DbCommand (17ms) [Parameters=[@p0='?' (DbType = Guid), @p1='?' (Size = 100), @p2='?' (Size = 4000), @p3='?' (Size = 4000), @p4='?' (DbType = Boolean), @p5='?' (DbType = DateTime2), @p6='?' (DbType = DateTime2), @p7='?' (Size = 100), @p8='?' (Size = 4000), @p9='?' (Size = 4000), @p10='?' (DbType = Guid), @p11='?' (Size = 4000), @p12='?' (Size = 4000)], CommandType='"Text"', CommandTimeout='30']
SET IMPLICIT_TRANSACTIONS OFF;
SET NOCOUNT ON;
INSERT INTO [AuditLogs] ([Id], [Accion], [DireccionIp], [EntidadId], [EstaActivo], [FechaActualizacionUtc], [FechaCreacionUtc], [IdCorrelacion], [Motivo], [NombreEntidad], [UsuarioId], [ValoresAnterioresJson], [ValoresNuevosJson])
VALUES (@p0, @p1, @p2, @p3, @p4, @p5, @p6, @p7, @p8, @p9, @p10, @p11, @p12);
2026-08-07 20:44:58.133 -06:00 [INF] Executing OkObjectResult, writing value of type 'System.Collections.Generic.List`1[[Pos.Application.Users.DTOs.UserManagementDto, Pos.Application, Version=1.0.0.0, Culture=neutral, PublicKeyToken=null]]'.
2026-08-07 20:44:58.135 -06:00 [INF] Executed action Pos.Api.Controllers.v1.RolesController.GetRoles (Pos.Api) in 36.2548ms
2026-08-07 20:44:58.138 -06:00 [INF] [AUDITORIA WPC BAJIO] CorrelationId: 02ae615a-49f7-4a2d-8595-42df976a31ee | Action: GET /api/v1/roles/permissions | Entity: HttpRequest (200) | User: ebc8b858-2837-4bd5-93e1-8b4c1d0bd81b | IP: ::1 | Reason: HTTP Response StatusCode: 200 | OldValues: N/A | NewValues: N/A
2026-08-07 20:44:58.134 -06:00 [INF] Executed DbCommand (4ms) [Parameters=[], CommandType='"Text"', CommandTimeout='30']
SELECT [p].[Id], [p].[Accion], [p].[Descripcion], [p].[EstaActivo], [p].[FechaActualizacionUtc], [p].[FechaCreacionUtc], [p].[Modulo]
FROM [Permissions] AS [p]
WHERE [p].[EstaActivo] = CAST(1 AS bit)
ORDER BY [p].[Modulo], [p].[Accion]
2026-08-07 20:44:58.139 -06:00 [INF] Request starting HTTP/1.1 GET http://localhost:5000/api/v1/roles - application/json null
2026-08-07 20:44:58.140 -06:00 [INF] Executed action Pos.Api.Controllers.v1.UsersController.GetUsers (Pos.Api) in 43.7749ms
2026-08-07 20:44:58.142 -06:00 [INF] Executed endpoint 'Pos.Api.Controllers.v1.RolesController.GetRoles (Pos.Api)'
2026-08-07 20:44:58.144 -06:00 [INF] Request starting HTTP/1.1 GET http://localhost:5000/api/v1/users - application/json null
2026-08-07 20:44:58.145 -06:00 [INF] Request finished HTTP/1.1 GET http://localhost:5000/api/v1/roles/permissions - 200 null application/json; charset=utf-8 59.5152ms
2026-08-07 20:44:58.148 -06:00 [INF] Executing OkObjectResult, writing value of type 'System.Collections.Generic.List`1[[Pos.Application.Users.DTOs.PermissionManagementDto, Pos.Application, Version=1.0.0.0, Culture=neutral, PublicKeyToken=null]]'.
2026-08-07 20:44:58.151 -06:00 [INF] Executing endpoint 'Pos.Api.Controllers.v1.RolesController.GetRoles (Pos.Api)'
2026-08-07 20:44:58.152 -06:00 [INF] Executed endpoint 'Pos.Api.Controllers.v1.UsersController.GetUsers (Pos.Api)'
2026-08-07 20:44:58.157 -06:00 [INF] Executing endpoint 'Pos.Api.Controllers.v1.UsersController.GetUsers (Pos.Api)'
2026-08-07 20:44:58.159 -06:00 [INF] Executed DbCommand (5ms) [Parameters=[@p0='?' (DbType = Guid), @p1='?' (Size = 100), @p2='?' (Size = 4000), @p3='?' (Size = 4000), @p4='?' (DbType = Boolean), @p5='?' (DbType = DateTime2), @p6='?' (DbType = DateTime2), @p7='?' (Size = 100), @p8='?' (Size = 4000), @p9='?' (Size = 4000), @p10='?' (DbType = Guid), @p11='?' (Size = 4000), @p12='?' (Size = 4000)], CommandType='"Text"', CommandTimeout='30']
SET IMPLICIT_TRANSACTIONS OFF;
SET NOCOUNT ON;
INSERT INTO [AuditLogs] ([Id], [Accion], [DireccionIp], [EntidadId], [EstaActivo], [FechaActualizacionUtc], [FechaCreacionUtc], [IdCorrelacion], [Motivo], [NombreEntidad], [UsuarioId], [ValoresAnterioresJson], [ValoresNuevosJson])
VALUES (@p0, @p1, @p2, @p3, @p4, @p5, @p6, @p7, @p8, @p9, @p10, @p11, @p12);
2026-08-07 20:44:58.162 -06:00 [INF] Executed action Pos.Api.Controllers.v1.RolesController.GetPermissions (Pos.Api) in 32.4673ms
2026-08-07 20:44:58.163 -06:00 [INF] Route matched with {action = "GetRoles", controller = "Roles"}. Executing controller action with signature System.Threading.Tasks.Task`1[Microsoft.AspNetCore.Mvc.ActionResult`1[System.Collections.Generic.List`1[Pos.Application.Users.DTOs.RoleManagementDto]]] GetRoles(System.Threading.CancellationToken) on controller Pos.Api.Controllers.v1.RolesController (Pos.Api).
2026-08-07 20:44:58.165 -06:00 [INF] Route matched with {action = "GetUsers", controller = "Users"}. Executing controller action with signature System.Threading.Tasks.Task`1[Microsoft.AspNetCore.Mvc.ActionResult`1[System.Collections.Generic.List`1[Pos.Application.Users.DTOs.UserManagementDto]]] GetUsers(System.Threading.CancellationToken) on controller Pos.Api.Controllers.v1.UsersController (Pos.Api).
2026-08-07 20:44:58.168 -06:00 [INF] [AUDITORIA WPC BAJIO] CorrelationId: 0334d1a8-74e4-47a1-99c7-81d0287a2ec5 | Action: GET /api/v1/roles | Entity: HttpRequest (200) | User: ebc8b858-2837-4bd5-93e1-8b4c1d0bd81b | IP: ::1 | Reason: HTTP Response StatusCode: 200 | OldValues: N/A | NewValues: N/A
2026-08-07 20:44:58.169 -06:00 [INF] Executed endpoint 'Pos.Api.Controllers.v1.RolesController.GetPermissions (Pos.Api)'
2026-08-07 20:44:58.172 -06:00 [INF] Executed DbCommand (8ms) [Parameters=[@p0='?' (DbType = Guid), @p1='?' (Size = 100), @p2='?' (Size = 4000), @p3='?' (Size = 4000), @p4='?' (DbType = Boolean), @p5='?' (DbType = DateTime2), @p6='?' (DbType = DateTime2), @p7='?' (Size = 100), @p8='?' (Size = 4000), @p9='?' (Size = 4000), @p10='?' (DbType = Guid), @p11='?' (Size = 4000), @p12='?' (Size = 4000)], CommandType='"Text"', CommandTimeout='30']
SET IMPLICIT_TRANSACTIONS OFF;
SET NOCOUNT ON;
INSERT INTO [AuditLogs] ([Id], [Accion], [DireccionIp], [EntidadId], [EstaActivo], [FechaActualizacionUtc], [FechaCreacionUtc], [IdCorrelacion], [Motivo], [NombreEntidad], [UsuarioId], [ValoresAnterioresJson], [ValoresNuevosJson])
VALUES (@p0, @p1, @p2, @p3, @p4, @p5, @p6, @p7, @p8, @p9, @p10, @p11, @p12);
2026-08-07 20:44:58.178 -06:00 [INF] Request finished HTTP/1.1 GET http://localhost:5000/api/v1/roles - 200 null application/json; charset=utf-8 92.8663ms
2026-08-07 20:44:58.183 -06:00 [INF] [AUDITORIA WPC BAJIO] CorrelationId: 1f988bbf-aa6f-469f-9ab3-5d98dcd155d3 | Action: GET /api/v1/users | Entity: HttpRequest (200) | User: ebc8b858-2837-4bd5-93e1-8b4c1d0bd81b | IP: ::1 | Reason: HTTP Response StatusCode: 200 | OldValues: N/A | NewValues: N/A
2026-08-07 20:44:58.185 -06:00 [INF] Executed DbCommand (10ms) [Parameters=[], CommandType='"Text"', CommandTimeout='30']
SELECT [u].[Id], [u].[Email], [u].[EmpleadoId], [u].[EstaActivo], [u].[FechaActualizacionUtc], [u].[FechaCreacionUtc], [u].[NombreUsuario], [u].[PasswordHash], [e].[Id], [e].[Apellido], [e].[Email], [e].[EstaActivo], [e].[FechaActualizacionUtc], [e].[FechaCreacionUtc], [e].[Nombre], [e].[Puesto], [s].[UsuarioId], [s].[RolId], [s].[Id], [s].[Descripcion], [s].[EstaActivo], [s].[FechaActualizacionUtc], [s].[FechaCreacionUtc], [s].[Nombre]
FROM [Users] AS [u]
LEFT JOIN [Employees] AS [e] ON [u].[EmpleadoId] = [e].[Id]
LEFT JOIN (
    SELECT [u0].[UsuarioId], [u0].[RolId], [r].[Id], [r].[Descripcion], [r].[EstaActivo], [r].[FechaActualizacionUtc], [r].[FechaCreacionUtc], [r].[Nombre]
    FROM [UserRoles] AS [u0]
    INNER JOIN [Roles] AS [r] ON [u0].[RolId] = [r].[Id]
) AS [s] ON [u].[Id] = [s].[UsuarioId]
ORDER BY [u].[FechaCreacionUtc] DESC, [u].[Id], [e].[Id], [s].[UsuarioId], [s].[RolId]
2026-08-07 20:44:58.191 -06:00 [INF] Request finished HTTP/1.1 GET http://localhost:5000/api/v1/users - 200 null application/json; charset=utf-8 106.2528ms
2026-08-07 20:44:58.195 -06:00 [INF] Executing OkObjectResult, writing value of type 'System.Collections.Generic.List`1[[Pos.Application.Users.DTOs.UserManagementDto, Pos.Application, Version=1.0.0.0, Culture=neutral, PublicKeyToken=null]]'.
2026-08-07 20:44:58.197 -06:00 [INF] Executed DbCommand (24ms) [Parameters=[], CommandType='"Text"', CommandTimeout='30']
SELECT [r].[Id], [r].[Descripcion], [r].[EstaActivo], [r].[FechaActualizacionUtc], [r].[FechaCreacionUtc], [r].[Nombre], [s].[RolId], [s].[PermisoId], [s].[Id], [s].[Accion], [s].[Descripcion], [s].[EstaActivo], [s].[FechaActualizacionUtc], [s].[FechaCreacionUtc], [s].[Modulo], [s0].[UsuarioId], [s0].[RolId], [s0].[Id], [s0].[Email], [s0].[EmpleadoId], [s0].[EstaActivo], [s0].[FechaActualizacionUtc], [s0].[FechaCreacionUtc], [s0].[NombreUsuario], [s0].[PasswordHash]
FROM [Roles] AS [r]
LEFT JOIN (
    SELECT [r0].[RolId], [r0].[PermisoId], [p].[Id], [p].[Accion], [p].[Descripcion], [p].[EstaActivo], [p].[FechaActualizacionUtc], [p].[FechaCreacionUtc], [p].[Modulo]
    FROM [RolePermissions] AS [r0]
    INNER JOIN [Permissions] AS [p] ON [r0].[PermisoId] = [p].[Id]
) AS [s] ON [r].[Id] = [s].[RolId]
LEFT JOIN (
    SELECT [u].[UsuarioId], [u].[RolId], [u0].[Id], [u0].[Email], [u0].[EmpleadoId], [u0].[EstaActivo], [u0].[FechaActualizacionUtc], [u0].[FechaCreacionUtc], [u0].[NombreUsuario], [u0].[PasswordHash]
    FROM [UserRoles] AS [u]
    INNER JOIN [Users] AS [u0] ON [u].[UsuarioId] = [u0].[Id]
) AS [s0] ON [r].[Id] = [s0].[RolId]
ORDER BY [r].[Nombre], [r].[Id], [s].[RolId], [s].[PermisoId], [s].[Id], [s0].[UsuarioId], [s0].[RolId]
2026-08-07 20:44:58.198 -06:00 [INF] Executed DbCommand (17ms) [Parameters=[@p0='?' (DbType = Guid), @p1='?' (Size = 100), @p2='?' (Size = 4000), @p3='?' (Size = 4000), @p4='?' (DbType = Boolean), @p5='?' (DbType = DateTime2), @p6='?' (DbType = DateTime2), @p7='?' (Size = 100), @p8='?' (Size = 4000), @p9='?' (Size = 4000), @p10='?' (DbType = Guid), @p11='?' (Size = 4000), @p12='?' (Size = 4000)], CommandType='"Text"', CommandTimeout='30']
SET IMPLICIT_TRANSACTIONS OFF;
SET NOCOUNT ON;
INSERT INTO [AuditLogs] ([Id], [Accion], [DireccionIp], [EntidadId], [EstaActivo], [FechaActualizacionUtc], [FechaCreacionUtc], [IdCorrelacion], [Motivo], [NombreEntidad], [UsuarioId], [ValoresAnterioresJson], [ValoresNuevosJson])
VALUES (@p0, @p1, @p2, @p3, @p4, @p5, @p6, @p7, @p8, @p9, @p10, @p11, @p12);
2026-08-07 20:44:58.200 -06:00 [INF] Executed action Pos.Api.Controllers.v1.UsersController.GetUsers (Pos.Api) in 25.3497ms
2026-08-07 20:44:58.205 -06:00 [INF] Executing OkObjectResult, writing value of type 'System.Collections.Generic.List`1[[Pos.Application.Users.DTOs.RoleManagementDto, Pos.Application, Version=1.0.0.0, Culture=neutral, PublicKeyToken=null]]'.
2026-08-07 20:44:58.206 -06:00 [INF] [AUDITORIA WPC BAJIO] CorrelationId: 62838baa-c132-4e4a-a8c2-773d0f899284 | Action: GET /api/v1/roles/permissions | Entity: HttpRequest (200) | User: ebc8b858-2837-4bd5-93e1-8b4c1d0bd81b | IP: ::1 | Reason: HTTP Response StatusCode: 200 | OldValues: N/A | NewValues: N/A
2026-08-07 20:44:58.207 -06:00 [INF] Executed endpoint 'Pos.Api.Controllers.v1.UsersController.GetUsers (Pos.Api)'
2026-08-07 20:44:58.209 -06:00 [INF] Executed action Pos.Api.Controllers.v1.RolesController.GetRoles (Pos.Api) in 37.4906ms
2026-08-07 20:44:58.213 -06:00 [INF] Request finished HTTP/1.1 GET http://localhost:5000/api/v1/roles/permissions - 200 null application/json; charset=utf-8 98.2937ms
2026-08-07 20:44:58.216 -06:00 [INF] Executed endpoint 'Pos.Api.Controllers.v1.RolesController.GetRoles (Pos.Api)'
2026-08-07 20:44:58.221 -06:00 [INF] Executed DbCommand (5ms) [Parameters=[@p0='?' (DbType = Guid), @p1='?' (Size = 100), @p2='?' (Size = 4000), @p3='?' (Size = 4000), @p4='?' (DbType = Boolean), @p5='?' (DbType = DateTime2), @p6='?' (DbType = DateTime2), @p7='?' (Size = 100), @p8='?' (Size = 4000), @p9='?' (Size = 4000), @p10='?' (DbType = Guid), @p11='?' (Size = 4000), @p12='?' (Size = 4000)], CommandType='"Text"', CommandTimeout='30']
SET IMPLICIT_TRANSACTIONS OFF;
SET NOCOUNT ON;
INSERT INTO [AuditLogs] ([Id], [Accion], [DireccionIp], [EntidadId], [EstaActivo], [FechaActualizacionUtc], [FechaCreacionUtc], [IdCorrelacion], [Motivo], [NombreEntidad], [UsuarioId], [ValoresAnterioresJson], [ValoresNuevosJson])
VALUES (@p0, @p1, @p2, @p3, @p4, @p5, @p6, @p7, @p8, @p9, @p10, @p11, @p12);
2026-08-07 20:44:58.225 -06:00 [INF] [AUDITORIA WPC BAJIO] CorrelationId: 8ee5bede-c5f7-430c-8799-9e57fe1101ac | Action: GET /api/v1/users | Entity: HttpRequest (200) | User: ebc8b858-2837-4bd5-93e1-8b4c1d0bd81b | IP: ::1 | Reason: HTTP Response StatusCode: 200 | OldValues: N/A | NewValues: N/A
2026-08-07 20:44:58.226 -06:00 [INF] Executed DbCommand (4ms) [Parameters=[@p0='?' (DbType = Guid), @p1='?' (Size = 100), @p2='?' (Size = 4000), @p3='?' (Size = 4000), @p4='?' (DbType = Boolean), @p5='?' (DbType = DateTime2), @p6='?' (DbType = DateTime2), @p7='?' (Size = 100), @p8='?' (Size = 4000), @p9='?' (Size = 4000), @p10='?' (DbType = Guid), @p11='?' (Size = 4000), @p12='?' (Size = 4000)], CommandType='"Text"', CommandTimeout='30']
SET IMPLICIT_TRANSACTIONS OFF;
SET NOCOUNT ON;
INSERT INTO [AuditLogs] ([Id], [Accion], [DireccionIp], [EntidadId], [EstaActivo], [FechaActualizacionUtc], [FechaCreacionUtc], [IdCorrelacion], [Motivo], [NombreEntidad], [UsuarioId], [ValoresAnterioresJson], [ValoresNuevosJson])
VALUES (@p0, @p1, @p2, @p3, @p4, @p5, @p6, @p7, @p8, @p9, @p10, @p11, @p12);
2026-08-07 20:44:58.228 -06:00 [INF] Request finished HTTP/1.1 GET http://localhost:5000/api/v1/users - 200 null application/json; charset=utf-8 83.9523ms
2026-08-07 20:44:58.231 -06:00 [INF] [AUDITORIA WPC BAJIO] CorrelationId: 2ea93469-f5ce-496e-92a7-1115c85f4d25 | Action: GET /api/v1/roles | Entity: HttpRequest (200) | User: ebc8b858-2837-4bd5-93e1-8b4c1d0bd81b | IP: ::1 | Reason: HTTP Response StatusCode: 200 | OldValues: N/A | NewValues: N/A
2026-08-07 20:44:58.237 -06:00 [INF] Request finished HTTP/1.1 GET http://localhost:5000/api/v1/roles - 200 null application/json; charset=utf-8 97.8497ms
2026-08-07 20:45:09.151 -06:00 [INF] Request starting HTTP/1.1 GET http://localhost:5000/api/v1/products? - application/json null
2026-08-07 20:45:09.152 -06:00 [INF] Request starting HTTP/1.1 GET http://localhost:5000/api/v1/customers? - application/json null
2026-08-07 20:45:09.152 -06:00 [INF] Request starting HTTP/1.1 GET http://localhost:5000/api/v1/sales - application/json null
2026-08-07 20:45:09.156 -06:00 [INF] Executing endpoint 'Pos.Api.Controllers.v1.ProductsController.GetProducts (Pos.Api)'
2026-08-07 20:45:09.158 -06:00 [INF] Executing endpoint 'Pos.Api.Controllers.v1.CustomersController.GetCustomers (Pos.Api)'
2026-08-07 20:45:09.161 -06:00 [INF] Executing endpoint 'Pos.Api.Controllers.v1.SalesController.GetSales (Pos.Api)'
2026-08-07 20:45:09.162 -06:00 [INF] Route matched with {action = "GetProducts", controller = "Products"}. Executing controller action with signature System.Threading.Tasks.Task`1[Microsoft.AspNetCore.Mvc.ActionResult`1[System.Collections.Generic.List`1[Pos.Application.Catalog.DTOs.ProductDto]]] GetProducts(System.String, System.Nullable`1[System.Guid], System.Nullable`1[System.Boolean], System.Threading.CancellationToken) on controller Pos.Api.Controllers.v1.ProductsController (Pos.Api).
2026-08-07 20:45:09.163 -06:00 [INF] Route matched with {action = "GetCustomers", controller = "Customers"}. Executing controller action with signature System.Threading.Tasks.Task`1[Microsoft.AspNetCore.Mvc.ActionResult`1[System.Collections.Generic.List`1[Pos.Application.Catalog.DTOs.CustomerDto]]] GetCustomers(System.String, System.String, System.Threading.CancellationToken) on controller Pos.Api.Controllers.v1.CustomersController (Pos.Api).
2026-08-07 20:45:09.164 -06:00 [INF] Route matched with {action = "GetSales", controller = "Sales"}. Executing controller action with signature System.Threading.Tasks.Task`1[Microsoft.AspNetCore.Mvc.ActionResult`1[System.Collections.Generic.List`1[Pos.Application.Sales.DTOs.SaleDto]]] GetSales(System.String, System.Nullable`1[System.Guid], System.String, System.Threading.CancellationToken) on controller Pos.Api.Controllers.v1.SalesController (Pos.Api).
2026-08-07 20:45:09.175 -06:00 [INF] Executed DbCommand (5ms) [Parameters=[@__p_0='?' (DbType = Int32)], CommandType='"Text"', CommandTimeout='30']
SELECT TOP(@__p_0) [c].[Id], [c].[Apellido], [c].[Ciudad], [c].[CodigoPostal], [c].[Direccion], [c].[Email], [c].[EstaActivo], [c].[Estado], [c].[FechaActualizacionUtc], [c].[FechaCreacionUtc], [c].[Nombre], [c].[NombreEmpresa], [c].[Notas], [c].[PorcentajeDescuentoEspecial], [c].[Rfc], [c].[Telefono], [c].[TipoCliente]
FROM [Customers] AS [c]
WHERE [c].[EstaActivo] = CAST(1 AS bit)
ORDER BY COALESCE([c].[NombreEmpresa], [c].[Nombre])
2026-08-07 20:45:09.176 -06:00 [INF] Executed DbCommand (8ms) [Parameters=[], CommandType='"Text"', CommandTimeout='30']
SELECT [p].[Id], [p].[AltoCm], [p].[AnchoCm], [p].[AnchoMm], [p].[Barcode], [p].[CantidadInventarioInicial], [p].[CantidadMinimaMayoreo], [p].[CategoriaId], [p].[CoberturaM2Caja], [p].[CoberturaPorUnidadM2], [p].[Descripcion], [p].[EspesorMm], [p].[EstaActivo], [p].[FechaActualizacionUtc], [p].[FechaCreacionUtc], [p].[ImagenUrl], [p].[LargoCm], [p].[LargoMm], [p].[Material], [p].[Nombre], [p].[PiezasPorCaja], [p].[PrecioMayoreo], [p].[PrecioUnitario], [p].[Sku], [p].[SoloCotizacion], [p].[UnidadMedida], [p].[VisibleMasVendido], [c].[Id], [c].[CategoriaPadreId], [c].[Descripcion], [c].[EstaActivo], [c].[FechaActualizacionUtc], [c].[FechaCreacionUtc], [c].[Nombre], [c].[Slug], [p0].[Id], [p0].[EsPrincipal], [p0].[EstaActivo], [p0].[FechaActualizacionUtc], [p0].[FechaCreacionUtc], [p0].[ProductoId], [p0].[UrlImagen]
FROM [Products] AS [p]
INNER JOIN [Categories] AS [c] ON [p].[CategoriaId] = [c].[Id]
LEFT JOIN [ProductImages] AS [p0] ON [p].[Id] = [p0].[ProductoId]
ORDER BY [p].[Id], [c].[Id]
2026-08-07 20:45:09.179 -06:00 [INF] Executing OkObjectResult, writing value of type 'System.Collections.Generic.List`1[[Pos.Application.Catalog.DTOs.CustomerDto, Pos.Application, Version=1.0.0.0, Culture=neutral, PublicKeyToken=null]]'.
2026-08-07 20:45:09.183 -06:00 [INF] Executed action Pos.Api.Controllers.v1.CustomersController.GetCustomers (Pos.Api) in 14.6265ms
2026-08-07 20:45:09.185 -06:00 [INF] Executed endpoint 'Pos.Api.Controllers.v1.CustomersController.GetCustomers (Pos.Api)'
2026-08-07 20:45:09.188 -06:00 [INF] Request starting HTTP/1.1 GET http://localhost:5000/api/v1/customers? - application/json null
2026-08-07 20:45:09.192 -06:00 [INF] Executed DbCommand (5ms) [Parameters=[@p0='?' (DbType = Guid), @p1='?' (Size = 100), @p2='?' (Size = 4000), @p3='?' (Size = 4000), @p4='?' (DbType = Boolean), @p5='?' (DbType = DateTime2), @p6='?' (DbType = DateTime2), @p7='?' (Size = 100), @p8='?' (Size = 4000), @p9='?' (Size = 4000), @p10='?' (DbType = Guid), @p11='?' (Size = 4000), @p12='?' (Size = 4000)], CommandType='"Text"', CommandTimeout='30']
SET IMPLICIT_TRANSACTIONS OFF;
SET NOCOUNT ON;
INSERT INTO [AuditLogs] ([Id], [Accion], [DireccionIp], [EntidadId], [EstaActivo], [FechaActualizacionUtc], [FechaCreacionUtc], [IdCorrelacion], [Motivo], [NombreEntidad], [UsuarioId], [ValoresAnterioresJson], [ValoresNuevosJson])
VALUES (@p0, @p1, @p2, @p3, @p4, @p5, @p6, @p7, @p8, @p9, @p10, @p11, @p12);
2026-08-07 20:45:09.194 -06:00 [INF] Executed DbCommand (2ms) [Parameters=[@__productIds_0='?' (Size = 4000)], CommandType='"Text"', CommandTimeout='30']
SELECT [s].[Id], [s].[CantidadDisponible], [s].[CantidadReorden], [s].[EstaActivo], [s].[FechaActualizacionUtc], [s].[FechaCreacionUtc], [s].[ProductoId], [s].[Ubicacion], [s].[UmbralMinimoAlerta], [s].[VersionFila]
FROM [Stocks] AS [s]
WHERE [s].[ProductoId] IN (
    SELECT [p].[value]
    FROM OPENJSON(@__productIds_0) WITH ([value] uniqueidentifier '$') AS [p]
)
2026-08-07 20:45:09.194 -06:00 [INF] Executing endpoint 'Pos.Api.Controllers.v1.CustomersController.GetCustomers (Pos.Api)'
2026-08-07 20:45:09.194 -06:00 [INF] Executed DbCommand (21ms) [Parameters=[@__p_0='?' (DbType = Int32)], CommandType='"Text"', CommandTimeout='30']
SELECT [s0].[Id], [s0].[ClienteId], [s0].[EstaActivo], [s0].[Estado], [s0].[FechaActualizacionUtc], [s0].[FechaCreacionUtc], [s0].[MontoAnticipo], [s0].[MontoDescuento], [s0].[MontoEfectivo], [s0].[MontoIva], [s0].[MontoTarjeta], [s0].[MontoTotal], [s0].[MontoTransferencia], [s0].[Notas], [s0].[NumeroFolio], [s0].[SaldoPendiente], [s0].[SubTotal], [s0].[TipoPago], [s0].[UsuarioId], [c].[Id], [c].[Apellido], [c].[Ciudad], [c].[CodigoPostal], [c].[Direccion], [c].[Email], [c].[EstaActivo], [c].[Estado], [c].[FechaActualizacionUtc], [c].[FechaCreacionUtc], [c].[Nombre], [c].[NombreEmpresa], [c].[Notas], [c].[PorcentajeDescuentoEspecial], [c].[Rfc], [c].[Telefono], [c].[TipoCliente], [u].[Id], [u].[Email], [u].[EmpleadoId], [u].[EstaActivo], [u].[FechaActualizacionUtc], [u].[FechaCreacionUtc], [u].[NombreUsuario], [u].[PasswordHash], [s2].[Id], [s2].[Cantidad], [s2].[EstaActivo], [s2].[FechaActualizacionUtc], [s2].[FechaCreacionUtc], [s2].[MontoDescuento], [s2].[PrecioTotal], [s2].[PrecioUnitario], [s2].[ProductoId], [s2].[VentaId], [s2].[Id0], [s2].[AltoCm], [s2].[AnchoCm], [s2].[AnchoMm], [s2].[Barcode], [s2].[CantidadInventarioInicial], [s2].[CantidadMinimaMayoreo], [s2].[CategoriaId], [s2].[CoberturaM2Caja], [s2].[CoberturaPorUnidadM2], [s2].[Descripcion], [s2].[EspesorMm], [s2].[EstaActivo0], [s2].[FechaActualizacionUtc0], [s2].[FechaCreacionUtc0], [s2].[ImagenUrl], [s2].[LargoCm], [s2].[LargoMm], [s2].[Material], [s2].[Nombre], [s2].[PiezasPorCaja], [s2].[PrecioMayoreo], [s2].[PrecioUnitario0], [s2].[Sku], [s2].[SoloCotizacion], [s2].[UnidadMedida], [s2].[VisibleMasVendido]
FROM (
    SELECT TOP(@__p_0) [s].[Id], [s].[ClienteId], [s].[EstaActivo], [s].[Estado], [s].[FechaActualizacionUtc], [s].[FechaCreacionUtc], [s].[MontoAnticipo], [s].[MontoDescuento], [s].[MontoEfectivo], [s].[MontoIva], [s].[MontoTarjeta], [s].[MontoTotal], [s].[MontoTransferencia], [s].[Notas], [s].[NumeroFolio], [s].[SaldoPendiente], [s].[SubTotal], [s].[TipoPago], [s].[UsuarioId]
    FROM [Sales] AS [s]
    WHERE [s].[EstaActivo] = CAST(1 AS bit)
    ORDER BY [s].[FechaCreacionUtc] DESC
) AS [s0]
LEFT JOIN [Customers] AS [c] ON [s0].[ClienteId] = [c].[Id]
LEFT JOIN [Users] AS [u] ON [s0].[UsuarioId] = [u].[Id]
LEFT JOIN (
    SELECT [s1].[Id], [s1].[Cantidad], [s1].[EstaActivo], [s1].[FechaActualizacionUtc], [s1].[FechaCreacionUtc], [s1].[MontoDescuento], [s1].[PrecioTotal], [s1].[PrecioUnitario], [s1].[ProductoId], [s1].[VentaId], [p].[Id] AS [Id0], [p].[AltoCm], [p].[AnchoCm], [p].[AnchoMm], [p].[Barcode], [p].[CantidadInventarioInicial], [p].[CantidadMinimaMayoreo], [p].[CategoriaId], [p].[CoberturaM2Caja], [p].[CoberturaPorUnidadM2], [p].[Descripcion], [p].[EspesorMm], [p].[EstaActivo] AS [EstaActivo0], [p].[FechaActualizacionUtc] AS [FechaActualizacionUtc0], [p].[FechaCreacionUtc] AS [FechaCreacionUtc0], [p].[ImagenUrl], [p].[LargoCm], [p].[LargoMm], [p].[Material], [p].[Nombre], [p].[PiezasPorCaja], [p].[PrecioMayoreo], [p].[PrecioUnitario] AS [PrecioUnitario0], [p].[Sku], [p].[SoloCotizacion], [p].[UnidadMedida], [p].[VisibleMasVendido]
    FROM [SaleItems] AS [s1]
    INNER JOIN [Products] AS [p] ON [s1].[ProductoId] = [p].[Id]
) AS [s2] ON [s0].[Id] = [s2].[VentaId]
ORDER BY [s0].[FechaCreacionUtc] DESC, [s0].[Id], [c].[Id], [u].[Id], [s2].[Id]
2026-08-07 20:45:09.196 -06:00 [INF] [AUDITORIA WPC BAJIO] CorrelationId: f0cfd4eb-ed25-4c7e-a934-2bffdad55547 | Action: GET /api/v1/customers | Entity: HttpRequest (200) | User: ebc8b858-2837-4bd5-93e1-8b4c1d0bd81b | IP: ::1 | Reason: HTTP Response StatusCode: 200 | OldValues: N/A | NewValues: N/A
2026-08-07 20:45:09.198 -06:00 [INF] Executing OkObjectResult, writing value of type 'System.Collections.Generic.List`1[[Pos.Application.Catalog.DTOs.ProductDto, Pos.Application, Version=1.0.0.0, Culture=neutral, PublicKeyToken=null]]'.
2026-08-07 20:45:09.199 -06:00 [INF] Route matched with {action = "GetCustomers", controller = "Customers"}. Executing controller action with signature System.Threading.Tasks.Task`1[Microsoft.AspNetCore.Mvc.ActionResult`1[System.Collections.Generic.List`1[Pos.Application.Catalog.DTOs.CustomerDto]]] GetCustomers(System.String, System.String, System.Threading.CancellationToken) on controller Pos.Api.Controllers.v1.CustomersController (Pos.Api).
2026-08-07 20:45:09.206 -06:00 [INF] Request finished HTTP/1.1 GET http://localhost:5000/api/v1/customers? - 200 null application/json; charset=utf-8 54.3668ms
2026-08-07 20:45:09.214 -06:00 [INF] Request starting HTTP/1.1 GET http://localhost:5000/api/v1/products? - application/json null
2026-08-07 20:45:09.212 -06:00 [INF] Executed DbCommand (1ms) [Parameters=[@__p_0='?' (DbType = Int32)], CommandType='"Text"', CommandTimeout='30']
SELECT TOP(@__p_0) [c].[Id], [c].[Apellido], [c].[Ciudad], [c].[CodigoPostal], [c].[Direccion], [c].[Email], [c].[EstaActivo], [c].[Estado], [c].[FechaActualizacionUtc], [c].[FechaCreacionUtc], [c].[Nombre], [c].[NombreEmpresa], [c].[Notas], [c].[PorcentajeDescuentoEspecial], [c].[Rfc], [c].[Telefono], [c].[TipoCliente]
FROM [Customers] AS [c]
WHERE [c].[EstaActivo] = CAST(1 AS bit)
ORDER BY COALESCE([c].[NombreEmpresa], [c].[Nombre])
2026-08-07 20:45:09.209 -06:00 [INF] Executed action Pos.Api.Controllers.v1.ProductsController.GetProducts (Pos.Api) in 42.1057ms
2026-08-07 20:45:09.216 -06:00 [INF] Executing endpoint 'Pos.Api.Controllers.v1.ProductsController.GetProducts (Pos.Api)'
2026-08-07 20:45:09.220 -06:00 [INF] Executing OkObjectResult, writing value of type 'System.Collections.Generic.List`1[[Pos.Application.Catalog.DTOs.CustomerDto, Pos.Application, Version=1.0.0.0, Culture=neutral, PublicKeyToken=null]]'.
2026-08-07 20:45:09.222 -06:00 [INF] Executed endpoint 'Pos.Api.Controllers.v1.ProductsController.GetProducts (Pos.Api)'
2026-08-07 20:45:09.224 -06:00 [INF] Route matched with {action = "GetProducts", controller = "Products"}. Executing controller action with signature System.Threading.Tasks.Task`1[Microsoft.AspNetCore.Mvc.ActionResult`1[System.Collections.Generic.List`1[Pos.Application.Catalog.DTOs.ProductDto]]] GetProducts(System.String, System.Nullable`1[System.Guid], System.Nullable`1[System.Boolean], System.Threading.CancellationToken) on controller Pos.Api.Controllers.v1.ProductsController (Pos.Api).
2026-08-07 20:45:09.225 -06:00 [INF] Executed action Pos.Api.Controllers.v1.CustomersController.GetCustomers (Pos.Api) in 15.0896ms
2026-08-07 20:45:09.228 -06:00 [INF] Executed DbCommand (1ms) [Parameters=[@p0='?' (DbType = Guid), @p1='?' (Size = 100), @p2='?' (Size = 4000), @p3='?' (Size = 4000), @p4='?' (DbType = Boolean), @p5='?' (DbType = DateTime2), @p6='?' (DbType = DateTime2), @p7='?' (Size = 100), @p8='?' (Size = 4000), @p9='?' (Size = 4000), @p10='?' (DbType = Guid), @p11='?' (Size = 4000), @p12='?' (Size = 4000)], CommandType='"Text"', CommandTimeout='30']
SET IMPLICIT_TRANSACTIONS OFF;
SET NOCOUNT ON;
INSERT INTO [AuditLogs] ([Id], [Accion], [DireccionIp], [EntidadId], [EstaActivo], [FechaActualizacionUtc], [FechaCreacionUtc], [IdCorrelacion], [Motivo], [NombreEntidad], [UsuarioId], [ValoresAnterioresJson], [ValoresNuevosJson])
VALUES (@p0, @p1, @p2, @p3, @p4, @p5, @p6, @p7, @p8, @p9, @p10, @p11, @p12);
2026-08-07 20:45:09.229 -06:00 [INF] Executed endpoint 'Pos.Api.Controllers.v1.CustomersController.GetCustomers (Pos.Api)'
2026-08-07 20:45:09.230 -06:00 [INF] Executed DbCommand (0ms) [Parameters=[], CommandType='"Text"', CommandTimeout='30']
SELECT [p].[Id], [p].[AltoCm], [p].[AnchoCm], [p].[AnchoMm], [p].[Barcode], [p].[CantidadInventarioInicial], [p].[CantidadMinimaMayoreo], [p].[CategoriaId], [p].[CoberturaM2Caja], [p].[CoberturaPorUnidadM2], [p].[Descripcion], [p].[EspesorMm], [p].[EstaActivo], [p].[FechaActualizacionUtc], [p].[FechaCreacionUtc], [p].[ImagenUrl], [p].[LargoCm], [p].[LargoMm], [p].[Material], [p].[Nombre], [p].[PiezasPorCaja], [p].[PrecioMayoreo], [p].[PrecioUnitario], [p].[Sku], [p].[SoloCotizacion], [p].[UnidadMedida], [p].[VisibleMasVendido], [c].[Id], [c].[CategoriaPadreId], [c].[Descripcion], [c].[EstaActivo], [c].[FechaActualizacionUtc], [c].[FechaCreacionUtc], [c].[Nombre], [c].[Slug], [p0].[Id], [p0].[EsPrincipal], [p0].[EstaActivo], [p0].[FechaActualizacionUtc], [p0].[FechaCreacionUtc], [p0].[ProductoId], [p0].[UrlImagen]
FROM [Products] AS [p]
INNER JOIN [Categories] AS [c] ON [p].[CategoriaId] = [c].[Id]
LEFT JOIN [ProductImages] AS [p0] ON [p].[Id] = [p0].[ProductoId]
ORDER BY [p].[Id], [c].[Id]
2026-08-07 20:45:09.231 -06:00 [INF] [AUDITORIA WPC BAJIO] CorrelationId: 081a7aca-9e34-413e-bd0f-a68d41baea20 | Action: GET /api/v1/products | Entity: HttpRequest (200) | User: ebc8b858-2837-4bd5-93e1-8b4c1d0bd81b | IP: ::1 | Reason: HTTP Response StatusCode: 200 | OldValues: N/A | NewValues: N/A
2026-08-07 20:45:09.234 -06:00 [INF] Executed DbCommand (1ms) [Parameters=[@p0='?' (DbType = Guid), @p1='?' (Size = 100), @p2='?' (Size = 4000), @p3='?' (Size = 4000), @p4='?' (DbType = Boolean), @p5='?' (DbType = DateTime2), @p6='?' (DbType = DateTime2), @p7='?' (Size = 100), @p8='?' (Size = 4000), @p9='?' (Size = 4000), @p10='?' (DbType = Guid), @p11='?' (Size = 4000), @p12='?' (Size = 4000)], CommandType='"Text"', CommandTimeout='30']
SET IMPLICIT_TRANSACTIONS OFF;
SET NOCOUNT ON;
INSERT INTO [AuditLogs] ([Id], [Accion], [DireccionIp], [EntidadId], [EstaActivo], [FechaActualizacionUtc], [FechaCreacionUtc], [IdCorrelacion], [Motivo], [NombreEntidad], [UsuarioId], [ValoresAnterioresJson], [ValoresNuevosJson])
VALUES (@p0, @p1, @p2, @p3, @p4, @p5, @p6, @p7, @p8, @p9, @p10, @p11, @p12);
2026-08-07 20:45:09.240 -06:00 [INF] Request finished HTTP/1.1 GET http://localhost:5000/api/v1/products? - 200 null application/json; charset=utf-8 89.1011ms
2026-08-07 20:45:09.240 -06:00 [INF] Executing OkObjectResult, writing value of type 'System.Collections.Generic.List`1[[Pos.Application.Sales.DTOs.SaleDto, Pos.Application, Version=1.0.0.0, Culture=neutral, PublicKeyToken=null]]'.
2026-08-07 20:45:09.242 -06:00 [INF] [AUDITORIA WPC BAJIO] CorrelationId: 73e15f1c-edbd-4bf8-8f60-ed19e7a2654f | Action: GET /api/v1/customers | Entity: HttpRequest (200) | User: ebc8b858-2837-4bd5-93e1-8b4c1d0bd81b | IP: ::1 | Reason: HTTP Response StatusCode: 200 | OldValues: N/A | NewValues: N/A
2026-08-07 20:45:09.246 -06:00 [INF] Executed action Pos.Api.Controllers.v1.SalesController.GetSales (Pos.Api) in 74.3347ms
2026-08-07 20:45:09.246 -06:00 [INF] Executed DbCommand (1ms) [Parameters=[@__productIds_0='?' (Size = 4000)], CommandType='"Text"', CommandTimeout='30']
SELECT [s].[Id], [s].[CantidadDisponible], [s].[CantidadReorden], [s].[EstaActivo], [s].[FechaActualizacionUtc], [s].[FechaCreacionUtc], [s].[ProductoId], [s].[Ubicacion], [s].[UmbralMinimoAlerta], [s].[VersionFila]
FROM [Stocks] AS [s]
WHERE [s].[ProductoId] IN (
    SELECT [p].[value]
    FROM OPENJSON(@__productIds_0) WITH ([value] uniqueidentifier '$') AS [p]
)
2026-08-07 20:45:09.248 -06:00 [INF] Request finished HTTP/1.1 GET http://localhost:5000/api/v1/customers? - 200 null application/json; charset=utf-8 60.079ms
2026-08-07 20:45:09.250 -06:00 [INF] Executed endpoint 'Pos.Api.Controllers.v1.SalesController.GetSales (Pos.Api)'
2026-08-07 20:45:09.250 -06:00 [INF] Request starting HTTP/1.1 GET http://localhost:5000/api/v1/sales - application/json null
2026-08-07 20:45:09.251 -06:00 [INF] Executing OkObjectResult, writing value of type 'System.Collections.Generic.List`1[[Pos.Application.Catalog.DTOs.ProductDto, Pos.Application, Version=1.0.0.0, Culture=neutral, PublicKeyToken=null]]'.
2026-08-07 20:45:09.256 -06:00 [INF] Executed DbCommand (1ms) [Parameters=[@p0='?' (DbType = Guid), @p1='?' (Size = 100), @p2='?' (Size = 4000), @p3='?' (Size = 4000), @p4='?' (DbType = Boolean), @p5='?' (DbType = DateTime2), @p6='?' (DbType = DateTime2), @p7='?' (Size = 100), @p8='?' (Size = 4000), @p9='?' (Size = 4000), @p10='?' (DbType = Guid), @p11='?' (Size = 4000), @p12='?' (Size = 4000)], CommandType='"Text"', CommandTimeout='30']
SET IMPLICIT_TRANSACTIONS OFF;
SET NOCOUNT ON;
INSERT INTO [AuditLogs] ([Id], [Accion], [DireccionIp], [EntidadId], [EstaActivo], [FechaActualizacionUtc], [FechaCreacionUtc], [IdCorrelacion], [Motivo], [NombreEntidad], [UsuarioId], [ValoresAnterioresJson], [ValoresNuevosJson])
VALUES (@p0, @p1, @p2, @p3, @p4, @p5, @p6, @p7, @p8, @p9, @p10, @p11, @p12);
2026-08-07 20:45:09.257 -06:00 [INF] Executing endpoint 'Pos.Api.Controllers.v1.SalesController.GetSales (Pos.Api)'
2026-08-07 20:45:09.258 -06:00 [INF] Executed action Pos.Api.Controllers.v1.ProductsController.GetProducts (Pos.Api) in 30.0898ms
2026-08-07 20:45:09.260 -06:00 [INF] [AUDITORIA WPC BAJIO] CorrelationId: afc059e7-6e3f-44c9-939d-12e922a3ff5b | Action: GET /api/v1/sales | Entity: HttpRequest (200) | User: ebc8b858-2837-4bd5-93e1-8b4c1d0bd81b | IP: ::1 | Reason: HTTP Response StatusCode: 200 | OldValues: N/A | NewValues: N/A
2026-08-07 20:45:09.261 -06:00 [INF] Route matched with {action = "GetSales", controller = "Sales"}. Executing controller action with signature System.Threading.Tasks.Task`1[Microsoft.AspNetCore.Mvc.ActionResult`1[System.Collections.Generic.List`1[Pos.Application.Sales.DTOs.SaleDto]]] GetSales(System.String, System.Nullable`1[System.Guid], System.String, System.Threading.CancellationToken) on controller Pos.Api.Controllers.v1.SalesController (Pos.Api).
2026-08-07 20:45:09.262 -06:00 [INF] Executed endpoint 'Pos.Api.Controllers.v1.ProductsController.GetProducts (Pos.Api)'
2026-08-07 20:45:09.264 -06:00 [INF] Request finished HTTP/1.1 GET http://localhost:5000/api/v1/sales - 200 null application/json; charset=utf-8 111.5818ms
2026-08-07 20:45:09.268 -06:00 [INF] Executed DbCommand (1ms) [Parameters=[@__p_0='?' (DbType = Int32)], CommandType='"Text"', CommandTimeout='30']
SELECT [s0].[Id], [s0].[ClienteId], [s0].[EstaActivo], [s0].[Estado], [s0].[FechaActualizacionUtc], [s0].[FechaCreacionUtc], [s0].[MontoAnticipo], [s0].[MontoDescuento], [s0].[MontoEfectivo], [s0].[MontoIva], [s0].[MontoTarjeta], [s0].[MontoTotal], [s0].[MontoTransferencia], [s0].[Notas], [s0].[NumeroFolio], [s0].[SaldoPendiente], [s0].[SubTotal], [s0].[TipoPago], [s0].[UsuarioId], [c].[Id], [c].[Apellido], [c].[Ciudad], [c].[CodigoPostal], [c].[Direccion], [c].[Email], [c].[EstaActivo], [c].[Estado], [c].[FechaActualizacionUtc], [c].[FechaCreacionUtc], [c].[Nombre], [c].[NombreEmpresa], [c].[Notas], [c].[PorcentajeDescuentoEspecial], [c].[Rfc], [c].[Telefono], [c].[TipoCliente], [u].[Id], [u].[Email], [u].[EmpleadoId], [u].[EstaActivo], [u].[FechaActualizacionUtc], [u].[FechaCreacionUtc], [u].[NombreUsuario], [u].[PasswordHash], [s2].[Id], [s2].[Cantidad], [s2].[EstaActivo], [s2].[FechaActualizacionUtc], [s2].[FechaCreacionUtc], [s2].[MontoDescuento], [s2].[PrecioTotal], [s2].[PrecioUnitario], [s2].[ProductoId], [s2].[VentaId], [s2].[Id0], [s2].[AltoCm], [s2].[AnchoCm], [s2].[AnchoMm], [s2].[Barcode], [s2].[CantidadInventarioInicial], [s2].[CantidadMinimaMayoreo], [s2].[CategoriaId], [s2].[CoberturaM2Caja], [s2].[CoberturaPorUnidadM2], [s2].[Descripcion], [s2].[EspesorMm], [s2].[EstaActivo0], [s2].[FechaActualizacionUtc0], [s2].[FechaCreacionUtc0], [s2].[ImagenUrl], [s2].[LargoCm], [s2].[LargoMm], [s2].[Material], [s2].[Nombre], [s2].[PiezasPorCaja], [s2].[PrecioMayoreo], [s2].[PrecioUnitario0], [s2].[Sku], [s2].[SoloCotizacion], [s2].[UnidadMedida], [s2].[VisibleMasVendido]
FROM (
    SELECT TOP(@__p_0) [s].[Id], [s].[ClienteId], [s].[EstaActivo], [s].[Estado], [s].[FechaActualizacionUtc], [s].[FechaCreacionUtc], [s].[MontoAnticipo], [s].[MontoDescuento], [s].[MontoEfectivo], [s].[MontoIva], [s].[MontoTarjeta], [s].[MontoTotal], [s].[MontoTransferencia], [s].[Notas], [s].[NumeroFolio], [s].[SaldoPendiente], [s].[SubTotal], [s].[TipoPago], [s].[UsuarioId]
    FROM [Sales] AS [s]
    WHERE [s].[EstaActivo] = CAST(1 AS bit)
    ORDER BY [s].[FechaCreacionUtc] DESC
) AS [s0]
LEFT JOIN [Customers] AS [c] ON [s0].[ClienteId] = [c].[Id]
LEFT JOIN [Users] AS [u] ON [s0].[UsuarioId] = [u].[Id]
LEFT JOIN (
    SELECT [s1].[Id], [s1].[Cantidad], [s1].[EstaActivo], [s1].[FechaActualizacionUtc], [s1].[FechaCreacionUtc], [s1].[MontoDescuento], [s1].[PrecioTotal], [s1].[PrecioUnitario], [s1].[ProductoId], [s1].[VentaId], [p].[Id] AS [Id0], [p].[AltoCm], [p].[AnchoCm], [p].[AnchoMm], [p].[Barcode], [p].[CantidadInventarioInicial], [p].[CantidadMinimaMayoreo], [p].[CategoriaId], [p].[CoberturaM2Caja], [p].[CoberturaPorUnidadM2], [p].[Descripcion], [p].[EspesorMm], [p].[EstaActivo] AS [EstaActivo0], [p].[FechaActualizacionUtc] AS [FechaActualizacionUtc0], [p].[FechaCreacionUtc] AS [FechaCreacionUtc0], [p].[ImagenUrl], [p].[LargoCm], [p].[LargoMm], [p].[Material], [p].[Nombre], [p].[PiezasPorCaja], [p].[PrecioMayoreo], [p].[PrecioUnitario] AS [PrecioUnitario0], [p].[Sku], [p].[SoloCotizacion], [p].[UnidadMedida], [p].[VisibleMasVendido]
    FROM [SaleItems] AS [s1]
    INNER JOIN [Products] AS [p] ON [s1].[ProductoId] = [p].[Id]
) AS [s2] ON [s0].[Id] = [s2].[VentaId]
ORDER BY [s0].[FechaCreacionUtc] DESC, [s0].[Id], [c].[Id], [u].[Id], [s2].[Id]
2026-08-07 20:45:09.268 -06:00 [INF] Executed DbCommand (1ms) [Parameters=[@p0='?' (DbType = Guid), @p1='?' (Size = 100), @p2='?' (Size = 4000), @p3='?' (Size = 4000), @p4='?' (DbType = Boolean), @p5='?' (DbType = DateTime2), @p6='?' (DbType = DateTime2), @p7='?' (Size = 100), @p8='?' (Size = 4000), @p9='?' (Size = 4000), @p10='?' (DbType = Guid), @p11='?' (Size = 4000), @p12='?' (Size = 4000)], CommandType='"Text"', CommandTimeout='30']
SET IMPLICIT_TRANSACTIONS OFF;
SET NOCOUNT ON;
INSERT INTO [AuditLogs] ([Id], [Accion], [DireccionIp], [EntidadId], [EstaActivo], [FechaActualizacionUtc], [FechaCreacionUtc], [IdCorrelacion], [Motivo], [NombreEntidad], [UsuarioId], [ValoresAnterioresJson], [ValoresNuevosJson])
VALUES (@p0, @p1, @p2, @p3, @p4, @p5, @p6, @p7, @p8, @p9, @p10, @p11, @p12);
2026-08-07 20:45:09.277 -06:00 [INF] [AUDITORIA WPC BAJIO] CorrelationId: d3cc90dd-0f91-4861-b048-4adcc5dc3035 | Action: GET /api/v1/products | Entity: HttpRequest (200) | User: ebc8b858-2837-4bd5-93e1-8b4c1d0bd81b | IP: ::1 | Reason: HTTP Response StatusCode: 200 | OldValues: N/A | NewValues: N/A
2026-08-07 20:45:09.280 -06:00 [INF] Request finished HTTP/1.1 GET http://localhost:5000/api/v1/products? - 200 null application/json; charset=utf-8 66.6521ms
2026-08-07 20:45:09.317 -06:00 [INF] Executing OkObjectResult, writing value of type 'System.Collections.Generic.List`1[[Pos.Application.Sales.DTOs.SaleDto, Pos.Application, Version=1.0.0.0, Culture=neutral, PublicKeyToken=null]]'.
2026-08-07 20:45:09.318 -06:00 [INF] Executed action Pos.Api.Controllers.v1.SalesController.GetSales (Pos.Api) in 52.0243ms
2026-08-07 20:45:09.319 -06:00 [INF] Executed endpoint 'Pos.Api.Controllers.v1.SalesController.GetSales (Pos.Api)'
2026-08-07 20:45:09.322 -06:00 [INF] Executed DbCommand (1ms) [Parameters=[@p0='?' (DbType = Guid), @p1='?' (Size = 100), @p2='?' (Size = 4000), @p3='?' (Size = 4000), @p4='?' (DbType = Boolean), @p5='?' (DbType = DateTime2), @p6='?' (DbType = DateTime2), @p7='?' (Size = 100), @p8='?' (Size = 4000), @p9='?' (Size = 4000), @p10='?' (DbType = Guid), @p11='?' (Size = 4000), @p12='?' (Size = 4000)], CommandType='"Text"', CommandTimeout='30']
SET IMPLICIT_TRANSACTIONS OFF;
SET NOCOUNT ON;
INSERT INTO [AuditLogs] ([Id], [Accion], [DireccionIp], [EntidadId], [EstaActivo], [FechaActualizacionUtc], [FechaCreacionUtc], [IdCorrelacion], [Motivo], [NombreEntidad], [UsuarioId], [ValoresAnterioresJson], [ValoresNuevosJson])
VALUES (@p0, @p1, @p2, @p3, @p4, @p5, @p6, @p7, @p8, @p9, @p10, @p11, @p12);
2026-08-07 20:45:09.325 -06:00 [INF] [AUDITORIA WPC BAJIO] CorrelationId: 12030631-2603-4b79-a688-3272346718fb | Action: GET /api/v1/sales | Entity: HttpRequest (200) | User: ebc8b858-2837-4bd5-93e1-8b4c1d0bd81b | IP: ::1 | Reason: HTTP Response StatusCode: 200 | OldValues: N/A | NewValues: N/A
2026-08-07 20:45:09.328 -06:00 [INF] Request finished HTTP/1.1 GET http://localhost:5000/api/v1/sales - 200 null application/json; charset=utf-8 78.4885ms
