2026-08-04 08:33:53.277 -06:00 [INF] Executed DbCommand (28ms) [Parameters=[], CommandType='"Text"', CommandTimeout='30']
SELECT 1
2026-08-04 08:33:53.421 -06:00 [INF] Executed DbCommand (70ms) [Parameters=[], CommandType='"Text"', CommandTimeout='30']

IF EXISTS
    (SELECT *
     FROM [sys].[objects] o
     WHERE [o].[type] = 'U'
     AND [o].[is_ms_shipped] = 0
     AND NOT EXISTS (SELECT *
         FROM [sys].[extended_properties] AS [ep]
         WHERE [ep].[major_id] = [o].[object_id]
             AND [ep].[minor_id] = 0
             AND [ep].[class] = 1
             AND [ep].[name] = N'microsoft_database_tools_support'
    )
)
SELECT 1 ELSE SELECT 0
2026-08-04 08:33:53.646 -06:00 [INF] Executed DbCommand (1ms) [Parameters=[], CommandType='"Text"', CommandTimeout='30']
SELECT 1
2026-08-04 08:33:53.652 -06:00 [INF] Acquiring an exclusive lock for migration application. See https://aka.ms/efcore-docs-migrations-lock for more information if this takes too long.
2026-08-04 08:33:53.662 -06:00 [INF] Executed DbCommand (7ms) [Parameters=[], CommandType='"Text"', CommandTimeout='30']
DECLARE @result int;
EXEC @result = sp_getapplock @Resource = '__EFMigrationsLock', @LockOwner = 'Session', @LockMode = 'Exclusive';
SELECT @result
2026-08-04 08:33:53.748 -06:00 [INF] Executed DbCommand (3ms) [Parameters=[], CommandType='"Text"', CommandTimeout='30']
IF OBJECT_ID(N'[__EFMigrationsHistory]') IS NULL
BEGIN
    CREATE TABLE [__EFMigrationsHistory] (
        [MigrationId] nvarchar(150) NOT NULL,
        [ProductVersion] nvarchar(32) NOT NULL,
        CONSTRAINT [PK___EFMigrationsHistory] PRIMARY KEY ([MigrationId])
    );
END;
2026-08-04 08:33:53.789 -06:00 [INF] Executed DbCommand (4ms) [Parameters=[], CommandType='"Text"', CommandTimeout='30']
SELECT 1
2026-08-04 08:33:53.802 -06:00 [INF] Executed DbCommand (2ms) [Parameters=[], CommandType='"Text"', CommandTimeout='30']
SELECT OBJECT_ID(N'[__EFMigrationsHistory]');
2026-08-04 08:33:53.817 -06:00 [INF] Executed DbCommand (4ms) [Parameters=[], CommandType='"Text"', CommandTimeout='30']
SELECT [MigrationId], [ProductVersion]
FROM [__EFMigrationsHistory]
ORDER BY [MigrationId];
2026-08-04 08:33:53.842 -06:00 [INF] No migrations were applied. The database is already up to date.
2026-08-04 08:33:53.856 -06:00 [INF] Executed DbCommand (4ms) [Parameters=[], CommandType='"Text"', CommandTimeout='30']
DECLARE @result int;
EXEC @result = sp_releaseapplock @Resource = '__EFMigrationsLock', @LockOwner = 'Session';
SELECT @result
2026-08-04 08:33:54.162 -06:00 [INF] Executed DbCommand (4ms) [Parameters=[], CommandType='"Text"', CommandTimeout='30']
SELECT TOP(1) [u].[Id], [u].[Email], [u].[EmpleadoId], [u].[EstaActivo], [u].[FechaActualizacionUtc], [u].[FechaCreacionUtc], [u].[NombreUsuario], [u].[PasswordHash]
FROM [Users] AS [u]
WHERE [u].[NombreUsuario] = N'admin'
2026-08-04 08:33:54.273 -06:00 [WRN] The query uses the 'First'/'FirstOrDefault' operator without 'OrderBy' and filter operators. This may lead to unpredictable results.
2026-08-04 08:33:54.285 -06:00 [INF] Executed DbCommand (2ms) [Parameters=[], CommandType='"Text"', CommandTimeout='30']
SELECT TOP(1) [p].[ImagenUrl], [p].[PiezasPorCaja], [p].[CoberturaM2Caja], [p].[LargoCm], [p].[AltoCm], [p].[AnchoCm], [p].[CantidadInventarioInicial]
FROM [Products] AS [p]
2026-08-04 08:33:54.295 -06:00 [WRN] The query uses the 'First'/'FirstOrDefault' operator without 'OrderBy' and filter operators. This may lead to unpredictable results.
2026-08-04 08:33:54.303 -06:00 [INF] Executed DbCommand (2ms) [Parameters=[], CommandType='"Text"', CommandTimeout='30']
SELECT TOP(1) [i].[EvidenceImageUrl]
FROM [InventoryMovements] AS [i]
2026-08-04 08:33:54.336 -06:00 [INF] Executed DbCommand (6ms) [Parameters=[], CommandType='"Text"', CommandTimeout='30']
SELECT CASE
    WHEN EXISTS (
        SELECT 1
        FROM [Users] AS [u]) THEN CAST(1 AS bit)
    ELSE CAST(0 AS bit)
END
2026-08-04 08:33:54.466 -06:00 [INF] User profile is available. Using 'C:\Users\Aaron Arenas Mtz\AppData\Local\ASP.NET\DataProtection-Keys' as key repository and Windows DPAPI to encrypt keys at rest.
2026-08-04 08:33:54.554 -06:00 [ERR] Hosting failed to start
System.IO.IOException: Failed to bind to address http://127.0.0.1:5000: address already in use.
 ---> Microsoft.AspNetCore.Connections.AddressInUseException: Solo se permite un uso de cada dirección de socket (protocolo/dirección de red/puerto)
 ---> System.Net.Sockets.SocketException (10048): Solo se permite un uso de cada dirección de socket (protocolo/dirección de red/puerto)
   at System.Net.Sockets.Socket.UpdateStatusAfterSocketErrorAndThrowException(SocketError error, Boolean disconnectOnFailure, String callerName)
   at System.Net.Sockets.Socket.DoBind(EndPoint endPointSnapshot, SocketAddress socketAddress)
   at System.Net.Sockets.Socket.Bind(EndPoint localEP)
   at Microsoft.AspNetCore.Server.Kestrel.Transport.Sockets.SocketTransportOptions.CreateDefaultBoundListenSocket(EndPoint endpoint)
   at Microsoft.AspNetCore.Server.Kestrel.Transport.Sockets.SocketConnectionListener.Bind()
   --- End of inner exception stack trace ---
   at Microsoft.AspNetCore.Server.Kestrel.Transport.Sockets.SocketConnectionListener.Bind()
   at Microsoft.AspNetCore.Server.Kestrel.Transport.Sockets.SocketTransportFactory.BindAsync(EndPoint endpoint, CancellationToken cancellationToken)
   at Microsoft.AspNetCore.Server.Kestrel.Core.Internal.Infrastructure.TransportManager.BindAsync(EndPoint endPoint, ConnectionDelegate connectionDelegate, EndpointConfig endpointConfig, CancellationToken cancellationToken)
   at Microsoft.AspNetCore.Server.Kestrel.Core.KestrelServerImpl.<>c__DisplayClass28_0`1.<<StartAsync>g__OnBind|0>d.MoveNext()
--- End of stack trace from previous location ---
   at Microsoft.AspNetCore.Server.Kestrel.Core.Internal.AddressBinder.BindEndpointAsync(ListenOptions endpoint, AddressBindContext context, CancellationToken cancellationToken)
   --- End of inner exception stack trace ---
   at Microsoft.AspNetCore.Server.Kestrel.Core.Internal.AddressBinder.BindEndpointAsync(ListenOptions endpoint, AddressBindContext context, CancellationToken cancellationToken)
   at Microsoft.AspNetCore.Server.Kestrel.Core.LocalhostListenOptions.BindAsync(AddressBindContext context, CancellationToken cancellationToken)
   at Microsoft.AspNetCore.Server.Kestrel.Core.Internal.AddressBinder.DefaultAddressStrategy.BindAsync(AddressBindContext context, CancellationToken cancellationToken)
   at Microsoft.AspNetCore.Server.Kestrel.Core.KestrelServerImpl.BindAsync(CancellationToken cancellationToken)
   at Microsoft.AspNetCore.Server.Kestrel.Core.KestrelServerImpl.StartAsync[TContext](IHttpApplication`1 application, CancellationToken cancellationToken)
   at Microsoft.AspNetCore.Hosting.GenericWebHostService.StartAsync(CancellationToken cancellationToken)
   at Microsoft.Extensions.Hosting.Internal.Host.<StartAsync>b__14_1(IHostedService service, CancellationToken token)
   at Microsoft.Extensions.Hosting.Internal.Host.ForeachService[T](IEnumerable`1 services, CancellationToken token, Boolean concurrent, Boolean abortOnFirstException, List`1 exceptions, Func`3 operation)
2026-08-04 15:52:30.968 -06:00 [INF] Executed DbCommand (40ms) [Parameters=[], CommandType='"Text"', CommandTimeout='30']
SELECT 1
2026-08-04 15:52:31.207 -06:00 [INF] Executed DbCommand (124ms) [Parameters=[], CommandType='"Text"', CommandTimeout='30']

IF EXISTS
    (SELECT *
     FROM [sys].[objects] o
     WHERE [o].[type] = 'U'
     AND [o].[is_ms_shipped] = 0
     AND NOT EXISTS (SELECT *
         FROM [sys].[extended_properties] AS [ep]
         WHERE [ep].[major_id] = [o].[object_id]
             AND [ep].[minor_id] = 0
             AND [ep].[class] = 1
             AND [ep].[name] = N'microsoft_database_tools_support'
    )
)
SELECT 1 ELSE SELECT 0
2026-08-04 15:52:31.599 -06:00 [INF] Executed DbCommand (1ms) [Parameters=[], CommandType='"Text"', CommandTimeout='30']
SELECT 1
2026-08-04 15:52:31.609 -06:00 [INF] Acquiring an exclusive lock for migration application. See https://aka.ms/efcore-docs-migrations-lock for more information if this takes too long.
2026-08-04 15:52:31.630 -06:00 [INF] Executed DbCommand (17ms) [Parameters=[], CommandType='"Text"', CommandTimeout='30']
DECLARE @result int;
EXEC @result = sp_getapplock @Resource = '__EFMigrationsLock', @LockOwner = 'Session', @LockMode = 'Exclusive';
SELECT @result
2026-08-04 15:52:31.758 -06:00 [INF] Executed DbCommand (12ms) [Parameters=[], CommandType='"Text"', CommandTimeout='30']
IF OBJECT_ID(N'[__EFMigrationsHistory]') IS NULL
BEGIN
    CREATE TABLE [__EFMigrationsHistory] (
        [MigrationId] nvarchar(150) NOT NULL,
        [ProductVersion] nvarchar(32) NOT NULL,
        CONSTRAINT [PK___EFMigrationsHistory] PRIMARY KEY ([MigrationId])
    );
END;
2026-08-04 15:52:31.812 -06:00 [INF] Executed DbCommand (2ms) [Parameters=[], CommandType='"Text"', CommandTimeout='30']
SELECT 1
2026-08-04 15:52:31.819 -06:00 [INF] Executed DbCommand (2ms) [Parameters=[], CommandType='"Text"', CommandTimeout='30']
SELECT OBJECT_ID(N'[__EFMigrationsHistory]');
2026-08-04 15:52:31.844 -06:00 [INF] Executed DbCommand (10ms) [Parameters=[], CommandType='"Text"', CommandTimeout='30']
SELECT [MigrationId], [ProductVersion]
FROM [__EFMigrationsHistory]
ORDER BY [MigrationId];
2026-08-04 15:52:31.872 -06:00 [INF] No migrations were applied. The database is already up to date.
2026-08-04 15:52:31.893 -06:00 [INF] Executed DbCommand (8ms) [Parameters=[], CommandType='"Text"', CommandTimeout='30']
DECLARE @result int;
EXEC @result = sp_releaseapplock @Resource = '__EFMigrationsLock', @LockOwner = 'Session';
SELECT @result
2026-08-04 15:52:32.352 -06:00 [INF] Executed DbCommand (15ms) [Parameters=[], CommandType='"Text"', CommandTimeout='30']
SELECT TOP(1) [u].[Id], [u].[Email], [u].[EmpleadoId], [u].[EstaActivo], [u].[FechaActualizacionUtc], [u].[FechaCreacionUtc], [u].[NombreUsuario], [u].[PasswordHash]
FROM [Users] AS [u]
WHERE [u].[NombreUsuario] = N'admin'
2026-08-04 15:52:32.507 -06:00 [WRN] The query uses the 'First'/'FirstOrDefault' operator without 'OrderBy' and filter operators. This may lead to unpredictable results.
2026-08-04 15:52:32.527 -06:00 [INF] Executed DbCommand (6ms) [Parameters=[], CommandType='"Text"', CommandTimeout='30']
SELECT TOP(1) [p].[ImagenUrl], [p].[PiezasPorCaja], [p].[CoberturaM2Caja], [p].[LargoCm], [p].[AltoCm], [p].[AnchoCm], [p].[CantidadInventarioInicial]
FROM [Products] AS [p]
2026-08-04 15:52:32.536 -06:00 [WRN] The query uses the 'First'/'FirstOrDefault' operator without 'OrderBy' and filter operators. This may lead to unpredictable results.
2026-08-04 15:52:32.549 -06:00 [INF] Executed DbCommand (7ms) [Parameters=[], CommandType='"Text"', CommandTimeout='30']
SELECT TOP(1) [i].[EvidenceImageUrl]
FROM [InventoryMovements] AS [i]
2026-08-04 15:52:32.601 -06:00 [INF] Executed DbCommand (6ms) [Parameters=[], CommandType='"Text"', CommandTimeout='30']
SELECT CASE
    WHEN EXISTS (
        SELECT 1
        FROM [Users] AS [u]) THEN CAST(1 AS bit)
    ELSE CAST(0 AS bit)
END
2026-08-04 15:52:32.810 -06:00 [INF] User profile is available. Using 'C:\Users\Aaron Arenas Mtz\AppData\Local\ASP.NET\DataProtection-Keys' as key repository and Windows DPAPI to encrypt keys at rest.
2026-08-04 15:52:33.083 -06:00 [INF] Now listening on: http://localhost:5000
2026-08-04 15:52:33.089 -06:00 [INF] Application started. Press Ctrl+C to shut down.
2026-08-04 15:52:33.091 -06:00 [INF] Hosting environment: Production
2026-08-04 15:52:33.093 -06:00 [INF] Content root path: D:\Proyecto_PDV-CDC\src\backend\Pos.Api
2026-08-04 17:37:05.324 -06:00 [INF] Request starting HTTP/1.1 GET http://localhost:5000/api/v1/products? - application/json null
2026-08-04 17:37:05.324 -06:00 [INF] Request starting HTTP/1.1 GET http://localhost:5000/api/v1/customers? - application/json null
2026-08-04 17:37:05.469 -06:00 [WRN] Failed to determine the https port for redirect.
2026-08-04 17:37:05.692 -06:00 [INF] Executing endpoint 'Pos.Api.Controllers.v1.CustomersController.GetCustomers (Pos.Api)'
2026-08-04 17:37:05.692 -06:00 [INF] Executing endpoint 'Pos.Api.Controllers.v1.ProductsController.GetProducts (Pos.Api)'
2026-08-04 17:37:05.758 -06:00 [INF] Route matched with {action = "GetCustomers", controller = "Customers"}. Executing controller action with signature System.Threading.Tasks.Task`1[Microsoft.AspNetCore.Mvc.ActionResult`1[System.Collections.Generic.List`1[Pos.Application.Catalog.DTOs.CustomerDto]]] GetCustomers(System.String, System.String, System.Threading.CancellationToken) on controller Pos.Api.Controllers.v1.CustomersController (Pos.Api).
2026-08-04 17:37:05.758 -06:00 [INF] Route matched with {action = "GetProducts", controller = "Products"}. Executing controller action with signature System.Threading.Tasks.Task`1[Microsoft.AspNetCore.Mvc.ActionResult`1[System.Collections.Generic.List`1[Pos.Application.Catalog.DTOs.ProductDto]]] GetProducts(System.String, System.Nullable`1[System.Guid], System.Nullable`1[System.Boolean], System.Threading.CancellationToken) on controller Pos.Api.Controllers.v1.ProductsController (Pos.Api).
2026-08-04 17:37:06.185 -06:00 [INF] Executed DbCommand (76ms) [Parameters=[], CommandType='"Text"', CommandTimeout='30']
SELECT [c].[Id], [c].[Apellido], [c].[Ciudad], [c].[CodigoPostal], [c].[Direccion], [c].[Email], [c].[EstaActivo], [c].[Estado], [c].[FechaActualizacionUtc], [c].[FechaCreacionUtc], [c].[Nombre], [c].[NombreEmpresa], [c].[Notas], [c].[PorcentajeDescuentoEspecial], [c].[Rfc], [c].[Telefono], [c].[TipoCliente]
FROM [Customers] AS [c]
WHERE [c].[EstaActivo] = CAST(1 AS bit)
2026-08-04 17:37:06.291 -06:00 [INF] Executing OkObjectResult, writing value of type 'System.Collections.Generic.List`1[[Pos.Application.Catalog.DTOs.CustomerDto, Pos.Application, Version=1.0.0.0, Culture=neutral, PublicKeyToken=null]]'.
2026-08-04 17:37:06.300 -06:00 [INF] Executed DbCommand (53ms) [Parameters=[], CommandType='"Text"', CommandTimeout='30']
SELECT [p].[Id], [p].[AltoCm], [p].[AnchoCm], [p].[AnchoMm], [p].[Barcode], [p].[CantidadInventarioInicial], [p].[CantidadMinimaMayoreo], [p].[CategoriaId], [p].[CoberturaM2Caja], [p].[CoberturaPorUnidadM2], [p].[Descripcion], [p].[EspesorMm], [p].[EstaActivo], [p].[FechaActualizacionUtc], [p].[FechaCreacionUtc], [p].[ImagenUrl], [p].[LargoCm], [p].[LargoMm], [p].[Material], [p].[Nombre], [p].[PiezasPorCaja], [p].[PrecioMayoreo], [p].[PrecioUnitario], [p].[Sku], [p].[SoloCotizacion], [p].[UnidadMedida], [p].[VisibleMasVendido], [c].[Id], [c].[CategoriaPadreId], [c].[Descripcion], [c].[EstaActivo], [c].[FechaActualizacionUtc], [c].[FechaCreacionUtc], [c].[Nombre], [c].[Slug], [p0].[Id], [p0].[EsPrincipal], [p0].[EstaActivo], [p0].[FechaActualizacionUtc], [p0].[FechaCreacionUtc], [p0].[ProductoId], [p0].[UrlImagen]
FROM [Products] AS [p]
INNER JOIN [Categories] AS [c] ON [p].[CategoriaId] = [c].[Id]
LEFT JOIN [ProductImages] AS [p0] ON [p].[Id] = [p0].[ProductoId]
ORDER BY [p].[Id], [c].[Id]
2026-08-04 17:37:06.391 -06:00 [INF] Executed action Pos.Api.Controllers.v1.CustomersController.GetCustomers (Pos.Api) in 623.7052ms
2026-08-04 17:37:06.396 -06:00 [INF] Request starting HTTP/1.1 GET http://localhost:5000/api/v1/customers? - application/json null
2026-08-04 17:37:06.399 -06:00 [INF] Executed endpoint 'Pos.Api.Controllers.v1.CustomersController.GetCustomers (Pos.Api)'
2026-08-04 17:37:06.415 -06:00 [INF] Executing endpoint 'Pos.Api.Controllers.v1.CustomersController.GetCustomers (Pos.Api)'
2026-08-04 17:37:06.416 -06:00 [INF] Route matched with {action = "GetCustomers", controller = "Customers"}. Executing controller action with signature System.Threading.Tasks.Task`1[Microsoft.AspNetCore.Mvc.ActionResult`1[System.Collections.Generic.List`1[Pos.Application.Catalog.DTOs.CustomerDto]]] GetCustomers(System.String, System.String, System.Threading.CancellationToken) on controller Pos.Api.Controllers.v1.CustomersController (Pos.Api).
2026-08-04 17:37:06.557 -06:00 [INF] Executed DbCommand (43ms) [Parameters=[], CommandType='"Text"', CommandTimeout='30']
SELECT [c].[Id], [c].[Apellido], [c].[Ciudad], [c].[CodigoPostal], [c].[Direccion], [c].[Email], [c].[EstaActivo], [c].[Estado], [c].[FechaActualizacionUtc], [c].[FechaCreacionUtc], [c].[Nombre], [c].[NombreEmpresa], [c].[Notas], [c].[PorcentajeDescuentoEspecial], [c].[Rfc], [c].[Telefono], [c].[TipoCliente]
FROM [Customers] AS [c]
WHERE [c].[EstaActivo] = CAST(1 AS bit)
2026-08-04 17:37:06.577 -06:00 [INF] Executing OkObjectResult, writing value of type 'System.Collections.Generic.List`1[[Pos.Application.Catalog.DTOs.CustomerDto, Pos.Application, Version=1.0.0.0, Culture=neutral, PublicKeyToken=null]]'.
2026-08-04 17:37:06.591 -06:00 [INF] Executed action Pos.Api.Controllers.v1.CustomersController.GetCustomers (Pos.Api) in 172.9867ms
2026-08-04 17:37:06.593 -06:00 [INF] Executed endpoint 'Pos.Api.Controllers.v1.CustomersController.GetCustomers (Pos.Api)'
2026-08-04 17:37:06.670 -06:00 [INF] Executing OkObjectResult, writing value of type 'System.Collections.Generic.List`1[[Pos.Application.Catalog.DTOs.ProductDto, Pos.Application, Version=1.0.0.0, Culture=neutral, PublicKeyToken=null]]'.
2026-08-04 17:37:06.693 -06:00 [INF] Executed action Pos.Api.Controllers.v1.ProductsController.GetProducts (Pos.Api) in 929.6603ms
2026-08-04 17:37:06.694 -06:00 [INF] Request starting HTTP/1.1 GET http://localhost:5000/api/v1/products? - application/json null
2026-08-04 17:37:06.696 -06:00 [INF] Executed endpoint 'Pos.Api.Controllers.v1.ProductsController.GetProducts (Pos.Api)'
2026-08-04 17:37:06.699 -06:00 [INF] Executing endpoint 'Pos.Api.Controllers.v1.ProductsController.GetProducts (Pos.Api)'
2026-08-04 17:37:06.700 -06:00 [INF] Route matched with {action = "GetProducts", controller = "Products"}. Executing controller action with signature System.Threading.Tasks.Task`1[Microsoft.AspNetCore.Mvc.ActionResult`1[System.Collections.Generic.List`1[Pos.Application.Catalog.DTOs.ProductDto]]] GetProducts(System.String, System.Nullable`1[System.Guid], System.Nullable`1[System.Boolean], System.Threading.CancellationToken) on controller Pos.Api.Controllers.v1.ProductsController (Pos.Api).
2026-08-04 17:37:06.718 -06:00 [INF] Executed DbCommand (6ms) [Parameters=[], CommandType='"Text"', CommandTimeout='30']
SELECT [p].[Id], [p].[AltoCm], [p].[AnchoCm], [p].[AnchoMm], [p].[Barcode], [p].[CantidadInventarioInicial], [p].[CantidadMinimaMayoreo], [p].[CategoriaId], [p].[CoberturaM2Caja], [p].[CoberturaPorUnidadM2], [p].[Descripcion], [p].[EspesorMm], [p].[EstaActivo], [p].[FechaActualizacionUtc], [p].[FechaCreacionUtc], [p].[ImagenUrl], [p].[LargoCm], [p].[LargoMm], [p].[Material], [p].[Nombre], [p].[PiezasPorCaja], [p].[PrecioMayoreo], [p].[PrecioUnitario], [p].[Sku], [p].[SoloCotizacion], [p].[UnidadMedida], [p].[VisibleMasVendido], [c].[Id], [c].[CategoriaPadreId], [c].[Descripcion], [c].[EstaActivo], [c].[FechaActualizacionUtc], [c].[FechaCreacionUtc], [c].[Nombre], [c].[Slug], [p0].[Id], [p0].[EsPrincipal], [p0].[EstaActivo], [p0].[FechaActualizacionUtc], [p0].[FechaCreacionUtc], [p0].[ProductoId], [p0].[UrlImagen]
FROM [Products] AS [p]
INNER JOIN [Categories] AS [c] ON [p].[CategoriaId] = [c].[Id]
LEFT JOIN [ProductImages] AS [p0] ON [p].[Id] = [p0].[ProductoId]
ORDER BY [p].[Id], [c].[Id]
2026-08-04 17:37:06.807 -06:00 [INF] Executed DbCommand (73ms) [Parameters=[@p0='?' (DbType = Guid), @p1='?' (Size = 4000), @p2='?' (Size = 4000), @p3='?' (Size = 4000), @p4='?' (DbType = Boolean), @p5='?' (DbType = DateTime2), @p6='?' (DbType = DateTime2), @p7='?' (Size = 4000), @p8='?' (Size = 4000), @p9='?' (Size = 4000), @p10='?' (DbType = Guid), @p11='?' (Size = 4000), @p12='?' (Size = 4000)], CommandType='"Text"', CommandTimeout='30']
SET IMPLICIT_TRANSACTIONS OFF;
SET NOCOUNT ON;
INSERT INTO [AuditLogs] ([Id], [Accion], [DireccionIp], [EntidadId], [EstaActivo], [FechaActualizacionUtc], [FechaCreacionUtc], [IdCorrelacion], [Motivo], [NombreEntidad], [UsuarioId], [ValoresAnterioresJson], [ValoresNuevosJson])
VALUES (@p0, @p1, @p2, @p3, @p4, @p5, @p6, @p7, @p8, @p9, @p10, @p11, @p12);
2026-08-04 17:37:06.807 -06:00 [INF] Executed DbCommand (67ms) [Parameters=[@p0='?' (DbType = Guid), @p1='?' (Size = 4000), @p2='?' (Size = 4000), @p3='?' (Size = 4000), @p4='?' (DbType = Boolean), @p5='?' (DbType = DateTime2), @p6='?' (DbType = DateTime2), @p7='?' (Size = 4000), @p8='?' (Size = 4000), @p9='?' (Size = 4000), @p10='?' (DbType = Guid), @p11='?' (Size = 4000), @p12='?' (Size = 4000)], CommandType='"Text"', CommandTimeout='30']
SET IMPLICIT_TRANSACTIONS OFF;
SET NOCOUNT ON;
INSERT INTO [AuditLogs] ([Id], [Accion], [DireccionIp], [EntidadId], [EstaActivo], [FechaActualizacionUtc], [FechaCreacionUtc], [IdCorrelacion], [Motivo], [NombreEntidad], [UsuarioId], [ValoresAnterioresJson], [ValoresNuevosJson])
VALUES (@p0, @p1, @p2, @p3, @p4, @p5, @p6, @p7, @p8, @p9, @p10, @p11, @p12);
2026-08-04 17:37:06.807 -06:00 [INF] Executed DbCommand (60ms) [Parameters=[@p0='?' (DbType = Guid), @p1='?' (Size = 4000), @p2='?' (Size = 4000), @p3='?' (Size = 4000), @p4='?' (DbType = Boolean), @p5='?' (DbType = DateTime2), @p6='?' (DbType = DateTime2), @p7='?' (Size = 4000), @p8='?' (Size = 4000), @p9='?' (Size = 4000), @p10='?' (DbType = Guid), @p11='?' (Size = 4000), @p12='?' (Size = 4000)], CommandType='"Text"', CommandTimeout='30']
SET IMPLICIT_TRANSACTIONS OFF;
SET NOCOUNT ON;
INSERT INTO [AuditLogs] ([Id], [Accion], [DireccionIp], [EntidadId], [EstaActivo], [FechaActualizacionUtc], [FechaCreacionUtc], [IdCorrelacion], [Motivo], [NombreEntidad], [UsuarioId], [ValoresAnterioresJson], [ValoresNuevosJson])
VALUES (@p0, @p1, @p2, @p3, @p4, @p5, @p6, @p7, @p8, @p9, @p10, @p11, @p12);
2026-08-04 17:37:06.823 -06:00 [INF] Executing OkObjectResult, writing value of type 'System.Collections.Generic.List`1[[Pos.Application.Catalog.DTOs.ProductDto, Pos.Application, Version=1.0.0.0, Culture=neutral, PublicKeyToken=null]]'.
2026-08-04 17:37:06.834 -06:00 [INF] [AUDITORIA WPC BAJIO] CorrelationId: e79fc0ef-f882-41dc-9b9a-c26aa99068c8 | Action: GET /api/v1/customers | Entity: HttpRequest (200) | User: ebc8b858-2837-4bd5-93e1-8b4c1d0bd81b | IP: ::1 | Reason: HTTP Response StatusCode: 200 | OldValues: N/A | NewValues: N/A
2026-08-04 17:37:06.834 -06:00 [INF] [AUDITORIA WPC BAJIO] CorrelationId: 87bf90d2-0db9-4b47-a980-5d9261f5b200 | Action: GET /api/v1/customers | Entity: HttpRequest (200) | User: ebc8b858-2837-4bd5-93e1-8b4c1d0bd81b | IP: ::1 | Reason: HTTP Response StatusCode: 200 | OldValues: N/A | NewValues: N/A
2026-08-04 17:37:06.834 -06:00 [INF] [AUDITORIA WPC BAJIO] CorrelationId: 130c843e-0595-4acf-91b7-e2bf8c335fb6 | Action: GET /api/v1/products | Entity: HttpRequest (200) | User: ebc8b858-2837-4bd5-93e1-8b4c1d0bd81b | IP: ::1 | Reason: HTTP Response StatusCode: 200 | OldValues: N/A | NewValues: N/A
2026-08-04 17:37:06.837 -06:00 [INF] Executed action Pos.Api.Controllers.v1.ProductsController.GetProducts (Pos.Api) in 129.5089ms
2026-08-04 17:37:06.845 -06:00 [INF] Request finished HTTP/1.1 GET http://localhost:5000/api/v1/customers? - 200 null application/json; charset=utf-8 448.24ms
2026-08-04 17:37:06.850 -06:00 [INF] Request finished HTTP/1.1 GET http://localhost:5000/api/v1/customers? - 200 null application/json; charset=utf-8 1537.1332ms
2026-08-04 17:37:06.860 -06:00 [INF] Request finished HTTP/1.1 GET http://localhost:5000/api/v1/products? - 200 null application/json; charset=utf-8 1546.5094ms
2026-08-04 17:37:06.862 -06:00 [INF] Executed endpoint 'Pos.Api.Controllers.v1.ProductsController.GetProducts (Pos.Api)'
2026-08-04 17:37:06.881 -06:00 [INF] Executed DbCommand (4ms) [Parameters=[@p0='?' (DbType = Guid), @p1='?' (Size = 4000), @p2='?' (Size = 4000), @p3='?' (Size = 4000), @p4='?' (DbType = Boolean), @p5='?' (DbType = DateTime2), @p6='?' (DbType = DateTime2), @p7='?' (Size = 4000), @p8='?' (Size = 4000), @p9='?' (Size = 4000), @p10='?' (DbType = Guid), @p11='?' (Size = 4000), @p12='?' (Size = 4000)], CommandType='"Text"', CommandTimeout='30']
SET IMPLICIT_TRANSACTIONS OFF;
SET NOCOUNT ON;
INSERT INTO [AuditLogs] ([Id], [Accion], [DireccionIp], [EntidadId], [EstaActivo], [FechaActualizacionUtc], [FechaCreacionUtc], [IdCorrelacion], [Motivo], [NombreEntidad], [UsuarioId], [ValoresAnterioresJson], [ValoresNuevosJson])
VALUES (@p0, @p1, @p2, @p3, @p4, @p5, @p6, @p7, @p8, @p9, @p10, @p11, @p12);
2026-08-04 17:37:06.884 -06:00 [INF] [AUDITORIA WPC BAJIO] CorrelationId: f4761292-5ef0-40d4-9c56-baf1523805a0 | Action: GET /api/v1/products | Entity: HttpRequest (200) | User: ebc8b858-2837-4bd5-93e1-8b4c1d0bd81b | IP: ::1 | Reason: HTTP Response StatusCode: 200 | OldValues: N/A | NewValues: N/A
2026-08-04 17:37:06.891 -06:00 [INF] Request finished HTTP/1.1 GET http://localhost:5000/api/v1/products? - 200 null application/json; charset=utf-8 196.529ms
2026-08-04 17:37:12.203 -06:00 [INF] Request starting HTTP/1.1 GET http://localhost:5000/api/v1/inventory - application/json null
2026-08-04 17:37:12.207 -06:00 [INF] Executing endpoint 'Pos.Api.Controllers.v1.InventoryController.GetStockLevels (Pos.Api)'
2026-08-04 17:37:12.216 -06:00 [INF] Route matched with {action = "GetStockLevels", controller = "Inventory"}. Executing controller action with signature System.Threading.Tasks.Task`1[Microsoft.AspNetCore.Mvc.ActionResult`1[System.Collections.Generic.List`1[Pos.Application.Inventory.DTOs.StockDto]]] GetStockLevels(System.String, System.Nullable`1[System.Boolean], System.Threading.CancellationToken) on controller Pos.Api.Controllers.v1.InventoryController (Pos.Api).
2026-08-04 17:37:12.280 -06:00 [INF] Executed DbCommand (14ms) [Parameters=[], CommandType='"Text"', CommandTimeout='30']
SELECT [s].[Id], [s].[CantidadDisponible], [s].[CantidadReorden], [s].[EstaActivo], [s].[FechaActualizacionUtc], [s].[FechaCreacionUtc], [s].[ProductoId], [s].[Ubicacion], [s].[UmbralMinimoAlerta], [s].[VersionFila], [p].[Id], [p].[AltoCm], [p].[AnchoCm], [p].[AnchoMm], [p].[Barcode], [p].[CantidadInventarioInicial], [p].[CantidadMinimaMayoreo], [p].[CategoriaId], [p].[CoberturaM2Caja], [p].[CoberturaPorUnidadM2], [p].[Descripcion], [p].[EspesorMm], [p].[EstaActivo], [p].[FechaActualizacionUtc], [p].[FechaCreacionUtc], [p].[ImagenUrl], [p].[LargoCm], [p].[LargoMm], [p].[Material], [p].[Nombre], [p].[PiezasPorCaja], [p].[PrecioMayoreo], [p].[PrecioUnitario], [p].[Sku], [p].[SoloCotizacion], [p].[UnidadMedida], [p].[VisibleMasVendido], [c].[Id], [c].[CategoriaPadreId], [c].[Descripcion], [c].[EstaActivo], [c].[FechaActualizacionUtc], [c].[FechaCreacionUtc], [c].[Nombre], [c].[Slug]
FROM [Stocks] AS [s]
INNER JOIN [Products] AS [p] ON [s].[ProductoId] = [p].[Id]
INNER JOIN [Categories] AS [c] ON [p].[CategoriaId] = [c].[Id]
WHERE [p].[EstaActivo] = CAST(1 AS bit)
2026-08-04 17:37:12.377 -06:00 [INF] Executing OkObjectResult, writing value of type 'System.Collections.Generic.List`1[[Pos.Application.Inventory.DTOs.StockDto, Pos.Application, Version=1.0.0.0, Culture=neutral, PublicKeyToken=null]]'.
2026-08-04 17:37:12.391 -06:00 [INF] Request starting HTTP/1.1 GET http://localhost:5000/api/v1/inventory - application/json null
2026-08-04 17:37:12.396 -06:00 [INF] Executing endpoint 'Pos.Api.Controllers.v1.InventoryController.GetStockLevels (Pos.Api)'
2026-08-04 17:37:12.397 -06:00 [INF] Executed action Pos.Api.Controllers.v1.InventoryController.GetStockLevels (Pos.Api) in 178.607ms
2026-08-04 17:37:12.397 -06:00 [INF] Route matched with {action = "GetStockLevels", controller = "Inventory"}. Executing controller action with signature System.Threading.Tasks.Task`1[Microsoft.AspNetCore.Mvc.ActionResult`1[System.Collections.Generic.List`1[Pos.Application.Inventory.DTOs.StockDto]]] GetStockLevels(System.String, System.Nullable`1[System.Boolean], System.Threading.CancellationToken) on controller Pos.Api.Controllers.v1.InventoryController (Pos.Api).
2026-08-04 17:37:12.398 -06:00 [INF] Executed endpoint 'Pos.Api.Controllers.v1.InventoryController.GetStockLevels (Pos.Api)'
2026-08-04 17:37:12.464 -06:00 [INF] Executed DbCommand (61ms) [Parameters=[], CommandType='"Text"', CommandTimeout='30']
SELECT [s].[Id], [s].[CantidadDisponible], [s].[CantidadReorden], [s].[EstaActivo], [s].[FechaActualizacionUtc], [s].[FechaCreacionUtc], [s].[ProductoId], [s].[Ubicacion], [s].[UmbralMinimoAlerta], [s].[VersionFila], [p].[Id], [p].[AltoCm], [p].[AnchoCm], [p].[AnchoMm], [p].[Barcode], [p].[CantidadInventarioInicial], [p].[CantidadMinimaMayoreo], [p].[CategoriaId], [p].[CoberturaM2Caja], [p].[CoberturaPorUnidadM2], [p].[Descripcion], [p].[EspesorMm], [p].[EstaActivo], [p].[FechaActualizacionUtc], [p].[FechaCreacionUtc], [p].[ImagenUrl], [p].[LargoCm], [p].[LargoMm], [p].[Material], [p].[Nombre], [p].[PiezasPorCaja], [p].[PrecioMayoreo], [p].[PrecioUnitario], [p].[Sku], [p].[SoloCotizacion], [p].[UnidadMedida], [p].[VisibleMasVendido], [c].[Id], [c].[CategoriaPadreId], [c].[Descripcion], [c].[EstaActivo], [c].[FechaActualizacionUtc], [c].[FechaCreacionUtc], [c].[Nombre], [c].[Slug]
FROM [Stocks] AS [s]
INNER JOIN [Products] AS [p] ON [s].[ProductoId] = [p].[Id]
INNER JOIN [Categories] AS [c] ON [p].[CategoriaId] = [c].[Id]
WHERE [p].[EstaActivo] = CAST(1 AS bit)
2026-08-04 17:37:12.468 -06:00 [INF] Executed DbCommand (64ms) [Parameters=[@p0='?' (DbType = Guid), @p1='?' (Size = 4000), @p2='?' (Size = 4000), @p3='?' (Size = 4000), @p4='?' (DbType = Boolean), @p5='?' (DbType = DateTime2), @p6='?' (DbType = DateTime2), @p7='?' (Size = 4000), @p8='?' (Size = 4000), @p9='?' (Size = 4000), @p10='?' (DbType = Guid), @p11='?' (Size = 4000), @p12='?' (Size = 4000)], CommandType='"Text"', CommandTimeout='30']
SET IMPLICIT_TRANSACTIONS OFF;
SET NOCOUNT ON;
INSERT INTO [AuditLogs] ([Id], [Accion], [DireccionIp], [EntidadId], [EstaActivo], [FechaActualizacionUtc], [FechaCreacionUtc], [IdCorrelacion], [Motivo], [NombreEntidad], [UsuarioId], [ValoresAnterioresJson], [ValoresNuevosJson])
VALUES (@p0, @p1, @p2, @p3, @p4, @p5, @p6, @p7, @p8, @p9, @p10, @p11, @p12);
2026-08-04 17:37:12.471 -06:00 [INF] [AUDITORIA WPC BAJIO] CorrelationId: 52297156-dba5-490b-a987-2580cfa8ec00 | Action: GET /api/v1/inventory | Entity: HttpRequest (200) | User: ebc8b858-2837-4bd5-93e1-8b4c1d0bd81b | IP: ::1 | Reason: HTTP Response StatusCode: 200 | OldValues: N/A | NewValues: N/A
2026-08-04 17:37:12.474 -06:00 [INF] Request finished HTTP/1.1 GET http://localhost:5000/api/v1/inventory - 200 null application/json; charset=utf-8 271.3723ms
2026-08-04 17:37:12.502 -06:00 [INF] Request starting HTTP/1.1 GET http://localhost:5000/api/v1/inventory/movements - application/json null
2026-08-04 17:37:12.506 -06:00 [INF] Executing endpoint 'Pos.Api.Controllers.v1.InventoryController.GetMovements (Pos.Api)'
2026-08-04 17:37:12.511 -06:00 [INF] Route matched with {action = "GetMovements", controller = "Inventory"}. Executing controller action with signature System.Threading.Tasks.Task`1[Microsoft.AspNetCore.Mvc.ActionResult`1[System.Collections.Generic.List`1[Pos.Application.Inventory.DTOs.InventoryMovementDto]]] GetMovements(System.Nullable`1[System.Guid], System.String, System.Threading.CancellationToken) on controller Pos.Api.Controllers.v1.InventoryController (Pos.Api).
2026-08-04 17:37:12.520 -06:00 [INF] Executing OkObjectResult, writing value of type 'System.Collections.Generic.List`1[[Pos.Application.Inventory.DTOs.StockDto, Pos.Application, Version=1.0.0.0, Culture=neutral, PublicKeyToken=null]]'.
2026-08-04 17:37:12.533 -06:00 [INF] Executed action Pos.Api.Controllers.v1.InventoryController.GetStockLevels (Pos.Api) in 132.2532ms
2026-08-04 17:37:12.534 -06:00 [INF] Executed endpoint 'Pos.Api.Controllers.v1.InventoryController.GetStockLevels (Pos.Api)'
2026-08-04 17:37:12.545 -06:00 [INF] Executed DbCommand (7ms) [Parameters=[@p0='?' (DbType = Guid), @p1='?' (Size = 4000), @p2='?' (Size = 4000), @p3='?' (Size = 4000), @p4='?' (DbType = Boolean), @p5='?' (DbType = DateTime2), @p6='?' (DbType = DateTime2), @p7='?' (Size = 4000), @p8='?' (Size = 4000), @p9='?' (Size = 4000), @p10='?' (DbType = Guid), @p11='?' (Size = 4000), @p12='?' (Size = 4000)], CommandType='"Text"', CommandTimeout='30']
SET IMPLICIT_TRANSACTIONS OFF;
SET NOCOUNT ON;
INSERT INTO [AuditLogs] ([Id], [Accion], [DireccionIp], [EntidadId], [EstaActivo], [FechaActualizacionUtc], [FechaCreacionUtc], [IdCorrelacion], [Motivo], [NombreEntidad], [UsuarioId], [ValoresAnterioresJson], [ValoresNuevosJson])
VALUES (@p0, @p1, @p2, @p3, @p4, @p5, @p6, @p7, @p8, @p9, @p10, @p11, @p12);
2026-08-04 17:37:12.548 -06:00 [INF] [AUDITORIA WPC BAJIO] CorrelationId: 5dd1bf96-5128-4131-a4b5-05f0a629b67c | Action: GET /api/v1/inventory | Entity: HttpRequest (200) | User: ebc8b858-2837-4bd5-93e1-8b4c1d0bd81b | IP: ::1 | Reason: HTTP Response StatusCode: 200 | OldValues: N/A | NewValues: N/A
2026-08-04 17:37:12.552 -06:00 [INF] Request finished HTTP/1.1 GET http://localhost:5000/api/v1/inventory - 200 null application/json; charset=utf-8 160.6627ms
2026-08-04 17:37:12.599 -06:00 [INF] Executed DbCommand (21ms) [Parameters=[@__p_0='?' (DbType = Int32)], CommandType='"Text"', CommandTimeout='30']
SELECT [i0].[Id], [i0].[Cantidad], [i0].[CantidadAnterior], [i0].[CantidadNueva], [i0].[EstaActivo], [i0].[EvidenceImageUrl], [i0].[FechaActualizacionUtc], [i0].[FechaCreacionUtc], [i0].[Motivo], [i0].[NumeroReferencia], [i0].[ProductoId], [i0].[TipoMovimiento], [i0].[UsuarioId], [p].[Id], [p].[AltoCm], [p].[AnchoCm], [p].[AnchoMm], [p].[Barcode], [p].[CantidadInventarioInicial], [p].[CantidadMinimaMayoreo], [p].[CategoriaId], [p].[CoberturaM2Caja], [p].[CoberturaPorUnidadM2], [p].[Descripcion], [p].[EspesorMm], [p].[EstaActivo], [p].[FechaActualizacionUtc], [p].[FechaCreacionUtc], [p].[ImagenUrl], [p].[LargoCm], [p].[LargoMm], [p].[Material], [p].[Nombre], [p].[PiezasPorCaja], [p].[PrecioMayoreo], [p].[PrecioUnitario], [p].[Sku], [p].[SoloCotizacion], [p].[UnidadMedida], [p].[VisibleMasVendido], [u].[Id], [u].[Email], [u].[EmpleadoId], [u].[EstaActivo], [u].[FechaActualizacionUtc], [u].[FechaCreacionUtc], [u].[NombreUsuario], [u].[PasswordHash]
FROM (
    SELECT TOP(@__p_0) [i].[Id], [i].[Cantidad], [i].[CantidadAnterior], [i].[CantidadNueva], [i].[EstaActivo], [i].[EvidenceImageUrl], [i].[FechaActualizacionUtc], [i].[FechaCreacionUtc], [i].[Motivo], [i].[NumeroReferencia], [i].[ProductoId], [i].[TipoMovimiento], [i].[UsuarioId]
    FROM [InventoryMovements] AS [i]
    ORDER BY [i].[FechaCreacionUtc] DESC
) AS [i0]
INNER JOIN [Products] AS [p] ON [i0].[ProductoId] = [p].[Id]
LEFT JOIN [Users] AS [u] ON [i0].[UsuarioId] = [u].[Id]
ORDER BY [i0].[FechaCreacionUtc] DESC
2026-08-04 17:37:12.850 -06:00 [INF] Executing OkObjectResult, writing value of type 'System.Collections.Generic.List`1[[Pos.Application.Inventory.DTOs.InventoryMovementDto, Pos.Application, Version=1.0.0.0, Culture=neutral, PublicKeyToken=null]]'.
2026-08-04 17:37:12.860 -06:00 [INF] Executed action Pos.Api.Controllers.v1.InventoryController.GetMovements (Pos.Api) in 346.426ms
2026-08-04 17:37:12.862 -06:00 [INF] Executed endpoint 'Pos.Api.Controllers.v1.InventoryController.GetMovements (Pos.Api)'
2026-08-04 17:37:12.863 -06:00 [INF] Request starting HTTP/1.1 GET http://localhost:5000/api/v1/inventory/movements - application/json null
2026-08-04 17:37:12.867 -06:00 [INF] Executing endpoint 'Pos.Api.Controllers.v1.InventoryController.GetMovements (Pos.Api)'
2026-08-04 17:37:12.868 -06:00 [INF] Route matched with {action = "GetMovements", controller = "Inventory"}. Executing controller action with signature System.Threading.Tasks.Task`1[Microsoft.AspNetCore.Mvc.ActionResult`1[System.Collections.Generic.List`1[Pos.Application.Inventory.DTOs.InventoryMovementDto]]] GetMovements(System.Nullable`1[System.Guid], System.String, System.Threading.CancellationToken) on controller Pos.Api.Controllers.v1.InventoryController (Pos.Api).
2026-08-04 17:37:12.870 -06:00 [INF] Executed DbCommand (5ms) [Parameters=[@p0='?' (DbType = Guid), @p1='?' (Size = 4000), @p2='?' (Size = 4000), @p3='?' (Size = 4000), @p4='?' (DbType = Boolean), @p5='?' (DbType = DateTime2), @p6='?' (DbType = DateTime2), @p7='?' (Size = 4000), @p8='?' (Size = 4000), @p9='?' (Size = 4000), @p10='?' (DbType = Guid), @p11='?' (Size = 4000), @p12='?' (Size = 4000)], CommandType='"Text"', CommandTimeout='30']
SET IMPLICIT_TRANSACTIONS OFF;
SET NOCOUNT ON;
INSERT INTO [AuditLogs] ([Id], [Accion], [DireccionIp], [EntidadId], [EstaActivo], [FechaActualizacionUtc], [FechaCreacionUtc], [IdCorrelacion], [Motivo], [NombreEntidad], [UsuarioId], [ValoresAnterioresJson], [ValoresNuevosJson])
VALUES (@p0, @p1, @p2, @p3, @p4, @p5, @p6, @p7, @p8, @p9, @p10, @p11, @p12);
2026-08-04 17:37:12.874 -06:00 [INF] [AUDITORIA WPC BAJIO] CorrelationId: 47c8aae0-c7b7-48ba-a7e4-019228c2e5f1 | Action: GET /api/v1/inventory/movements | Entity: HttpRequest (200) | User: ebc8b858-2837-4bd5-93e1-8b4c1d0bd81b | IP: ::1 | Reason: HTTP Response StatusCode: 200 | OldValues: N/A | NewValues: N/A
2026-08-04 17:37:12.878 -06:00 [INF] Request finished HTTP/1.1 GET http://localhost:5000/api/v1/inventory/movements - 200 null application/json; charset=utf-8 375.3457ms
2026-08-04 17:37:12.880 -06:00 [INF] Executed DbCommand (7ms) [Parameters=[@__p_0='?' (DbType = Int32)], CommandType='"Text"', CommandTimeout='30']
SELECT [i0].[Id], [i0].[Cantidad], [i0].[CantidadAnterior], [i0].[CantidadNueva], [i0].[EstaActivo], [i0].[EvidenceImageUrl], [i0].[FechaActualizacionUtc], [i0].[FechaCreacionUtc], [i0].[Motivo], [i0].[NumeroReferencia], [i0].[ProductoId], [i0].[TipoMovimiento], [i0].[UsuarioId], [p].[Id], [p].[AltoCm], [p].[AnchoCm], [p].[AnchoMm], [p].[Barcode], [p].[CantidadInventarioInicial], [p].[CantidadMinimaMayoreo], [p].[CategoriaId], [p].[CoberturaM2Caja], [p].[CoberturaPorUnidadM2], [p].[Descripcion], [p].[EspesorMm], [p].[EstaActivo], [p].[FechaActualizacionUtc], [p].[FechaCreacionUtc], [p].[ImagenUrl], [p].[LargoCm], [p].[LargoMm], [p].[Material], [p].[Nombre], [p].[PiezasPorCaja], [p].[PrecioMayoreo], [p].[PrecioUnitario], [p].[Sku], [p].[SoloCotizacion], [p].[UnidadMedida], [p].[VisibleMasVendido], [u].[Id], [u].[Email], [u].[EmpleadoId], [u].[EstaActivo], [u].[FechaActualizacionUtc], [u].[FechaCreacionUtc], [u].[NombreUsuario], [u].[PasswordHash]
FROM (
    SELECT TOP(@__p_0) [i].[Id], [i].[Cantidad], [i].[CantidadAnterior], [i].[CantidadNueva], [i].[EstaActivo], [i].[EvidenceImageUrl], [i].[FechaActualizacionUtc], [i].[FechaCreacionUtc], [i].[Motivo], [i].[NumeroReferencia], [i].[ProductoId], [i].[TipoMovimiento], [i].[UsuarioId]
    FROM [InventoryMovements] AS [i]
    ORDER BY [i].[FechaCreacionUtc] DESC
) AS [i0]
INNER JOIN [Products] AS [p] ON [i0].[ProductoId] = [p].[Id]
LEFT JOIN [Users] AS [u] ON [i0].[UsuarioId] = [u].[Id]
ORDER BY [i0].[FechaCreacionUtc] DESC
2026-08-04 17:37:13.079 -06:00 [INF] Executing OkObjectResult, writing value of type 'System.Collections.Generic.List`1[[Pos.Application.Inventory.DTOs.InventoryMovementDto, Pos.Application, Version=1.0.0.0, Culture=neutral, PublicKeyToken=null]]'.
2026-08-04 17:37:13.081 -06:00 [INF] Executed action Pos.Api.Controllers.v1.InventoryController.GetMovements (Pos.Api) in 210.7825ms
2026-08-04 17:37:13.083 -06:00 [INF] Executed endpoint 'Pos.Api.Controllers.v1.InventoryController.GetMovements (Pos.Api)'
2026-08-04 17:37:13.091 -06:00 [INF] Executed DbCommand (4ms) [Parameters=[@p0='?' (DbType = Guid), @p1='?' (Size = 4000), @p2='?' (Size = 4000), @p3='?' (Size = 4000), @p4='?' (DbType = Boolean), @p5='?' (DbType = DateTime2), @p6='?' (DbType = DateTime2), @p7='?' (Size = 4000), @p8='?' (Size = 4000), @p9='?' (Size = 4000), @p10='?' (DbType = Guid), @p11='?' (Size = 4000), @p12='?' (Size = 4000)], CommandType='"Text"', CommandTimeout='30']
SET IMPLICIT_TRANSACTIONS OFF;
SET NOCOUNT ON;
INSERT INTO [AuditLogs] ([Id], [Accion], [DireccionIp], [EntidadId], [EstaActivo], [FechaActualizacionUtc], [FechaCreacionUtc], [IdCorrelacion], [Motivo], [NombreEntidad], [UsuarioId], [ValoresAnterioresJson], [ValoresNuevosJson])
VALUES (@p0, @p1, @p2, @p3, @p4, @p5, @p6, @p7, @p8, @p9, @p10, @p11, @p12);
2026-08-04 17:37:13.094 -06:00 [INF] [AUDITORIA WPC BAJIO] CorrelationId: 89331062-c6ae-43f4-a263-750e8298cf67 | Action: GET /api/v1/inventory/movements | Entity: HttpRequest (200) | User: ebc8b858-2837-4bd5-93e1-8b4c1d0bd81b | IP: ::1 | Reason: HTTP Response StatusCode: 200 | OldValues: N/A | NewValues: N/A
2026-08-04 17:37:13.098 -06:00 [INF] Request finished HTTP/1.1 GET http://localhost:5000/api/v1/inventory/movements - 200 null application/json; charset=utf-8 234.5948ms
2026-08-04 17:37:57.282 -06:00 [INF] Request starting HTTP/1.1 GET http://localhost:5000/api/v1/categories - application/json null
2026-08-04 17:37:57.283 -06:00 [INF] Request starting HTTP/1.1 GET http://localhost:5000/api/v1/products? - application/json null
2026-08-04 17:37:57.287 -06:00 [INF] Executing endpoint 'Pos.Api.Controllers.v1.CategoriesController.GetCategories (Pos.Api)'
2026-08-04 17:37:57.291 -06:00 [INF] Executing endpoint 'Pos.Api.Controllers.v1.ProductsController.GetProducts (Pos.Api)'
2026-08-04 17:37:57.293 -06:00 [INF] Route matched with {action = "GetProducts", controller = "Products"}. Executing controller action with signature System.Threading.Tasks.Task`1[Microsoft.AspNetCore.Mvc.ActionResult`1[System.Collections.Generic.List`1[Pos.Application.Catalog.DTOs.ProductDto]]] GetProducts(System.String, System.Nullable`1[System.Guid], System.Nullable`1[System.Boolean], System.Threading.CancellationToken) on controller Pos.Api.Controllers.v1.ProductsController (Pos.Api).
2026-08-04 17:37:57.296 -06:00 [INF] Route matched with {action = "GetCategories", controller = "Categories"}. Executing controller action with signature System.Threading.Tasks.Task`1[Microsoft.AspNetCore.Mvc.ActionResult`1[System.Collections.Generic.List`1[Pos.Application.Catalog.DTOs.CategoryDto]]] GetCategories(System.Threading.CancellationToken) on controller Pos.Api.Controllers.v1.CategoriesController (Pos.Api).
2026-08-04 17:37:57.308 -06:00 [INF] Executed DbCommand (11ms) [Parameters=[], CommandType='"Text"', CommandTimeout='30']
SELECT [p].[Id], [p].[AltoCm], [p].[AnchoCm], [p].[AnchoMm], [p].[Barcode], [p].[CantidadInventarioInicial], [p].[CantidadMinimaMayoreo], [p].[CategoriaId], [p].[CoberturaM2Caja], [p].[CoberturaPorUnidadM2], [p].[Descripcion], [p].[EspesorMm], [p].[EstaActivo], [p].[FechaActualizacionUtc], [p].[FechaCreacionUtc], [p].[ImagenUrl], [p].[LargoCm], [p].[LargoMm], [p].[Material], [p].[Nombre], [p].[PiezasPorCaja], [p].[PrecioMayoreo], [p].[PrecioUnitario], [p].[Sku], [p].[SoloCotizacion], [p].[UnidadMedida], [p].[VisibleMasVendido], [c].[Id], [c].[CategoriaPadreId], [c].[Descripcion], [c].[EstaActivo], [c].[FechaActualizacionUtc], [c].[FechaCreacionUtc], [c].[Nombre], [c].[Slug], [p0].[Id], [p0].[EsPrincipal], [p0].[EstaActivo], [p0].[FechaActualizacionUtc], [p0].[FechaCreacionUtc], [p0].[ProductoId], [p0].[UrlImagen]
FROM [Products] AS [p]
INNER JOIN [Categories] AS [c] ON [p].[CategoriaId] = [c].[Id]
LEFT JOIN [ProductImages] AS [p0] ON [p].[Id] = [p0].[ProductoId]
ORDER BY [p].[Id], [c].[Id]
2026-08-04 17:37:57.327 -06:00 [INF] Executed DbCommand (7ms) [Parameters=[], CommandType='"Text"', CommandTimeout='30']
SELECT [c].[Id], [c].[CategoriaPadreId], [c].[Descripcion], [c].[EstaActivo], [c].[FechaActualizacionUtc], [c].[FechaCreacionUtc], [c].[Nombre], [c].[Slug], [c0].[Id], [c0].[CategoriaPadreId], [c0].[Descripcion], [c0].[EstaActivo], [c0].[FechaActualizacionUtc], [c0].[FechaCreacionUtc], [c0].[Nombre], [c0].[Slug]
FROM [Categories] AS [c]
LEFT JOIN [Categories] AS [c0] ON [c].[Id] = [c0].[CategoriaPadreId]
WHERE [c].[CategoriaPadreId] IS NULL
ORDER BY [c].[Id]
2026-08-04 17:37:57.334 -06:00 [INF] Executing OkObjectResult, writing value of type 'System.Collections.Generic.List`1[[Pos.Application.Catalog.DTOs.ProductDto, Pos.Application, Version=1.0.0.0, Culture=neutral, PublicKeyToken=null]]'.
2026-08-04 17:37:57.335 -06:00 [INF] Executing OkObjectResult, writing value of type 'System.Collections.Generic.List`1[[Pos.Application.Catalog.DTOs.CategoryDto, Pos.Application, Version=1.0.0.0, Culture=neutral, PublicKeyToken=null]]'.
2026-08-04 17:37:57.336 -06:00 [INF] Executed action Pos.Api.Controllers.v1.ProductsController.GetProducts (Pos.Api) in 41.7767ms
2026-08-04 17:37:57.338 -06:00 [INF] Executed endpoint 'Pos.Api.Controllers.v1.ProductsController.GetProducts (Pos.Api)'
2026-08-04 17:37:57.342 -06:00 [INF] Request starting HTTP/1.1 GET http://localhost:5000/api/v1/products? - application/json null
2026-08-04 17:37:57.345 -06:00 [INF] Executing endpoint 'Pos.Api.Controllers.v1.ProductsController.GetProducts (Pos.Api)'
2026-08-04 17:37:57.346 -06:00 [INF] Executed action Pos.Api.Controllers.v1.CategoriesController.GetCategories (Pos.Api) in 47.697ms
2026-08-04 17:37:57.346 -06:00 [INF] Route matched with {action = "GetProducts", controller = "Products"}. Executing controller action with signature System.Threading.Tasks.Task`1[Microsoft.AspNetCore.Mvc.ActionResult`1[System.Collections.Generic.List`1[Pos.Application.Catalog.DTOs.ProductDto]]] GetProducts(System.String, System.Nullable`1[System.Guid], System.Nullable`1[System.Boolean], System.Threading.CancellationToken) on controller Pos.Api.Controllers.v1.ProductsController (Pos.Api).
2026-08-04 17:37:57.347 -06:00 [INF] Executed DbCommand (7ms) [Parameters=[@p0='?' (DbType = Guid), @p1='?' (Size = 4000), @p2='?' (Size = 4000), @p3='?' (Size = 4000), @p4='?' (DbType = Boolean), @p5='?' (DbType = DateTime2), @p6='?' (DbType = DateTime2), @p7='?' (Size = 4000), @p8='?' (Size = 4000), @p9='?' (Size = 4000), @p10='?' (DbType = Guid), @p11='?' (Size = 4000), @p12='?' (Size = 4000)], CommandType='"Text"', CommandTimeout='30']
SET IMPLICIT_TRANSACTIONS OFF;
SET NOCOUNT ON;
INSERT INTO [AuditLogs] ([Id], [Accion], [DireccionIp], [EntidadId], [EstaActivo], [FechaActualizacionUtc], [FechaCreacionUtc], [IdCorrelacion], [Motivo], [NombreEntidad], [UsuarioId], [ValoresAnterioresJson], [ValoresNuevosJson])
VALUES (@p0, @p1, @p2, @p3, @p4, @p5, @p6, @p7, @p8, @p9, @p10, @p11, @p12);
2026-08-04 17:37:57.347 -06:00 [INF] Executed endpoint 'Pos.Api.Controllers.v1.CategoriesController.GetCategories (Pos.Api)'
2026-08-04 17:37:57.352 -06:00 [INF] Request starting HTTP/1.1 GET http://localhost:5000/api/v1/categories - application/json null
2026-08-04 17:37:57.352 -06:00 [INF] Executed DbCommand (1ms) [Parameters=[], CommandType='"Text"', CommandTimeout='30']
SELECT [p].[Id], [p].[AltoCm], [p].[AnchoCm], [p].[AnchoMm], [p].[Barcode], [p].[CantidadInventarioInicial], [p].[CantidadMinimaMayoreo], [p].[CategoriaId], [p].[CoberturaM2Caja], [p].[CoberturaPorUnidadM2], [p].[Descripcion], [p].[EspesorMm], [p].[EstaActivo], [p].[FechaActualizacionUtc], [p].[FechaCreacionUtc], [p].[ImagenUrl], [p].[LargoCm], [p].[LargoMm], [p].[Material], [p].[Nombre], [p].[PiezasPorCaja], [p].[PrecioMayoreo], [p].[PrecioUnitario], [p].[Sku], [p].[SoloCotizacion], [p].[UnidadMedida], [p].[VisibleMasVendido], [c].[Id], [c].[CategoriaPadreId], [c].[Descripcion], [c].[EstaActivo], [c].[FechaActualizacionUtc], [c].[FechaCreacionUtc], [c].[Nombre], [c].[Slug], [p0].[Id], [p0].[EsPrincipal], [p0].[EstaActivo], [p0].[FechaActualizacionUtc], [p0].[FechaCreacionUtc], [p0].[ProductoId], [p0].[UrlImagen]
FROM [Products] AS [p]
INNER JOIN [Categories] AS [c] ON [p].[CategoriaId] = [c].[Id]
LEFT JOIN [ProductImages] AS [p0] ON [p].[Id] = [p0].[ProductoId]
ORDER BY [p].[Id], [c].[Id]
2026-08-04 17:37:57.352 -06:00 [INF] [AUDITORIA WPC BAJIO] CorrelationId: c93b3254-db0f-415b-b07b-16cf7fc04899 | Action: GET /api/v1/products | Entity: HttpRequest (200) | User: ebc8b858-2837-4bd5-93e1-8b4c1d0bd81b | IP: ::1 | Reason: HTTP Response StatusCode: 200 | OldValues: N/A | NewValues: N/A
2026-08-04 17:37:57.355 -06:00 [INF] Executing endpoint 'Pos.Api.Controllers.v1.CategoriesController.GetCategories (Pos.Api)'
2026-08-04 17:37:57.355 -06:00 [INF] Executed DbCommand (1ms) [Parameters=[@p0='?' (DbType = Guid), @p1='?' (Size = 4000), @p2='?' (Size = 4000), @p3='?' (Size = 4000), @p4='?' (DbType = Boolean), @p5='?' (DbType = DateTime2), @p6='?' (DbType = DateTime2), @p7='?' (Size = 4000), @p8='?' (Size = 4000), @p9='?' (Size = 4000), @p10='?' (DbType = Guid), @p11='?' (Size = 4000), @p12='?' (Size = 4000)], CommandType='"Text"', CommandTimeout='30']
SET IMPLICIT_TRANSACTIONS OFF;
SET NOCOUNT ON;
INSERT INTO [AuditLogs] ([Id], [Accion], [DireccionIp], [EntidadId], [EstaActivo], [FechaActualizacionUtc], [FechaCreacionUtc], [IdCorrelacion], [Motivo], [NombreEntidad], [UsuarioId], [ValoresAnterioresJson], [ValoresNuevosJson])
VALUES (@p0, @p1, @p2, @p3, @p4, @p5, @p6, @p7, @p8, @p9, @p10, @p11, @p12);
2026-08-04 17:37:57.361 -06:00 [INF] Request finished HTTP/1.1 GET http://localhost:5000/api/v1/products? - 200 null application/json; charset=utf-8 78.3711ms
2026-08-04 17:37:57.362 -06:00 [INF] Route matched with {action = "GetCategories", controller = "Categories"}. Executing controller action with signature System.Threading.Tasks.Task`1[Microsoft.AspNetCore.Mvc.ActionResult`1[System.Collections.Generic.List`1[Pos.Application.Catalog.DTOs.CategoryDto]]] GetCategories(System.Threading.CancellationToken) on controller Pos.Api.Controllers.v1.CategoriesController (Pos.Api).
2026-08-04 17:37:57.364 -06:00 [INF] [AUDITORIA WPC BAJIO] CorrelationId: 401eedb6-e7bd-4433-b4a0-460cf6b49b1b | Action: GET /api/v1/categories | Entity: HttpRequest (200) | User: ebc8b858-2837-4bd5-93e1-8b4c1d0bd81b | IP: ::1 | Reason: HTTP Response StatusCode: 200 | OldValues: N/A | NewValues: N/A
2026-08-04 17:37:57.372 -06:00 [INF] Executed DbCommand (1ms) [Parameters=[], CommandType='"Text"', CommandTimeout='30']
SELECT [c].[Id], [c].[CategoriaPadreId], [c].[Descripcion], [c].[EstaActivo], [c].[FechaActualizacionUtc], [c].[FechaCreacionUtc], [c].[Nombre], [c].[Slug], [c0].[Id], [c0].[CategoriaPadreId], [c0].[Descripcion], [c0].[EstaActivo], [c0].[FechaActualizacionUtc], [c0].[FechaCreacionUtc], [c0].[Nombre], [c0].[Slug]
FROM [Categories] AS [c]
LEFT JOIN [Categories] AS [c0] ON [c].[Id] = [c0].[CategoriaPadreId]
WHERE [c].[CategoriaPadreId] IS NULL
ORDER BY [c].[Id]
2026-08-04 17:37:57.372 -06:00 [INF] Request finished HTTP/1.1 GET http://localhost:5000/api/v1/categories - 200 null application/json; charset=utf-8 90.0001ms
2026-08-04 17:37:57.382 -06:00 [INF] Executing OkObjectResult, writing value of type 'System.Collections.Generic.List`1[[Pos.Application.Catalog.DTOs.CategoryDto, Pos.Application, Version=1.0.0.0, Culture=neutral, PublicKeyToken=null]]'.
2026-08-04 17:37:57.386 -06:00 [INF] Executed action Pos.Api.Controllers.v1.CategoriesController.GetCategories (Pos.Api) in 16.1729ms
2026-08-04 17:37:57.387 -06:00 [INF] Executed endpoint 'Pos.Api.Controllers.v1.CategoriesController.GetCategories (Pos.Api)'
2026-08-04 17:37:57.393 -06:00 [INF] Executed DbCommand (3ms) [Parameters=[@p0='?' (DbType = Guid), @p1='?' (Size = 4000), @p2='?' (Size = 4000), @p3='?' (Size = 4000), @p4='?' (DbType = Boolean), @p5='?' (DbType = DateTime2), @p6='?' (DbType = DateTime2), @p7='?' (Size = 4000), @p8='?' (Size = 4000), @p9='?' (Size = 4000), @p10='?' (DbType = Guid), @p11='?' (Size = 4000), @p12='?' (Size = 4000)], CommandType='"Text"', CommandTimeout='30']
SET IMPLICIT_TRANSACTIONS OFF;
SET NOCOUNT ON;
INSERT INTO [AuditLogs] ([Id], [Accion], [DireccionIp], [EntidadId], [EstaActivo], [FechaActualizacionUtc], [FechaCreacionUtc], [IdCorrelacion], [Motivo], [NombreEntidad], [UsuarioId], [ValoresAnterioresJson], [ValoresNuevosJson])
VALUES (@p0, @p1, @p2, @p3, @p4, @p5, @p6, @p7, @p8, @p9, @p10, @p11, @p12);
2026-08-04 17:37:57.395 -06:00 [INF] [AUDITORIA WPC BAJIO] CorrelationId: 3b5bb8e5-0f60-42e0-b004-ec95a630318f | Action: GET /api/v1/categories | Entity: HttpRequest (200) | User: ebc8b858-2837-4bd5-93e1-8b4c1d0bd81b | IP: ::1 | Reason: HTTP Response StatusCode: 200 | OldValues: N/A | NewValues: N/A
2026-08-04 17:37:57.397 -06:00 [INF] Executing OkObjectResult, writing value of type 'System.Collections.Generic.List`1[[Pos.Application.Catalog.DTOs.ProductDto, Pos.Application, Version=1.0.0.0, Culture=neutral, PublicKeyToken=null]]'.
2026-08-04 17:37:57.398 -06:00 [INF] Request finished HTTP/1.1 GET http://localhost:5000/api/v1/categories - 200 null application/json; charset=utf-8 46.3143ms
2026-08-04 17:37:57.400 -06:00 [INF] Executed action Pos.Api.Controllers.v1.ProductsController.GetProducts (Pos.Api) in 49.4748ms
2026-08-04 17:37:57.403 -06:00 [INF] Executed endpoint 'Pos.Api.Controllers.v1.ProductsController.GetProducts (Pos.Api)'
2026-08-04 17:37:57.407 -06:00 [INF] Executed DbCommand (1ms) [Parameters=[@p0='?' (DbType = Guid), @p1='?' (Size = 4000), @p2='?' (Size = 4000), @p3='?' (Size = 4000), @p4='?' (DbType = Boolean), @p5='?' (DbType = DateTime2), @p6='?' (DbType = DateTime2), @p7='?' (Size = 4000), @p8='?' (Size = 4000), @p9='?' (Size = 4000), @p10='?' (DbType = Guid), @p11='?' (Size = 4000), @p12='?' (Size = 4000)], CommandType='"Text"', CommandTimeout='30']
SET IMPLICIT_TRANSACTIONS OFF;
SET NOCOUNT ON;
INSERT INTO [AuditLogs] ([Id], [Accion], [DireccionIp], [EntidadId], [EstaActivo], [FechaActualizacionUtc], [FechaCreacionUtc], [IdCorrelacion], [Motivo], [NombreEntidad], [UsuarioId], [ValoresAnterioresJson], [ValoresNuevosJson])
VALUES (@p0, @p1, @p2, @p3, @p4, @p5, @p6, @p7, @p8, @p9, @p10, @p11, @p12);
2026-08-04 17:37:57.409 -06:00 [INF] [AUDITORIA WPC BAJIO] CorrelationId: 1d7b6ff7-0ef1-4a45-8e7c-4f42ba9064a6 | Action: GET /api/v1/products | Entity: HttpRequest (200) | User: ebc8b858-2837-4bd5-93e1-8b4c1d0bd81b | IP: ::1 | Reason: HTTP Response StatusCode: 200 | OldValues: N/A | NewValues: N/A
2026-08-04 17:37:57.412 -06:00 [INF] Request finished HTTP/1.1 GET http://localhost:5000/api/v1/products? - 200 null application/json; charset=utf-8 70.793ms
2026-08-04 17:38:06.992 -06:00 [INF] Request starting HTTP/1.1 GET http://localhost:5000/api/v1/products? - application/json null
2026-08-04 17:38:06.992 -06:00 [INF] Request starting HTTP/1.1 GET http://localhost:5000/api/v1/customers? - application/json null
2026-08-04 17:38:06.997 -06:00 [INF] Executing endpoint 'Pos.Api.Controllers.v1.ProductsController.GetProducts (Pos.Api)'
2026-08-04 17:38:06.999 -06:00 [INF] Executing endpoint 'Pos.Api.Controllers.v1.CustomersController.GetCustomers (Pos.Api)'
2026-08-04 17:38:07.000 -06:00 [INF] Route matched with {action = "GetProducts", controller = "Products"}. Executing controller action with signature System.Threading.Tasks.Task`1[Microsoft.AspNetCore.Mvc.ActionResult`1[System.Collections.Generic.List`1[Pos.Application.Catalog.DTOs.ProductDto]]] GetProducts(System.String, System.Nullable`1[System.Guid], System.Nullable`1[System.Boolean], System.Threading.CancellationToken) on controller Pos.Api.Controllers.v1.ProductsController (Pos.Api).
2026-08-04 17:38:07.001 -06:00 [INF] Route matched with {action = "GetCustomers", controller = "Customers"}. Executing controller action with signature System.Threading.Tasks.Task`1[Microsoft.AspNetCore.Mvc.ActionResult`1[System.Collections.Generic.List`1[Pos.Application.Catalog.DTOs.CustomerDto]]] GetCustomers(System.String, System.String, System.Threading.CancellationToken) on controller Pos.Api.Controllers.v1.CustomersController (Pos.Api).
2026-08-04 17:38:07.014 -06:00 [INF] Executed DbCommand (9ms) [Parameters=[], CommandType='"Text"', CommandTimeout='30']
SELECT [c].[Id], [c].[Apellido], [c].[Ciudad], [c].[CodigoPostal], [c].[Direccion], [c].[Email], [c].[EstaActivo], [c].[Estado], [c].[FechaActualizacionUtc], [c].[FechaCreacionUtc], [c].[Nombre], [c].[NombreEmpresa], [c].[Notas], [c].[PorcentajeDescuentoEspecial], [c].[Rfc], [c].[Telefono], [c].[TipoCliente]
FROM [Customers] AS [c]
WHERE [c].[EstaActivo] = CAST(1 AS bit)
2026-08-04 17:38:07.016 -06:00 [INF] Executing OkObjectResult, writing value of type 'System.Collections.Generic.List`1[[Pos.Application.Catalog.DTOs.CustomerDto, Pos.Application, Version=1.0.0.0, Culture=neutral, PublicKeyToken=null]]'.
2026-08-04 17:38:07.016 -06:00 [INF] Executed DbCommand (13ms) [Parameters=[], CommandType='"Text"', CommandTimeout='30']
SELECT [p].[Id], [p].[AltoCm], [p].[AnchoCm], [p].[AnchoMm], [p].[Barcode], [p].[CantidadInventarioInicial], [p].[CantidadMinimaMayoreo], [p].[CategoriaId], [p].[CoberturaM2Caja], [p].[CoberturaPorUnidadM2], [p].[Descripcion], [p].[EspesorMm], [p].[EstaActivo], [p].[FechaActualizacionUtc], [p].[FechaCreacionUtc], [p].[ImagenUrl], [p].[LargoCm], [p].[LargoMm], [p].[Material], [p].[Nombre], [p].[PiezasPorCaja], [p].[PrecioMayoreo], [p].[PrecioUnitario], [p].[Sku], [p].[SoloCotizacion], [p].[UnidadMedida], [p].[VisibleMasVendido], [c].[Id], [c].[CategoriaPadreId], [c].[Descripcion], [c].[EstaActivo], [c].[FechaActualizacionUtc], [c].[FechaCreacionUtc], [c].[Nombre], [c].[Slug], [p0].[Id], [p0].[EsPrincipal], [p0].[EstaActivo], [p0].[FechaActualizacionUtc], [p0].[FechaCreacionUtc], [p0].[ProductoId], [p0].[UrlImagen]
FROM [Products] AS [p]
INNER JOIN [Categories] AS [c] ON [p].[CategoriaId] = [c].[Id]
LEFT JOIN [ProductImages] AS [p0] ON [p].[Id] = [p0].[ProductoId]
ORDER BY [p].[Id], [c].[Id]
2026-08-04 17:38:07.017 -06:00 [INF] Executed action Pos.Api.Controllers.v1.CustomersController.GetCustomers (Pos.Api) in 13.1709ms
2026-08-04 17:38:07.021 -06:00 [INF] Executed endpoint 'Pos.Api.Controllers.v1.CustomersController.GetCustomers (Pos.Api)'
2026-08-04 17:38:07.021 -06:00 [INF] Request starting HTTP/1.1 GET http://localhost:5000/api/v1/customers? - application/json null
2026-08-04 17:38:07.026 -06:00 [INF] Executing endpoint 'Pos.Api.Controllers.v1.CustomersController.GetCustomers (Pos.Api)'
2026-08-04 17:38:07.027 -06:00 [INF] Route matched with {action = "GetCustomers", controller = "Customers"}. Executing controller action with signature System.Threading.Tasks.Task`1[Microsoft.AspNetCore.Mvc.ActionResult`1[System.Collections.Generic.List`1[Pos.Application.Catalog.DTOs.CustomerDto]]] GetCustomers(System.String, System.String, System.Threading.CancellationToken) on controller Pos.Api.Controllers.v1.CustomersController (Pos.Api).
2026-08-04 17:38:07.030 -06:00 [INF] Executed DbCommand (1ms) [Parameters=[], CommandType='"Text"', CommandTimeout='30']
SELECT [c].[Id], [c].[Apellido], [c].[Ciudad], [c].[CodigoPostal], [c].[Direccion], [c].[Email], [c].[EstaActivo], [c].[Estado], [c].[FechaActualizacionUtc], [c].[FechaCreacionUtc], [c].[Nombre], [c].[NombreEmpresa], [c].[Notas], [c].[PorcentajeDescuentoEspecial], [c].[Rfc], [c].[Telefono], [c].[TipoCliente]
FROM [Customers] AS [c]
WHERE [c].[EstaActivo] = CAST(1 AS bit)
2026-08-04 17:38:07.032 -06:00 [INF] Executed DbCommand (8ms) [Parameters=[@p0='?' (DbType = Guid), @p1='?' (Size = 4000), @p2='?' (Size = 4000), @p3='?' (Size = 4000), @p4='?' (DbType = Boolean), @p5='?' (DbType = DateTime2), @p6='?' (DbType = DateTime2), @p7='?' (Size = 4000), @p8='?' (Size = 4000), @p9='?' (Size = 4000), @p10='?' (DbType = Guid), @p11='?' (Size = 4000), @p12='?' (Size = 4000)], CommandType='"Text"', CommandTimeout='30']
SET IMPLICIT_TRANSACTIONS OFF;
SET NOCOUNT ON;
INSERT INTO [AuditLogs] ([Id], [Accion], [DireccionIp], [EntidadId], [EstaActivo], [FechaActualizacionUtc], [FechaCreacionUtc], [IdCorrelacion], [Motivo], [NombreEntidad], [UsuarioId], [ValoresAnterioresJson], [ValoresNuevosJson])
VALUES (@p0, @p1, @p2, @p3, @p4, @p5, @p6, @p7, @p8, @p9, @p10, @p11, @p12);
2026-08-04 17:38:07.033 -06:00 [INF] Executing OkObjectResult, writing value of type 'System.Collections.Generic.List`1[[Pos.Application.Catalog.DTOs.CustomerDto, Pos.Application, Version=1.0.0.0, Culture=neutral, PublicKeyToken=null]]'.
2026-08-04 17:38:07.035 -06:00 [INF] [AUDITORIA WPC BAJIO] CorrelationId: 91130f9d-940b-4bb9-bd73-20cfe1539d6c | Action: GET /api/v1/customers | Entity: HttpRequest (200) | User: ebc8b858-2837-4bd5-93e1-8b4c1d0bd81b | IP: ::1 | Reason: HTTP Response StatusCode: 200 | OldValues: N/A | NewValues: N/A
2026-08-04 17:38:07.037 -06:00 [INF] Executed action Pos.Api.Controllers.v1.CustomersController.GetCustomers (Pos.Api) in 8.339ms
2026-08-04 17:38:07.039 -06:00 [INF] Executing OkObjectResult, writing value of type 'System.Collections.Generic.List`1[[Pos.Application.Catalog.DTOs.ProductDto, Pos.Application, Version=1.0.0.0, Culture=neutral, PublicKeyToken=null]]'.
2026-08-04 17:38:07.039 -06:00 [INF] Request finished HTTP/1.1 GET http://localhost:5000/api/v1/customers? - 200 null application/json; charset=utf-8 47.1442ms
2026-08-04 17:38:07.041 -06:00 [INF] Executed endpoint 'Pos.Api.Controllers.v1.CustomersController.GetCustomers (Pos.Api)'
2026-08-04 17:38:07.042 -06:00 [INF] Executed action Pos.Api.Controllers.v1.ProductsController.GetProducts (Pos.Api) in 39.9465ms
2026-08-04 17:38:07.047 -06:00 [INF] Executed endpoint 'Pos.Api.Controllers.v1.ProductsController.GetProducts (Pos.Api)'
2026-08-04 17:38:07.047 -06:00 [INF] Request starting HTTP/1.1 GET http://localhost:5000/api/v1/products? - application/json null
2026-08-04 17:38:07.048 -06:00 [INF] Executed DbCommand (1ms) [Parameters=[@p0='?' (DbType = Guid), @p1='?' (Size = 4000), @p2='?' (Size = 4000), @p3='?' (Size = 4000), @p4='?' (DbType = Boolean), @p5='?' (DbType = DateTime2), @p6='?' (DbType = DateTime2), @p7='?' (Size = 4000), @p8='?' (Size = 4000), @p9='?' (Size = 4000), @p10='?' (DbType = Guid), @p11='?' (Size = 4000), @p12='?' (Size = 4000)], CommandType='"Text"', CommandTimeout='30']
SET IMPLICIT_TRANSACTIONS OFF;
SET NOCOUNT ON;
INSERT INTO [AuditLogs] ([Id], [Accion], [DireccionIp], [EntidadId], [EstaActivo], [FechaActualizacionUtc], [FechaCreacionUtc], [IdCorrelacion], [Motivo], [NombreEntidad], [UsuarioId], [ValoresAnterioresJson], [ValoresNuevosJson])
VALUES (@p0, @p1, @p2, @p3, @p4, @p5, @p6, @p7, @p8, @p9, @p10, @p11, @p12);
2026-08-04 17:38:07.050 -06:00 [INF] Executing endpoint 'Pos.Api.Controllers.v1.ProductsController.GetProducts (Pos.Api)'
2026-08-04 17:38:07.050 -06:00 [INF] Executed DbCommand (1ms) [Parameters=[@p0='?' (DbType = Guid), @p1='?' (Size = 4000), @p2='?' (Size = 4000), @p3='?' (Size = 4000), @p4='?' (DbType = Boolean), @p5='?' (DbType = DateTime2), @p6='?' (DbType = DateTime2), @p7='?' (Size = 4000), @p8='?' (Size = 4000), @p9='?' (Size = 4000), @p10='?' (DbType = Guid), @p11='?' (Size = 4000), @p12='?' (Size = 4000)], CommandType='"Text"', CommandTimeout='30']
SET IMPLICIT_TRANSACTIONS OFF;
SET NOCOUNT ON;
INSERT INTO [AuditLogs] ([Id], [Accion], [DireccionIp], [EntidadId], [EstaActivo], [FechaActualizacionUtc], [FechaCreacionUtc], [IdCorrelacion], [Motivo], [NombreEntidad], [UsuarioId], [ValoresAnterioresJson], [ValoresNuevosJson])
VALUES (@p0, @p1, @p2, @p3, @p4, @p5, @p6, @p7, @p8, @p9, @p10, @p11, @p12);
2026-08-04 17:38:07.052 -06:00 [INF] [AUDITORIA WPC BAJIO] CorrelationId: ffdd6994-6e20-47a0-a856-8d71bfd70169 | Action: GET /api/v1/customers | Entity: HttpRequest (200) | User: ebc8b858-2837-4bd5-93e1-8b4c1d0bd81b | IP: ::1 | Reason: HTTP Response StatusCode: 200 | OldValues: N/A | NewValues: N/A
2026-08-04 17:38:07.053 -06:00 [INF] Route matched with {action = "GetProducts", controller = "Products"}. Executing controller action with signature System.Threading.Tasks.Task`1[Microsoft.AspNetCore.Mvc.ActionResult`1[System.Collections.Generic.List`1[Pos.Application.Catalog.DTOs.ProductDto]]] GetProducts(System.String, System.Nullable`1[System.Guid], System.Nullable`1[System.Boolean], System.Threading.CancellationToken) on controller Pos.Api.Controllers.v1.ProductsController (Pos.Api).
2026-08-04 17:38:07.055 -06:00 [INF] [AUDITORIA WPC BAJIO] CorrelationId: 1b26ad09-3283-4dd5-9b2a-8f5d80b002eb | Action: GET /api/v1/products | Entity: HttpRequest (200) | User: ebc8b858-2837-4bd5-93e1-8b4c1d0bd81b | IP: ::1 | Reason: HTTP Response StatusCode: 200 | OldValues: N/A | NewValues: N/A
2026-08-04 17:38:07.058 -06:00 [INF] Request finished HTTP/1.1 GET http://localhost:5000/api/v1/customers? - 200 null application/json; charset=utf-8 36.1561ms
2026-08-04 17:38:07.061 -06:00 [INF] Executed DbCommand (1ms) [Parameters=[], CommandType='"Text"', CommandTimeout='30']
SELECT [p].[Id], [p].[AltoCm], [p].[AnchoCm], [p].[AnchoMm], [p].[Barcode], [p].[CantidadInventarioInicial], [p].[CantidadMinimaMayoreo], [p].[CategoriaId], [p].[CoberturaM2Caja], [p].[CoberturaPorUnidadM2], [p].[Descripcion], [p].[EspesorMm], [p].[EstaActivo], [p].[FechaActualizacionUtc], [p].[FechaCreacionUtc], [p].[ImagenUrl], [p].[LargoCm], [p].[LargoMm], [p].[Material], [p].[Nombre], [p].[PiezasPorCaja], [p].[PrecioMayoreo], [p].[PrecioUnitario], [p].[Sku], [p].[SoloCotizacion], [p].[UnidadMedida], [p].[VisibleMasVendido], [c].[Id], [c].[CategoriaPadreId], [c].[Descripcion], [c].[EstaActivo], [c].[FechaActualizacionUtc], [c].[FechaCreacionUtc], [c].[Nombre], [c].[Slug], [p0].[Id], [p0].[EsPrincipal], [p0].[EstaActivo], [p0].[FechaActualizacionUtc], [p0].[FechaCreacionUtc], [p0].[ProductoId], [p0].[UrlImagen]
FROM [Products] AS [p]
INNER JOIN [Categories] AS [c] ON [p].[CategoriaId] = [c].[Id]
LEFT JOIN [ProductImages] AS [p0] ON [p].[Id] = [p0].[ProductoId]
ORDER BY [p].[Id], [c].[Id]
2026-08-04 17:38:07.062 -06:00 [INF] Request finished HTTP/1.1 GET http://localhost:5000/api/v1/products? - 200 null application/json; charset=utf-8 70.034ms
2026-08-04 17:38:07.095 -06:00 [INF] Executing OkObjectResult, writing value of type 'System.Collections.Generic.List`1[[Pos.Application.Catalog.DTOs.ProductDto, Pos.Application, Version=1.0.0.0, Culture=neutral, PublicKeyToken=null]]'.
2026-08-04 17:38:07.097 -06:00 [INF] Executed action Pos.Api.Controllers.v1.ProductsController.GetProducts (Pos.Api) in 37.5373ms
2026-08-04 17:38:07.098 -06:00 [INF] Executed endpoint 'Pos.Api.Controllers.v1.ProductsController.GetProducts (Pos.Api)'
2026-08-04 17:38:07.101 -06:00 [INF] Executed DbCommand (1ms) [Parameters=[@p0='?' (DbType = Guid), @p1='?' (Size = 4000), @p2='?' (Size = 4000), @p3='?' (Size = 4000), @p4='?' (DbType = Boolean), @p5='?' (DbType = DateTime2), @p6='?' (DbType = DateTime2), @p7='?' (Size = 4000), @p8='?' (Size = 4000), @p9='?' (Size = 4000), @p10='?' (DbType = Guid), @p11='?' (Size = 4000), @p12='?' (Size = 4000)], CommandType='"Text"', CommandTimeout='30']
SET IMPLICIT_TRANSACTIONS OFF;
SET NOCOUNT ON;
INSERT INTO [AuditLogs] ([Id], [Accion], [DireccionIp], [EntidadId], [EstaActivo], [FechaActualizacionUtc], [FechaCreacionUtc], [IdCorrelacion], [Motivo], [NombreEntidad], [UsuarioId], [ValoresAnterioresJson], [ValoresNuevosJson])
VALUES (@p0, @p1, @p2, @p3, @p4, @p5, @p6, @p7, @p8, @p9, @p10, @p11, @p12);
2026-08-04 17:38:07.104 -06:00 [INF] [AUDITORIA WPC BAJIO] CorrelationId: de4f8de5-8cf7-4885-a0a5-f8399098f4c5 | Action: GET /api/v1/products | Entity: HttpRequest (200) | User: ebc8b858-2837-4bd5-93e1-8b4c1d0bd81b | IP: ::1 | Reason: HTTP Response StatusCode: 200 | OldValues: N/A | NewValues: N/A
2026-08-04 17:38:07.107 -06:00 [INF] Request finished HTTP/1.1 GET http://localhost:5000/api/v1/products? - 200 null application/json; charset=utf-8 59.8293ms
2026-08-04 17:38:32.475 -06:00 [INF] Request starting HTTP/1.1 POST http://localhost:5000/api/v1/sales - application/json 333
2026-08-04 17:38:32.485 -06:00 [INF] CORS policy execution successful.
2026-08-04 17:38:32.488 -06:00 [INF] Executing endpoint 'Pos.Api.Controllers.v1.SalesController.ProcessSale (Pos.Api)'
2026-08-04 17:38:32.493 -06:00 [INF] Route matched with {action = "ProcessSale", controller = "Sales"}. Executing controller action with signature System.Threading.Tasks.Task`1[Microsoft.AspNetCore.Mvc.ActionResult`1[Pos.Application.Sales.DTOs.SaleDto]] ProcessSale(Pos.Application.Sales.DTOs.CreateSaleDto, System.Threading.CancellationToken) on controller Pos.Api.Controllers.v1.SalesController (Pos.Api).
2026-08-04 17:38:32.564 -06:00 [INF] Executed DbCommand (6ms) [Parameters=[], CommandType='"Text"', CommandTimeout='30']
SELECT COUNT(*)
FROM [Sales] AS [s]
2026-08-04 17:38:32.584 -06:00 [INF] Executed DbCommand (3ms) [Parameters=[@__itemDto_ProductId_0='?' (DbType = Guid)], CommandType='"Text"', CommandTimeout='30']
SELECT TOP(1) [p].[Id], [p].[AltoCm], [p].[AnchoCm], [p].[AnchoMm], [p].[Barcode], [p].[CantidadInventarioInicial], [p].[CantidadMinimaMayoreo], [p].[CategoriaId], [p].[CoberturaM2Caja], [p].[CoberturaPorUnidadM2], [p].[Descripcion], [p].[EspesorMm], [p].[EstaActivo], [p].[FechaActualizacionUtc], [p].[FechaCreacionUtc], [p].[ImagenUrl], [p].[LargoCm], [p].[LargoMm], [p].[Material], [p].[Nombre], [p].[PiezasPorCaja], [p].[PrecioMayoreo], [p].[PrecioUnitario], [p].[Sku], [p].[SoloCotizacion], [p].[UnidadMedida], [p].[VisibleMasVendido]
FROM [Products] AS [p]
WHERE [p].[Id] = @__itemDto_ProductId_0
2026-08-04 17:38:32.612 -06:00 [INF] Executed DbCommand (3ms) [Parameters=[@__itemDto_ProductId_0='?' (DbType = Guid)], CommandType='"Text"', CommandTimeout='30']
SELECT TOP(1) [s].[Id], [s].[CantidadDisponible], [s].[CantidadReorden], [s].[EstaActivo], [s].[FechaActualizacionUtc], [s].[FechaCreacionUtc], [s].[ProductoId], [s].[Ubicacion], [s].[UmbralMinimoAlerta], [s].[VersionFila]
FROM [Stocks] AS [s]
WHERE [s].[ProductoId] = @__itemDto_ProductId_0
2026-08-04 17:38:32.783 -06:00 [INF] Executed DbCommand (29ms) [Parameters=[@p0='?' (DbType = Guid), @p1='?' (Precision = 18) (Scale = 2) (DbType = Decimal), @p2='?' (Precision = 18) (Scale = 2) (DbType = Decimal), @p3='?' (Precision = 18) (Scale = 2) (DbType = Decimal), @p4='?' (DbType = Boolean), @p5='?' (Size = 4000), @p6='?' (DbType = DateTime2), @p7='?' (DbType = DateTime2), @p8='?' (Size = 4000), @p9='?' (Size = 4000), @p10='?' (DbType = Guid), @p11='?' (Size = 4000), @p12='?' (DbType = Guid), @p13='?' (DbType = Guid), @p14='?' (DbType = Guid), @p15='?' (DbType = Boolean), @p16='?' (Size = 4000), @p17='?' (DbType = DateTime2), @p18='?' (DbType = DateTime2), @p19='?' (Precision = 18) (Scale = 2) (DbType = Decimal), @p20='?' (Precision = 18) (Scale = 2) (DbType = Decimal), @p21='?' (Precision = 18) (Scale = 2) (DbType = Decimal), @p22='?' (Precision = 18) (Scale = 2) (DbType = Decimal), @p23='?' (Precision = 18) (Scale = 2) (DbType = Decimal), @p24='?' (Precision = 18) (Scale = 2) (DbType = Decimal), @p25='?' (Precision = 18) (Scale = 2) (DbType = Decimal), @p26='?' (Size = 4000), @p27='?' (Size = 4000), @p28='?' (Precision = 18) (Scale = 2) (DbType = Decimal), @p29='?' (Precision = 18) (Scale = 2) (DbType = Decimal), @p30='?' (Size = 4000), @p31='?' (DbType = Guid), @p34='?' (DbType = Guid), @p32='?' (Precision = 18) (Scale = 2) (DbType = Decimal), @p33='?' (DbType = DateTime2), @p35='?' (Size = 8) (DbType = Binary), @p36='?' (DbType = Guid), @p37='?' (Precision = 18) (Scale = 2) (DbType = Decimal), @p38='?' (DbType = Boolean), @p39='?' (DbType = DateTime2), @p40='?' (DbType = DateTime2), @p41='?' (Precision = 18) (Scale = 2) (DbType = Decimal), @p42='?' (Precision = 18) (Scale = 2) (DbType = Decimal), @p43='?' (Precision = 18) (Scale = 2) (DbType = Decimal), @p44='?' (DbType = Guid), @p45='?' (DbType = Guid)], CommandType='"Text"', CommandTimeout='30']
SET NOCOUNT ON;
INSERT INTO [InventoryMovements] ([Id], [Cantidad], [CantidadAnterior], [CantidadNueva], [EstaActivo], [EvidenceImageUrl], [FechaActualizacionUtc], [FechaCreacionUtc], [Motivo], [NumeroReferencia], [ProductoId], [TipoMovimiento], [UsuarioId])
VALUES (@p0, @p1, @p2, @p3, @p4, @p5, @p6, @p7, @p8, @p9, @p10, @p11, @p12);
INSERT INTO [Sales] ([Id], [ClienteId], [EstaActivo], [Estado], [FechaActualizacionUtc], [FechaCreacionUtc], [MontoAnticipo], [MontoDescuento], [MontoEfectivo], [MontoIva], [MontoTarjeta], [MontoTotal], [MontoTransferencia], [Notas], [NumeroFolio], [SaldoPendiente], [SubTotal], [TipoPago], [UsuarioId])
VALUES (@p13, @p14, @p15, @p16, @p17, @p18, @p19, @p20, @p21, @p22, @p23, @p24, @p25, @p26, @p27, @p28, @p29, @p30, @p31);
UPDATE [Stocks] SET [CantidadDisponible] = @p32, [FechaActualizacionUtc] = @p33
OUTPUT INSERTED.[VersionFila]
WHERE [Id] = @p34 AND [VersionFila] = @p35;
INSERT INTO [SaleItems] ([Id], [Cantidad], [EstaActivo], [FechaActualizacionUtc], [FechaCreacionUtc], [MontoDescuento], [PrecioTotal], [PrecioUnitario], [ProductoId], [VentaId])
VALUES (@p36, @p37, @p38, @p39, @p40, @p41, @p42, @p43, @p44, @p45);
2026-08-04 17:38:32.802 -06:00 [INF] Executed DbCommand (5ms) [Parameters=[@p0='?' (DbType = Guid), @p1='?' (Size = 4000), @p2='?' (Size = 4000), @p3='?' (Size = 4000), @p4='?' (DbType = Boolean), @p5='?' (DbType = DateTime2), @p6='?' (DbType = DateTime2), @p7='?' (Size = 4000), @p8='?' (Size = 4000), @p9='?' (Size = 4000), @p10='?' (DbType = Guid), @p11='?' (Size = 4000), @p12='?' (Size = 4000)], CommandType='"Text"', CommandTimeout='30']
SET IMPLICIT_TRANSACTIONS OFF;
SET NOCOUNT ON;
INSERT INTO [AuditLogs] ([Id], [Accion], [DireccionIp], [EntidadId], [EstaActivo], [FechaActualizacionUtc], [FechaCreacionUtc], [IdCorrelacion], [Motivo], [NombreEntidad], [UsuarioId], [ValoresAnterioresJson], [ValoresNuevosJson])
VALUES (@p0, @p1, @p2, @p3, @p4, @p5, @p6, @p7, @p8, @p9, @p10, @p11, @p12);
2026-08-04 17:38:32.806 -06:00 [INF] [AUDITORIA WPC BAJIO] CorrelationId: 3c56eaae-fec4-4ed8-a274-c801de568562 | Action: SALE_COMPLETED | Entity: Venta (65ec1069-59e3-4a53-90ba-6c38ecb16b36) | User: ebc8b858-2837-4bd5-93e1-8b4c1d0bd81b | IP: ::1 | Reason: Venta realizada con éxito Folio: VENTA-2026-00004 | OldValues: N/A | NewValues: Folio=VENTA-2026-00004, Total=1450.00, Type=FullPayment
2026-08-04 17:38:32.867 -06:00 [INF] Executed DbCommand (19ms) [Parameters=[@__id_0='?' (DbType = Guid)], CommandType='"Text"', CommandTimeout='30']
SELECT [s1].[Id], [s1].[ClienteId], [s1].[EstaActivo], [s1].[Estado], [s1].[FechaActualizacionUtc], [s1].[FechaCreacionUtc], [s1].[MontoAnticipo], [s1].[MontoDescuento], [s1].[MontoEfectivo], [s1].[MontoIva], [s1].[MontoTarjeta], [s1].[MontoTotal], [s1].[MontoTransferencia], [s1].[Notas], [s1].[NumeroFolio], [s1].[SaldoPendiente], [s1].[SubTotal], [s1].[TipoPago], [s1].[UsuarioId], [s1].[Id0], [s1].[Apellido], [s1].[Ciudad], [s1].[CodigoPostal], [s1].[Direccion], [s1].[Email], [s1].[EstaActivo0], [s1].[Estado0], [s1].[FechaActualizacionUtc0], [s1].[FechaCreacionUtc0], [s1].[Nombre], [s1].[NombreEmpresa], [s1].[Notas0], [s1].[PorcentajeDescuentoEspecial], [s1].[Rfc], [s1].[Telefono], [s1].[TipoCliente], [s1].[Id1], [s1].[Email0], [s1].[EmpleadoId], [s1].[EstaActivo1], [s1].[FechaActualizacionUtc1], [s1].[FechaCreacionUtc1], [s1].[NombreUsuario], [s1].[PasswordHash], [s2].[Id], [s2].[Cantidad], [s2].[EstaActivo], [s2].[FechaActualizacionUtc], [s2].[FechaCreacionUtc], [s2].[MontoDescuento], [s2].[PrecioTotal], [s2].[PrecioUnitario], [s2].[ProductoId], [s2].[VentaId], [s2].[Id0], [s2].[AltoCm], [s2].[AnchoCm], [s2].[AnchoMm], [s2].[Barcode], [s2].[CantidadInventarioInicial], [s2].[CantidadMinimaMayoreo], [s2].[CategoriaId], [s2].[CoberturaM2Caja], [s2].[CoberturaPorUnidadM2], [s2].[Descripcion], [s2].[EspesorMm], [s2].[EstaActivo0], [s2].[FechaActualizacionUtc0], [s2].[FechaCreacionUtc0], [s2].[ImagenUrl], [s2].[LargoCm], [s2].[LargoMm], [s2].[Material], [s2].[Nombre], [s2].[PiezasPorCaja], [s2].[PrecioMayoreo], [s2].[PrecioUnitario0], [s2].[Sku], [s2].[SoloCotizacion], [s2].[UnidadMedida], [s2].[VisibleMasVendido]
FROM (
    SELECT TOP(1) [s].[Id], [s].[ClienteId], [s].[EstaActivo], [s].[Estado], [s].[FechaActualizacionUtc], [s].[FechaCreacionUtc], [s].[MontoAnticipo], [s].[MontoDescuento], [s].[MontoEfectivo], [s].[MontoIva], [s].[MontoTarjeta], [s].[MontoTotal], [s].[MontoTransferencia], [s].[Notas], [s].[NumeroFolio], [s].[SaldoPendiente], [s].[SubTotal], [s].[TipoPago], [s].[UsuarioId], [c].[Id] AS [Id0], [c].[Apellido], [c].[Ciudad], [c].[CodigoPostal], [c].[Direccion], [c].[Email], [c].[EstaActivo] AS [EstaActivo0], [c].[Estado] AS [Estado0], [c].[FechaActualizacionUtc] AS [FechaActualizacionUtc0], [c].[FechaCreacionUtc] AS [FechaCreacionUtc0], [c].[Nombre], [c].[NombreEmpresa], [c].[Notas] AS [Notas0], [c].[PorcentajeDescuentoEspecial], [c].[Rfc], [c].[Telefono], [c].[TipoCliente], [u].[Id] AS [Id1], [u].[Email] AS [Email0], [u].[EmpleadoId], [u].[EstaActivo] AS [EstaActivo1], [u].[FechaActualizacionUtc] AS [FechaActualizacionUtc1], [u].[FechaCreacionUtc] AS [FechaCreacionUtc1], [u].[NombreUsuario], [u].[PasswordHash]
    FROM [Sales] AS [s]
    LEFT JOIN [Customers] AS [c] ON [s].[ClienteId] = [c].[Id]
    LEFT JOIN [Users] AS [u] ON [s].[UsuarioId] = [u].[Id]
    WHERE [s].[Id] = @__id_0
) AS [s1]
LEFT JOIN (
    SELECT [s0].[Id], [s0].[Cantidad], [s0].[EstaActivo], [s0].[FechaActualizacionUtc], [s0].[FechaCreacionUtc], [s0].[MontoDescuento], [s0].[PrecioTotal], [s0].[PrecioUnitario], [s0].[ProductoId], [s0].[VentaId], [p].[Id] AS [Id0], [p].[AltoCm], [p].[AnchoCm], [p].[AnchoMm], [p].[Barcode], [p].[CantidadInventarioInicial], [p].[CantidadMinimaMayoreo], [p].[CategoriaId], [p].[CoberturaM2Caja], [p].[CoberturaPorUnidadM2], [p].[Descripcion], [p].[EspesorMm], [p].[EstaActivo] AS [EstaActivo0], [p].[FechaActualizacionUtc] AS [FechaActualizacionUtc0], [p].[FechaCreacionUtc] AS [FechaCreacionUtc0], [p].[ImagenUrl], [p].[LargoCm], [p].[LargoMm], [p].[Material], [p].[Nombre], [p].[PiezasPorCaja], [p].[PrecioMayoreo], [p].[PrecioUnitario] AS [PrecioUnitario0], [p].[Sku], [p].[SoloCotizacion], [p].[UnidadMedida], [p].[VisibleMasVendido]
    FROM [SaleItems] AS [s0]
    INNER JOIN [Products] AS [p] ON [s0].[ProductoId] = [p].[Id]
) AS [s2] ON [s1].[Id] = [s2].[VentaId]
ORDER BY [s1].[Id], [s1].[Id0], [s1].[Id1], [s2].[Id]
2026-08-04 17:38:32.901 -06:00 [INF] Executing CreatedAtActionResult, writing value of type 'Pos.Application.Sales.DTOs.SaleDto'.
2026-08-04 17:38:32.926 -06:00 [INF] Executed action Pos.Api.Controllers.v1.SalesController.ProcessSale (Pos.Api) in 432.718ms
2026-08-04 17:38:32.928 -06:00 [INF] Executed endpoint 'Pos.Api.Controllers.v1.SalesController.ProcessSale (Pos.Api)'
2026-08-04 17:38:32.934 -06:00 [INF] Executed DbCommand (3ms) [Parameters=[@p0='?' (DbType = Guid), @p1='?' (Size = 4000), @p2='?' (Size = 4000), @p3='?' (Size = 4000), @p4='?' (DbType = Boolean), @p5='?' (DbType = DateTime2), @p6='?' (DbType = DateTime2), @p7='?' (Size = 4000), @p8='?' (Size = 4000), @p9='?' (Size = 4000), @p10='?' (DbType = Guid), @p11='?' (Size = 4000), @p12='?' (Size = 4000)], CommandType='"Text"', CommandTimeout='30']
SET IMPLICIT_TRANSACTIONS OFF;
SET NOCOUNT ON;
INSERT INTO [AuditLogs] ([Id], [Accion], [DireccionIp], [EntidadId], [EstaActivo], [FechaActualizacionUtc], [FechaCreacionUtc], [IdCorrelacion], [Motivo], [NombreEntidad], [UsuarioId], [ValoresAnterioresJson], [ValoresNuevosJson])
VALUES (@p0, @p1, @p2, @p3, @p4, @p5, @p6, @p7, @p8, @p9, @p10, @p11, @p12);
2026-08-04 17:38:32.936 -06:00 [INF] [AUDITORIA WPC BAJIO] CorrelationId: 3c56eaae-fec4-4ed8-a274-c801de568562 | Action: POST /api/v1/sales | Entity: HttpRequest (201) | User: ebc8b858-2837-4bd5-93e1-8b4c1d0bd81b | IP: ::1 | Reason: HTTP Response StatusCode: 201 | OldValues: N/A | NewValues: N/A
2026-08-04 17:38:32.939 -06:00 [INF] Request finished HTTP/1.1 POST http://localhost:5000/api/v1/sales - 201 null application/json; charset=utf-8 463.5086ms
2026-08-04 18:02:47.563 -06:00 [INF] Request starting HTTP/1.1 POST http://localhost:5000/api/v1/sales - application/json 330
2026-08-04 18:02:47.578 -06:00 [INF] CORS policy execution successful.
2026-08-04 18:02:47.593 -06:00 [INF] Executing endpoint 'Pos.Api.Controllers.v1.SalesController.ProcessSale (Pos.Api)'
2026-08-04 18:02:47.599 -06:00 [INF] Route matched with {action = "ProcessSale", controller = "Sales"}. Executing controller action with signature System.Threading.Tasks.Task`1[Microsoft.AspNetCore.Mvc.ActionResult`1[Pos.Application.Sales.DTOs.SaleDto]] ProcessSale(Pos.Application.Sales.DTOs.CreateSaleDto, System.Threading.CancellationToken) on controller Pos.Api.Controllers.v1.SalesController (Pos.Api).
2026-08-04 18:02:47.694 -06:00 [INF] Executed DbCommand (44ms) [Parameters=[], CommandType='"Text"', CommandTimeout='30']
SELECT COUNT(*)
FROM [Sales] AS [s]
2026-08-04 18:02:47.723 -06:00 [INF] Executed DbCommand (20ms) [Parameters=[@__itemDto_ProductId_0='?' (DbType = Guid)], CommandType='"Text"', CommandTimeout='30']
SELECT TOP(1) [p].[Id], [p].[AltoCm], [p].[AnchoCm], [p].[AnchoMm], [p].[Barcode], [p].[CantidadInventarioInicial], [p].[CantidadMinimaMayoreo], [p].[CategoriaId], [p].[CoberturaM2Caja], [p].[CoberturaPorUnidadM2], [p].[Descripcion], [p].[EspesorMm], [p].[EstaActivo], [p].[FechaActualizacionUtc], [p].[FechaCreacionUtc], [p].[ImagenUrl], [p].[LargoCm], [p].[LargoMm], [p].[Material], [p].[Nombre], [p].[PiezasPorCaja], [p].[PrecioMayoreo], [p].[PrecioUnitario], [p].[Sku], [p].[SoloCotizacion], [p].[UnidadMedida], [p].[VisibleMasVendido]
FROM [Products] AS [p]
WHERE [p].[Id] = @__itemDto_ProductId_0
2026-08-04 18:02:47.743 -06:00 [INF] Executed DbCommand (12ms) [Parameters=[@__itemDto_ProductId_0='?' (DbType = Guid)], CommandType='"Text"', CommandTimeout='30']
SELECT TOP(1) [s].[Id], [s].[CantidadDisponible], [s].[CantidadReorden], [s].[EstaActivo], [s].[FechaActualizacionUtc], [s].[FechaCreacionUtc], [s].[ProductoId], [s].[Ubicacion], [s].[UmbralMinimoAlerta], [s].[VersionFila]
FROM [Stocks] AS [s]
WHERE [s].[ProductoId] = @__itemDto_ProductId_0
2026-08-04 18:02:47.794 -06:00 [INF] Executed DbCommand (35ms) [Parameters=[@p0='?' (DbType = Guid), @p1='?' (Precision = 18) (Scale = 2) (DbType = Decimal), @p2='?' (Precision = 18) (Scale = 2) (DbType = Decimal), @p3='?' (Precision = 18) (Scale = 2) (DbType = Decimal), @p4='?' (DbType = Boolean), @p5='?' (Size = 4000), @p6='?' (DbType = DateTime2), @p7='?' (DbType = DateTime2), @p8='?' (Size = 4000), @p9='?' (Size = 4000), @p10='?' (DbType = Guid), @p11='?' (Size = 4000), @p12='?' (DbType = Guid), @p13='?' (DbType = Guid), @p14='?' (DbType = Guid), @p15='?' (DbType = Boolean), @p16='?' (Size = 4000), @p17='?' (DbType = DateTime2), @p18='?' (DbType = DateTime2), @p19='?' (Precision = 18) (Scale = 2) (DbType = Decimal), @p20='?' (Precision = 18) (Scale = 2) (DbType = Decimal), @p21='?' (Precision = 18) (Scale = 2) (DbType = Decimal), @p22='?' (Precision = 18) (Scale = 2) (DbType = Decimal), @p23='?' (Precision = 18) (Scale = 2) (DbType = Decimal), @p24='?' (Precision = 18) (Scale = 2) (DbType = Decimal), @p25='?' (Precision = 18) (Scale = 2) (DbType = Decimal), @p26='?' (Size = 4000), @p27='?' (Size = 4000), @p28='?' (Precision = 18) (Scale = 2) (DbType = Decimal), @p29='?' (Precision = 18) (Scale = 2) (DbType = Decimal), @p30='?' (Size = 4000), @p31='?' (DbType = Guid), @p34='?' (DbType = Guid), @p32='?' (Precision = 18) (Scale = 2) (DbType = Decimal), @p33='?' (DbType = DateTime2), @p35='?' (Size = 8) (DbType = Binary), @p36='?' (DbType = Guid), @p37='?' (Precision = 18) (Scale = 2) (DbType = Decimal), @p38='?' (DbType = Boolean), @p39='?' (DbType = DateTime2), @p40='?' (DbType = DateTime2), @p41='?' (Precision = 18) (Scale = 2) (DbType = Decimal), @p42='?' (Precision = 18) (Scale = 2) (DbType = Decimal), @p43='?' (Precision = 18) (Scale = 2) (DbType = Decimal), @p44='?' (DbType = Guid), @p45='?' (DbType = Guid)], CommandType='"Text"', CommandTimeout='30']
SET NOCOUNT ON;
INSERT INTO [InventoryMovements] ([Id], [Cantidad], [CantidadAnterior], [CantidadNueva], [EstaActivo], [EvidenceImageUrl], [FechaActualizacionUtc], [FechaCreacionUtc], [Motivo], [NumeroReferencia], [ProductoId], [TipoMovimiento], [UsuarioId])
VALUES (@p0, @p1, @p2, @p3, @p4, @p5, @p6, @p7, @p8, @p9, @p10, @p11, @p12);
INSERT INTO [Sales] ([Id], [ClienteId], [EstaActivo], [Estado], [FechaActualizacionUtc], [FechaCreacionUtc], [MontoAnticipo], [MontoDescuento], [MontoEfectivo], [MontoIva], [MontoTarjeta], [MontoTotal], [MontoTransferencia], [Notas], [NumeroFolio], [SaldoPendiente], [SubTotal], [TipoPago], [UsuarioId])
VALUES (@p13, @p14, @p15, @p16, @p17, @p18, @p19, @p20, @p21, @p22, @p23, @p24, @p25, @p26, @p27, @p28, @p29, @p30, @p31);
UPDATE [Stocks] SET [CantidadDisponible] = @p32, [FechaActualizacionUtc] = @p33
OUTPUT INSERTED.[VersionFila]
WHERE [Id] = @p34 AND [VersionFila] = @p35;
INSERT INTO [SaleItems] ([Id], [Cantidad], [EstaActivo], [FechaActualizacionUtc], [FechaCreacionUtc], [MontoDescuento], [PrecioTotal], [PrecioUnitario], [ProductoId], [VentaId])
VALUES (@p36, @p37, @p38, @p39, @p40, @p41, @p42, @p43, @p44, @p45);
2026-08-04 18:02:47.807 -06:00 [INF] Executed DbCommand (7ms) [Parameters=[@p0='?' (DbType = Guid), @p1='?' (Size = 4000), @p2='?' (Size = 4000), @p3='?' (Size = 4000), @p4='?' (DbType = Boolean), @p5='?' (DbType = DateTime2), @p6='?' (DbType = DateTime2), @p7='?' (Size = 4000), @p8='?' (Size = 4000), @p9='?' (Size = 4000), @p10='?' (DbType = Guid), @p11='?' (Size = 4000), @p12='?' (Size = 4000)], CommandType='"Text"', CommandTimeout='30']
SET IMPLICIT_TRANSACTIONS OFF;
SET NOCOUNT ON;
INSERT INTO [AuditLogs] ([Id], [Accion], [DireccionIp], [EntidadId], [EstaActivo], [FechaActualizacionUtc], [FechaCreacionUtc], [IdCorrelacion], [Motivo], [NombreEntidad], [UsuarioId], [ValoresAnterioresJson], [ValoresNuevosJson])
VALUES (@p0, @p1, @p2, @p3, @p4, @p5, @p6, @p7, @p8, @p9, @p10, @p11, @p12);
2026-08-04 18:02:47.810 -06:00 [INF] [AUDITORIA WPC BAJIO] CorrelationId: 24b68a18-304a-489f-b844-417a1641c18d | Action: SALE_COMPLETED | Entity: Venta (c91f2b70-1ead-4da4-8235-c128e37272f9) | User: ebc8b858-2837-4bd5-93e1-8b4c1d0bd81b | IP: ::1 | Reason: Venta realizada con éxito Folio: VENTA-2026-00005 | OldValues: N/A | NewValues: Folio=VENTA-2026-00005, Total=1970.84, Type=AdvanceDeposit
2026-08-04 18:02:47.834 -06:00 [INF] Executed DbCommand (21ms) [Parameters=[@__id_0='?' (DbType = Guid)], CommandType='"Text"', CommandTimeout='30']
SELECT [s1].[Id], [s1].[ClienteId], [s1].[EstaActivo], [s1].[Estado], [s1].[FechaActualizacionUtc], [s1].[FechaCreacionUtc], [s1].[MontoAnticipo], [s1].[MontoDescuento], [s1].[MontoEfectivo], [s1].[MontoIva], [s1].[MontoTarjeta], [s1].[MontoTotal], [s1].[MontoTransferencia], [s1].[Notas], [s1].[NumeroFolio], [s1].[SaldoPendiente], [s1].[SubTotal], [s1].[TipoPago], [s1].[UsuarioId], [s1].[Id0], [s1].[Apellido], [s1].[Ciudad], [s1].[CodigoPostal], [s1].[Direccion], [s1].[Email], [s1].[EstaActivo0], [s1].[Estado0], [s1].[FechaActualizacionUtc0], [s1].[FechaCreacionUtc0], [s1].[Nombre], [s1].[NombreEmpresa], [s1].[Notas0], [s1].[PorcentajeDescuentoEspecial], [s1].[Rfc], [s1].[Telefono], [s1].[TipoCliente], [s1].[Id1], [s1].[Email0], [s1].[EmpleadoId], [s1].[EstaActivo1], [s1].[FechaActualizacionUtc1], [s1].[FechaCreacionUtc1], [s1].[NombreUsuario], [s1].[PasswordHash], [s2].[Id], [s2].[Cantidad], [s2].[EstaActivo], [s2].[FechaActualizacionUtc], [s2].[FechaCreacionUtc], [s2].[MontoDescuento], [s2].[PrecioTotal], [s2].[PrecioUnitario], [s2].[ProductoId], [s2].[VentaId], [s2].[Id0], [s2].[AltoCm], [s2].[AnchoCm], [s2].[AnchoMm], [s2].[Barcode], [s2].[CantidadInventarioInicial], [s2].[CantidadMinimaMayoreo], [s2].[CategoriaId], [s2].[CoberturaM2Caja], [s2].[CoberturaPorUnidadM2], [s2].[Descripcion], [s2].[EspesorMm], [s2].[EstaActivo0], [s2].[FechaActualizacionUtc0], [s2].[FechaCreacionUtc0], [s2].[ImagenUrl], [s2].[LargoCm], [s2].[LargoMm], [s2].[Material], [s2].[Nombre], [s2].[PiezasPorCaja], [s2].[PrecioMayoreo], [s2].[PrecioUnitario0], [s2].[Sku], [s2].[SoloCotizacion], [s2].[UnidadMedida], [s2].[VisibleMasVendido]
FROM (
    SELECT TOP(1) [s].[Id], [s].[ClienteId], [s].[EstaActivo], [s].[Estado], [s].[FechaActualizacionUtc], [s].[FechaCreacionUtc], [s].[MontoAnticipo], [s].[MontoDescuento], [s].[MontoEfectivo], [s].[MontoIva], [s].[MontoTarjeta], [s].[MontoTotal], [s].[MontoTransferencia], [s].[Notas], [s].[NumeroFolio], [s].[SaldoPendiente], [s].[SubTotal], [s].[TipoPago], [s].[UsuarioId], [c].[Id] AS [Id0], [c].[Apellido], [c].[Ciudad], [c].[CodigoPostal], [c].[Direccion], [c].[Email], [c].[EstaActivo] AS [EstaActivo0], [c].[Estado] AS [Estado0], [c].[FechaActualizacionUtc] AS [FechaActualizacionUtc0], [c].[FechaCreacionUtc] AS [FechaCreacionUtc0], [c].[Nombre], [c].[NombreEmpresa], [c].[Notas] AS [Notas0], [c].[PorcentajeDescuentoEspecial], [c].[Rfc], [c].[Telefono], [c].[TipoCliente], [u].[Id] AS [Id1], [u].[Email] AS [Email0], [u].[EmpleadoId], [u].[EstaActivo] AS [EstaActivo1], [u].[FechaActualizacionUtc] AS [FechaActualizacionUtc1], [u].[FechaCreacionUtc] AS [FechaCreacionUtc1], [u].[NombreUsuario], [u].[PasswordHash]
    FROM [Sales] AS [s]
    LEFT JOIN [Customers] AS [c] ON [s].[ClienteId] = [c].[Id]
    LEFT JOIN [Users] AS [u] ON [s].[UsuarioId] = [u].[Id]
    WHERE [s].[Id] = @__id_0
) AS [s1]
LEFT JOIN (
    SELECT [s0].[Id], [s0].[Cantidad], [s0].[EstaActivo], [s0].[FechaActualizacionUtc], [s0].[FechaCreacionUtc], [s0].[MontoDescuento], [s0].[PrecioTotal], [s0].[PrecioUnitario], [s0].[ProductoId], [s0].[VentaId], [p].[Id] AS [Id0], [p].[AltoCm], [p].[AnchoCm], [p].[AnchoMm], [p].[Barcode], [p].[CantidadInventarioInicial], [p].[CantidadMinimaMayoreo], [p].[CategoriaId], [p].[CoberturaM2Caja], [p].[CoberturaPorUnidadM2], [p].[Descripcion], [p].[EspesorMm], [p].[EstaActivo] AS [EstaActivo0], [p].[FechaActualizacionUtc] AS [FechaActualizacionUtc0], [p].[FechaCreacionUtc] AS [FechaCreacionUtc0], [p].[ImagenUrl], [p].[LargoCm], [p].[LargoMm], [p].[Material], [p].[Nombre], [p].[PiezasPorCaja], [p].[PrecioMayoreo], [p].[PrecioUnitario] AS [PrecioUnitario0], [p].[Sku], [p].[SoloCotizacion], [p].[UnidadMedida], [p].[VisibleMasVendido]
    FROM [SaleItems] AS [s0]
    INNER JOIN [Products] AS [p] ON [s0].[ProductoId] = [p].[Id]
) AS [s2] ON [s1].[Id] = [s2].[VentaId]
ORDER BY [s1].[Id], [s1].[Id0], [s1].[Id1], [s2].[Id]
2026-08-04 18:02:47.846 -06:00 [INF] Executing CreatedAtActionResult, writing value of type 'Pos.Application.Sales.DTOs.SaleDto'.
2026-08-04 18:02:47.855 -06:00 [INF] Executed action Pos.Api.Controllers.v1.SalesController.ProcessSale (Pos.Api) in 253.9696ms
2026-08-04 18:02:47.857 -06:00 [INF] Executed endpoint 'Pos.Api.Controllers.v1.SalesController.ProcessSale (Pos.Api)'
2026-08-04 18:02:47.865 -06:00 [INF] Executed DbCommand (4ms) [Parameters=[@p0='?' (DbType = Guid), @p1='?' (Size = 4000), @p2='?' (Size = 4000), @p3='?' (Size = 4000), @p4='?' (DbType = Boolean), @p5='?' (DbType = DateTime2), @p6='?' (DbType = DateTime2), @p7='?' (Size = 4000), @p8='?' (Size = 4000), @p9='?' (Size = 4000), @p10='?' (DbType = Guid), @p11='?' (Size = 4000), @p12='?' (Size = 4000)], CommandType='"Text"', CommandTimeout='30']
SET IMPLICIT_TRANSACTIONS OFF;
SET NOCOUNT ON;
INSERT INTO [AuditLogs] ([Id], [Accion], [DireccionIp], [EntidadId], [EstaActivo], [FechaActualizacionUtc], [FechaCreacionUtc], [IdCorrelacion], [Motivo], [NombreEntidad], [UsuarioId], [ValoresAnterioresJson], [ValoresNuevosJson])
VALUES (@p0, @p1, @p2, @p3, @p4, @p5, @p6, @p7, @p8, @p9, @p10, @p11, @p12);
2026-08-04 18:02:47.868 -06:00 [INF] [AUDITORIA WPC BAJIO] CorrelationId: 24b68a18-304a-489f-b844-417a1641c18d | Action: POST /api/v1/sales | Entity: HttpRequest (201) | User: ebc8b858-2837-4bd5-93e1-8b4c1d0bd81b | IP: ::1 | Reason: HTTP Response StatusCode: 201 | OldValues: N/A | NewValues: N/A
2026-08-04 18:02:47.872 -06:00 [INF] Request finished HTTP/1.1 POST http://localhost:5000/api/v1/sales - 201 null application/json; charset=utf-8 310.5175ms
2026-08-04 18:03:02.715 -06:00 [INF] Request starting HTTP/1.1 GET http://localhost:5000/api/v1/inventory - application/json null
2026-08-04 18:03:02.720 -06:00 [INF] Executing endpoint 'Pos.Api.Controllers.v1.InventoryController.GetStockLevels (Pos.Api)'
2026-08-04 18:03:02.721 -06:00 [INF] Route matched with {action = "GetStockLevels", controller = "Inventory"}. Executing controller action with signature System.Threading.Tasks.Task`1[Microsoft.AspNetCore.Mvc.ActionResult`1[System.Collections.Generic.List`1[Pos.Application.Inventory.DTOs.StockDto]]] GetStockLevels(System.String, System.Nullable`1[System.Boolean], System.Threading.CancellationToken) on controller Pos.Api.Controllers.v1.InventoryController (Pos.Api).
2026-08-04 18:03:02.739 -06:00 [INF] Executed DbCommand (11ms) [Parameters=[], CommandType='"Text"', CommandTimeout='30']
SELECT [s].[Id], [s].[CantidadDisponible], [s].[CantidadReorden], [s].[EstaActivo], [s].[FechaActualizacionUtc], [s].[FechaCreacionUtc], [s].[ProductoId], [s].[Ubicacion], [s].[UmbralMinimoAlerta], [s].[VersionFila], [p].[Id], [p].[AltoCm], [p].[AnchoCm], [p].[AnchoMm], [p].[Barcode], [p].[CantidadInventarioInicial], [p].[CantidadMinimaMayoreo], [p].[CategoriaId], [p].[CoberturaM2Caja], [p].[CoberturaPorUnidadM2], [p].[Descripcion], [p].[EspesorMm], [p].[EstaActivo], [p].[FechaActualizacionUtc], [p].[FechaCreacionUtc], [p].[ImagenUrl], [p].[LargoCm], [p].[LargoMm], [p].[Material], [p].[Nombre], [p].[PiezasPorCaja], [p].[PrecioMayoreo], [p].[PrecioUnitario], [p].[Sku], [p].[SoloCotizacion], [p].[UnidadMedida], [p].[VisibleMasVendido], [c].[Id], [c].[CategoriaPadreId], [c].[Descripcion], [c].[EstaActivo], [c].[FechaActualizacionUtc], [c].[FechaCreacionUtc], [c].[Nombre], [c].[Slug]
FROM [Stocks] AS [s]
INNER JOIN [Products] AS [p] ON [s].[ProductoId] = [p].[Id]
INNER JOIN [Categories] AS [c] ON [p].[CategoriaId] = [c].[Id]
WHERE [p].[EstaActivo] = CAST(1 AS bit)
2026-08-04 18:03:02.795 -06:00 [INF] Executing OkObjectResult, writing value of type 'System.Collections.Generic.List`1[[Pos.Application.Inventory.DTOs.StockDto, Pos.Application, Version=1.0.0.0, Culture=neutral, PublicKeyToken=null]]'.
2026-08-04 18:03:02.809 -06:00 [INF] Executed action Pos.Api.Controllers.v1.InventoryController.GetStockLevels (Pos.Api) in 84.7994ms
2026-08-04 18:03:02.810 -06:00 [INF] Executed endpoint 'Pos.Api.Controllers.v1.InventoryController.GetStockLevels (Pos.Api)'
2026-08-04 18:03:02.813 -06:00 [INF] Request starting HTTP/1.1 GET http://localhost:5000/api/v1/inventory - application/json null
2026-08-04 18:03:02.816 -06:00 [INF] Executing endpoint 'Pos.Api.Controllers.v1.InventoryController.GetStockLevels (Pos.Api)'
2026-08-04 18:03:02.818 -06:00 [INF] Route matched with {action = "GetStockLevels", controller = "Inventory"}. Executing controller action with signature System.Threading.Tasks.Task`1[Microsoft.AspNetCore.Mvc.ActionResult`1[System.Collections.Generic.List`1[Pos.Application.Inventory.DTOs.StockDto]]] GetStockLevels(System.String, System.Nullable`1[System.Boolean], System.Threading.CancellationToken) on controller Pos.Api.Controllers.v1.InventoryController (Pos.Api).
2026-08-04 18:03:02.818 -06:00 [INF] Executed DbCommand (5ms) [Parameters=[@p0='?' (DbType = Guid), @p1='?' (Size = 4000), @p2='?' (Size = 4000), @p3='?' (Size = 4000), @p4='?' (DbType = Boolean), @p5='?' (DbType = DateTime2), @p6='?' (DbType = DateTime2), @p7='?' (Size = 4000), @p8='?' (Size = 4000), @p9='?' (Size = 4000), @p10='?' (DbType = Guid), @p11='?' (Size = 4000), @p12='?' (Size = 4000)], CommandType='"Text"', CommandTimeout='30']
SET IMPLICIT_TRANSACTIONS OFF;
SET NOCOUNT ON;
INSERT INTO [AuditLogs] ([Id], [Accion], [DireccionIp], [EntidadId], [EstaActivo], [FechaActualizacionUtc], [FechaCreacionUtc], [IdCorrelacion], [Motivo], [NombreEntidad], [UsuarioId], [ValoresAnterioresJson], [ValoresNuevosJson])
VALUES (@p0, @p1, @p2, @p3, @p4, @p5, @p6, @p7, @p8, @p9, @p10, @p11, @p12);
2026-08-04 18:03:02.822 -06:00 [INF] [AUDITORIA WPC BAJIO] CorrelationId: eca30d1b-b53d-4a60-bf03-d521a0b24675 | Action: GET /api/v1/inventory | Entity: HttpRequest (200) | User: ebc8b858-2837-4bd5-93e1-8b4c1d0bd81b | IP: ::1 | Reason: HTTP Response StatusCode: 200 | OldValues: N/A | NewValues: N/A
2026-08-04 18:03:02.825 -06:00 [INF] Request finished HTTP/1.1 GET http://localhost:5000/api/v1/inventory - 200 null application/json; charset=utf-8 109.8616ms
2026-08-04 18:03:02.827 -06:00 [INF] Executed DbCommand (1ms) [Parameters=[], CommandType='"Text"', CommandTimeout='30']
SELECT [s].[Id], [s].[CantidadDisponible], [s].[CantidadReorden], [s].[EstaActivo], [s].[FechaActualizacionUtc], [s].[FechaCreacionUtc], [s].[ProductoId], [s].[Ubicacion], [s].[UmbralMinimoAlerta], [s].[VersionFila], [p].[Id], [p].[AltoCm], [p].[AnchoCm], [p].[AnchoMm], [p].[Barcode], [p].[CantidadInventarioInicial], [p].[CantidadMinimaMayoreo], [p].[CategoriaId], [p].[CoberturaM2Caja], [p].[CoberturaPorUnidadM2], [p].[Descripcion], [p].[EspesorMm], [p].[EstaActivo], [p].[FechaActualizacionUtc], [p].[FechaCreacionUtc], [p].[ImagenUrl], [p].[LargoCm], [p].[LargoMm], [p].[Material], [p].[Nombre], [p].[PiezasPorCaja], [p].[PrecioMayoreo], [p].[PrecioUnitario], [p].[Sku], [p].[SoloCotizacion], [p].[UnidadMedida], [p].[VisibleMasVendido], [c].[Id], [c].[CategoriaPadreId], [c].[Descripcion], [c].[EstaActivo], [c].[FechaActualizacionUtc], [c].[FechaCreacionUtc], [c].[Nombre], [c].[Slug]
FROM [Stocks] AS [s]
INNER JOIN [Products] AS [p] ON [s].[ProductoId] = [p].[Id]
INNER JOIN [Categories] AS [c] ON [p].[CategoriaId] = [c].[Id]
WHERE [p].[EstaActivo] = CAST(1 AS bit)
2026-08-04 18:03:02.839 -06:00 [INF] Request starting HTTP/1.1 GET http://localhost:5000/api/v1/inventory/movements - application/json null
2026-08-04 18:03:02.842 -06:00 [INF] Executing endpoint 'Pos.Api.Controllers.v1.InventoryController.GetMovements (Pos.Api)'
2026-08-04 18:03:02.844 -06:00 [INF] Route matched with {action = "GetMovements", controller = "Inventory"}. Executing controller action with signature System.Threading.Tasks.Task`1[Microsoft.AspNetCore.Mvc.ActionResult`1[System.Collections.Generic.List`1[Pos.Application.Inventory.DTOs.InventoryMovementDto]]] GetMovements(System.Nullable`1[System.Guid], System.String, System.Threading.CancellationToken) on controller Pos.Api.Controllers.v1.InventoryController (Pos.Api).
2026-08-04 18:03:02.856 -06:00 [INF] Executing OkObjectResult, writing value of type 'System.Collections.Generic.List`1[[Pos.Application.Inventory.DTOs.StockDto, Pos.Application, Version=1.0.0.0, Culture=neutral, PublicKeyToken=null]]'.
2026-08-04 18:03:02.859 -06:00 [INF] Executed action Pos.Api.Controllers.v1.InventoryController.GetStockLevels (Pos.Api) in 39.457ms
2026-08-04 18:03:02.861 -06:00 [INF] Executed endpoint 'Pos.Api.Controllers.v1.InventoryController.GetStockLevels (Pos.Api)'
2026-08-04 18:03:02.866 -06:00 [INF] Executed DbCommand (3ms) [Parameters=[@p0='?' (DbType = Guid), @p1='?' (Size = 4000), @p2='?' (Size = 4000), @p3='?' (Size = 4000), @p4='?' (DbType = Boolean), @p5='?' (DbType = DateTime2), @p6='?' (DbType = DateTime2), @p7='?' (Size = 4000), @p8='?' (Size = 4000), @p9='?' (Size = 4000), @p10='?' (DbType = Guid), @p11='?' (Size = 4000), @p12='?' (Size = 4000)], CommandType='"Text"', CommandTimeout='30']
SET IMPLICIT_TRANSACTIONS OFF;
SET NOCOUNT ON;
INSERT INTO [AuditLogs] ([Id], [Accion], [DireccionIp], [EntidadId], [EstaActivo], [FechaActualizacionUtc], [FechaCreacionUtc], [IdCorrelacion], [Motivo], [NombreEntidad], [UsuarioId], [ValoresAnterioresJson], [ValoresNuevosJson])
VALUES (@p0, @p1, @p2, @p3, @p4, @p5, @p6, @p7, @p8, @p9, @p10, @p11, @p12);
2026-08-04 18:03:02.869 -06:00 [INF] [AUDITORIA WPC BAJIO] CorrelationId: 0fce26c0-45f2-45e2-9459-1c6f6876242c | Action: GET /api/v1/inventory | Entity: HttpRequest (200) | User: ebc8b858-2837-4bd5-93e1-8b4c1d0bd81b | IP: ::1 | Reason: HTTP Response StatusCode: 200 | OldValues: N/A | NewValues: N/A
2026-08-04 18:03:02.873 -06:00 [INF] Request finished HTTP/1.1 GET http://localhost:5000/api/v1/inventory - 200 null application/json; charset=utf-8 59.5421ms
2026-08-04 18:03:02.931 -06:00 [INF] Executed DbCommand (80ms) [Parameters=[@__p_0='?' (DbType = Int32)], CommandType='"Text"', CommandTimeout='30']
SELECT [i0].[Id], [i0].[Cantidad], [i0].[CantidadAnterior], [i0].[CantidadNueva], [i0].[EstaActivo], [i0].[EvidenceImageUrl], [i0].[FechaActualizacionUtc], [i0].[FechaCreacionUtc], [i0].[Motivo], [i0].[NumeroReferencia], [i0].[ProductoId], [i0].[TipoMovimiento], [i0].[UsuarioId], [p].[Id], [p].[AltoCm], [p].[AnchoCm], [p].[AnchoMm], [p].[Barcode], [p].[CantidadInventarioInicial], [p].[CantidadMinimaMayoreo], [p].[CategoriaId], [p].[CoberturaM2Caja], [p].[CoberturaPorUnidadM2], [p].[Descripcion], [p].[EspesorMm], [p].[EstaActivo], [p].[FechaActualizacionUtc], [p].[FechaCreacionUtc], [p].[ImagenUrl], [p].[LargoCm], [p].[LargoMm], [p].[Material], [p].[Nombre], [p].[PiezasPorCaja], [p].[PrecioMayoreo], [p].[PrecioUnitario], [p].[Sku], [p].[SoloCotizacion], [p].[UnidadMedida], [p].[VisibleMasVendido], [u].[Id], [u].[Email], [u].[EmpleadoId], [u].[EstaActivo], [u].[FechaActualizacionUtc], [u].[FechaCreacionUtc], [u].[NombreUsuario], [u].[PasswordHash]
FROM (
    SELECT TOP(@__p_0) [i].[Id], [i].[Cantidad], [i].[CantidadAnterior], [i].[CantidadNueva], [i].[EstaActivo], [i].[EvidenceImageUrl], [i].[FechaActualizacionUtc], [i].[FechaCreacionUtc], [i].[Motivo], [i].[NumeroReferencia], [i].[ProductoId], [i].[TipoMovimiento], [i].[UsuarioId]
    FROM [InventoryMovements] AS [i]
    ORDER BY [i].[FechaCreacionUtc] DESC
) AS [i0]
INNER JOIN [Products] AS [p] ON [i0].[ProductoId] = [p].[Id]
LEFT JOIN [Users] AS [u] ON [i0].[UsuarioId] = [u].[Id]
ORDER BY [i0].[FechaCreacionUtc] DESC
2026-08-04 18:03:03.049 -06:00 [INF] Executing OkObjectResult, writing value of type 'System.Collections.Generic.List`1[[Pos.Application.Inventory.DTOs.InventoryMovementDto, Pos.Application, Version=1.0.0.0, Culture=neutral, PublicKeyToken=null]]'.
2026-08-04 18:03:03.051 -06:00 [INF] Executed action Pos.Api.Controllers.v1.InventoryController.GetMovements (Pos.Api) in 202.6902ms
2026-08-04 18:03:03.052 -06:00 [INF] Executed endpoint 'Pos.Api.Controllers.v1.InventoryController.GetMovements (Pos.Api)'
2026-08-04 18:03:03.056 -06:00 [INF] Request starting HTTP/1.1 GET http://localhost:5000/api/v1/inventory/movements - application/json null
2026-08-04 18:03:03.056 -06:00 [INF] Executed DbCommand (2ms) [Parameters=[@p0='?' (DbType = Guid), @p1='?' (Size = 4000), @p2='?' (Size = 4000), @p3='?' (Size = 4000), @p4='?' (DbType = Boolean), @p5='?' (DbType = DateTime2), @p6='?' (DbType = DateTime2), @p7='?' (Size = 4000), @p8='?' (Size = 4000), @p9='?' (Size = 4000), @p10='?' (DbType = Guid), @p11='?' (Size = 4000), @p12='?' (Size = 4000)], CommandType='"Text"', CommandTimeout='30']
SET IMPLICIT_TRANSACTIONS OFF;
SET NOCOUNT ON;
INSERT INTO [AuditLogs] ([Id], [Accion], [DireccionIp], [EntidadId], [EstaActivo], [FechaActualizacionUtc], [FechaCreacionUtc], [IdCorrelacion], [Motivo], [NombreEntidad], [UsuarioId], [ValoresAnterioresJson], [ValoresNuevosJson])
VALUES (@p0, @p1, @p2, @p3, @p4, @p5, @p6, @p7, @p8, @p9, @p10, @p11, @p12);
2026-08-04 18:03:03.059 -06:00 [INF] Executing endpoint 'Pos.Api.Controllers.v1.InventoryController.GetMovements (Pos.Api)'
2026-08-04 18:03:03.061 -06:00 [INF] [AUDITORIA WPC BAJIO] CorrelationId: 860ad538-739f-43b8-98ef-90fc6f69c6a2 | Action: GET /api/v1/inventory/movements | Entity: HttpRequest (200) | User: ebc8b858-2837-4bd5-93e1-8b4c1d0bd81b | IP: ::1 | Reason: HTTP Response StatusCode: 200 | OldValues: N/A | NewValues: N/A
2026-08-04 18:03:03.062 -06:00 [INF] Route matched with {action = "GetMovements", controller = "Inventory"}. Executing controller action with signature System.Threading.Tasks.Task`1[Microsoft.AspNetCore.Mvc.ActionResult`1[System.Collections.Generic.List`1[Pos.Application.Inventory.DTOs.InventoryMovementDto]]] GetMovements(System.Nullable`1[System.Guid], System.String, System.Threading.CancellationToken) on controller Pos.Api.Controllers.v1.InventoryController (Pos.Api).
2026-08-04 18:03:03.065 -06:00 [INF] Request finished HTTP/1.1 GET http://localhost:5000/api/v1/inventory/movements - 200 null application/json; charset=utf-8 226.0142ms
2026-08-04 18:03:03.069 -06:00 [INF] Executed DbCommand (1ms) [Parameters=[@__p_0='?' (DbType = Int32)], CommandType='"Text"', CommandTimeout='30']
SELECT [i0].[Id], [i0].[Cantidad], [i0].[CantidadAnterior], [i0].[CantidadNueva], [i0].[EstaActivo], [i0].[EvidenceImageUrl], [i0].[FechaActualizacionUtc], [i0].[FechaCreacionUtc], [i0].[Motivo], [i0].[NumeroReferencia], [i0].[ProductoId], [i0].[TipoMovimiento], [i0].[UsuarioId], [p].[Id], [p].[AltoCm], [p].[AnchoCm], [p].[AnchoMm], [p].[Barcode], [p].[CantidadInventarioInicial], [p].[CantidadMinimaMayoreo], [p].[CategoriaId], [p].[CoberturaM2Caja], [p].[CoberturaPorUnidadM2], [p].[Descripcion], [p].[EspesorMm], [p].[EstaActivo], [p].[FechaActualizacionUtc], [p].[FechaCreacionUtc], [p].[ImagenUrl], [p].[LargoCm], [p].[LargoMm], [p].[Material], [p].[Nombre], [p].[PiezasPorCaja], [p].[PrecioMayoreo], [p].[PrecioUnitario], [p].[Sku], [p].[SoloCotizacion], [p].[UnidadMedida], [p].[VisibleMasVendido], [u].[Id], [u].[Email], [u].[EmpleadoId], [u].[EstaActivo], [u].[FechaActualizacionUtc], [u].[FechaCreacionUtc], [u].[NombreUsuario], [u].[PasswordHash]
FROM (
    SELECT TOP(@__p_0) [i].[Id], [i].[Cantidad], [i].[CantidadAnterior], [i].[CantidadNueva], [i].[EstaActivo], [i].[EvidenceImageUrl], [i].[FechaActualizacionUtc], [i].[FechaCreacionUtc], [i].[Motivo], [i].[NumeroReferencia], [i].[ProductoId], [i].[TipoMovimiento], [i].[UsuarioId]
    FROM [InventoryMovements] AS [i]
    ORDER BY [i].[FechaCreacionUtc] DESC
) AS [i0]
INNER JOIN [Products] AS [p] ON [i0].[ProductoId] = [p].[Id]
LEFT JOIN [Users] AS [u] ON [i0].[UsuarioId] = [u].[Id]
ORDER BY [i0].[FechaCreacionUtc] DESC
2026-08-04 18:03:03.171 -06:00 [INF] Executing OkObjectResult, writing value of type 'System.Collections.Generic.List`1[[Pos.Application.Inventory.DTOs.InventoryMovementDto, Pos.Application, Version=1.0.0.0, Culture=neutral, PublicKeyToken=null]]'.
2026-08-04 18:03:03.173 -06:00 [INF] Executed action Pos.Api.Controllers.v1.InventoryController.GetMovements (Pos.Api) in 105.7711ms
2026-08-04 18:03:03.174 -06:00 [INF] Executed endpoint 'Pos.Api.Controllers.v1.InventoryController.GetMovements (Pos.Api)'
2026-08-04 18:03:03.177 -06:00 [INF] Executed DbCommand (1ms) [Parameters=[@p0='?' (DbType = Guid), @p1='?' (Size = 4000), @p2='?' (Size = 4000), @p3='?' (Size = 4000), @p4='?' (DbType = Boolean), @p5='?' (DbType = DateTime2), @p6='?' (DbType = DateTime2), @p7='?' (Size = 4000), @p8='?' (Size = 4000), @p9='?' (Size = 4000), @p10='?' (DbType = Guid), @p11='?' (Size = 4000), @p12='?' (Size = 4000)], CommandType='"Text"', CommandTimeout='30']
SET IMPLICIT_TRANSACTIONS OFF;
SET NOCOUNT ON;
INSERT INTO [AuditLogs] ([Id], [Accion], [DireccionIp], [EntidadId], [EstaActivo], [FechaActualizacionUtc], [FechaCreacionUtc], [IdCorrelacion], [Motivo], [NombreEntidad], [UsuarioId], [ValoresAnterioresJson], [ValoresNuevosJson])
VALUES (@p0, @p1, @p2, @p3, @p4, @p5, @p6, @p7, @p8, @p9, @p10, @p11, @p12);
2026-08-04 18:03:03.180 -06:00 [INF] [AUDITORIA WPC BAJIO] CorrelationId: cc57898a-72ec-4be6-b52f-cf80d5933e60 | Action: GET /api/v1/inventory/movements | Entity: HttpRequest (200) | User: ebc8b858-2837-4bd5-93e1-8b4c1d0bd81b | IP: ::1 | Reason: HTTP Response StatusCode: 200 | OldValues: N/A | NewValues: N/A
2026-08-04 18:03:03.183 -06:00 [INF] Request finished HTTP/1.1 GET http://localhost:5000/api/v1/inventory/movements - 200 null application/json; charset=utf-8 127.6622ms
2026-08-04 18:04:03.228 -06:00 [INF] Request starting HTTP/1.1 GET http://localhost:5000/serilog-ui - null null
2026-08-04 18:04:03.242 -06:00 [INF] Request finished HTTP/1.1 GET http://localhost:5000/serilog-ui - 200 null text/html; charset=utf-8 14.186ms
2026-08-04 18:04:03.356 -06:00 [INF] Request starting HTTP/1.1 GET http://localhost:5000/serilog-ui/stream - null null
2026-08-04 18:04:03.452 -06:00 [INF] Request finished HTTP/1.1 GET http://localhost:5000/serilog-ui/stream - 200 null application/json; charset=utf-8 95.7231ms
2026-08-04 18:04:05.292 -06:00 [INF] Request starting HTTP/1.1 GET http://localhost:5000/serilog-ui/stream - null null
2026-08-04 18:04:05.325 -06:00 [INF] Request finished HTTP/1.1 GET http://localhost:5000/serilog-ui/stream - 200 null application/json; charset=utf-8 32.7286ms
2026-08-04 18:04:07.291 -06:00 [INF] Request starting HTTP/1.1 GET http://localhost:5000/serilog-ui/stream - null null
2026-08-04 18:04:07.320 -06:00 [INF] Request finished HTTP/1.1 GET http://localhost:5000/serilog-ui/stream - 200 null application/json; charset=utf-8 28.3971ms
2026-08-04 18:04:09.291 -06:00 [INF] Request starting HTTP/1.1 GET http://localhost:5000/serilog-ui/stream - null null
2026-08-04 18:04:09.323 -06:00 [INF] Request finished HTTP/1.1 GET http://localhost:5000/serilog-ui/stream - 200 null application/json; charset=utf-8 32.0345ms
2026-08-04 18:04:11.293 -06:00 [INF] Request starting HTTP/1.1 GET http://localhost:5000/serilog-ui/stream - null null
2026-08-04 18:04:11.338 -06:00 [INF] Request finished HTTP/1.1 GET http://localhost:5000/serilog-ui/stream - 200 null application/json; charset=utf-8 44.8036ms
2026-08-04 18:04:13.291 -06:00 [INF] Request starting HTTP/1.1 GET http://localhost:5000/serilog-ui/stream - null null
2026-08-04 18:04:13.315 -06:00 [INF] Request finished HTTP/1.1 GET http://localhost:5000/serilog-ui/stream - 200 null application/json; charset=utf-8 24.3471ms
2026-08-04 18:04:15.297 -06:00 [INF] Request starting HTTP/1.1 GET http://localhost:5000/serilog-ui/stream - null null
2026-08-04 18:04:15.338 -06:00 [INF] Request finished HTTP/1.1 GET http://localhost:5000/serilog-ui/stream - 200 null application/json; charset=utf-8 40.2509ms
2026-08-04 18:04:17.305 -06:00 [INF] Request starting HTTP/1.1 GET http://localhost:5000/serilog-ui/stream - null null
2026-08-04 18:04:17.343 -06:00 [INF] Request finished HTTP/1.1 GET http://localhost:5000/serilog-ui/stream - 200 null application/json; charset=utf-8 37.474ms
2026-08-04 18:04:19.688 -06:00 [INF] Request starting HTTP/1.1 GET http://localhost:5000/serilog-ui/stream - null null
2026-08-04 18:04:19.717 -06:00 [INF] Request finished HTTP/1.1 GET http://localhost:5000/serilog-ui/stream - 200 null application/json; charset=utf-8 29.0763ms
2026-08-04 18:04:21.696 -06:00 [INF] Request starting HTTP/1.1 GET http://localhost:5000/serilog-ui/stream - null null
2026-08-04 18:04:21.725 -06:00 [INF] Request finished HTTP/1.1 GET http://localhost:5000/serilog-ui/stream - 200 null application/json; charset=utf-8 28.822ms
2026-08-04 18:04:23.686 -06:00 [INF] Request starting HTTP/1.1 GET http://localhost:5000/serilog-ui/stream - null null
2026-08-04 18:04:23.722 -06:00 [INF] Request finished HTTP/1.1 GET http://localhost:5000/serilog-ui/stream - 200 null application/json; charset=utf-8 36.4326ms
2026-08-04 18:04:25.687 -06:00 [INF] Request starting HTTP/1.1 GET http://localhost:5000/serilog-ui/stream - null null
2026-08-04 18:04:25.709 -06:00 [INF] Request finished HTTP/1.1 GET http://localhost:5000/serilog-ui/stream - 200 null application/json; charset=utf-8 22.2578ms
2026-08-04 18:04:27.694 -06:00 [INF] Request starting HTTP/1.1 GET http://localhost:5000/serilog-ui/stream - null null
2026-08-04 18:04:27.743 -06:00 [INF] Request finished HTTP/1.1 GET http://localhost:5000/serilog-ui/stream - 200 null application/json; charset=utf-8 49.0684ms
2026-08-04 18:04:29.684 -06:00 [INF] Request starting HTTP/1.1 GET http://localhost:5000/serilog-ui/stream - null null
2026-08-04 18:04:29.735 -06:00 [INF] Request finished HTTP/1.1 GET http://localhost:5000/serilog-ui/stream - 200 null application/json; charset=utf-8 50.2561ms
2026-08-04 18:04:31.694 -06:00 [INF] Request starting HTTP/1.1 GET http://localhost:5000/serilog-ui/stream - null null
2026-08-04 18:04:31.724 -06:00 [INF] Request finished HTTP/1.1 GET http://localhost:5000/serilog-ui/stream - 200 null application/json; charset=utf-8 30.4291ms
2026-08-04 18:04:33.690 -06:00 [INF] Request starting HTTP/1.1 GET http://localhost:5000/serilog-ui/stream - null null
2026-08-04 18:04:33.727 -06:00 [INF] Request finished HTTP/1.1 GET http://localhost:5000/serilog-ui/stream - 200 null application/json; charset=utf-8 37.6188ms
2026-08-04 18:04:35.720 -06:00 [INF] Request starting HTTP/1.1 GET http://localhost:5000/serilog-ui/stream - null null
2026-08-04 18:04:35.751 -06:00 [INF] Request finished HTTP/1.1 GET http://localhost:5000/serilog-ui/stream - 200 null application/json; charset=utf-8 31.2116ms
2026-08-04 18:04:37.684 -06:00 [INF] Request starting HTTP/1.1 GET http://localhost:5000/serilog-ui/stream - null null
2026-08-04 18:04:37.709 -06:00 [INF] Request finished HTTP/1.1 GET http://localhost:5000/serilog-ui/stream - 200 null application/json; charset=utf-8 25.3753ms
2026-08-04 18:04:39.682 -06:00 [INF] Request starting HTTP/1.1 GET http://localhost:5000/serilog-ui/stream - null null
2026-08-04 18:04:39.748 -06:00 [INF] Request finished HTTP/1.1 GET http://localhost:5000/serilog-ui/stream - 200 null application/json; charset=utf-8 66.2937ms
2026-08-04 18:04:41.695 -06:00 [INF] Request starting HTTP/1.1 GET http://localhost:5000/serilog-ui/stream - null null
2026-08-04 18:04:41.722 -06:00 [INF] Request finished HTTP/1.1 GET http://localhost:5000/serilog-ui/stream - 200 null application/json; charset=utf-8 26.8378ms
2026-08-04 18:04:43.695 -06:00 [INF] Request starting HTTP/1.1 GET http://localhost:5000/serilog-ui/stream - null null
2026-08-04 18:04:43.746 -06:00 [INF] Request finished HTTP/1.1 GET http://localhost:5000/serilog-ui/stream - 200 null application/json; charset=utf-8 50.4089ms
2026-08-04 18:04:45.693 -06:00 [INF] Request starting HTTP/1.1 GET http://localhost:5000/serilog-ui/stream - null null
2026-08-04 18:04:45.718 -06:00 [INF] Request finished HTTP/1.1 GET http://localhost:5000/serilog-ui/stream - 200 null application/json; charset=utf-8 24.8264ms
2026-08-04 18:04:47.682 -06:00 [INF] Request starting HTTP/1.1 GET http://localhost:5000/serilog-ui/stream - null null
2026-08-04 18:04:47.714 -06:00 [INF] Request finished HTTP/1.1 GET http://localhost:5000/serilog-ui/stream - 200 null application/json; charset=utf-8 31.4881ms
2026-08-04 18:04:49.685 -06:00 [INF] Request starting HTTP/1.1 GET http://localhost:5000/serilog-ui/stream - null null
2026-08-04 18:04:49.719 -06:00 [INF] Request finished HTTP/1.1 GET http://localhost:5000/serilog-ui/stream - 200 null application/json; charset=utf-8 34.1144ms
2026-08-04 18:04:51.691 -06:00 [INF] Request starting HTTP/1.1 GET http://localhost:5000/serilog-ui/stream - null null
2026-08-04 18:04:51.749 -06:00 [INF] Request finished HTTP/1.1 GET http://localhost:5000/serilog-ui/stream - 200 null application/json; charset=utf-8 58.6472ms
2026-08-04 18:04:53.681 -06:00 [INF] Request starting HTTP/1.1 GET http://localhost:5000/serilog-ui/stream - null null
2026-08-04 18:04:53.706 -06:00 [INF] Request finished HTTP/1.1 GET http://localhost:5000/serilog-ui/stream - 200 null application/json; charset=utf-8 24.8841ms
2026-08-04 18:04:55.683 -06:00 [INF] Request starting HTTP/1.1 GET http://localhost:5000/serilog-ui/stream - null null
2026-08-04 18:04:55.728 -06:00 [INF] Request finished HTTP/1.1 GET http://localhost:5000/serilog-ui/stream - 200 null application/json; charset=utf-8 45.2104ms
2026-08-04 18:04:57.691 -06:00 [INF] Request starting HTTP/1.1 GET http://localhost:5000/serilog-ui/stream - null null
2026-08-04 18:04:57.716 -06:00 [INF] Request finished HTTP/1.1 GET http://localhost:5000/serilog-ui/stream - 200 null application/json; charset=utf-8 25.4679ms
2026-08-04 18:04:59.693 -06:00 [INF] Request starting HTTP/1.1 GET http://localhost:5000/serilog-ui/stream - null null
2026-08-04 18:04:59.718 -06:00 [INF] Request finished HTTP/1.1 GET http://localhost:5000/serilog-ui/stream - 200 null application/json; charset=utf-8 24.9961ms
2026-08-04 18:05:01.698 -06:00 [INF] Request starting HTTP/1.1 GET http://localhost:5000/serilog-ui/stream - null null
2026-08-04 18:05:01.729 -06:00 [INF] Request finished HTTP/1.1 GET http://localhost:5000/serilog-ui/stream - 200 null application/json; charset=utf-8 31.3065ms
2026-08-04 18:05:03.681 -06:00 [INF] Request starting HTTP/1.1 GET http://localhost:5000/serilog-ui/stream - null null
2026-08-04 18:05:03.718 -06:00 [INF] Request finished HTTP/1.1 GET http://localhost:5000/serilog-ui/stream - 200 null application/json; charset=utf-8 36.8496ms
2026-08-04 18:05:05.684 -06:00 [INF] Request starting HTTP/1.1 GET http://localhost:5000/serilog-ui/stream - null null
2026-08-04 18:05:05.711 -06:00 [INF] Request finished HTTP/1.1 GET http://localhost:5000/serilog-ui/stream - 200 null application/json; charset=utf-8 27.8156ms
2026-08-04 18:05:07.685 -06:00 [INF] Request starting HTTP/1.1 GET http://localhost:5000/serilog-ui/stream - null null
2026-08-04 18:05:07.714 -06:00 [INF] Request finished HTTP/1.1 GET http://localhost:5000/serilog-ui/stream - 200 null application/json; charset=utf-8 29.6033ms
2026-08-04 18:05:09.697 -06:00 [INF] Request starting HTTP/1.1 GET http://localhost:5000/serilog-ui/stream - null null
2026-08-04 18:05:09.724 -06:00 [INF] Request finished HTTP/1.1 GET http://localhost:5000/serilog-ui/stream - 200 null application/json; charset=utf-8 26.9488ms
2026-08-04 18:05:11.694 -06:00 [INF] Request starting HTTP/1.1 GET http://localhost:5000/serilog-ui/stream - null null
2026-08-04 18:05:11.756 -06:00 [INF] Request finished HTTP/1.1 GET http://localhost:5000/serilog-ui/stream - 200 null application/json; charset=utf-8 61.9428ms
2026-08-04 18:05:13.683 -06:00 [INF] Request starting HTTP/1.1 GET http://localhost:5000/serilog-ui/stream - null null
2026-08-04 18:05:13.710 -06:00 [INF] Request finished HTTP/1.1 GET http://localhost:5000/serilog-ui/stream - 200 null application/json; charset=utf-8 26.3391ms
2026-08-04 18:05:15.696 -06:00 [INF] Request starting HTTP/1.1 GET http://localhost:5000/serilog-ui/stream - null null
2026-08-04 18:05:15.730 -06:00 [INF] Request finished HTTP/1.1 GET http://localhost:5000/serilog-ui/stream - 200 null application/json; charset=utf-8 34.2957ms
2026-08-04 18:05:45.698 -06:00 [INF] Request starting HTTP/1.1 GET http://localhost:5000/serilog-ui/stream - null null
2026-08-04 18:05:45.735 -06:00 [INF] Request finished HTTP/1.1 GET http://localhost:5000/serilog-ui/stream - 200 null application/json; charset=utf-8 36.1004ms
2026-08-04 18:06:44.886 -06:00 [INF] Request starting HTTP/1.1 GET http://localhost:5000/serilog-ui/stream - null null
2026-08-04 18:06:44.910 -06:00 [INF] Request finished HTTP/1.1 GET http://localhost:5000/serilog-ui/stream - 200 null application/json; charset=utf-8 23.6447ms
2026-08-04 18:06:45.301 -06:00 [INF] Request starting HTTP/1.1 GET http://localhost:5000/serilog-ui/stream - null null
2026-08-04 18:06:45.323 -06:00 [INF] Request finished HTTP/1.1 GET http://localhost:5000/serilog-ui/stream - 200 null application/json; charset=utf-8 22.7014ms
2026-08-04 18:06:47.307 -06:00 [INF] Request starting HTTP/1.1 GET http://localhost:5000/serilog-ui/stream - null null
2026-08-04 18:06:47.333 -06:00 [INF] Request finished HTTP/1.1 GET http://localhost:5000/serilog-ui/stream - 200 null application/json; charset=utf-8 25.833ms
2026-08-04 18:06:49.295 -06:00 [INF] Request starting HTTP/1.1 GET http://localhost:5000/serilog-ui/stream - null null
2026-08-04 18:06:49.310 -06:00 [INF] Request finished HTTP/1.1 GET http://localhost:5000/serilog-ui/stream - 200 null application/json; charset=utf-8 14.6622ms
2026-08-04 18:06:51.296 -06:00 [INF] Request starting HTTP/1.1 GET http://localhost:5000/serilog-ui/stream - null null
2026-08-04 18:06:51.332 -06:00 [INF] Request finished HTTP/1.1 GET http://localhost:5000/serilog-ui/stream - 200 null application/json; charset=utf-8 36.1355ms
2026-08-04 18:06:53.306 -06:00 [INF] Request starting HTTP/1.1 GET http://localhost:5000/serilog-ui/stream - null null
2026-08-04 18:06:53.322 -06:00 [INF] Request finished HTTP/1.1 GET http://localhost:5000/serilog-ui/stream - 200 null application/json; charset=utf-8 16.323ms
2026-08-04 18:06:55.299 -06:00 [INF] Request starting HTTP/1.1 GET http://localhost:5000/serilog-ui/stream - null null
2026-08-04 18:06:55.330 -06:00 [INF] Request finished HTTP/1.1 GET http://localhost:5000/serilog-ui/stream - 200 null application/json; charset=utf-8 30.9857ms
2026-08-04 18:06:57.301 -06:00 [INF] Request starting HTTP/1.1 GET http://localhost:5000/serilog-ui/stream - null null
2026-08-04 18:06:57.318 -06:00 [INF] Request finished HTTP/1.1 GET http://localhost:5000/serilog-ui/stream - 200 null application/json; charset=utf-8 16.7525ms
2026-08-04 18:06:59.305 -06:00 [INF] Request starting HTTP/1.1 GET http://localhost:5000/serilog-ui/stream - null null
2026-08-04 18:06:59.330 -06:00 [INF] Request finished HTTP/1.1 GET http://localhost:5000/serilog-ui/stream - 200 null application/json; charset=utf-8 24.8179ms
2026-08-04 18:07:01.307 -06:00 [INF] Request starting HTTP/1.1 GET http://localhost:5000/serilog-ui/stream - null null
2026-08-04 18:07:01.329 -06:00 [INF] Request finished HTTP/1.1 GET http://localhost:5000/serilog-ui/stream - 200 null application/json; charset=utf-8 22.2935ms
2026-08-04 18:07:03.307 -06:00 [INF] Request starting HTTP/1.1 GET http://localhost:5000/serilog-ui/stream - null null
2026-08-04 18:07:03.327 -06:00 [INF] Request finished HTTP/1.1 GET http://localhost:5000/serilog-ui/stream - 200 null application/json; charset=utf-8 19.3556ms
2026-08-04 18:07:05.307 -06:00 [INF] Request starting HTTP/1.1 GET http://localhost:5000/serilog-ui/stream - null null
2026-08-04 18:07:05.327 -06:00 [INF] Request finished HTTP/1.1 GET http://localhost:5000/serilog-ui/stream - 200 null application/json; charset=utf-8 20.6347ms
2026-08-04 18:07:07.293 -06:00 [INF] Request starting HTTP/1.1 GET http://localhost:5000/serilog-ui/stream - null null
2026-08-04 18:07:07.314 -06:00 [INF] Request finished HTTP/1.1 GET http://localhost:5000/serilog-ui/stream - 200 null application/json; charset=utf-8 20.8512ms
2026-08-04 18:07:09.295 -06:00 [INF] Request starting HTTP/1.1 GET http://localhost:5000/serilog-ui/stream - null null
2026-08-04 18:07:09.317 -06:00 [INF] Request finished HTTP/1.1 GET http://localhost:5000/serilog-ui/stream - 200 null application/json; charset=utf-8 22.3245ms
2026-08-04 18:07:11.299 -06:00 [INF] Request starting HTTP/1.1 GET http://localhost:5000/serilog-ui/stream - null null
2026-08-04 18:07:11.394 -06:00 [INF] Request finished HTTP/1.1 GET http://localhost:5000/serilog-ui/stream - 200 null application/json; charset=utf-8 94.3672ms
2026-08-04 18:07:13.304 -06:00 [INF] Request starting HTTP/1.1 GET http://localhost:5000/serilog-ui/stream - null null
2026-08-04 18:07:13.322 -06:00 [INF] Request finished HTTP/1.1 GET http://localhost:5000/serilog-ui/stream - 200 null application/json; charset=utf-8 18.1497ms
2026-08-04 18:07:15.293 -06:00 [INF] Request starting HTTP/1.1 GET http://localhost:5000/serilog-ui/stream - null null
2026-08-04 18:07:15.314 -06:00 [INF] Request finished HTTP/1.1 GET http://localhost:5000/serilog-ui/stream - 200 null application/json; charset=utf-8 20.4568ms
2026-08-04 18:07:17.296 -06:00 [INF] Request starting HTTP/1.1 GET http://localhost:5000/serilog-ui/stream - null null
2026-08-04 18:07:17.319 -06:00 [INF] Request finished HTTP/1.1 GET http://localhost:5000/serilog-ui/stream - 200 null application/json; charset=utf-8 22.6963ms
2026-08-04 18:07:19.293 -06:00 [INF] Request starting HTTP/1.1 GET http://localhost:5000/serilog-ui/stream - null null
2026-08-04 18:07:19.342 -06:00 [INF] Request finished HTTP/1.1 GET http://localhost:5000/serilog-ui/stream - 200 null application/json; charset=utf-8 49.2881ms
2026-08-04 18:07:21.302 -06:00 [INF] Request starting HTTP/1.1 GET http://localhost:5000/serilog-ui/stream - null null
2026-08-04 18:07:21.318 -06:00 [INF] Request finished HTTP/1.1 GET http://localhost:5000/serilog-ui/stream - 200 null application/json; charset=utf-8 16.1828ms
2026-08-04 18:07:23.298 -06:00 [INF] Request starting HTTP/1.1 GET http://localhost:5000/serilog-ui/stream - null null
2026-08-04 18:07:23.318 -06:00 [INF] Request finished HTTP/1.1 GET http://localhost:5000/serilog-ui/stream - 200 null application/json; charset=utf-8 20.1122ms
2026-08-04 18:07:25.301 -06:00 [INF] Request starting HTTP/1.1 GET http://localhost:5000/serilog-ui/stream - null null
2026-08-04 18:07:25.324 -06:00 [INF] Request finished HTTP/1.1 GET http://localhost:5000/serilog-ui/stream - 200 null application/json; charset=utf-8 22.9694ms
2026-08-04 18:07:27.299 -06:00 [INF] Request starting HTTP/1.1 GET http://localhost:5000/serilog-ui/stream - null null
2026-08-04 18:07:27.354 -06:00 [INF] Request finished HTTP/1.1 GET http://localhost:5000/serilog-ui/stream - 200 null application/json; charset=utf-8 54.8308ms
2026-08-04 18:07:29.299 -06:00 [INF] Request starting HTTP/1.1 GET http://localhost:5000/serilog-ui/stream - null null
2026-08-04 18:07:29.314 -06:00 [INF] Request finished HTTP/1.1 GET http://localhost:5000/serilog-ui/stream - 200 null application/json; charset=utf-8 14.7473ms
2026-08-04 18:07:31.304 -06:00 [INF] Request starting HTTP/1.1 GET http://localhost:5000/serilog-ui/stream - null null
2026-08-04 18:07:31.320 -06:00 [INF] Request finished HTTP/1.1 GET http://localhost:5000/serilog-ui/stream - 200 null application/json; charset=utf-8 15.7968ms
2026-08-04 18:07:33.304 -06:00 [INF] Request starting HTTP/1.1 GET http://localhost:5000/serilog-ui/stream - null null
2026-08-04 18:07:33.319 -06:00 [INF] Request finished HTTP/1.1 GET http://localhost:5000/serilog-ui/stream - 200 null application/json; charset=utf-8 14.626ms
2026-08-04 18:07:35.297 -06:00 [INF] Request starting HTTP/1.1 GET http://localhost:5000/serilog-ui/stream - null null
2026-08-04 18:07:35.311 -06:00 [INF] Request finished HTTP/1.1 GET http://localhost:5000/serilog-ui/stream - 200 null application/json; charset=utf-8 14.1482ms
2026-08-04 18:07:37.304 -06:00 [INF] Request starting HTTP/1.1 GET http://localhost:5000/serilog-ui/stream - null null
2026-08-04 18:07:37.318 -06:00 [INF] Request finished HTTP/1.1 GET http://localhost:5000/serilog-ui/stream - 200 null application/json; charset=utf-8 13.7745ms
2026-08-04 18:07:39.301 -06:00 [INF] Request starting HTTP/1.1 GET http://localhost:5000/serilog-ui/stream - null null
2026-08-04 18:07:39.317 -06:00 [INF] Request finished HTTP/1.1 GET http://localhost:5000/serilog-ui/stream - 200 null application/json; charset=utf-8 15.7905ms
2026-08-04 18:07:41.303 -06:00 [INF] Request starting HTTP/1.1 GET http://localhost:5000/serilog-ui/stream - null null
2026-08-04 18:07:41.323 -06:00 [INF] Request finished HTTP/1.1 GET http://localhost:5000/serilog-ui/stream - 200 null application/json; charset=utf-8 20.0256ms
2026-08-04 18:07:43.296 -06:00 [INF] Request starting HTTP/1.1 GET http://localhost:5000/serilog-ui/stream - null null
2026-08-04 18:07:43.324 -06:00 [INF] Request finished HTTP/1.1 GET http://localhost:5000/serilog-ui/stream - 200 null application/json; charset=utf-8 27.7748ms
2026-08-04 18:07:45.302 -06:00 [INF] Request starting HTTP/1.1 GET http://localhost:5000/serilog-ui/stream - null null
2026-08-04 18:07:45.324 -06:00 [INF] Request finished HTTP/1.1 GET http://localhost:5000/serilog-ui/stream - 200 null application/json; charset=utf-8 21.6679ms
2026-08-04 18:07:47.295 -06:00 [INF] Request starting HTTP/1.1 GET http://localhost:5000/serilog-ui/stream - null null
2026-08-04 18:07:47.331 -06:00 [INF] Request finished HTTP/1.1 GET http://localhost:5000/serilog-ui/stream - 200 null application/json; charset=utf-8 35.329ms
2026-08-04 18:07:49.307 -06:00 [INF] Request starting HTTP/1.1 GET http://localhost:5000/serilog-ui/stream - null null
2026-08-04 18:07:49.324 -06:00 [INF] Request finished HTTP/1.1 GET http://localhost:5000/serilog-ui/stream - 200 null application/json; charset=utf-8 17.2608ms
2026-08-04 18:07:51.298 -06:00 [INF] Request starting HTTP/1.1 GET http://localhost:5000/serilog-ui/stream - null null
2026-08-04 18:07:51.313 -06:00 [INF] Request finished HTTP/1.1 GET http://localhost:5000/serilog-ui/stream - 200 null application/json; charset=utf-8 15.4216ms
2026-08-04 18:07:53.300 -06:00 [INF] Request starting HTTP/1.1 GET http://localhost:5000/serilog-ui/stream - null null
2026-08-04 18:07:53.329 -06:00 [INF] Request finished HTTP/1.1 GET http://localhost:5000/serilog-ui/stream - 200 null application/json; charset=utf-8 28.7621ms
2026-08-04 18:07:55.693 -06:00 [INF] Request starting HTTP/1.1 GET http://localhost:5000/serilog-ui/stream - null null
2026-08-04 18:07:55.728 -06:00 [INF] Request finished HTTP/1.1 GET http://localhost:5000/serilog-ui/stream - 200 null application/json; charset=utf-8 35.104ms
2026-08-04 18:07:57.686 -06:00 [INF] Request starting HTTP/1.1 GET http://localhost:5000/serilog-ui/stream - null null
2026-08-04 18:07:57.712 -06:00 [INF] Request finished HTTP/1.1 GET http://localhost:5000/serilog-ui/stream - 200 null application/json; charset=utf-8 25.6113ms
2026-08-04 18:07:59.683 -06:00 [INF] Request starting HTTP/1.1 GET http://localhost:5000/serilog-ui/stream - null null
2026-08-04 18:07:59.722 -06:00 [INF] Request finished HTTP/1.1 GET http://localhost:5000/serilog-ui/stream - 200 null application/json; charset=utf-8 39.9361ms
2026-08-04 18:08:01.690 -06:00 [INF] Request starting HTTP/1.1 GET http://localhost:5000/serilog-ui/stream - null null
2026-08-04 18:08:01.722 -06:00 [INF] Request finished HTTP/1.1 GET http://localhost:5000/serilog-ui/stream - 200 null application/json; charset=utf-8 31.4403ms
2026-08-04 18:08:03.693 -06:00 [INF] Request starting HTTP/1.1 GET http://localhost:5000/serilog-ui/stream - null null
2026-08-04 18:08:03.721 -06:00 [INF] Request finished HTTP/1.1 GET http://localhost:5000/serilog-ui/stream - 200 null application/json; charset=utf-8 28.0606ms
2026-08-04 18:08:05.698 -06:00 [INF] Request starting HTTP/1.1 GET http://localhost:5000/serilog-ui/stream - null null
2026-08-04 18:08:05.731 -06:00 [INF] Request finished HTTP/1.1 GET http://localhost:5000/serilog-ui/stream - 200 null application/json; charset=utf-8 33.2256ms
2026-08-04 18:08:07.696 -06:00 [INF] Request starting HTTP/1.1 GET http://localhost:5000/serilog-ui/stream - null null
2026-08-04 18:08:07.755 -06:00 [INF] Request finished HTTP/1.1 GET http://localhost:5000/serilog-ui/stream - 200 null application/json; charset=utf-8 59.3485ms
2026-08-04 18:08:09.701 -06:00 [INF] Request starting HTTP/1.1 GET http://localhost:5000/serilog-ui/stream - null null
2026-08-04 18:08:09.733 -06:00 [INF] Request finished HTTP/1.1 GET http://localhost:5000/serilog-ui/stream - 200 null application/json; charset=utf-8 32.0948ms
2026-08-04 18:08:11.702 -06:00 [INF] Request starting HTTP/1.1 GET http://localhost:5000/serilog-ui/stream - null null
2026-08-04 18:08:11.759 -06:00 [INF] Request finished HTTP/1.1 GET http://localhost:5000/serilog-ui/stream - 200 null application/json; charset=utf-8 56.766ms
2026-08-04 18:08:13.688 -06:00 [INF] Request starting HTTP/1.1 GET http://localhost:5000/serilog-ui/stream - null null
2026-08-04 18:08:13.708 -06:00 [INF] Request finished HTTP/1.1 GET http://localhost:5000/serilog-ui/stream - 200 null application/json; charset=utf-8 20.0247ms
2026-08-04 18:08:15.698 -06:00 [INF] Request starting HTTP/1.1 GET http://localhost:5000/serilog-ui/stream - null null
2026-08-04 18:08:15.727 -06:00 [INF] Request finished HTTP/1.1 GET http://localhost:5000/serilog-ui/stream - 200 null application/json; charset=utf-8 28.139ms
2026-08-04 18:08:17.700 -06:00 [INF] Request starting HTTP/1.1 GET http://localhost:5000/serilog-ui/stream - null null
2026-08-04 18:08:17.733 -06:00 [INF] Request finished HTTP/1.1 GET http://localhost:5000/serilog-ui/stream - 200 null application/json; charset=utf-8 32.5211ms
2026-08-04 18:08:19.692 -06:00 [INF] Request starting HTTP/1.1 GET http://localhost:5000/serilog-ui/stream - null null
2026-08-04 18:08:19.747 -06:00 [INF] Request finished HTTP/1.1 GET http://localhost:5000/serilog-ui/stream - 200 null application/json; charset=utf-8 54.8603ms
2026-08-04 18:08:21.692 -06:00 [INF] Request starting HTTP/1.1 GET http://localhost:5000/serilog-ui/stream - null null
2026-08-04 18:08:21.716 -06:00 [INF] Request finished HTTP/1.1 GET http://localhost:5000/serilog-ui/stream - 200 null application/json; charset=utf-8 24.0299ms
2026-08-04 18:08:23.682 -06:00 [INF] Request starting HTTP/1.1 GET http://localhost:5000/serilog-ui/stream - null null
2026-08-04 18:08:23.703 -06:00 [INF] Request finished HTTP/1.1 GET http://localhost:5000/serilog-ui/stream - 200 null application/json; charset=utf-8 21.3904ms
2026-08-04 18:08:25.686 -06:00 [INF] Request starting HTTP/1.1 GET http://localhost:5000/serilog-ui/stream - null null
2026-08-04 18:08:25.715 -06:00 [INF] Request finished HTTP/1.1 GET http://localhost:5000/serilog-ui/stream - 200 null application/json; charset=utf-8 28.2316ms
2026-08-04 18:08:27.697 -06:00 [INF] Request starting HTTP/1.1 GET http://localhost:5000/serilog-ui/stream - null null
2026-08-04 18:08:27.729 -06:00 [INF] Request finished HTTP/1.1 GET http://localhost:5000/serilog-ui/stream - 200 null application/json; charset=utf-8 32.3331ms
2026-08-04 18:08:29.692 -06:00 [INF] Request starting HTTP/1.1 GET http://localhost:5000/serilog-ui/stream - null null
2026-08-04 18:08:29.741 -06:00 [INF] Request finished HTTP/1.1 GET http://localhost:5000/serilog-ui/stream - 200 null application/json; charset=utf-8 48.9846ms
2026-08-04 18:08:31.686 -06:00 [INF] Request starting HTTP/1.1 GET http://localhost:5000/serilog-ui/stream - null null
2026-08-04 18:08:31.714 -06:00 [INF] Request finished HTTP/1.1 GET http://localhost:5000/serilog-ui/stream - 200 null application/json; charset=utf-8 27.0515ms
2026-08-04 18:08:33.319 -06:00 [INF] Request starting HTTP/1.1 GET http://localhost:5000/serilog-ui/stream - null null
2026-08-04 18:08:33.337 -06:00 [INF] Request finished HTTP/1.1 GET http://localhost:5000/serilog-ui/stream - 200 null application/json; charset=utf-8 18.6416ms
2026-08-04 18:08:35.303 -06:00 [INF] Request starting HTTP/1.1 GET http://localhost:5000/serilog-ui/stream - null null
2026-08-04 18:08:35.318 -06:00 [INF] Request finished HTTP/1.1 GET http://localhost:5000/serilog-ui/stream - 200 null application/json; charset=utf-8 14.6587ms
2026-08-04 18:08:37.305 -06:00 [INF] Request starting HTTP/1.1 GET http://localhost:5000/serilog-ui/stream - null null
2026-08-04 18:08:37.320 -06:00 [INF] Request finished HTTP/1.1 GET http://localhost:5000/serilog-ui/stream - 200 null application/json; charset=utf-8 14.9346ms
2026-08-04 18:08:39.292 -06:00 [INF] Request starting HTTP/1.1 GET http://localhost:5000/serilog-ui/stream - null null
2026-08-04 18:08:39.307 -06:00 [INF] Request finished HTTP/1.1 GET http://localhost:5000/serilog-ui/stream - 200 null application/json; charset=utf-8 15.1317ms
2026-08-04 18:08:41.304 -06:00 [INF] Request starting HTTP/1.1 GET http://localhost:5000/serilog-ui/stream - null null
2026-08-04 18:08:41.319 -06:00 [INF] Request finished HTTP/1.1 GET http://localhost:5000/serilog-ui/stream - 200 null application/json; charset=utf-8 15.0121ms
2026-08-04 18:08:43.293 -06:00 [INF] Request starting HTTP/1.1 GET http://localhost:5000/serilog-ui/stream - null null
2026-08-04 18:08:43.313 -06:00 [INF] Request finished HTTP/1.1 GET http://localhost:5000/serilog-ui/stream - 200 null application/json; charset=utf-8 19.5315ms
2026-08-04 18:08:45.296 -06:00 [INF] Request starting HTTP/1.1 GET http://localhost:5000/serilog-ui/stream - null null
2026-08-04 18:08:45.357 -06:00 [INF] Request finished HTTP/1.1 GET http://localhost:5000/serilog-ui/stream - 200 null application/json; charset=utf-8 61.2462ms
2026-08-04 18:08:47.311 -06:00 [INF] Request starting HTTP/1.1 GET http://localhost:5000/serilog-ui/stream - null null
2026-08-04 18:08:47.330 -06:00 [INF] Request finished HTTP/1.1 GET http://localhost:5000/serilog-ui/stream - 200 null application/json; charset=utf-8 18.6016ms
2026-08-04 18:08:49.295 -06:00 [INF] Request starting HTTP/1.1 GET http://localhost:5000/serilog-ui/stream - null null
2026-08-04 18:08:49.317 -06:00 [INF] Request finished HTTP/1.1 GET http://localhost:5000/serilog-ui/stream - 200 null application/json; charset=utf-8 22.8484ms
2026-08-04 18:08:51.303 -06:00 [INF] Request starting HTTP/1.1 GET http://localhost:5000/serilog-ui/stream - null null
2026-08-04 18:08:51.324 -06:00 [INF] Request finished HTTP/1.1 GET http://localhost:5000/serilog-ui/stream - 200 null application/json; charset=utf-8 21.7262ms
2026-08-04 18:08:53.298 -06:00 [INF] Request starting HTTP/1.1 GET http://localhost:5000/serilog-ui/stream - null null
2026-08-04 18:08:53.317 -06:00 [INF] Request finished HTTP/1.1 GET http://localhost:5000/serilog-ui/stream - 200 null application/json; charset=utf-8 18.7192ms
2026-08-04 18:08:55.292 -06:00 [INF] Request starting HTTP/1.1 GET http://localhost:5000/serilog-ui/stream - null null
2026-08-04 18:08:55.312 -06:00 [INF] Request finished HTTP/1.1 GET http://localhost:5000/serilog-ui/stream - 200 null application/json; charset=utf-8 19.0748ms
2026-08-04 18:08:57.307 -06:00 [INF] Request starting HTTP/1.1 GET http://localhost:5000/serilog-ui/stream - null null
2026-08-04 18:08:57.327 -06:00 [INF] Request finished HTTP/1.1 GET http://localhost:5000/serilog-ui/stream - 200 null application/json; charset=utf-8 19.8227ms
2026-08-04 18:08:59.299 -06:00 [INF] Request starting HTTP/1.1 GET http://localhost:5000/serilog-ui/stream - null null
2026-08-04 18:08:59.318 -06:00 [INF] Request finished HTTP/1.1 GET http://localhost:5000/serilog-ui/stream - 200 null application/json; charset=utf-8 18.663ms
2026-08-04 18:09:01.306 -06:00 [INF] Request starting HTTP/1.1 GET http://localhost:5000/serilog-ui/stream - null null
2026-08-04 18:09:01.408 -06:00 [INF] Request finished HTTP/1.1 GET http://localhost:5000/serilog-ui/stream - 200 null application/json; charset=utf-8 102.0508ms
2026-08-04 18:09:03.297 -06:00 [INF] Request starting HTTP/1.1 GET http://localhost:5000/serilog-ui/stream - null null
2026-08-04 18:09:03.312 -06:00 [INF] Request finished HTTP/1.1 GET http://localhost:5000/serilog-ui/stream - 200 null application/json; charset=utf-8 15.0659ms
2026-08-04 18:09:05.293 -06:00 [INF] Request starting HTTP/1.1 GET http://localhost:5000/serilog-ui/stream - null null
2026-08-04 18:09:05.313 -06:00 [INF] Request finished HTTP/1.1 GET http://localhost:5000/serilog-ui/stream - 200 null application/json; charset=utf-8 20.0338ms
2026-08-04 18:09:07.294 -06:00 [INF] Request starting HTTP/1.1 GET http://localhost:5000/serilog-ui/stream - null null
2026-08-04 18:09:07.316 -06:00 [INF] Request finished HTTP/1.1 GET http://localhost:5000/serilog-ui/stream - 200 null application/json; charset=utf-8 22.5065ms
2026-08-04 18:09:09.301 -06:00 [INF] Request starting HTTP/1.1 GET http://localhost:5000/serilog-ui/stream - null null
2026-08-04 18:09:09.320 -06:00 [INF] Request finished HTTP/1.1 GET http://localhost:5000/serilog-ui/stream - 200 null application/json; charset=utf-8 18.9419ms
2026-08-04 18:09:11.296 -06:00 [INF] Request starting HTTP/1.1 GET http://localhost:5000/serilog-ui/stream - null null
2026-08-04 18:09:11.312 -06:00 [INF] Request finished HTTP/1.1 GET http://localhost:5000/serilog-ui/stream - 200 null application/json; charset=utf-8 15.8052ms
2026-08-04 18:09:13.302 -06:00 [INF] Request starting HTTP/1.1 GET http://localhost:5000/serilog-ui/stream - null null
2026-08-04 18:09:13.324 -06:00 [INF] Request finished HTTP/1.1 GET http://localhost:5000/serilog-ui/stream - 200 null application/json; charset=utf-8 22.4157ms
2026-08-04 18:09:15.300 -06:00 [INF] Request starting HTTP/1.1 GET http://localhost:5000/serilog-ui/stream - null null
2026-08-04 18:09:15.320 -06:00 [INF] Request finished HTTP/1.1 GET http://localhost:5000/serilog-ui/stream - 200 null application/json; charset=utf-8 19.2396ms
2026-08-04 18:09:17.305 -06:00 [INF] Request starting HTTP/1.1 GET http://localhost:5000/serilog-ui/stream - null null
2026-08-04 18:09:17.325 -06:00 [INF] Request finished HTTP/1.1 GET http://localhost:5000/serilog-ui/stream - 200 null application/json; charset=utf-8 19.802ms
2026-08-04 18:09:19.295 -06:00 [INF] Request starting HTTP/1.1 GET http://localhost:5000/serilog-ui/stream - null null
2026-08-04 18:09:19.373 -06:00 [INF] Request finished HTTP/1.1 GET http://localhost:5000/serilog-ui/stream - 200 null application/json; charset=utf-8 77.8423ms
2026-08-04 18:09:21.305 -06:00 [INF] Request starting HTTP/1.1 GET http://localhost:5000/serilog-ui/stream - null null
2026-08-04 18:09:21.324 -06:00 [INF] Request finished HTTP/1.1 GET http://localhost:5000/serilog-ui/stream - 200 null application/json; charset=utf-8 18.9694ms
2026-08-04 18:09:23.308 -06:00 [INF] Request starting HTTP/1.1 GET http://localhost:5000/serilog-ui/stream - null null
2026-08-04 18:09:23.327 -06:00 [INF] Request finished HTTP/1.1 GET http://localhost:5000/serilog-ui/stream - 200 null application/json; charset=utf-8 18.8063ms
2026-08-04 18:09:25.308 -06:00 [INF] Request starting HTTP/1.1 GET http://localhost:5000/serilog-ui/stream - null null
2026-08-04 18:09:25.325 -06:00 [INF] Request finished HTTP/1.1 GET http://localhost:5000/serilog-ui/stream - 200 null application/json; charset=utf-8 17.4809ms
2026-08-04 18:09:27.312 -06:00 [INF] Request starting HTTP/1.1 GET http://localhost:5000/serilog-ui/stream - null null
2026-08-04 18:09:27.326 -06:00 [INF] Request finished HTTP/1.1 GET http://localhost:5000/serilog-ui/stream - 200 null application/json; charset=utf-8 13.8877ms
2026-08-04 18:09:29.305 -06:00 [INF] Request starting HTTP/1.1 GET http://localhost:5000/serilog-ui/stream - null null
2026-08-04 18:09:29.324 -06:00 [INF] Request finished HTTP/1.1 GET http://localhost:5000/serilog-ui/stream - 200 null application/json; charset=utf-8 19.6955ms
2026-08-04 18:09:31.307 -06:00 [INF] Request starting HTTP/1.1 GET http://localhost:5000/serilog-ui/stream - null null
2026-08-04 18:09:31.323 -06:00 [INF] Request finished HTTP/1.1 GET http://localhost:5000/serilog-ui/stream - 200 null application/json; charset=utf-8 15.8732ms
2026-08-04 18:09:33.306 -06:00 [INF] Request starting HTTP/1.1 GET http://localhost:5000/serilog-ui/stream - null null
2026-08-04 18:09:33.320 -06:00 [INF] Request finished HTTP/1.1 GET http://localhost:5000/serilog-ui/stream - 200 null application/json; charset=utf-8 14.2099ms
2026-08-04 18:09:35.296 -06:00 [INF] Request starting HTTP/1.1 GET http://localhost:5000/serilog-ui/stream - null null
2026-08-04 18:09:35.437 -06:00 [INF] Request finished HTTP/1.1 GET http://localhost:5000/serilog-ui/stream - 200 null application/json; charset=utf-8 140.6081ms
2026-08-04 18:09:37.294 -06:00 [INF] Request starting HTTP/1.1 GET http://localhost:5000/serilog-ui/stream - null null
2026-08-04 18:09:37.309 -06:00 [INF] Request finished HTTP/1.1 GET http://localhost:5000/serilog-ui/stream - 200 null application/json; charset=utf-8 14.7558ms
2026-08-04 18:09:39.303 -06:00 [INF] Request starting HTTP/1.1 GET http://localhost:5000/serilog-ui/stream - null null
2026-08-04 18:09:39.317 -06:00 [INF] Request finished HTTP/1.1 GET http://localhost:5000/serilog-ui/stream - 200 null application/json; charset=utf-8 14.1294ms
2026-08-04 18:09:41.300 -06:00 [INF] Request starting HTTP/1.1 GET http://localhost:5000/serilog-ui/stream - null null
2026-08-04 18:09:41.319 -06:00 [INF] Request finished HTTP/1.1 GET http://localhost:5000/serilog-ui/stream - 200 null application/json; charset=utf-8 19.3544ms
2026-08-04 18:09:43.307 -06:00 [INF] Request starting HTTP/1.1 GET http://localhost:5000/serilog-ui/stream - null null
2026-08-04 18:09:43.327 -06:00 [INF] Request finished HTTP/1.1 GET http://localhost:5000/serilog-ui/stream - 200 null application/json; charset=utf-8 19.9822ms
2026-08-04 18:09:45.303 -06:00 [INF] Request starting HTTP/1.1 GET http://localhost:5000/serilog-ui/stream - null null
2026-08-04 18:09:45.321 -06:00 [INF] Request finished HTTP/1.1 GET http://localhost:5000/serilog-ui/stream - 200 null application/json; charset=utf-8 18.6619ms
2026-08-04 18:09:47.301 -06:00 [INF] Request starting HTTP/1.1 GET http://localhost:5000/serilog-ui/stream - null null
2026-08-04 18:09:47.321 -06:00 [INF] Request finished HTTP/1.1 GET http://localhost:5000/serilog-ui/stream - 200 null application/json; charset=utf-8 19.7026ms
2026-08-04 18:09:49.302 -06:00 [INF] Request starting HTTP/1.1 GET http://localhost:5000/serilog-ui/stream - null null
2026-08-04 18:09:49.323 -06:00 [INF] Request finished HTTP/1.1 GET http://localhost:5000/serilog-ui/stream - 200 null application/json; charset=utf-8 21.5118ms
2026-08-04 18:09:51.302 -06:00 [INF] Request starting HTTP/1.1 GET http://localhost:5000/serilog-ui/stream - null null
2026-08-04 18:09:51.402 -06:00 [INF] Request finished HTTP/1.1 GET http://localhost:5000/serilog-ui/stream - 200 null application/json; charset=utf-8 99.6398ms
2026-08-04 18:09:53.297 -06:00 [INF] Request starting HTTP/1.1 GET http://localhost:5000/serilog-ui/stream - null null
2026-08-04 18:09:53.312 -06:00 [INF] Request finished HTTP/1.1 GET http://localhost:5000/serilog-ui/stream - 200 null application/json; charset=utf-8 14.8468ms
2026-08-04 18:09:55.300 -06:00 [INF] Request starting HTTP/1.1 GET http://localhost:5000/serilog-ui/stream - null null
2026-08-04 18:09:55.316 -06:00 [INF] Request finished HTTP/1.1 GET http://localhost:5000/serilog-ui/stream - 200 null application/json; charset=utf-8 15.8982ms
2026-08-04 18:09:57.293 -06:00 [INF] Request starting HTTP/1.1 GET http://localhost:5000/serilog-ui/stream - null null
2026-08-04 18:09:57.308 -06:00 [INF] Request finished HTTP/1.1 GET http://localhost:5000/serilog-ui/stream - 200 null application/json; charset=utf-8 15.0902ms
2026-08-04 18:09:59.302 -06:00 [INF] Request starting HTTP/1.1 GET http://localhost:5000/serilog-ui/stream - null null
2026-08-04 18:09:59.316 -06:00 [INF] Request finished HTTP/1.1 GET http://localhost:5000/serilog-ui/stream - 200 null application/json; charset=utf-8 14.0292ms
2026-08-04 18:10:01.296 -06:00 [INF] Request starting HTTP/1.1 GET http://localhost:5000/serilog-ui/stream - null null
2026-08-04 18:10:01.312 -06:00 [INF] Request finished HTTP/1.1 GET http://localhost:5000/serilog-ui/stream - 200 null application/json; charset=utf-8 16.4639ms
2026-08-04 18:10:03.309 -06:00 [INF] Request starting HTTP/1.1 GET http://localhost:5000/serilog-ui/stream - null null
2026-08-04 18:10:03.387 -06:00 [INF] Request finished HTTP/1.1 GET http://localhost:5000/serilog-ui/stream - 200 null application/json; charset=utf-8 77.6454ms
2026-08-04 18:10:05.300 -06:00 [INF] Request starting HTTP/1.1 GET http://localhost:5000/serilog-ui/stream - null null
2026-08-04 18:10:05.318 -06:00 [INF] Request finished HTTP/1.1 GET http://localhost:5000/serilog-ui/stream - 200 null application/json; charset=utf-8 17.1187ms
2026-08-04 18:10:07.294 -06:00 [INF] Request starting HTTP/1.1 GET http://localhost:5000/serilog-ui/stream - null null
2026-08-04 18:10:07.308 -06:00 [INF] Request finished HTTP/1.1 GET http://localhost:5000/serilog-ui/stream - 200 null application/json; charset=utf-8 14.0858ms
2026-08-04 18:10:28.358 -06:00 [INF] Application is shutting down...
